{
  "0":{
    "dataCiteIncrement":21,
    "sourceID":"datacite",
    "objectID":"https:\/\/doi.org\/10.1001\/jama.280.2.152",
    "subjectID":"https:\/\/doi.org\/10.1093\/aje\/kwq381",
    "eventID":"c160fefb-d50d-4d4f-a0a3-322c9e9c1840",
    "occurredAt":1569857236000,
    "timeObserved":1569852827000,
    "relationType":"references",
    "license":"https:\/\/creativecommons.org\/publicdomain\/zero\/1.0\/",
    "termsOfUse":"https:\/\/doi.org\/10.13003\/CED-terms-of-use",
    "messageAction":"create"
  }
}