{
  "0":{
    "increment":15248,
    "objectID":"https:\/\/doi.org\/10.1001\/jama.280.2.152",
    "totalEvents":1,
    "totalCambiaEvents":null,
    "firstCambiaEvent":null,
    "lastCambiaEvent":null,
    "totalCrossrefEvents":null,
    "firstCrossrefEvent":null,
    "lastCrossrefEvent":null,
    "totalDataciteEvents":1,
    "firstDataciteEvent":1569852827000,
    "lastDataciteEvent":1569852827000,
    "totalF1000Events":null,
    "firstF1000Event":null,
    "lastF1000Event":null,
    "totalHypothesisEvents":null,
    "firstHypothesisEvent":null,
    "lastHypothesisEvent":null,
    "totalNewsfeedEvents":null,
    "firstNewsfeedEvent":null,
    "lastNewsfeedEvent":null,
    "totalRedditEvents":null,
    "firstRedditEvent":null,
    "lastRedditEvent":null,
    "totalRedditLinksEvents":null,
    "firstRedditLinksEvent":null,
    "lastRedditLinksEvent":null,
    "totalStackExchangeEvents":null,
    "firstStackExchangeEvent":null,
    "lastStackExchangeEvent":null,
    "totalTwitterEvents":null,
    "firstTwitterEvent":null,
    "lastTwitterEvent":null,
    "totalWebEvents":null,
    "firstWebEvent":null,
    "lastWebEvent":null,
    "totalWikipediaEvents":null,
    "firstWikipediaEvent":null,
    "lastWikipediaEvent":null,
    "totalWordpressEvents":null,
    "firstWordpressEvent":null,
    "lastWordPressEvent":null
  }
}