redditLinksIncrement,sourceID,objectID,subjectID,eventID,occurredAt,timeObserved,relationType,sourceToken,license,termsOfUse,updatedReason,updated,evidenceRecord,eventAction,subjectPID,subjectURL,objectPID,objectURL,updatedDate
11,reddit-links,https://doi.org/10.1001/jama.280.19.1690,https://jamanetwork.com/journals/jamapsychiatry/fullarticle/2110027,1bd5ec0b-c37f-4969-9bfd-3d68a5e8424a,2017-04-15 13:08:42,2017-04-16 02:58:03,discusses,93df90e8-1881-40fc-b19d-49d78cc9ee24,https://creativecommons.org/publicdomain/zero/1.0/,https://doi.org/10.13003/CED-terms-of-use,https://evidence.eventdata.crossref.org/announcements/2017-10-06T00-00-00Z-ED-12.json,edited,https://evidence.eventdata.crossref.org/evidence/20170416-reddit-links-e0aedd1c-d1eb-48fe-8394-5366a2ae929f,add,https://jamanetwork.com/journals/jamapsychiatry/fullarticle/2110027,http://jamanetwork.com/journals/jamapsychiatry/fullarticle/2110027,https://doi.org/10.1001/jama.280.19.1690,http://dx.doi.org/10.1001/jama.280.19.1690,2017-10-13 17:40:30
12,reddit-links,https://doi.org/10.1001/jama.280.19.1690,https://hcqmeta.com/,04075f6b-8d14-4d4a-868e-d0fec3614520,2020-12-05 11:21:52,2020-12-28 02:21:43,discusses,93df90e8-1881-40fc-b19d-49d78cc9ee24,https://creativecommons.org/publicdomain/zero/1.0/,https://doi.org/10.13003/CED-terms-of-use,,,https://evidence.eventdata.crossref.org/evidence/20201228-reddit-links-07be332f-8649-4830-9d0b-ed71a6c34e66,add,https://hcqmeta.com/,https://hcqmeta.com/,https://doi.org/10.1001/jama.280.19.1690,https://jamanetwork.com/journals/jama/fullarticle/188182,
13,reddit-links,https://doi.org/10.1001/jama.280.19.1690,https://link.springer.com/article/10.1007/s40273-020-00937-z,e0bc3537-da1a-47b2-b0dc-21c3857a6569,2020-08-14 06:37:04,2020-12-28 08:44:12,discusses,93df90e8-1881-40fc-b19d-49d78cc9ee24,https://creativecommons.org/publicdomain/zero/1.0/,https://doi.org/10.13003/CED-terms-of-use,,,https://evidence.eventdata.crossref.org/evidence/20201228-reddit-links-74e55f88-ac8b-4d9a-bb32-4e8485bf44bb,add,https://link.springer.com/article/10.1007/s40273-020-00937-z,https://idp.springer.com/transit?redirect_uri=https%3A%2F%2Flink.springer.com%2Farticle%2F10.1007%2Fs40273-020-00937-z&code=92c18734-8e5f-4262-b9f1-a38559ff32b9,https://doi.org/10.1001/jama.280.19.1690,https://doi.org/10.1001%2Fjama.280.19.1690,
14,reddit-links,https://doi.org/10.1001/jama.280.19.1690,https://ivmmeta.com,df30be84-9d6f-413b-85ac-14cbe6e5566b,2020-12-29 21:44:01,2020-12-29 18:07:31,discusses,93df90e8-1881-40fc-b19d-49d78cc9ee24,https://creativecommons.org/publicdomain/zero/1.0/,https://doi.org/10.13003/CED-terms-of-use,,,https://evidence.eventdata.crossref.org/evidence/20201229-reddit-links-ddf47459-272d-499c-8c02-e0b79cae780b,add,https://ivmmeta.com,https://ivmmeta.com,https://doi.org/10.1001/jama.280.19.1690,https://jamanetwork.com/journals/jama/fullarticle/188182,
