twitterIncrement,sourceID,subjectID,objectID,eventID,occurredAt,timeObserved,relationType,sourceToken,license,termsOfUse,tweetAuthor,originalTweetAuthor,updatedReason,updated,evidenceRecord,eventAction,subjectPID,originalTweetURL,alternativeID,title,issued,objectPID,objectURL,updatedDate
38025,twitter,http://twitter.com/HumanPathology/statuses/894605884176953345,https://doi.org/10.1007/bf02739930,9db7e80c-b385-4404-b886-4ec818dfef3f,2017-08-07 17:07:18,2017-08-10 17:28:05,discusses,45a1ef76-4f43-4cdc-9ba8-5a6ad01cc231,https://creativecommons.org/publicdomain/zero/1.0/,https://doi.org/10.13003/CED-terms-of-use,http://www.twitter.com/HumanPathology,http://www.twitter.com/headandneckpath,,,https://evidence.eventdata.crossref.org/evidence/20170807-twitter-4037db91-cf4f-42e8-bae5-c834a32abd,add,http://twitter.com/HumanPathology/statuses/894605884176953345,http://twitter.com/headandneckpath/statuses/894601567822684160,894605884176953345,Tweet 894605884176953345,2017-08-07 17:07:18,https://doi.org/10.1007/bf02739930,https://link.springer.com/article/10.1007/BF02739930,
38026,twitter,http://twitter.com/CArnold_GI/statuses/894646701180559361,https://doi.org/10.1007/bf02739930,559a2456-2f2c-4670-a37e-d9390ff7d7a3,2017-08-07 19:49:29,2017-08-10 21:21:19,discusses,45a1ef76-4f43-4cdc-9ba8-5a6ad01cc231,https://creativecommons.org/publicdomain/zero/1.0/,https://doi.org/10.13003/CED-terms-of-use,http://www.twitter.com/CArnold_GI,http://www.twitter.com/headandneckpath,,,https://evidence.eventdata.crossref.org/evidence/20170807-twitter-3a093e5f-b236-4025-8dc9-e135a65272,add,http://twitter.com/CArnold_GI/statuses/894646701180559361,http://twitter.com/headandneckpath/statuses/894601567822684160,894646701180559361,Tweet 894646701180559361,2017-08-07 19:49:29,https://doi.org/10.1007/bf02739930,https://link.springer.com/article/10.1007/BF02739930,
38027,twitter,http://twitter.com/Tom_J_Giordano/statuses/894631866627756032,https://doi.org/10.1007/bf02739930,7382e2c8-be12-4a2e-b583-6b0c47ddc261,2017-08-07 18:50:33,2017-08-10 21:23:39,discusses,45a1ef76-4f43-4cdc-9ba8-5a6ad01cc231,https://creativecommons.org/publicdomain/zero/1.0/,https://doi.org/10.13003/CED-terms-of-use,http://www.twitter.com/Tom_J_Giordano,http://www.twitter.com/headandneckpath,,,https://evidence.eventdata.crossref.org/evidence/20170807-twitter-ad475a7b-fb5f-4859-8770-ee96b42f40,add,http://twitter.com/Tom_J_Giordano/statuses/894631866627756032,http://twitter.com/headandneckpath/statuses/894601567822684160,894631866627756032,Tweet 894631866627756032,2017-08-07 18:50:33,https://doi.org/10.1007/bf02739930,https://link.springer.com/article/10.1007/BF02739930,
38028,twitter,http://twitter.com/theBSOMP/statuses/894677309323661313,https://doi.org/10.1007/bf02739930,d9bb652b-d69a-4717-8d22-21c6d62d3b5f,2017-08-07 21:51:07,2017-08-10 21:24:39,discusses,45a1ef76-4f43-4cdc-9ba8-5a6ad01cc231,https://creativecommons.org/publicdomain/zero/1.0/,https://doi.org/10.13003/CED-terms-of-use,http://www.twitter.com/theBSOMP,http://www.twitter.com/headandneckpath,,,https://evidence.eventdata.crossref.org/evidence/20170807-twitter-9ec0978b-589b-4705-8ae0-dd13c950a8,add,http://twitter.com/theBSOMP/statuses/894677309323661313,http://twitter.com/headandneckpath/statuses/894601567822684160,894677309323661313,Tweet 894677309323661313,2017-08-07 21:51:07,https://doi.org/10.1007/bf02739930,https://link.springer.com/article/10.1007/BF02739930,
38029,twitter,http://twitter.com/ktmontone/statuses/894637572705718273,https://doi.org/10.1007/bf02739930,c76864b2-d281-49c1-a760-6e86884c6e26,2017-08-07 19:13:13,2017-08-10 21:43:23,discusses,45a1ef76-4f43-4cdc-9ba8-5a6ad01cc231,https://creativecommons.org/publicdomain/zero/1.0/,https://doi.org/10.13003/CED-terms-of-use,http://www.twitter.com/ktmontone,http://www.twitter.com/headandneckpath,,,https://evidence.eventdata.crossref.org/evidence/20170807-twitter-95c340c7-91a1-4264-9a70-8f6e201e17,add,http://twitter.com/ktmontone/statuses/894637572705718273,http://twitter.com/headandneckpath/statuses/894601567822684160,894637572705718273,Tweet 894637572705718273,2017-08-07 19:13:13,https://doi.org/10.1007/bf02739930,https://link.springer.com/article/10.1007/BF02739930,
38030,twitter,http://twitter.com/NejibY/statuses/894638273301274629,https://doi.org/10.1007/bf02739930,6c61e8af-33b3-4000-a12d-411f3f69ca94,2017-08-07 19:16:00,2017-08-10 22:15:55,discusses,45a1ef76-4f43-4cdc-9ba8-5a6ad01cc231,https://creativecommons.org/publicdomain/zero/1.0/,https://doi.org/10.13003/CED-terms-of-use,http://www.twitter.com/NejibY,http://www.twitter.com/headandneckpath,,,https://evidence.eventdata.crossref.org/evidence/20170807-twitter-5989680e-35c7-457a-b60f-0903c6b24c,add,http://twitter.com/NejibY/statuses/894638273301274629,http://twitter.com/headandneckpath/statuses/894601567822684160,894638273301274629,Tweet 894638273301274629,2017-08-07 19:16:00,https://doi.org/10.1007/bf02739930,https://link.springer.com/article/10.1007/BF02739930,
38031,twitter,http://twitter.com/bansar_bansaria/statuses/894602852953468930,https://doi.org/10.1007/bf02739930,9c874f65-3073-4a69-804c-c1cda610fa69,2017-08-07 16:55:15,2017-08-10 23:04:20,discusses,45a1ef76-4f43-4cdc-9ba8-5a6ad01cc231,https://creativecommons.org/publicdomain/zero/1.0/,https://doi.org/10.13003/CED-terms-of-use,http://www.twitter.com/bansar_bansaria,http://www.twitter.com/headandneckpath,,,https://evidence.eventdata.crossref.org/evidence/20170807-twitter-7b74d10b-1d86-4dd7-9165-94240a55b6,add,http://twitter.com/bansar_bansaria/statuses/894602852953468930,http://twitter.com/headandneckpath/statuses/894601567822684160,894602852953468930,Tweet 894602852953468930,2017-08-07 16:55:15,https://doi.org/10.1007/bf02739930,https://link.springer.com/article/10.1007/BF02739930,
38032,twitter,http://twitter.com/gucer_hasan/statuses/894605625078030336,https://doi.org/10.1007/bf02739930,7211a39f-3284-493e-b3e0-8088fa93d35f,2017-08-07 17:06:16,2017-08-10 23:19:58,discusses,45a1ef76-4f43-4cdc-9ba8-5a6ad01cc231,https://creativecommons.org/publicdomain/zero/1.0/,https://doi.org/10.13003/CED-terms-of-use,http://www.twitter.com/gucer_hasan,http://www.twitter.com/headandneckpath,,,https://evidence.eventdata.crossref.org/evidence/20170807-twitter-f048bcf6-08c0-4dc8-a6b6-e08d2781bd,add,http://twitter.com/gucer_hasan/statuses/894605625078030336,http://twitter.com/headandneckpath/statuses/894601567822684160,894605625078030336,Tweet 894605625078030336,2017-08-07 17:06:16,https://doi.org/10.1007/bf02739930,https://link.springer.com/article/10.1007/BF02739930,
38033,twitter,http://twitter.com/Marikay4/statuses/894748190003429377,https://doi.org/10.1007/bf02739930,ee2b24e8-e565-4a48-b93a-5ea504a45403,2017-08-08 02:32:46,2017-08-10 23:58:52,discusses,45a1ef76-4f43-4cdc-9ba8-5a6ad01cc231,https://creativecommons.org/publicdomain/zero/1.0/,https://doi.org/10.13003/CED-terms-of-use,http://www.twitter.com/Marikay4,http://www.twitter.com/headandneckpath,,,https://evidence.eventdata.crossref.org/evidence/20170808-twitter-7c6ecd13-b004-4525-8d06-ba1f4a843d,add,http://twitter.com/Marikay4/statuses/894748190003429377,http://twitter.com/headandneckpath/statuses/894601567822684160,894748190003429377,Tweet 894748190003429377,2017-08-08 02:32:46,https://doi.org/10.1007/bf02739930,https://link.springer.com/article/10.1007/BF02739930,
38034,twitter,http://twitter.com/gautam5460/statuses/894602109856882688,https://doi.org/10.1007/bf02739930,7a5a57ae-27a5-4de5-b4e3-9af099d5642a,2017-08-07 16:52:18,2017-08-11 12:22:09,discusses,45a1ef76-4f43-4cdc-9ba8-5a6ad01cc231,https://creativecommons.org/publicdomain/zero/1.0/,https://doi.org/10.13003/CED-terms-of-use,http://www.twitter.com/gautam5460,http://www.twitter.com/headandneckpath,,,https://evidence.eventdata.crossref.org/evidence/20170807-twitter-90150852-9743-40c4-8e48-5b3d7ef1f3,add,http://twitter.com/gautam5460/statuses/894602109856882688,http://twitter.com/headandneckpath/statuses/894601567822684160,894602109856882688,Tweet 894602109856882688,2017-08-07 16:52:18,https://doi.org/10.1007/bf02739930,https://link.springer.com/article/10.1007/BF02739930,
38035,twitter,http://twitter.com/sbakhsh2/statuses/894618548080963584,https://doi.org/10.1007/bf02739930,80021593-5203-4a9c-8c2b-aa67df684911,2017-08-07 17:57:37,2017-08-11 13:06:06,discusses,45a1ef76-4f43-4cdc-9ba8-5a6ad01cc231,https://creativecommons.org/publicdomain/zero/1.0/,https://doi.org/10.13003/CED-terms-of-use,http://www.twitter.com/sbakhsh2,http://www.twitter.com/headandneckpath,,,https://evidence.eventdata.crossref.org/evidence/20170807-twitter-62244657-af81-452d-bc29-cd5910f7f4,add,http://twitter.com/sbakhsh2/statuses/894618548080963584,http://twitter.com/headandneckpath/statuses/894601567822684160,894618548080963584,Tweet 894618548080963584,2017-08-07 17:57:37,https://doi.org/10.1007/bf02739930,https://link.springer.com/article/10.1007/BF02739930,
38036,twitter,http://twitter.com/YasarKANTAR/statuses/894677493298462720,https://doi.org/10.1007/bf02739930,98869c70-42cf-4618-a9b0-c6ce5d949bef,2017-08-07 21:51:51,2017-08-11 14:48:32,discusses,45a1ef76-4f43-4cdc-9ba8-5a6ad01cc231,https://creativecommons.org/publicdomain/zero/1.0/,https://doi.org/10.13003/CED-terms-of-use,http://www.twitter.com/YasarKANTAR,http://www.twitter.com/headandneckpath,,,https://evidence.eventdata.crossref.org/evidence/20170807-twitter-6f796f39-b798-46d7-b47a-287d5f9f46,add,http://twitter.com/YasarKANTAR/statuses/894677493298462720,http://twitter.com/headandneckpath/statuses/894601567822684160,894677493298462720,Tweet 894677493298462720,2017-08-07 21:51:51,https://doi.org/10.1007/bf02739930,https://link.springer.com/article/10.1007/BF02739930,
38037,twitter,http://twitter.com/merva_st/statuses/894622998900211712,https://doi.org/10.1007/bf02739930,648457ba-76b5-47ea-8fc7-ad9cc5e92600,2017-08-07 18:15:18,2017-08-14 13:06:04,discusses,45a1ef76-4f43-4cdc-9ba8-5a6ad01cc231,https://creativecommons.org/publicdomain/zero/1.0/,https://doi.org/10.13003/CED-terms-of-use,http://www.twitter.com/merva_st,http://www.twitter.com/headandneckpath,,,https://evidence.eventdata.crossref.org/evidence/20170807-twitter-ebf34564-2c72-4d2c-bb31-7b70cde3ee,add,http://twitter.com/merva_st/statuses/894622998900211712,http://twitter.com/headandneckpath/statuses/894601567822684160,894622998900211712,Tweet 894622998900211712,2017-08-07 18:15:18,https://doi.org/10.1007/bf02739930,https://link.springer.com/article/10.1007/BF02739930,
38038,twitter,http://twitter.com/headandneckpath/statuses/894601567822684160,https://doi.org/10.1007/bf02739930,bc37b201-959a-47e8-8992-a79298d641d5,2017-08-07 16:50:09,2017-08-14 16:00:51,discusses,45a1ef76-4f43-4cdc-9ba8-5a6ad01cc231,https://creativecommons.org/publicdomain/zero/1.0/,https://doi.org/10.13003/CED-terms-of-use,http://www.twitter.com/headandneckpath,,,,https://evidence.eventdata.crossref.org/evidence/20170807-twitter-bfa2766f-5d2c-4e4c-95d9-d0fd5cdb6d,add,http://twitter.com/headandneckpath/statuses/894601567822684160,http://twitter.com/headandneckpath/statuses/894601567822684160,894601567822684160,Tweet 894601567822684160,2017-08-07 16:50:09,https://doi.org/10.1007/bf02739930,https://link.springer.com/article/10.1007/BF02739930,
38039,twitter,http://twitter.com/Maryross86/statuses/897243622701236224,https://doi.org/10.1007/bf02739930,a135dba9-abc5-432c-9692-e952986610ad,2017-08-14 23:48:44,2017-08-15 11:10:08,discusses,45a1ef76-4f43-4cdc-9ba8-5a6ad01cc231,https://creativecommons.org/publicdomain/zero/1.0/,https://doi.org/10.13003/CED-terms-of-use,http://www.twitter.com/Maryross86,http://www.twitter.com/headandneckpath,,,https://evidence.eventdata.crossref.org/evidence/20170814-twitter-b2e3305c-053d-49ec-b5a6-783be222d7,add,http://twitter.com/Maryross86/statuses/897243622701236224,http://twitter.com/headandneckpath/statuses/894601567822684160,897243622701236224,Tweet 897243622701236224,2017-08-14 23:48:44,https://doi.org/10.1007/bf02739930,https://link.springer.com/article/10.1007/BF02739930,
38040,twitter,http://twitter.com/jaimearturomc/statuses/896862199108575232,https://doi.org/10.1007/bf02739930,ab165b66-e572-445a-b917-5f1dbe667b05,2017-08-13 22:33:05,2017-08-18 05:53:23,discusses,45a1ef76-4f43-4cdc-9ba8-5a6ad01cc231,https://creativecommons.org/publicdomain/zero/1.0/,https://doi.org/10.13003/CED-terms-of-use,http://www.twitter.com/jaimearturomc,http://www.twitter.com/headandneckpath,,,https://evidence.eventdata.crossref.org/evidence/20170813-twitter-bca2c030-fe90-48cd-bf58-a65bd2d868,add,http://twitter.com/jaimearturomc/statuses/896862199108575232,http://twitter.com/headandneckpath/statuses/894601567822684160,896862199108575232,Tweet 896862199108575232,2017-08-13 22:33:05,https://doi.org/10.1007/bf02739930,https://link.springer.com/article/10.1007/BF02739930,
38041,twitter,http://twitter.com/pembeoltulu/statuses/897231678715961344,https://doi.org/10.1007/bf02739930,c87670e9-f8f8-40f7-a534-48073a7b5fea,2017-08-14 23:01:16,2017-08-18 06:56:29,discusses,45a1ef76-4f43-4cdc-9ba8-5a6ad01cc231,https://creativecommons.org/publicdomain/zero/1.0/,https://doi.org/10.13003/CED-terms-of-use,http://www.twitter.com/pembeoltulu,http://www.twitter.com/headandneckpath,,,https://evidence.eventdata.crossref.org/evidence/20170814-twitter-de995361-298f-4275-8b05-253c0d197b,add,http://twitter.com/pembeoltulu/statuses/897231678715961344,http://twitter.com/headandneckpath/statuses/894601567822684160,897231678715961344,Tweet 897231678715961344,2017-08-14 23:01:16,https://doi.org/10.1007/bf02739930,https://link.springer.com/article/10.1007/BF02739930,
38042,twitter,http://twitter.com/t_onaizi/statuses/899258381768290304,https://doi.org/10.1007/bf02739930,9c7bc09d-ad1b-4139-8da1-93c6dcd0cef0,2017-08-20 13:14:40,2017-08-21 11:56:36,discusses,45a1ef76-4f43-4cdc-9ba8-5a6ad01cc231,https://creativecommons.org/publicdomain/zero/1.0/,https://doi.org/10.13003/CED-terms-of-use,http://www.twitter.com/t_onaizi,http://www.twitter.com/headandneckpath,,,https://evidence.eventdata.crossref.org/evidence/20170820-twitter-386eab33-dfc7-4ee9-a933-6339d343ac,add,http://twitter.com/t_onaizi/statuses/899258381768290304,http://twitter.com/headandneckpath/statuses/894601567822684160,899258381768290304,Tweet 899258381768290304,2017-08-20 13:14:40,https://doi.org/10.1007/bf02739930,https://link.springer.com/article/10.1007/BF02739930,
38043,twitter,http://twitter.com/kriyer68/statuses/899246507815251968,https://doi.org/10.1007/bf02739930,bf4a7f1b-5094-4a69-98e7-8dba8d821569,2017-08-20 12:27:29,2017-08-21 12:05:57,discusses,45a1ef76-4f43-4cdc-9ba8-5a6ad01cc231,https://creativecommons.org/publicdomain/zero/1.0/,https://doi.org/10.13003/CED-terms-of-use,http://www.twitter.com/kriyer68,http://www.twitter.com/headandneckpath,,,https://evidence.eventdata.crossref.org/evidence/20170820-twitter-66b87e93-7794-4197-979c-e6dca2b574,add,http://twitter.com/kriyer68/statuses/899246507815251968,http://twitter.com/headandneckpath/statuses/894601567822684160,899246507815251968,Tweet 899246507815251968,2017-08-20 12:27:29,https://doi.org/10.1007/bf02739930,https://link.springer.com/article/10.1007/BF02739930,
38044,twitter,http://twitter.com/pembeoltulu/statuses/905393986671661056,https://doi.org/10.1007/bf02739930,8fe793b6-9768-4477-9eba-a126ccbf429c,2017-09-06 11:35:22,2017-09-06 07:35:39,discusses,45a1ef76-4f43-4cdc-9ba8-5a6ad01cc231,https://creativecommons.org/publicdomain/zero/1.0/,https://doi.org/10.13003/CED-terms-of-use,http://www.twitter.com/pembeoltulu,http://www.twitter.com/headandneckpath,,,https://evidence.eventdata.crossref.org/evidence/20170906-twitter-df3138d8-976b-482c-9bb4-1c8092dd4b,add,http://twitter.com/pembeoltulu/statuses/905393986671661056,http://twitter.com/headandneckpath/statuses/894601567822684160,905393986671661056,Tweet 905393986671661056,2017-09-06 11:35:22,https://doi.org/10.1007/bf02739930,https://link.springer.com/article/10.1007/BF02739930,
38045,twitter,http://twitter.com/ElsheikhTarik/statuses/916347094285332481,https://doi.org/10.1007/bf02739930,ada6e675-a792-4fcd-9202-07c001b27ecb,2017-10-06 16:59:06,2017-10-06 12:59:47,discusses,45a1ef76-4f43-4cdc-9ba8-5a6ad01cc231,https://creativecommons.org/publicdomain/zero/1.0/,https://doi.org/10.13003/CED-terms-of-use,http://www.twitter.com/ElsheikhTarik,http://www.twitter.com/headandneckpath,,,https://evidence.eventdata.crossref.org/evidence/20171006-twitter-71b039da-346d-4b37-8796-f85a30fda7,add,http://twitter.com/ElsheikhTarik/statuses/916347094285332481,http://twitter.com/headandneckpath/statuses/894601567822684160,916347094285332481,Tweet 916347094285332481,2017-10-06 16:59:06,https://doi.org/10.1007/bf02739930,https://link.springer.com/article/10.1007/BF02739930,
38046,twitter,http://twitter.com/pembeoltulu/statuses/923036633028595712,https://doi.org/10.1007/bf02739930,ebb236fe-134e-4370-8ca4-c2bfc376ced7,2017-10-25 04:00:57,2017-10-25 00:01:16,discusses,45a1ef76-4f43-4cdc-9ba8-5a6ad01cc231,https://creativecommons.org/publicdomain/zero/1.0/,https://doi.org/10.13003/CED-terms-of-use,http://www.twitter.com/pembeoltulu,http://www.twitter.com/headandneckpath,,,https://evidence.eventdata.crossref.org/evidence/20171025-twitter-e1e9fe29-f295-4f96-9649-b50fca34ed,add,http://twitter.com/pembeoltulu/statuses/923036633028595712,http://twitter.com/headandneckpath/statuses/894601567822684160,923036633028595712,Tweet 923036633028595712,2017-10-25 04:00:57,https://doi.org/10.1007/bf02739930,https://link.springer.com/article/10.1007/BF02739930,
38047,twitter,http://twitter.com/pembeoltulu/statuses/1028183582005714944,https://doi.org/10.1007/bf02739930,b3d6fc76-c4e4-4f77-9285-48057dd3f7f9,2018-08-11 07:37:23,2018-08-11 03:38:33,discusses,45a1ef76-4f43-4cdc-9ba8-5a6ad01cc231,https://creativecommons.org/publicdomain/zero/1.0/,https://doi.org/10.13003/CED-terms-of-use,http://www.twitter.com/pembeoltulu,http://www.twitter.com/HeadandNeckPath,,,https://evidence.eventdata.crossref.org/evidence/20180811-twitter-65a6b039-7480-4b2f-8120-f3c821d79d,add,http://twitter.com/pembeoltulu/statuses/1028183582005714944,http://twitter.com/HeadandNeckPath/statuses/894601567822684160,1028183582005714944,Tweet 1028183582005714944,2018-08-11 07:37:23,https://doi.org/10.1007/bf02739930,https://link.springer.com/article/10.1007/BF02739930,
38048,twitter,http://twitter.com/m3dny1/statuses/1065818161201799168,https://doi.org/10.1007/bf02739930,0c3d0d7f-e2dd-4763-9090-34922aed3b70,2018-11-23 04:03:46,2018-11-22 23:07:32,discusses,45a1ef76-4f43-4cdc-9ba8-5a6ad01cc231,https://creativecommons.org/publicdomain/zero/1.0/,https://doi.org/10.13003/CED-terms-of-use,http://www.twitter.com/m3dny1,http://www.twitter.com/HeadandNeckPath,,,https://evidence.eventdata.crossref.org/evidence/20181123-twitter-f263e9cf-afab-47fb-a409-d0574f0e3f,add,http://twitter.com/m3dny1/statuses/1065818161201799168,http://twitter.com/HeadandNeckPath/statuses/894601567822684160,1065818161201799168,Tweet 1065818161201799168,2018-11-23 04:03:46,https://doi.org/10.1007/bf02739930,https://link.springer.com/article/10.1007/BF02739930,
