DOI,URL,title,container_title,authors,affiliation,page,publisher,language,alternative_id,created_date_time,deposited_date_time,is_referenced_by_count,issue,issued_date_parts,prefix,published_online_date_parts,published_print_date_parts
10.1146/annurev.ecolsys.28.1.621,http://dx.doi.org/10.1146/annurev.ecolsys.28.1.621,THE ECOLOGY OF INTERFACES:Riparian Zones,Annual Review of Ecology and Systematics,Robert J. Naiman and,"and Centre National de la Recherche Scientifique, Centre d'Ecologie des SystÃ¨mes Aquatiques Continentaux, 29, rue Jeanne Marvig 31055 Toulouse, France, e-mail:",621-658,Annual Reviews,en,10.1146/annurev.ecolsys.28.1.621,2002-07-27 11:40:13,2020-03-05 09:23:18,1382,1,1997/11,10.1146,,1997/11
10.1146/annurev.ecolsys.28.1.621,http://dx.doi.org/10.1146/annurev.ecolsys.28.1.621,THE ECOLOGY OF INTERFACES:Riparian Zones,Annual Review of Ecology and Systematics,Henri DÃ©camps,"and Centre National de la Recherche Scientifique, Centre d'Ecologie des SystÃ¨mes Aquatiques Continentaux, 29, rue Jeanne Marvig 31055 Toulouse, France, e-mail:",621-658,Annual Reviews,en,10.1146/annurev.ecolsys.28.1.621,2002-07-27 11:40:13,2020-03-05 09:23:18,1382,1,1997/11,10.1146,,1997/11
10.1016/s1074-5521(99)80085-4,http://dx.doi.org/10.1016/s1074-5521(99)80085-4,The fluorescence of scorpions and cataractogenesis,Chemistry & Biology,Mathieu Picardeau,"Unité de Bactériologie Moléculaire et Médicale,4 Institut Pasteur, 75724 Paris Cedex 15, France",531-539,Elsevier BV,en,S1074552199800854,2002-07-25 14:53:29,2019-04-27 21:20:01,44,8,1999/8,10.1016,,1999/8
10.1002/1529-0131(199912)42:12<2507::aid-anr2>3.0.co;2-#,http://dx.doi.org/10.1002/1529-0131(199912)42:12<2507::aid-anr2>3.0.co;2-#,Cryoglobulinemic vasculitis,Arthritis & Rheumatism,Jacques Ninio,"Laboratoire de Physique Statistique (associated to CNRS and to Paris 6 and Paris 7 Universities); École Normale Supérieure, 24 rue Lhomond, F 75231 Paris cedex 05, France",2507-2516,Wiley,en,,2002-08-25 04:51:41,2019-12-15 09:37:36,122,12,1999/12,10.1002,,1999/12
10.1023/a:1006275412491,http://dx.doi.org/10.1023/a:1006275412491,None,"Earth, Moon, and Planets",Elliot Adler,"Institut de Biologie Physico-Chimique, Paris, France,1 and",69-70,Springer Science and Business Media LLC,,211253,2002-12-22 01:20:41,2012-12-27 21:11:39,22,1/3,1997,10.1007,,1997
10.1023/a:1006275412491,http://dx.doi.org/10.1023/a:1006275412491,None,"Earth, Moon, and Planets",Patrick Stragier,"Institut de Biologie Physico-Chimique, Paris, France,1 and",69-70,Springer Science and Business Media LLC,,211253,2002-12-22 01:20:41,2012-12-27 21:11:39,22,1/3,1997,10.1007,,1997
10.1016/s1090-5138(99)00020-3,http://dx.doi.org/10.1016/s1090-5138(99)00020-3,Unto Others: The Evolution and Psychology of Unselfish Behavior;,Evolution and Human Behavior,Jacques Ninio,"Laboratoire de Physique Statistique, École Normale Supérieure, 24 rue Lhomond, 75231 Paris cedex 05, France",65-72,Elsevier BV,en,S1090513899000203,2002-07-25 13:05:34,2019-04-29 23:20:08,18,1,2000/1,10.1016,,2000/1
10.3758/bf03210730,http://dx.doi.org/10.3758/bf03210730,The reverse Stroop effect,Psychonomic Bulletin & Review,Dirk E. Teuwen,"Aventis Pasteur–Merck, SharPe &amp; Dohme, Public Affairs, 8 rue Jonas Salk, F–69007 Lyon, France",121-125,Springer Science and Business Media LLC,en,BF03210730,2011-01-22 11:48:00,2019-11-04 14:53:33,47,1,2000/3,10.3758,,2000/3
