DOI,URL,title,container_title,authors,affiliation,page,publisher,language,alternative_id,created_date_time,deposited_date_time,is_referenced_by_count,issue,issued_date_parts,prefix,published_online_date_parts,published_print_date_parts
10.1044/jslhr.4006.1245,http://dx.doi.org/10.1044/jslhr.4006.1245,Prevalence of Specific Language Impairment in Kindergarten Children,"Journal of Speech, Language, and Hearing Research",J. Bruce Tomblin,The University of Iowa Iowa City,1245-1260,American Speech Language Hearing Association,en,10.1044/jslhr.4006.1245,2014-07-29 20:59:28,2019-12-23 15:01:05,1004,6,1997/12,10.1044,,1997/12
10.1044/jslhr.4006.1245,http://dx.doi.org/10.1044/jslhr.4006.1245,Prevalence of Specific Language Impairment in Kindergarten Children,"Journal of Speech, Language, and Hearing Research",Nancy L. Records,The University of Iowa Iowa City,1245-1260,American Speech Language Hearing Association,en,10.1044/jslhr.4006.1245,2014-07-29 20:59:28,2019-12-23 15:01:05,1004,6,1997/12,10.1044,,1997/12
10.1044/jslhr.4006.1245,http://dx.doi.org/10.1044/jslhr.4006.1245,Prevalence of Specific Language Impairment in Kindergarten Children,"Journal of Speech, Language, and Hearing Research",Paula Buckwalter,The University of Iowa Iowa City,1245-1260,American Speech Language Hearing Association,en,10.1044/jslhr.4006.1245,2014-07-29 20:59:28,2019-12-23 15:01:05,1004,6,1997/12,10.1044,,1997/12
10.1044/jslhr.4006.1245,http://dx.doi.org/10.1044/jslhr.4006.1245,Prevalence of Specific Language Impairment in Kindergarten Children,"Journal of Speech, Language, and Hearing Research",Xuyang Zhang,The University of Iowa Iowa City,1245-1260,American Speech Language Hearing Association,en,10.1044/jslhr.4006.1245,2014-07-29 20:59:28,2019-12-23 15:01:05,1004,6,1997/12,10.1044,,1997/12
10.1044/jslhr.4006.1245,http://dx.doi.org/10.1044/jslhr.4006.1245,Prevalence of Specific Language Impairment in Kindergarten Children,"Journal of Speech, Language, and Hearing Research",Elaine Smith,The University of Iowa Iowa City,1245-1260,American Speech Language Hearing Association,en,10.1044/jslhr.4006.1245,2014-07-29 20:59:28,2019-12-23 15:01:05,1004,6,1997/12,10.1044,,1997/12
10.1044/jslhr.4006.1245,http://dx.doi.org/10.1044/jslhr.4006.1245,Prevalence of Specific Language Impairment in Kindergarten Children,"Journal of Speech, Language, and Hearing Research",Marlea Oâ€™Brien,The University of Iowa Iowa City,1245-1260,American Speech Language Hearing Association,en,10.1044/jslhr.4006.1245,2014-07-29 20:59:28,2019-12-23 15:01:05,1004,6,1997/12,10.1044,,1997/12
