affiliation,authenticated_orcid,family,given,name,orcid,sequence,suffix
Wayne State University,,Rawls,Anne Warfield,Anne Warfield Rawls,,first,
"From the Department of Neurology (J.C.G), University of Texas Medical School, Houston; Deparments of Biostatistics and Research Epidemiology (M.L.), Pharmacy Services (M.R.F.), and Neurology (K.M.A.W, S.R.L.), Henry Ford Health Science Center, Detroit, Mich; Department of Neurology (M.R.F.), Emory University Medical School, Atlanta, Ga; Department of Neurology (T.B.), University of Cincinnati School of Medicine, Cincinnati, Ohio; Department of Neurology (S.R.L.), Wayne State University School of...",,Grotta,James C.,James C. Grotta,,first,
"From the Department of Neurology (J.C.G), University of Texas Medical School, Houston; Deparments of Biostatistics and Research Epidemiology (M.L.), Pharmacy Services (M.R.F.), and Neurology (K.M.A.W, S.R.L.), Henry Ford Health Science Center, Detroit, Mich; Department of Neurology (M.R.F.), Emory University Medical School, Atlanta, Ga; Department of Neurology (T.B.), University of Cincinnati School of Medicine, Cincinnati, Ohio; Department of Neurology (S.R.L.), Wayne State University School of...",,Welch,K. M. A.,K. M. A. Welch,,additional,
"From the Department of Neurology (J.C.G), University of Texas Medical School, Houston; Deparments of Biostatistics and Research Epidemiology (M.L.), Pharmacy Services (M.R.F.), and Neurology (K.M.A.W, S.R.L.), Henry Ford Health Science Center, Detroit, Mich; Department of Neurology (M.R.F.), Emory University Medical School, Atlanta, Ga; Department of Neurology (T.B.), University of Cincinnati School of Medicine, Cincinnati, Ohio; Department of Neurology (S.R.L.), Wayne State University School of...",,Fagan,Susan C.,Susan C. Fagan,,additional,
"From the Department of Neurology (J.C.G), University of Texas Medical School, Houston; Deparments of Biostatistics and Research Epidemiology (M.L.), Pharmacy Services (M.R.F.), and Neurology (K.M.A.W, S.R.L.), Henry Ford Health Science Center, Detroit, Mich; Department of Neurology (M.R.F.), Emory University Medical School, Atlanta, Ga; Department of Neurology (T.B.), University of Cincinnati School of Medicine, Cincinnati, Ohio; Department of Neurology (S.R.L.), Wayne State University School of...",,Lu,Mei,Mei Lu,,additional,
"From the Department of Neurology (J.C.G), University of Texas Medical School, Houston; Deparments of Biostatistics and Research Epidemiology (M.L.), Pharmacy Services (M.R.F.), and Neurology (K.M.A.W, S.R.L.), Henry Ford Health Science Center, Detroit, Mich; Department of Neurology (M.R.F.), Emory University Medical School, Atlanta, Ga; Department of Neurology (T.B.), University of Cincinnati School of Medicine, Cincinnati, Ohio; Department of Neurology (S.R.L.), Wayne State University School of...",,Frankel,Michael R.,Michael R. Frankel,,additional,
"From the Department of Neurology (J.C.G), University of Texas Medical School, Houston; Deparments of Biostatistics and Research Epidemiology (M.L.), Pharmacy Services (M.R.F.), and Neurology (K.M.A.W, S.R.L.), Henry Ford Health Science Center, Detroit, Mich; Department of Neurology (M.R.F.), Emory University Medical School, Atlanta, Ga; Department of Neurology (T.B.), University of Cincinnati School of Medicine, Cincinnati, Ohio; Department of Neurology (S.R.L.), Wayne State University School of...",,Brott,Thomas,Thomas Brott,,additional,
"From the Department of Neurology (J.C.G), University of Texas Medical School, Houston; Deparments of Biostatistics and Research Epidemiology (M.L.), Pharmacy Services (M.R.F.), and Neurology (K.M.A.W, S.R.L.), Henry Ford Health Science Center, Detroit, Mich; Department of Neurology (M.R.F.), Emory University Medical School, Atlanta, Ga; Department of Neurology (T.B.), University of Cincinnati School of Medicine, Cincinnati, Ohio; Department of Neurology (S.R.L.), Wayne State University School of...",,Levine,Steven R.,Steven R. Levine,,additional,
"From the Department of Neurology (J.C.G), University of Texas Medical School, Houston; Deparments of Biostatistics and Research Epidemiology (M.L.), Pharmacy Services (M.R.F.), and Neurology (K.M.A.W, S.R.L.), Henry Ford Health Science Center, Detroit, Mich; Department of Neurology (M.R.F.), Emory University Medical School, Atlanta, Ga; Department of Neurology (T.B.), University of Cincinnati School of Medicine, Cincinnati, Ohio; Department of Neurology (S.R.L.), Wayne State University School of...",,Lyden,Patrick D.,Patrick D. Lyden,,additional,
WAYNE STATE UNIVERSITY,,Bledsoe,Timothy,Timothy Bledsoe,,additional,
"Wayne State University School of Medicine, Detroit, Michigan",,Coplin,William M.,William M. Coplin,,additional,
