{"{\"{\\\"Unnamed: 0\\\":{\\\"0\\\":0\":{}":{},"1:1:{}":{},"2:2:{}":{},"3:3:{}":{},"4:4:{}":{},"5:5:{}":{},"6:6:{}":{},"7:7:{}":{},"8:8}:{}":{},"Unnamed: 0.1:{\\0\\\":0\":{}":{},"1:1.1:{}":{},"2:2.1:{}":{},"3:3.1:{}":{},"4:4.1:{}":{},"5:5.1:{}":{},"6:6.1:{}":{},"7:7.1:{}":{},"8:8}.1:{}":{},"id:{\\0\\\":9\":{}":{},"1:7:{}":{},"2:3:{}":{},"3:4:{}":{},"4:6:{}":{},"5:5.2:{}":{},"6:2:{}":{},"7:1:{}":{},"8:8}.2:{}":{},"DOI:{\\0\\\":\\\"10.1007\\\\\\\/bf00703440\\\"\":{}":{},"1:\\10.1007\\\\\\\/s004210050268\\\"\":{}":{},"2:\\10.1080\\\\\\\/014311697216621\\\"\":{}":{},"3:\\10.1111\\\\\\\/j.1469-7793.1997.259bc.x\\\"\":{}":{},"4:\\10.1136\\\\\\\/bjsm.31.4.269\\\"\":{}":{},"5:\\10.1146\\\\\\\/annurev.ecolsys.28.1.621\\\"\":{}":{},"6:\\10.1177\\\\\\\/070674379704200909\\\"\":{}":{},"7:\\10.1192\\\\\\\/bjp.171.6.519\\\"\":{}":{},"8:\\10.1210\\\\\\\/jc.82.12.4020\\\"}\":{}":{},"URL:{\\0\\\":\\\"http:\\\\\\\/\\\\\\\/dx.doi.org\\\\\\\/10.1007\\\\\\\/bf00703440\\\"\":{}":{},"1:\\http:\\\\\\\/\\\\\\\/dx.doi.org\\\\\\\/10.1007\\\\\\\/s004210050268\\\"\":{}":{},"2:\\http:\\\\\\\/\\\\\\\/dx.doi.org\\\\\\\/10.1080\\\\\\\/014311697216621\\\"\":{}":{},"3:\\http:\\\\\\\/\\\\\\\/dx.doi.org\\\\\\\/10.1111\\\\\\\/j.1469-7793.1997.259bc.x\\\"\":{}":{},"4:\\http:\\\\\\\/\\\\\\\/dx.doi.org\\\\\\\/10.1136\\\\\\\/bjsm.31.4.269\\\"\":{}":{},"5:\\http:\\\\\\\/\\\\\\\/dx.doi.org\\\\\\\/10.1146\\\\\\\/annurev.ecolsys.28.1.621\\\"\":{}":{},"6:\\http:\\\\\\\/\\\\\\\/dx.doi.org\\\\\\\/10.1177\\\\\\\/070674379704200909\\\"\":{}":{},"7:\\http:\\\\\\\/\\\\\\\/dx.doi.org\\\\\\\/10.1192\\\\\\\/bjp.171.6.519\\\"\":{}":{},"8:\\http:\\\\\\\/\\\\\\\/dx.doi.org\\\\\\\/10.1210\\\\\\\/jc.82.12.4020\\\"}\":{}":{},"abstract:{\\0\\\":null\":{}":{},"1:null:{}":{},"2:null:{}":{},"3:null:{}":{},"4:null:{}":{},"5:null:{}":{},"6:null:{}":{},"7:\\<jats:sec><jats:title>Background<\\\\\\\/jats:title><jats:p>It is widely suggested that many National Health Service (NHS) workers experience high levels of minor psychiatric disorder. However\":{}":{}," inadequacies of sampling and measurement in studies to date have not allowed this suggestion to be properly evaluated.<\\\\\\\/jats:p><\\\\\\\/jats:sec><jats:sec><jats:title>Method<\\\\\\\/jats:title><jats:p>The present study was designed to overcome these methodological weaknesses by using a sample of over 11 000 employees from 19 NHS trusts and a well-established measure of minor psychiatric disorder for which there are comparative data.<\\\\\\\/jats:p><\\\\\\\/jats:sec><jats:sec><jats:title>Results<\\\\\\\/jats:title><jats:p>The findings show that 26.8% of the health service workers reported significant levels of minor psychiatric disorder:{}":{}," compared with 17.8% of people in the general population. Psychiatric morbidity was highest among managers:{}":{}," doctors:{}":{}," nurses and professions allied to medicine:{}":{}," with each of these groups recording higher rates than their professional counterparts outside the health service. It was lower among those in support occupations:{}":{}," such as administrative and ancillary staff. A feature of the findings was that female doctors and managers showed a much higher prevalence of minor psychiatric disorder than their male colleagues.<\\\\\\\/jats:p><\\\\\\\/jats:sec><jats:sec><jats:title>Conclusion<\\\\\\\/jats:title><jats:p>Studies are required to establish the organisational:{}":{}," occupational and individual determinants of minor psychiatric disorder among NHS employees.<\\\\\\\/jats:p><\\\\\\\/jats:sec>\\\":{},8:null}\":{}":{},"alternative_id:{\\0\\\":\\\"BF00703440\\\"\":{}":{},"1:\\XNUX1N3YERHXQ2LF\\\"\":{}":{},"2:\\10.1080\\\\\\\/014311697216621\\\".1\":{}":{},"3:null.1:{}":{},"4:null.1:{}":{},"5:\\10.1146\\\\\\\/annurev.ecolsys.28.1.621\\\".1\":{}":{},"6:\\10.1177\\\\\\\/070674379704200909\\\".1\":{}":{},"7:\\S0007125000148573\\\"\":{}":{},"8:null}.1:{}":{},"archive:{\\0\\\":null\":{}":{},"1:null.1:{}":{},"2:null.1:{}":{},"3:\\Portico\\\"\":{}":{},"4:null.2:{}":{},"5:null.1:{}":{},"6:null.1:{}":{},"7:null:{}":{},"8:null}.2:{}":{},"article_number:{\\0\\\":null\":{}":{},"1:null.2:{}":{},"2:null.2:{}":{},"3:null.2:{}":{},"4:null.3:{}":{},"5:null.2:{}":{},"6:null.2:{}":{},"7:null.1:{}":{},"8:null}.3:{}":{},"container_title:{\\0\\\":\\\"Archives of Orthopaedic and Trauma Surgery\\\"\":{}":{},"1:\\European Journal of Applied Physiology\\\"\":{}":{},"2:\\International Journal of Remote Sensing\\\"\":{}":{},"3:\\The Journal of Physiology\\\"\":{}":{},"4:\\British Journal of Sports Medicine\\\"\":{}":{},"5:\\Annual Review of Ecology and Systematics\\\"\":{}":{},"6:\\The Canadian Journal of Psychiatry\\\"\":{}":{},"7:\\British Journal of Psychiatry\\\"\":{}":{},"8:\\Journal of Clinical Endocrinology & Metabolism\\\"}\":{}":{},"created_date_parts:{\\0\\\":\\\"2004\\\\\\\/11\\\\\\\/30\\\"\":{}":{},"1:\\2002\\\\\\\/8\\\\\\\/25\\\"\":{}":{},"2:\\2002\\\\\\\/7\\\\\\\/26\\\"\":{}":{},"3:\\2004\\\\\\\/9\\\\\\\/30\\\"\":{}":{},"4:\\2008\\\\\\\/12\\\\\\\/16\\\"\":{}":{},"5:\\2002\\\\\\\/7\\\\\\\/27\\\"\":{}":{},"6:\\2017\\\\\\\/1\\\\\\\/6\\\"\":{}":{},"7:\\2008\\\\\\\/10\\\\\\\/15\\\"\":{}":{},"8:\\2004\\\\\\\/2\\\\\\\/25\\\"}\":{}":{},"created_date_time:{\\0\\\":\\\"2004-11-30 15:43:39\\\"\":{}":{},"1:\\2002-08-25 08:36:27\\\"\":{}":{},"2:\\2002-07-26 15:40:29\\\"\":{}":{},"3:\\2004-09-30 07:21:12\\\"\":{}":{},"4:\\2008-12-16 00:55:24\\\"\":{}":{},"5:\\2002-07-27 11:40:13\\\"\":{}":{},"6:\\2017-01-06 01:32:38\\\"\":{}":{},"7:\\2008-10-15 05:36:56\\\"\":{}":{},"8:\\2004-02-25 21:56:42\\\"}\":{}":{},"created_timestamp:{\\0\\\":1101829419000\":{}":{},"1:1030264587000:{}":{},"2:1027698029000:{}":{},"3:1096528872000:{}":{},"4:1229388924000:{}":{},"5:1027770013000:{}":{},"6:1483666358000:{}":{},"7:1224049016000:{}":{},"8:1077746202000}:{}":{},"deposited_date_parts:{\\0\\\":\\\"2020\\\\\\\/4\\\\\\\/4\\\"\":{}":{},"1:\\2019\\\\\\\/5\\\\\\\/28\\\"\":{}":{},"2:\\2018\\\\\\\/10\\\\\\\/5\\\"\":{}":{},"3:\\2020\\\\\\\/4\\\\\\\/3\\\"\":{}":{},"4:\\2019\\\\\\\/2\\\\\\\/2\\\"\":{}":{},"5:\\2020\\\\\\\/3\\\\\\\/5\\\"\":{}":{},"6:\\2018\\\\\\\/1\\\\\\\/10\\\"\":{}":{},"7:\\2019\\\\\\\/5\\\\\\\/11\\\"\":{}":{},"8:\\2016\\\\\\\/12\\\\\\\/2\\\"}\":{}":{},"deposited_date_time:{\\0\\\":\\\"2020-04-04 12:07:14\\\"\":{}":{},"1:\\2019-05-28 20:32:05\\\"\":{}":{},"2:\\2018-10-05 14:58:11\\\"\":{}":{},"3:\\2020-04-03 07:21:20\\\"\":{}":{},"4:\\2019-02-02 12:29:13\\\"\":{}":{},"5:\\2020-03-05 09:23:18\\\"\":{}":{},"6:\\2018-01-10 09:38:15\\\"\":{}":{},"7:\\2019-05-11 19:51:03\\\"\":{}":{},"8:\\2016-12-02 22:06:54\\\"}\":{}":{},"deposited_timestamp:{\\0\\\":1586002034000\":{}":{},"1:1559075525000:{}":{},"2:1538751491000:{}":{},"3:1585898480000:{}":{},"4:1549110553000:{}":{},"5:1583400198000:{}":{},"6:1515577095000:{}":{},"7:1557604263000:{}":{},"8:1480716414000}:{}":{},"indexed_date_parts:{\\0\\\":\\\"2020\\\\\\\/4\\\\\\\/4\\\"\":{}":{},"1:\\2020\\\\\\\/3\\\\\\\/25\\\"\":{}":{},"2:\\2020\\\\\\\/3\\\\\\\/31\\\"\":{}":{},"3:\\2020\\\\\\\/6\\\\\\\/3\\\"\":{}":{},"4:\\2020\\\\\\\/4\\\\\\\/13\\\"\":{}":{},"5:\\2020\\\\\\\/7\\\\\\\/4\\\"\":{}":{},"6:\\2020\\\\\\\/5\\\\\\\/13\\\"\":{}":{},"7:\\2020\\\\\\\/5\\\\\\\/7\\\"\":{}":{},"8:\\2020\\\\\\\/4\\\\\\\/8\\\"}\":{}":{},"indexed_date_time:{\\0\\\":\\\"2020-04-04 12:40:10\\\"\":{}":{},"1:\\2020-03-25 15:22:54\\\"\":{}":{},"2:\\2020-03-31 04:03:01\\\"\":{}":{},"3:\\2020-06-03 05:24:03\\\"\":{}":{},"4:\\2020-04-13 12:57:14\\\"\":{}":{},"5:\\2020-07-04 21:23:29\\\"\":{}":{},"6:\\2020-05-13 02:23:51\\\"\":{}":{},"7:\\2020-05-07 22:04:37\\\"\":{}":{},"8:\\2020-04-08 03:09:48\\\"}\":{}":{},"indexed_timestamp:{\\0\\\":1586004010100\":{}":{},"1:1585149774310:{}":{},"2:1585627381252:{}":{},"3:1591161843588:{}":{},"4:1586782634537:{}":{},"5:1593897809448:{}":{},"6:1589336631701:{}":{},"7:1588889077153:{}":{},"8:1586315388859}:{}":{},"is_referenced_by_count:{\\0\\\":14\":{}":{},"1:54:{}":{},"2:3.1:{}":{},"3:75:{}":{},"4:23:{}":{},"5:1382:{}":{},"6:42:{}":{},"7:179:{}":{},"8:24}:{}":{},"issue:{\\0\\\":\\\"1-2\\\"\":{}":{},"1:\\5\\\"\":{}":{},"2:\\18\\\"\":{}":{},"3:\\1\\\"\":{}":{},"4:\\4\\\"\":{}":{},"5:\\1\\\"\":{}":{},"6:\\9\\\"\":{}":{},"7:\\6\\\"\":{}":{},"8:\\12\\\"}\":{}":{},"issued:{\\0\\\":null\":{}":{},"1:null.3:{}":{},"2:null.3:{}":{},"3:null.3:{}":{},"4:null.4:{}":{},"5:null.3:{}":{},"6:null.3:{}":{},"7:null.2:{}":{},"8:null}.4:{}":{},"issued_date_parts:{\\0\\\":\\\"1998\\\"\":{}":{},"1:\\1997\\\\\\\/10\\\\\\\/1\\\"\":{}":{},"2:\\1997\\\\\\\/12\\\"\":{}":{},"3:\\1997\\\\\\\/11\\\"\":{}":{},"4:\\1997\\\\\\\/12\\\\\\\/1\\\"\":{}":{},"5:\\1997\\\\\\\/11\\\"\":{}":{},"6:\\1997\\\\\\\/11\\\"\":{}":{},"7:\\1997\\\\\\\/12\\\"\":{}":{},"8:\\1997\\\\\\\/12\\\\\\\/1\\\"}\":{}":{},"issued_date_time:{\\0\\\":null\":{}":{},"1:null.4:{}":{},"2:null.4:{}":{},"3:null.4:{}":{},"4:null.5:{}":{},"5:null.4:{}":{},"6:null.4:{}":{},"7:null.3:{}":{},"8:null}.5:{}":{},"issued_timestamp:{\\0\\\":null\":{}":{},"1:null.5:{}":{},"2:null.5:{}":{},"3:null.5:{}":{},"4:null.6:{}":{},"5:null.5:{}":{},"6:null.5:{}":{},"7:null.4:{}":{},"8:null}.6:{}":{},"language:{\\0\\\":\\\"en\\\"\":{}":{},"1:null.6:{}":{},"2:\\en\\\"\":{}":{},"3:\\en\\\"\":{}":{},"4:\\en\\\"\":{}":{},"5:\\en\\\"\":{}":{},"6:\\en\\\"\":{}":{},"7:\\en\\\"\":{}":{},"8:\\en\\\"}\":{}":{},"member:{\\0\\\":297\":{}":{},"1:297:{}":{},"2:301:{}":{},"3:311:{}":{},"4:239:{}":{},"5:22:{}":{},"6:179:{}":{},"7:170:{}":{},"8:80}:{}":{},"original_title:{\\0\\\":\\\"None\\\"\":{}":{},"1:\\None\\\"\":{}":{},"2:\\None\\\"\":{}":{},"3:\\None\\\"\":{}":{},"4:\\None\\\"\":{}":{},"5:\\None\\\"\":{}":{},"6:\\None\\\"\":{}":{},"7:\\None\\\"\":{}":{},"8:\\None\\\"}\":{}":{},"page:{\\0\\\":\\\"50-52\\\"\":{}":{},"1:\\400-408\\\"\":{}":{},"2:\\3797-3810\\\"\":{}":{},"3:\\259-266\\\"\":{}":{},"4:\\269-276\\\"\":{}":{},"5:\\621-658\\\"\":{}":{},"6:\\966-973\\\"\":{}":{},"7:\\519-523\\\"\":{}":{},"8:\\4020-4027\\\"}\":{}":{},"prefix:{\\0\\\":10.1007\":{}":{},"1:10.1007:{}":{},"2:10.108:{}":{},"3:10.1113:{}":{},"4:10.1136:{}":{},"5:10.1146:{}":{},"6:10.1177:{}":{},"7:10.1192:{}":{},"8:10.121}:{}":{},"published_online_date_parts:{\\0\\\":null\":{}":{},"1:null.7:{}":{},"2:\\2010\\\\\\\/11\\\\\\\/25\\\"\":{}":{},"3:\\2004\\\\\\\/9\\\\\\\/30\\\".1\":{}":{},"4:null.7:{}":{},"5:null.6:{}":{},"6:\\2016\\\\\\\/11\\\\\\\/30\\\"\":{}":{},"7:\\2018\\\\\\\/1\\\\\\\/2\\\"\":{}":{},"8:null}.7:{}":{},"published_online_date_time:{\\0\\\":null\":{}":{},"1:null.8:{}":{},"2:null.6:{}":{},"3:null.6:{}":{},"4:null.8:{}":{},"5:null.7:{}":{},"6:null.6:{}":{},"7:null.5:{}":{},"8:null}.8:{}":{},"published_online_timestamp:{\\0\\\":null\":{}":{},"1:null.9:{}":{},"2:null.7:{}":{},"3:null.7:{}":{},"4:null.9:{}":{},"5:null.8:{}":{},"6:null.7:{}":{},"7:null.6:{}":{},"8:null}.9:{}":{},"published_print_date_parts:{\\0\\\":\\\"1998\\\"\":{}":{},"1:\\1997\\\\\\\/10\\\\\\\/1\\\".1\":{}":{},"2:\\1997\\\\\\\/12\\\".1\":{}":{},"3:\\1997\\\\\\\/11\\\".1\":{}":{},"4:\\1997\\\\\\\/12\\\\\\\/1\\\".1\":{}":{},"5:\\1997\\\\\\\/11\\\".1\":{}":{},"6:\\1997\\\\\\\/11\\\".1\":{}":{},"7:\\1997\\\\\\\/12\\\".1\":{}":{},"8:\\1997\\\\\\\/12\\\\\\\/1\\\"}.1\":{}":{},"published_print_date_time:{\\0\\\":null\":{}":{},"1:null.10:{}":{},"2:null.8:{}":{},"3:null.8:{}":{},"4:null.10:{}":{},"5:null.9:{}":{},"6:null.8:{}":{},"7:null.7:{}":{},"8:null}.10:{}":{},"published_print_timestamp:{\\0\\\":null\":{}":{},"1:null.11:{}":{},"2:null.9:{}":{},"3:null.9:{}":{},"4:null.11:{}":{},"5:null.10:{}":{},"6:null.9:{}":{},"7:null.8:{}":{},"8:null}.11:{}":{},"publisher:{\\0\\\":\\\"Springer Science and Business Media LLC\\\"\":{}":{},"1:\\Springer Science and Business Media LLC\\\"\":{}":{},"2:\\Informa UK Limited\\\"\":{}":{},"3:\\Wiley\\\"\":{}":{},"4:\\BMJ\\\"\":{}":{},"5:\\Annual Reviews\\\"\":{}":{},"6:\\SAGE Publications\\\"\":{}":{},"7:\\Royal College of Psychiatrists\\\"\":{}":{},"8:\\The Endocrine Society\\\"}\":{}":{},"publisher_location:{\\0\\\":null\":{}":{},"1:null.12:{}":{},"2:null.10:{}":{},"3:null.10:{}":{},"4:null.12:{}":{},"5:null.11:{}":{},"6:null.10:{}":{},"7:null.9:{}":{},"8:null}.12:{}":{},"reference_count:{\\0\\\":12\":{}":{},"1:0:{}":{},"2:0:{}":{},"3:33:{}":{},"4:85:{}":{},"5:274:{}":{},"6:36:{}":{},"7:20:{}":{},"8:0}:{}":{},"references_count:{\\0\\\":12\":{}":{},"1:0.1:{}":{},"2:0.1:{}":{},"3:33.1:{}":{},"4:85.1:{}":{},"5:274.1:{}":{},"6:36.1:{}":{},"7:20.1:{}":{},"8:0}.1:{}":{},"score:{\\0\\\":1.0\":{}":{},"1:1.0:{}":{},"2:1.0:{}":{},"3:1.0:{}":{},"4:1.0:{}":{},"5:1.0:{}":{},"6:1.0:{}":{},"7:1.0:{}":{},"8:1.0}:{}":{},"short_container_title:{\\0\\\":\\\"Arch Orthop Trauma Surg\\\"\":{}":{},"1:\\European Journal of Applied Physiology\\\".1\":{}":{},"2:\\International Journal of Remote Sensing\\\".1\":{}":{},"3:\\None\\\".1\":{}":{},"4:\\British Journal of Sports Medicine\\\".1\":{}":{},"5:\\Annu. Rev. Ecol. Syst.\\\"\":{}":{},"6:\\Can J Psychiatry\\\"\":{}":{},"7:\\Br J Psychiatry\\\"\":{}":{},"8:\\Journal of Clinical Endocrinology & Metabolism\\\"}.1\":{}":{},"short_title:{\\0\\\":\\\"None\\\"\":{}":{},"1:\\None\\\".1\":{}":{},"2:\\None\\\".1\":{}":{},"3:\\None\\\".2\":{}":{},"4:\\None\\\".1\":{}":{},"5:\\None\\\".1\":{}":{},"6:\\None\\\".1\":{}":{},"7:\\None\\\".1\":{}":{},"8:\\None\\\"}.1\":{}":{},"source:{\\0\\\":\\\"Crossref\\\"\":{}":{},"1:\\Crossref\\\"\":{}":{},"2:\\Crossref\\\"\":{}":{},"3:\\Crossref\\\"\":{}":{},"4:\\Crossref\\\"\":{}":{},"5:\\Crossref\\\"\":{}":{},"6:\\Crossref\\\"\":{}":{},"7:\\Crossref\\\"\":{}":{},"8:\\Crossref\\\"}\":{}":{},"subtitle:{\\0\\\":\\\"None\\\"\":{}":{},"1:\\None\\\".2\":{}":{},"2:\\None\\\".2\":{}":{},"3:\\None\\\".3\":{}":{},"4:\\None\\\".2\":{}":{},"5:\\None\\\".2\":{}":{},"6:\\None\\\".2\":{}":{},"7:\\None\\\".2\":{}":{},"8:\\None\\\"}.2\":{}":{},"title:{\\0\\\":\\\"Report of eight cases of humeral fracture following the throwing of hand grenades\\\"\":{}":{},"1:\\Effects of contract-relax stretching training on muscle performance in athletes\\\"\":{}":{},"2:\\Global prediction of area change of suitable regions for cereal cultivation caused by global warming\\\"\":{}":{},"3:\\Mental rehearsal of motor tasks recruits a-motoneurones but fails to recruit human fusimotor neurones selectively\\\"\":{}":{},"4:\\Sudden death from cardiovascular disease in young athletes: fact or fiction?\\\"\":{}":{},"5:\\THE ECOLOGY OF INTERFACES:Riparian Zones\\\"\":{}":{},"6:\\Depression in Primary Care\\\\u2014More like Asthma Than Appendicitis: The Michigan Depression Project\\\"\":{}":{},"7:\\Minor psychiatric disorder in NHS trust staff: Occupational and gender differences\\\"\":{}":{},"8:\\Thyroid Nodules in the Follow-Up of Irradiated Individuals: Comparison of Thyroid Ultrasound with Scanning and Palpation\\\"}\":{}":{},"type:{\\0\\\":\\\"journal-article\\\"\":{}":{},"1:\\journal-article\\\"\":{}":{},"2:\\journal-article\\\"\":{}":{},"3:\\journal-article\\\"\":{}":{},"4:\\journal-article\\\"\":{}":{},"5:\\journal-article\\\"\":{}":{},"6:\\journal-article\\\"\":{}":{},"7:\\journal-article\\\"\":{}":{},"8:\\journal-article\\\"}\":{}":{},"update_policy:{\\0\\\":null\":{}":{},"1:null.13:{}":{},"2:null.11:{}":{},"3:null.11:{}":{},"4:null.13:{}":{},"5:null.12:{}":{},"6:null.11:{}":{},"7:null.10:{}":{},"8:null}.13:{}":{},"volume:{\\0\\\":117\":{}":{},"1:76:{}":{},"2:18:{}":{},"3:505:{}":{},"4:31:{}":{},"5:28:{}":{},"6:42.1:{}":{},"7:171:{}":{},"8:82}:{}":{},"fk:{\\0\\\":9\":{}":{},"1:7.1:{}":{},"2:3.2:{}":{},"3:4.1:{}":{},"4:6.1:{}":{},"5:5.3:{}":{},"6:2.1:{}":{},"7:1.1:{}":{},"8:8}}:{}}":{}}