cambiaIncrement,sourceID,objectID,subjectID,eventID,occurredAt,timeObserved,relationType,sourceToken,license,termsOfUse,updatedReason,updated,eventAction,workSubtypeID,workTypeID,subjectTitle,subjectPID,jurisdiction,updatedDate
458,cambia-lens,https://doi.org/10.1016/s0092-8674(00)80493-6,https://lens.org/107-363-328-011-292,458e9085-fca3-07af-65c8-edaf19352d12,2011-01-13 00:00:00,2017-11-09 21:15:32,cites,1ad0b713-78ed-4bb9-8d5d-a3c2d163d46f,https://creativecommons.org/licenses/by-sa/4.0/,https://doi.org/10.13003/CED-terms-of-use,,,add,Patent Application,patent,Method Of Treating Age Related Disorders,https://lens.org/107-363-328-011-292,WO,
459,cambia-lens,https://doi.org/10.1016/s0092-8674(00)80493-6,https://lens.org/119-098-344-897-047,c440c2f2-a963-1162-d3dc-8720df18b169,2012-03-21 00:00:00,2017-11-10 00:17:30,cites,1ad0b713-78ed-4bb9-8d5d-a3c2d163d46f,https://creativecommons.org/licenses/by-sa/4.0/,https://doi.org/10.13003/CED-terms-of-use,,,add,Patent Application,patent,Methods In The Context Of Increasing The Stress Resistance Of Cells And Organisms,https://lens.org/119-098-344-897-047,EP,
460,cambia-lens,https://doi.org/10.1016/s0092-8674(00)80493-6,https://lens.org/121-173-232-344-05X,1174e18d-fd78-a3f8-780e-1f7b21077e65,1999-02-11 00:00:00,2017-11-10 00:49:24,cites,1ad0b713-78ed-4bb9-8d5d-a3c2d163d46f,https://creativecommons.org/licenses/by-sa/4.0/,https://doi.org/10.13003/CED-terms-of-use,,,add,Patent Application,patent,Assays For Compounds Which Extend Life Span,https://lens.org/121-173-232-344-05X,WO,
461,cambia-lens,https://doi.org/10.1016/s0092-8674(00)80493-6,https://lens.org/128-343-038-986-941,112cd5df-7f74-06ce-eaaa-d48f5d474cb9,2006-08-17 00:00:00,2017-11-10 02:40:06,cites,1ad0b713-78ed-4bb9-8d5d-a3c2d163d46f,https://creativecommons.org/licenses/by-sa/4.0/,https://doi.org/10.13003/CED-terms-of-use,,,add,Patent Application,patent,Methods And Compositions For Extending The Life Span And Increasing The Stress Resistance Of Cells And Organisms,https://lens.org/128-343-038-986-941,WO,
462,cambia-lens,https://doi.org/10.1016/s0092-8674(00)80493-6,https://lens.org/137-414-020-516-476,0417169c-2acc-675b-cad1-5c79b4e823af,2008-11-18 00:00:00,2017-11-10 05:00:53,cites,1ad0b713-78ed-4bb9-8d5d-a3c2d163d46f,https://creativecommons.org/licenses/by-sa/4.0/,https://doi.org/10.13003/CED-terms-of-use,,,add,Granted Patent,patent,Methods For Identifying Agents Which Alter Histone Protein Acetylation,https://lens.org/137-414-020-516-476,US,
463,cambia-lens,https://doi.org/10.1016/s0092-8674(00)80493-6,https://lens.org/151-710-517-295-860,6e9c851c-a844-64f8-cab0-ca3be73b75b5,2014-02-04 00:00:00,2017-11-10 08:42:40,cites,1ad0b713-78ed-4bb9-8d5d-a3c2d163d46f,https://creativecommons.org/licenses/by-sa/4.0/,https://doi.org/10.13003/CED-terms-of-use,,,add,Granted Patent,patent,Methods For Identifying Agents That Alter Nad-Dependent Deacetylation Activity Of A Sir2 Protein,https://lens.org/151-710-517-295-860,US,
464,cambia-lens,https://doi.org/10.1016/s0092-8674(00)80493-6,https://lens.org/159-689-033-577-017,d25e8bf1-cbd4-2bf0-7978-b10b46e565cf,2010-10-06 00:00:00,2017-11-10 10:45:43,cites,1ad0b713-78ed-4bb9-8d5d-a3c2d163d46f,https://creativecommons.org/licenses/by-sa/4.0/,https://doi.org/10.13003/CED-terms-of-use,,,add,Patent Application,patent,Sirt1 Modulators For Manipulating Cell/Organism Lifespan/Stress Response,https://lens.org/159-689-033-577-017,EP,
465,cambia-lens,https://doi.org/10.1016/s0092-8674(00)80493-6,https://lens.org/182-765-377-872-04X,ab194549-6ac3-e3a9-b736-845c017899b4,2011-07-12 00:00:00,2017-11-10 17:15:28,cites,1ad0b713-78ed-4bb9-8d5d-a3c2d163d46f,https://creativecommons.org/licenses/by-sa/4.0/,https://doi.org/10.13003/CED-terms-of-use,,,add,Granted Patent,patent,Methods And Compositions For Extending The Life Span And Increasing The Stress Resistance Of Cells And Organisms,https://lens.org/182-765-377-872-04X,US,
466,cambia-lens,https://doi.org/10.1016/s0092-8674(00)80493-6,https://lens.org/054-028-125-167-239,ccba5f46-5b03-8056-868c-f49c5e5bac45,2014-02-18 00:00:00,2017-11-11 06:59:06,cites,1ad0b713-78ed-4bb9-8d5d-a3c2d163d46f,https://creativecommons.org/licenses/by-sa/4.0/,https://doi.org/10.13003/CED-terms-of-use,,,add,Granted Patent,patent,Methods Of Nad-Dependent Deacetylation Of A Lysine Residue In A Protein,https://lens.org/054-028-125-167-239,US,
467,cambia-lens,https://doi.org/10.1016/s0092-8674(00)80493-6,https://lens.org/056-445-220-101-852,3614f5a6-dace-1d09-e723-b8a76dea4745,2001-05-08 00:00:00,2017-11-11 07:36:57,cites,1ad0b713-78ed-4bb9-8d5d-a3c2d163d46f,https://creativecommons.org/licenses/by-sa/4.0/,https://doi.org/10.13003/CED-terms-of-use,,,add,Granted Patent,patent,Assays For Compounds Which Extend Life Span,https://lens.org/056-445-220-101-852,US,
468,cambia-lens,https://doi.org/10.1016/s0092-8674(00)80493-6,https://lens.org/067-800-480-150-768,51743d1b-a2c5-71d2-eab2-9dd574e03f47,2011-08-31 00:00:00,2017-11-11 10:32:40,cites,1ad0b713-78ed-4bb9-8d5d-a3c2d163d46f,https://creativecommons.org/licenses/by-sa/4.0/,https://doi.org/10.13003/CED-terms-of-use,,,add,Patent Application,patent,Diagnostic Method For Neurodegenerative Diseases Based On Measurement Of Sirt1 Levels Or Activity,https://lens.org/067-800-480-150-768,EP,
469,cambia-lens,https://doi.org/10.1016/s0092-8674(00)80493-6,https://lens.org/091-373-874-219-04X,6695b07e-3b8e-f470-cfaa-554b56d1faf5,2011-03-02 00:00:00,2017-11-11 17:08:28,cites,1ad0b713-78ed-4bb9-8d5d-a3c2d163d46f,https://creativecommons.org/licenses/by-sa/4.0/,https://doi.org/10.13003/CED-terms-of-use,,,add,Patent Application,patent,Sirt1 Modulators For Manipulating Cell/Organism Lifespan/Stress Response,https://lens.org/091-373-874-219-04X,EP,
