crossRefIncrement,sourceID,objectID,subjectID,eventID,occurredAt,timeObserved,relationType,sourceToken,license,crossrefTermsOfUse,messageAction
1926,crossref,https://doi.org/10.1016/S0092-8674(00)80493-6,https://doi.org/10.1134/S2079086412010045,1f250e03-66eb-42b6-8bc5-cad96bc000d4,2012-01-01 00:00:00,2019-06-23 11:12:40,references,8676e950-8ac5-4074-8ac3-c0a18ada7e99,https://doi.org/10.13003/CED-terms-of-use,https://doi.org/10.13003/CED-terms-of-use,create
1927,crossref,https://doi.org/10.1016/S0092-8674(00)80493-6,https://doi.org/10.1007/s11010-012-1236-8,df5e5f31-ad8f-4603-b090-5a4dfc614fa9,2012-01-29 00:00:00,2019-06-23 21:50:03,references,8676e950-8ac5-4074-8ac3-c0a18ada7e99,https://doi.org/10.13003/CED-terms-of-use,https://doi.org/10.13003/CED-terms-of-use,create
1928,crossref,https://doi.org/10.1016/S0092-8674(00)80493-6,https://doi.org/10.1093/nar/gks188,44e2742b-8654-494e-b473-be837c8bee7f,2012-02-22 00:00:00,2019-06-25 02:26:10,references,8676e950-8ac5-4074-8ac3-c0a18ada7e99,https://doi.org/10.13003/CED-terms-of-use,https://doi.org/10.13003/CED-terms-of-use,create
1929,crossref,https://doi.org/10.1016/S0092-8674(00)80493-6,https://doi.org/10.1038/emboj.2012.185,c0f77808-b290-4737-b8eb-192cd58113c2,2012-07-17 00:00:00,2019-07-02 02:33:35,references,8676e950-8ac5-4074-8ac3-c0a18ada7e99,https://doi.org/10.13003/CED-terms-of-use,https://doi.org/10.13003/CED-terms-of-use,create
1930,crossref,https://doi.org/10.1016/S0092-8674(00)80493-6,https://doi.org/10.1002/emmm.201302451,72948a87-d4e4-4569-b2b8-7db73339d013,2013-02-18 00:00:00,2019-07-10 03:21:23,references,8676e950-8ac5-4074-8ac3-c0a18ada7e99,https://doi.org/10.13003/CED-terms-of-use,https://doi.org/10.13003/CED-terms-of-use,create
1931,crossref,https://doi.org/10.1016/S0092-8674(00)80493-6,https://doi.org/10.1146/annurev-physiol-030212-183800,74f48771-54c7-400e-bd60-7cddf28c7487,2013-02-10 00:00:00,2019-07-18 11:51:27,references,8676e950-8ac5-4074-8ac3-c0a18ada7e99,https://doi.org/10.13003/CED-terms-of-use,https://doi.org/10.13003/CED-terms-of-use,create
1932,crossref,https://doi.org/10.1016/S0092-8674(00)80493-6,https://doi.org/10.1098/rstb.2009.0222,19a81500-3439-4133-ba79-243dcc4ffbb6,2010-01-12 00:00:00,2019-07-19 17:07:21,references,8676e950-8ac5-4074-8ac3-c0a18ada7e99,https://doi.org/10.13003/CED-terms-of-use,https://doi.org/10.13003/CED-terms-of-use,create
1933,crossref,https://doi.org/10.1016/S0092-8674(00)80493-6,https://doi.org/10.7124/bc.000576,118367ae-d785-4006-98c1-3ae050dfc363,2000-07-20 00:00:00,2019-07-21 12:58:38,references,8676e950-8ac5-4074-8ac3-c0a18ada7e99,https://doi.org/10.13003/CED-terms-of-use,https://doi.org/10.13003/CED-terms-of-use,create
1934,crossref,https://doi.org/10.1016/S0092-8674(00)80493-6,https://doi.org/10.1007/s40291-018-0348-6,6d18d661-d668-48c8-9914-7ba6bb1f50fa,2018-06-29 00:00:00,2019-07-21 20:28:58,references,8676e950-8ac5-4074-8ac3-c0a18ada7e99,https://doi.org/10.13003/CED-terms-of-use,https://doi.org/10.13003/CED-terms-of-use,create
1935,crossref,https://doi.org/10.1016/S0092-8674(00)80493-6,https://doi.org/10.1590/S1809-98232011000300005,af4e2903-0aa4-4be3-8b42-d22582646829,2011-01-01 00:00:00,2019-07-24 15:43:57,references,8676e950-8ac5-4074-8ac3-c0a18ada7e99,https://doi.org/10.13003/CED-terms-of-use,https://doi.org/10.13003/CED-terms-of-use,create
1936,crossref,https://doi.org/10.1016/S0092-8674(00)80493-6,https://doi.org/10.1073/pnas.1215850110,ce3de2be-a35a-4d82-8fb7-86feb3c2189c,2013-06-26 00:00:00,2019-07-28 21:25:21,references,8676e950-8ac5-4074-8ac3-c0a18ada7e99,https://doi.org/10.13003/CED-terms-of-use,https://doi.org/10.13003/CED-terms-of-use,create
1937,crossref,https://doi.org/10.1016/S0092-8674(00)80493-6,https://doi.org/10.1007/978-3-319-71614-5_4,f9d6b8b9-9fe2-4434-9451-dad139135fe0,2018-01-01 00:00:00,2019-10-11 01:37:01,references,8676e950-8ac5-4074-8ac3-c0a18ada7e99,https://doi.org/10.13003/CED-terms-of-use,https://doi.org/10.13003/CED-terms-of-use,create
1938,crossref,https://doi.org/10.1016/S0092-8674(00)80493-6,https://doi.org/10.3390/cells8060534,ef9b2b6e-3efd-4cc6-988b-5466b9225ca4,2019-06-04 00:00:00,2019-10-17 16:59:19,references,8676e950-8ac5-4074-8ac3-c0a18ada7e99,https://doi.org/10.13003/CED-terms-of-use,https://doi.org/10.13003/CED-terms-of-use,create
1939,crossref,https://doi.org/10.1016/S0092-8674(00)80493-6,https://doi.org/10.5772/intechopen.77030,b9058530-de00-49c3-bc25-bb81d9186a2b,2018-09-12 00:00:00,2019-10-25 00:46:07,references,8676e950-8ac5-4074-8ac3-c0a18ada7e99,https://doi.org/10.13003/CED-terms-of-use,https://doi.org/10.13003/CED-terms-of-use,create
1940,crossref,https://doi.org/10.1016/S0092-8674(00)80493-6,https://doi.org/10.1007/s10522-019-09832-3,230912d6-95df-4093-96a1-b12fce589102,2019-08-31 00:00:00,2019-10-26 02:03:12,references,8676e950-8ac5-4074-8ac3-c0a18ada7e99,https://doi.org/10.13003/CED-terms-of-use,https://doi.org/10.13003/CED-terms-of-use,create
1941,crossref,https://doi.org/10.1016/S0092-8674(00)80493-6,https://doi.org/10.1534/genetics.111.134577,0b558089-a59a-4964-a293-556803f6a70b,2012-05-01 00:00:00,2019-10-29 14:15:01,references,8676e950-8ac5-4074-8ac3-c0a18ada7e99,https://doi.org/10.13003/CED-terms-of-use,https://doi.org/10.13003/CED-terms-of-use,create
1942,crossref,https://doi.org/10.1016/S0092-8674(00)80493-6,https://doi.org/10.1161/CIRCRESAHA.118.312498,fb191804-65cc-460d-9725-95baeef6015b,2018-09-14 00:00:00,2019-11-02 02:45:41,references,8676e950-8ac5-4074-8ac3-c0a18ada7e99,https://doi.org/10.13003/CED-terms-of-use,https://doi.org/10.13003/CED-terms-of-use,create
1943,crossref,https://doi.org/10.1016/S0092-8674(00)80493-6,https://doi.org/10.1007/BFb0033651,e7977e21-5245-44aa-a1c7-5d79d1376335,,2019-11-22 16:45:34,references,8676e950-8ac5-4074-8ac3-c0a18ada7e99,https://doi.org/10.13003/CED-terms-of-use,https://doi.org/10.13003/CED-terms-of-use,create
1944,crossref,https://doi.org/10.1016/S0092-8674(00)80493-6,https://doi.org/10.1083/jcb.201005160,500ee7cf-f5fb-44ee-9850-d8227d663315,2010-12-27 00:00:00,2019-12-12 01:35:04,references,8676e950-8ac5-4074-8ac3-c0a18ada7e99,https://doi.org/10.13003/CED-terms-of-use,https://doi.org/10.13003/CED-terms-of-use,create
1945,crossref,https://doi.org/10.1016/S0092-8674(00)80493-6,https://doi.org/10.1002/1873-3468.13483,aa82145a-eac2-4b99-95c5-cc9fa5b0d7ae,2019-06-24 00:00:00,2019-12-16 10:55:08,references,8676e950-8ac5-4074-8ac3-c0a18ada7e99,https://doi.org/10.13003/CED-terms-of-use,https://doi.org/10.13003/CED-terms-of-use,create
1946,crossref,https://doi.org/10.1016/S0092-8674(00)80493-6,https://doi.org/10.3389/fgene.2019.00940,1b7a0111-82c2-42f9-b252-59d8af189099,2019-10-11 00:00:00,2019-12-18 12:00:01,references,8676e950-8ac5-4074-8ac3-c0a18ada7e99,https://doi.org/10.13003/CED-terms-of-use,https://doi.org/10.13003/CED-terms-of-use,create
1947,crossref,https://doi.org/10.1016/S0092-8674(00)80493-6,https://doi.org/10.1534/genetics.119.302047,6abecf51-a4fb-428a-8017-20f6d438c2ee,2019-03-06 00:00:00,2019-12-21 02:44:14,references,8676e950-8ac5-4074-8ac3-c0a18ada7e99,https://doi.org/10.13003/CED-terms-of-use,https://doi.org/10.13003/CED-terms-of-use,create
1948,crossref,https://doi.org/10.1016/S0092-8674(00)80493-6,https://doi.org/10.1534/genetics.112.140608,a95a12e8-1689-4c2d-9945-241fa7d150f9,2012-09-01 00:00:00,2019-12-26 23:32:00,references,8676e950-8ac5-4074-8ac3-c0a18ada7e99,https://doi.org/10.13003/CED-terms-of-use,https://doi.org/10.13003/CED-terms-of-use,create
1949,crossref,https://doi.org/10.1016/S0092-8674(00)80493-6,https://doi.org/10.3389/fgene.2019.01301,2f3dfc6e-e4c3-47be-939d-4f850b5bb544,2020-01-08 00:00:00,2020-01-08 22:30:25,references,8676e950-8ac5-4074-8ac3-c0a18ada7e99,https://doi.org/10.13003/CED-terms-of-use,https://doi.org/10.13003/CED-terms-of-use,create
