twitterIncrement,sourceID,subjectID,objectID,eventID,occurredAt,timeObserved,relationType,sourceToken,license,termsOfUse,tweetAuthor,originalTweetAuthor,updatedReason,updated,evidenceRecord,eventAction,subjectPID,originalTweetURL,alternativeID,title,issued,objectPID,objectURL,updatedDate
12842,twitter,twitter://status?id=1221137758678405121,https://doi.org/10.1016/s0092-8674(00)80493-6,e32736a2-fd58-4bfa-a0e1-9e968484b832,2020-01-25 18:28:23,2020-01-25 14:02:35,discusses,45a1ef76-4f43-4cdc-9ba8-5a6ad01cc231,https://creativecommons.org/publicdomain/zero/1.0/,https://doi.org/10.13003/CED-terms-of-use,twitter://user?screen_name=AJ_Hege,twitter://user?screen_name=davidasinclair,,,https://evidence.eventdata.crossref.org/evidence/20200125-twitter-3e469901-4e5e-4649-a131-285ac662e7,add,twitter://status?id=1221137758678405121,twitter://status?id=1221137615002443776,1221137758678405121,Tweet 1221137758678405121,2020-01-25 18:28:23,https://doi.org/10.1016/s0092-8674(00)80493-6,https://www.sciencedirect.com/science/article/pii/S0092867400804936,
12843,twitter,twitter://status?id=1221137747278061569,https://doi.org/10.1016/s0092-8674(00)80493-6,4a0aa84d-e834-4531-adb4-3c52502edf26,2020-01-25 18:28:21,2020-01-25 14:04:31,discusses,45a1ef76-4f43-4cdc-9ba8-5a6ad01cc231,https://creativecommons.org/publicdomain/zero/1.0/,https://doi.org/10.13003/CED-terms-of-use,twitter://user?screen_name=Lehauski3,twitter://user?screen_name=davidasinclair,,,https://evidence.eventdata.crossref.org/evidence/20200125-twitter-58dede37-5a1a-4f2f-96e5-3d9e5c553b,add,twitter://status?id=1221137747278061569,twitter://status?id=1221137615002443776,1221137747278061569,Tweet 1221137747278061569,2020-01-25 18:28:21,https://doi.org/10.1016/s0092-8674(00)80493-6,https://www.sciencedirect.com/science/article/pii/S0092867400804936,
12844,twitter,twitter://status?id=1221138775306207232,https://doi.org/10.1016/s0092-8674(00)80493-6,2b73fc1a-14ec-47d0-8c27-1efd803bee31,2020-01-25 18:32:26,2020-01-25 14:17:29,discusses,45a1ef76-4f43-4cdc-9ba8-5a6ad01cc231,https://creativecommons.org/publicdomain/zero/1.0/,https://doi.org/10.13003/CED-terms-of-use,twitter://user?screen_name=staceyauger1,twitter://user?screen_name=davidasinclair,,,https://evidence.eventdata.crossref.org/evidence/20200125-twitter-fbf00d73-0423-4bc5-9b1c-bcbac69423,add,twitter://status?id=1221138775306207232,twitter://status?id=1221137615002443776,1221138775306207232,Tweet 1221138775306207232,2020-01-25 18:32:26,https://doi.org/10.1016/s0092-8674(00)80493-6,https://www.sciencedirect.com/science/article/pii/S0092867400804936,
12845,twitter,twitter://status?id=1221137615002443776,https://doi.org/10.1016/s0092-8674(00)80493-6,3999dc6d-9a76-446a-b710-d5fb0dbb42e3,2020-01-25 18:27:49,2020-01-25 14:22:15,discusses,45a1ef76-4f43-4cdc-9ba8-5a6ad01cc231,https://creativecommons.org/publicdomain/zero/1.0/,https://doi.org/10.13003/CED-terms-of-use,twitter://user?screen_name=davidasinclair,,,,https://evidence.eventdata.crossref.org/evidence/20200125-twitter-9927e31e-58dc-4462-ba26-db9ef27a9c,add,twitter://status?id=1221137615002443776,twitter://status?id=1221137615002443776,1221137615002443776,Tweet 1221137615002443776,2020-01-25 18:27:49,https://doi.org/10.1016/s0092-8674(00)80493-6,https://www.sciencedirect.com/science/article/pii/S0092867400804936,
12846,twitter,twitter://status?id=1221145354910879744,https://doi.org/10.1016/s0092-8674(00)80493-6,e05463df-d9ca-4b50-88e3-e91bcb517a57,2020-01-25 18:58:35,2020-01-25 14:29:15,discusses,45a1ef76-4f43-4cdc-9ba8-5a6ad01cc231,https://creativecommons.org/publicdomain/zero/1.0/,https://doi.org/10.13003/CED-terms-of-use,twitter://user?screen_name=SynBioExp,twitter://user?screen_name=davidasinclair,,,https://evidence.eventdata.crossref.org/evidence/20200125-twitter-6c7e33e1-41d9-4d4f-b199-24edcf9d96,add,twitter://status?id=1221145354910879744,twitter://status?id=1221137615002443776,1221145354910879744,Tweet 1221145354910879744,2020-01-25 18:58:35,https://doi.org/10.1016/s0092-8674(00)80493-6,https://www.sciencedirect.com/science/article/pii/S0092867400804936,
12847,twitter,twitter://status?id=1221142531196510208,https://doi.org/10.1016/s0092-8674(00)80493-6,53613970-4138-466e-9852-afcf7ddcb572,2020-01-25 18:47:21,2020-01-25 14:29:54,discusses,45a1ef76-4f43-4cdc-9ba8-5a6ad01cc231,https://creativecommons.org/publicdomain/zero/1.0/,https://doi.org/10.13003/CED-terms-of-use,twitter://user?screen_name=lsjaren,twitter://user?screen_name=davidasinclair,,,https://evidence.eventdata.crossref.org/evidence/20200125-twitter-eb1d7e8c-7441-4b9e-a85a-9b8e811f66,add,twitter://status?id=1221142531196510208,twitter://status?id=1221137615002443776,1221142531196510208,Tweet 1221142531196510208,2020-01-25 18:47:21,https://doi.org/10.1016/s0092-8674(00)80493-6,https://www.sciencedirect.com/science/article/pii/S0092867400804936,
12848,twitter,twitter://status?id=1221140049112137729,https://doi.org/10.1016/s0092-8674(00)80493-6,42817b7d-5b84-4ece-b956-9946ec5e99fe,2020-01-25 18:37:30,2020-01-25 14:31:50,discusses,45a1ef76-4f43-4cdc-9ba8-5a6ad01cc231,https://creativecommons.org/publicdomain/zero/1.0/,https://doi.org/10.13003/CED-terms-of-use,twitter://user?screen_name=luzramos670,twitter://user?screen_name=davidasinclair,,,https://evidence.eventdata.crossref.org/evidence/20200125-twitter-078c1db9-b052-4929-bd5a-be84b9903b,add,twitter://status?id=1221140049112137729,twitter://status?id=1221137615002443776,1221140049112137729,Tweet 1221140049112137729,2020-01-25 18:37:30,https://doi.org/10.1016/s0092-8674(00)80493-6,https://www.sciencedirect.com/science/article/pii/S0092867400804936,
12849,twitter,twitter://status?id=1221148099860729856,https://doi.org/10.1016/s0092-8674(00)80493-6,091239dd-9b55-4a56-9ce1-77047bc11b60,2020-01-25 19:09:29,2020-01-25 14:51:39,discusses,45a1ef76-4f43-4cdc-9ba8-5a6ad01cc231,https://creativecommons.org/publicdomain/zero/1.0/,https://doi.org/10.13003/CED-terms-of-use,twitter://user?screen_name=Alexand09896703,,,,https://evidence.eventdata.crossref.org/evidence/20200125-twitter-a34605c2-58d1-4a9e-9363-483acc2e1e,add,twitter://status?id=1221148099860729856,twitter://status?id=1221148099860729856,1221148099860729856,Tweet 1221148099860729856,2020-01-25 19:09:29,https://doi.org/10.1016/s0092-8674(00)80493-6,https://www.sciencedirect.com/science/article/pii/S0092867400804936,
12850,twitter,twitter://status?id=1221163813694779392,https://doi.org/10.1016/s0092-8674(00)80493-6,6e0434bb-d6bc-4086-b155-48b87fc326b4,2020-01-25 20:11:55,2020-01-25 15:59:26,discusses,45a1ef76-4f43-4cdc-9ba8-5a6ad01cc231,https://creativecommons.org/publicdomain/zero/1.0/,https://doi.org/10.13003/CED-terms-of-use,twitter://user?screen_name=GillesCharvin,twitter://user?screen_name=davidasinclair,,,https://evidence.eventdata.crossref.org/evidence/20200125-twitter-3acbf6f4-7b4f-4b33-95cc-108c304aed,add,twitter://status?id=1221163813694779392,twitter://status?id=1221137615002443776,1221163813694779392,Tweet 1221163813694779392,2020-01-25 20:11:55,https://doi.org/10.1016/s0092-8674(00)80493-6,https://www.sciencedirect.com/science/article/pii/S0092867400804936,
12851,twitter,twitter://status?id=1221164493733908480,https://doi.org/10.1016/s0092-8674(00)80493-6,d5dff361-9044-4ae3-89ae-68f90ae8140a,2020-01-25 20:14:38,2020-01-25 16:04:47,discusses,45a1ef76-4f43-4cdc-9ba8-5a6ad01cc231,https://creativecommons.org/publicdomain/zero/1.0/,https://doi.org/10.13003/CED-terms-of-use,twitter://user?screen_name=GoingBush,twitter://user?screen_name=davidasinclair,,,https://evidence.eventdata.crossref.org/evidence/20200125-twitter-860e9c69-2681-4024-91e7-e0d83cf05b,add,twitter://status?id=1221164493733908480,twitter://status?id=1221137615002443776,1221164493733908480,Tweet 1221164493733908480,2020-01-25 20:14:38,https://doi.org/10.1016/s0092-8674(00)80493-6,https://www.sciencedirect.com/science/article/pii/S0092867400804936,
12852,twitter,twitter://status?id=1221177973908205570,https://doi.org/10.1016/s0092-8674(00)80493-6,0b2ad98c-f2a6-41c5-827a-d933340b295f,2020-01-25 21:08:12,2020-01-25 16:53:34,discusses,45a1ef76-4f43-4cdc-9ba8-5a6ad01cc231,https://creativecommons.org/publicdomain/zero/1.0/,https://doi.org/10.13003/CED-terms-of-use,twitter://user?screen_name=AESCLEPIUS0,twitter://user?screen_name=davidasinclair,,,https://evidence.eventdata.crossref.org/evidence/20200125-twitter-b0b75967-91b5-4206-b348-671a8c9340,add,twitter://status?id=1221177973908205570,twitter://status?id=1221137615002443776,1221177973908205570,Tweet 1221177973908205570,2020-01-25 21:08:12,https://doi.org/10.1016/s0092-8674(00)80493-6,https://www.sciencedirect.com/science/article/pii/S0092867400804936,
12853,twitter,twitter://status?id=1221189266706857985,https://doi.org/10.1016/s0092-8674(00)80493-6,611b26ae-b2e1-4888-b7c3-a393a2a99c5a,2020-01-25 21:53:04,2020-01-25 17:27:19,discusses,45a1ef76-4f43-4cdc-9ba8-5a6ad01cc231,https://creativecommons.org/publicdomain/zero/1.0/,https://doi.org/10.13003/CED-terms-of-use,twitter://user?screen_name=nas77y,twitter://user?screen_name=davidasinclair,,,https://evidence.eventdata.crossref.org/evidence/20200125-twitter-e9c809cc-a3cd-436c-bd63-fe32dffe8d,add,twitter://status?id=1221189266706857985,twitter://status?id=1221137615002443776,1221189266706857985,Tweet 1221189266706857985,2020-01-25 21:53:04,https://doi.org/10.1016/s0092-8674(00)80493-6,https://www.sciencedirect.com/science/article/pii/S0092867400804936,
12854,twitter,twitter://status?id=1221202001465413636,https://doi.org/10.1016/s0092-8674(00)80493-6,001d3d6c-8ade-4529-8555-f5d00423ac23,2020-01-25 22:43:40,2020-01-25 17:46:10,discusses,45a1ef76-4f43-4cdc-9ba8-5a6ad01cc231,https://creativecommons.org/publicdomain/zero/1.0/,https://doi.org/10.13003/CED-terms-of-use,twitter://user?screen_name=steverino12,twitter://user?screen_name=davidasinclair,,,https://evidence.eventdata.crossref.org/evidence/20200125-twitter-66a0b0a0-f97e-46c5-b6d9-dfaeed80cc,add,twitter://status?id=1221202001465413636,twitter://status?id=1221137615002443776,1221202001465413636,Tweet 1221202001465413636,2020-01-25 22:43:40,https://doi.org/10.1016/s0092-8674(00)80493-6,https://www.sciencedirect.com/science/article/pii/S0092867400804936,
12855,twitter,twitter://status?id=1221204088957755392,https://doi.org/10.1016/s0092-8674(00)80493-6,8cbdd95b-ef0c-4a7b-8b97-8264614ac0d7,2020-01-25 22:51:58,2020-01-25 18:05:37,discusses,45a1ef76-4f43-4cdc-9ba8-5a6ad01cc231,https://creativecommons.org/publicdomain/zero/1.0/,https://doi.org/10.13003/CED-terms-of-use,twitter://user?screen_name=yeeseak,,,,https://evidence.eventdata.crossref.org/evidence/20200125-twitter-792f1ecd-c4ec-4a47-8edc-43db4e29c2,add,twitter://status?id=1221204088957755392,twitter://status?id=1221204088957755392,1221204088957755392,Tweet 1221204088957755392,2020-01-25 22:51:58,https://doi.org/10.1016/s0092-8674(00)80493-6,https://www.sciencedirect.com/science/article/pii/S0092867400804936,
12856,twitter,twitter://status?id=1221204088957755392,https://doi.org/10.1016/s0092-8674(00)80493-6,802e0663-39a1-49ed-85a4-7e2c9ca02c68,2020-01-25 22:51:58,2020-01-25 18:10:03,discusses,45a1ef76-4f43-4cdc-9ba8-5a6ad01cc231,https://creativecommons.org/publicdomain/zero/1.0/,https://doi.org/10.13003/CED-terms-of-use,twitter://user?screen_name=yeeseak,,,,https://evidence.eventdata.crossref.org/evidence/20200125-twitter-792f1ecd-c4ec-4a47-8edc-43db4e29c2,add,twitter://status?id=1221204088957755392,twitter://status?id=1221204088957755392,1221204088957755392,Tweet 1221204088957755392,2020-01-25 22:51:58,https://doi.org/10.1016/s0092-8674(00)80493-6,https://www.sciencedirect.com/science/article/pii/S0092867400804936,
12857,twitter,twitter://status?id=1221214905451393024,https://doi.org/10.1016/s0092-8674(00)80493-6,ec28efd1-a9cf-4386-ae2b-c03565292bf2,2020-01-25 23:34:57,2020-01-25 18:37:40,discusses,45a1ef76-4f43-4cdc-9ba8-5a6ad01cc231,https://creativecommons.org/publicdomain/zero/1.0/,https://doi.org/10.13003/CED-terms-of-use,twitter://user?screen_name=Ferromancer1,twitter://user?screen_name=davidasinclair,,,https://evidence.eventdata.crossref.org/evidence/20200125-twitter-ec54e8c5-d725-4d8e-85e8-fd966a5a78,add,twitter://status?id=1221214905451393024,twitter://status?id=1221137615002443776,1221214905451393024,Tweet 1221214905451393024,2020-01-25 23:34:57,https://doi.org/10.1016/s0092-8674(00)80493-6,https://www.sciencedirect.com/science/article/pii/S0092867400804936,
12858,twitter,twitter://status?id=1221268425030479883,https://doi.org/10.1016/s0092-8674(00)80493-6,54b74ef7-0fa8-4170-ad69-4698a601355d,2020-01-26 03:07:37,2020-01-25 22:11:25,discusses,45a1ef76-4f43-4cdc-9ba8-5a6ad01cc231,https://creativecommons.org/publicdomain/zero/1.0/,https://doi.org/10.13003/CED-terms-of-use,twitter://user?screen_name=chynaco63,twitter://user?screen_name=davidasinclair,,,https://evidence.eventdata.crossref.org/evidence/20200126-twitter-cd6d8dad-3105-4e87-9e34-77f29790fc,add,twitter://status?id=1221268425030479883,twitter://status?id=1221137615002443776,1221268425030479883,Tweet 1221268425030479883,2020-01-26 03:07:37,https://doi.org/10.1016/s0092-8674(00)80493-6,https://www.sciencedirect.com/science/article/pii/S0092867400804936,
12859,twitter,twitter://status?id=1221296858225610752,https://doi.org/10.1016/s0092-8674(00)80493-6,fcc3a15c-56d2-4300-b1c5-5f6b0bc97b81,2020-01-26 05:00:36,2020-01-26 00:02:11,discusses,45a1ef76-4f43-4cdc-9ba8-5a6ad01cc231,https://creativecommons.org/publicdomain/zero/1.0/,https://doi.org/10.13003/CED-terms-of-use,twitter://user?screen_name=Merryamic,twitter://user?screen_name=davidasinclair,,,https://evidence.eventdata.crossref.org/evidence/20200126-twitter-2e997e43-f8ff-485b-b3f9-7f40e825d1,add,twitter://status?id=1221296858225610752,twitter://status?id=1221137615002443776,1221296858225610752,Tweet 1221296858225610752,2020-01-26 05:00:36,https://doi.org/10.1016/s0092-8674(00)80493-6,https://www.sciencedirect.com/science/article/pii/S0092867400804936,
12860,twitter,twitter://status?id=1221322182984445952,https://doi.org/10.1016/s0092-8674(00)80493-6,eedd27b7-9948-4ccc-93c8-552279c2162d,2020-01-26 06:41:14,2020-01-26 01:50:47,discusses,45a1ef76-4f43-4cdc-9ba8-5a6ad01cc231,https://creativecommons.org/publicdomain/zero/1.0/,https://doi.org/10.13003/CED-terms-of-use,twitter://user?screen_name=Misinetes,twitter://user?screen_name=davidasinclair,,,https://evidence.eventdata.crossref.org/evidence/20200126-twitter-3c803df3-3334-47b7-8a21-752c7ecc6a,add,twitter://status?id=1221322182984445952,twitter://status?id=1221137615002443776,1221322182984445952,Tweet 1221322182984445952,2020-01-26 06:41:14,https://doi.org/10.1016/s0092-8674(00)80493-6,https://www.sciencedirect.com/science/article/pii/S0092867400804936,
12861,twitter,twitter://status?id=1221326687952080896,https://doi.org/10.1016/s0092-8674(00)80493-6,26ddd41b-1285-4474-b143-83f48c9bd2ee,2020-01-26 06:59:08,2020-01-26 02:04:40,discusses,45a1ef76-4f43-4cdc-9ba8-5a6ad01cc231,https://creativecommons.org/publicdomain/zero/1.0/,https://doi.org/10.13003/CED-terms-of-use,twitter://user?screen_name=michaelreuter,twitter://user?screen_name=davidasinclair,,,https://evidence.eventdata.crossref.org/evidence/20200126-twitter-37dcbf6f-e32c-4c6b-8a23-7a314a6150,add,twitter://status?id=1221326687952080896,twitter://status?id=1221137615002443776,1221326687952080896,Tweet 1221326687952080896,2020-01-26 06:59:08,https://doi.org/10.1016/s0092-8674(00)80493-6,https://www.sciencedirect.com/science/article/pii/S0092867400804936,
12862,twitter,twitter://status?id=1221330976992825344,https://doi.org/10.1016/s0092-8674(00)80493-6,82ef5eeb-c5b7-454e-885b-8ed73cf83c23,2020-01-26 07:16:10,2020-01-26 02:18:06,discusses,45a1ef76-4f43-4cdc-9ba8-5a6ad01cc231,https://creativecommons.org/publicdomain/zero/1.0/,https://doi.org/10.13003/CED-terms-of-use,twitter://user?screen_name=ChannelFasting,twitter://user?screen_name=davidasinclair,,,https://evidence.eventdata.crossref.org/evidence/20200126-twitter-8558988c-f7da-4c4e-ad85-7f91708b84,add,twitter://status?id=1221330976992825344,twitter://status?id=1221137615002443776,1221330976992825344,Tweet 1221330976992825344,2020-01-26 07:16:10,https://doi.org/10.1016/s0092-8674(00)80493-6,https://www.sciencedirect.com/science/article/pii/S0092867400804936,
12863,twitter,twitter://status?id=1221376550081310720,https://doi.org/10.1016/s0092-8674(00)80493-6,7af623ee-2810-4163-b0e6-8e9aaba053e9,2020-01-26 10:17:16,2020-01-26 05:20:42,discusses,45a1ef76-4f43-4cdc-9ba8-5a6ad01cc231,https://creativecommons.org/publicdomain/zero/1.0/,https://doi.org/10.13003/CED-terms-of-use,twitter://user?screen_name=jagfan111,twitter://user?screen_name=davidasinclair,,,https://evidence.eventdata.crossref.org/evidence/20200126-twitter-44e900c2-9623-41f7-88ec-084f15030a,add,twitter://status?id=1221376550081310720,twitter://status?id=1221137615002443776,1221376550081310720,Tweet 1221376550081310720,2020-01-26 10:17:16,https://doi.org/10.1016/s0092-8674(00)80493-6,https://www.sciencedirect.com/science/article/pii/S0092867400804936,
12864,twitter,twitter://status?id=1221378864301125632,https://doi.org/10.1016/s0092-8674(00)80493-6,4bb89365-90f9-468f-bfd2-aab767a5acfc,2020-01-26 10:26:28,2020-01-26 05:35:28,discusses,45a1ef76-4f43-4cdc-9ba8-5a6ad01cc231,https://creativecommons.org/publicdomain/zero/1.0/,https://doi.org/10.13003/CED-terms-of-use,twitter://user?screen_name=Hapivit,,,,https://evidence.eventdata.crossref.org/evidence/20200126-twitter-fe49535f-ceaa-4e28-8eb9-1fe1d0f7f5,add,twitter://status?id=1221378864301125632,twitter://status?id=1221378864301125632,1221378864301125632,Tweet 1221378864301125632,2020-01-26 10:26:28,https://doi.org/10.1016/s0092-8674(00)80493-6,https://www.sciencedirect.com/science/article/pii/S0092867400804936,
12865,twitter,twitter://status?id=1221521888649891843,https://doi.org/10.1016/s0092-8674(00)80493-6,25079904-9448-423e-ab00-514dca1f1322,2020-01-26 19:54:47,2020-01-26 15:35:29,discusses,45a1ef76-4f43-4cdc-9ba8-5a6ad01cc231,https://creativecommons.org/publicdomain/zero/1.0/,https://doi.org/10.13003/CED-terms-of-use,twitter://user?screen_name=jamesBo74099976,twitter://user?screen_name=davidasinclair,,,https://evidence.eventdata.crossref.org/evidence/20200126-twitter-98119f3c-38a4-483c-a792-6b98283191,add,twitter://status?id=1221521888649891843,twitter://status?id=1221137615002443776,1221521888649891843,Tweet 1221521888649891843,2020-01-26 19:54:47,https://doi.org/10.1016/s0092-8674(00)80493-6,https://www.sciencedirect.com/science/article/pii/S0092867400804936,
12866,twitter,twitter://status?id=1221758391749697537,https://doi.org/10.1016/s0092-8674(00)80493-6,af089642-467b-4b5f-9047-5121ae600911,2020-01-27 11:34:34,2020-01-27 06:38:00,discusses,45a1ef76-4f43-4cdc-9ba8-5a6ad01cc231,https://creativecommons.org/publicdomain/zero/1.0/,https://doi.org/10.13003/CED-terms-of-use,twitter://user?screen_name=RealPhoenixLab,twitter://user?screen_name=davidasinclair,,,https://evidence.eventdata.crossref.org/evidence/20200127-twitter-f83954e4-60d8-430c-bc7f-218dbfde2c,add,twitter://status?id=1221758391749697537,twitter://status?id=1221137615002443776,1221758391749697537,Tweet 1221758391749697537,2020-01-27 11:34:34,https://doi.org/10.1016/s0092-8674(00)80493-6,https://www.sciencedirect.com/science/article/pii/S0092867400804936,
12867,twitter,twitter://status?id=1222081283049672704,https://doi.org/10.1016/s0092-8674(00)80493-6,fc0f1ab4-af8e-4b84-8cce-b9f8ed370e9b,2020-01-28 08:57:37,2020-01-28 04:03:59,discusses,45a1ef76-4f43-4cdc-9ba8-5a6ad01cc231,https://creativecommons.org/publicdomain/zero/1.0/,https://doi.org/10.13003/CED-terms-of-use,twitter://user?screen_name=Biorealism,twitter://user?screen_name=davidasinclair,,,https://evidence.eventdata.crossref.org/evidence/20200128-twitter-638ae4c7-6ab6-4190-b7b1-7cb8395a1f,add,twitter://status?id=1222081283049672704,twitter://status?id=1221137615002443776,1222081283049672704,Tweet 1222081283049672704,2020-01-28 08:57:37,https://doi.org/10.1016/s0092-8674(00)80493-6,https://www.sciencedirect.com/science/article/pii/S0092867400804936,
