{
  "0":{
    "f1000Increment":2,
    "sourceID":"f1000",
    "objectID":"https:\/\/doi.org\/10.1001\/jama.280.23.1995",
    "subjectID":"https:\/\/doi.org\/10.3410\/f.717955924.793460845",
    "eventID":"d79aa28e-9c46-4b67-91ec-891b647f0478",
    "occurredAt":1347408000000,
    "timeObserved":1518008585000,
    "relationType":"reviews",
    "sourceToken":"85dce7cf-7bbf-40c0-a983-739a784db09a",
    "license":"https:\/\/creativecommons.org\/publicdomain\/zero\/1.0\/",
    "termsOfUse":"https:\/\/doi.org\/10.13003\/CED-terms-of-use",
    "evidenceRecord":"https:\/\/evidence.eventdata.crossref.org\/evidence\/20180207-f1000-c1ed9457-cfac-4e1b-b59c-17ea8f0b4d70",
    "eventAction":"add",
    "subjectPID":"https:\/\/doi.org\/10.3410\/f.717955924.793460845",
    "subjectURL":"https:\/\/doi.org\/10.3410\/f.717955924.793460845",
    "alternativeID":"793460845",
    "workTypeID":"review",
    "objectPID":"https:\/\/doi.org\/10.1001\/jama.280.23.1995",
    "objectURL":"https:\/\/doi.org\/10.1001\/jama.280.23.1995"
  }
}