{
  "0":{
    "wikipediaIncrement":4450,
    "sourceID":"wikipedia",
    "objectID":"https:\/\/doi.org\/10.1001\/jama.280.23.1995",
    "subjectID":"https:\/\/de.wikipedia.org\/wiki\/Biofeedback",
    "eventID":"35e5adf1-d196-4aca-808b-d91cd54c8e0c",
    "occurredAt":1493198329000,
    "timeObserved":1493183975000,
    "relationType":"references",
    "sourceToken":"36c35e23-8757-4a9d-aacf-345e9b7eb50d",
    "license":"https:\/\/creativecommons.org\/publicdomain\/zero\/1.0\/",
    "termsOfUse":"https:\/\/doi.org\/10.13003\/CED-terms-of-use",
    "updatedDate":1517419800000,
    "updatedReason":"https:\/\/evidence.eventdata.crossref.org\/announcements\/2018-01-19T00-00-00Z-ED-15.json",
    "evidenceRecord":"https:\/\/evidence.eventdata.crossref.org\/evidence\/20170426-wikipedia-b103f591-f066-4fab-a16b-932a78a7d765",
    "eventAction":"add",
    "subjectPID":"https:\/\/de.wikipedia.org\/wiki\/Biofeedback",
    "subjectTitle":"Biofeedback",
    "subjectURL":"https:\/\/de.wikipedia.org\/w\/index.php?title=Biofeedback&oldid=164928638",
    "subjectAPIURL":"https:\/\/de.wikipedia.org\/api\/rest_v1\/page\/html\/Biofeedback\/164928638",
    "objectPID":"https:\/\/doi.org\/10.1001\/jama.280.23.1995",
    "objectURL":"https:\/\/doi.org\/10.1001\/jama.280.23.1995"
  },
  "1":{
    "wikipediaIncrement":4451,
    "sourceID":"wikipedia",
    "objectID":"https:\/\/doi.org\/10.1001\/jama.280.23.1995",
    "subjectID":"https:\/\/de.wikipedia.org\/api\/rest_v1\/page\/html\/Biofeedback\/177216963",
    "eventID":"db5e9f67-0d4e-46c8-9893-f19bfe405290",
    "occurredAt":1525678609000,
    "timeObserved":1525664321000,
    "relationType":"references",
    "sourceToken":"36c35e23-8757-4a9d-aacf-345e9b7eb50d",
    "license":"https:\/\/creativecommons.org\/publicdomain\/zero\/1.0\/",
    "termsOfUse":"https:\/\/doi.org\/10.13003\/CED-terms-of-use",
    "updatedDate":null,
    "updatedReason":null,
    "evidenceRecord":"https:\/\/evidence.eventdata.crossref.org\/evidence\/20180507-wikipedia-9690127a-3486-4a59-a853-0e1bfd941110",
    "eventAction":"add",
    "subjectPID":"https:\/\/de.wikipedia.org\/wiki\/Biofeedback",
    "subjectTitle":"Biofeedback",
    "subjectURL":"https:\/\/de.wikipedia.org\/w\/index.php?title=Biofeedback&oldid=177216963",
    "subjectAPIURL":"https:\/\/de.wikipedia.org\/api\/rest_v1\/page\/html\/Biofeedback\/177216963",
    "objectPID":"https:\/\/doi.org\/10.1001\/jama.280.23.1995",
    "objectURL":"https:\/\/doi.org\/10.1001\/jama.280.23.1995"
  },
  "2":{
    "wikipediaIncrement":4452,
    "sourceID":"wikipedia",
    "objectID":"https:\/\/doi.org\/10.1001\/jama.280.23.1995",
    "subjectID":"https:\/\/de.wikipedia.org\/api\/rest_v1\/page\/html\/Biofeedback\/177851255",
    "eventID":"30e02a0a-1732-4053-9141-fdfc27767aec",
    "occurredAt":1527600152000,
    "timeObserved":1527585833000,
    "relationType":"references",
    "sourceToken":"36c35e23-8757-4a9d-aacf-345e9b7eb50d",
    "license":"https:\/\/creativecommons.org\/publicdomain\/zero\/1.0\/",
    "termsOfUse":"https:\/\/doi.org\/10.13003\/CED-terms-of-use",
    "updatedDate":null,
    "updatedReason":null,
    "evidenceRecord":"https:\/\/evidence.eventdata.crossref.org\/evidence\/20180529-wikipedia-d50a9e9f-abf6-471d-8603-2956660a1ddc",
    "eventAction":"add",
    "subjectPID":"https:\/\/de.wikipedia.org\/wiki\/Biofeedback",
    "subjectTitle":"Biofeedback",
    "subjectURL":"https:\/\/de.wikipedia.org\/w\/index.php?title=Biofeedback&oldid=177851255",
    "subjectAPIURL":"https:\/\/de.wikipedia.org\/api\/rest_v1\/page\/html\/Biofeedback\/177851255",
    "objectPID":"https:\/\/doi.org\/10.1001\/jama.280.23.1995",
    "objectURL":"https:\/\/doi.org\/10.1001\/jama.280.23.1995"
  },
  "3":{
    "wikipediaIncrement":4453,
    "sourceID":"wikipedia",
    "objectID":"https:\/\/doi.org\/10.1001\/jama.280.23.1995",
    "subjectID":"https:\/\/de.wikipedia.org\/api\/rest_v1\/page\/html\/Biofeedback\/178050667",
    "eventID":"6af492c8-57bd-41f3-b766-2e62fb2dc3d5",
    "occurredAt":1528190905000,
    "timeObserved":1528176598000,
    "relationType":"references",
    "sourceToken":"36c35e23-8757-4a9d-aacf-345e9b7eb50d",
    "license":"https:\/\/creativecommons.org\/publicdomain\/zero\/1.0\/",
    "termsOfUse":"https:\/\/doi.org\/10.13003\/CED-terms-of-use",
    "updatedDate":null,
    "updatedReason":null,
    "evidenceRecord":"https:\/\/evidence.eventdata.crossref.org\/evidence\/20180605-wikipedia-23ffda76-1747-4424-bf17-555c50c66e3b",
    "eventAction":"add",
    "subjectPID":"https:\/\/de.wikipedia.org\/wiki\/Biofeedback",
    "subjectTitle":"Biofeedback",
    "subjectURL":"https:\/\/de.wikipedia.org\/w\/index.php?title=Biofeedback&oldid=178050667",
    "subjectAPIURL":"https:\/\/de.wikipedia.org\/api\/rest_v1\/page\/html\/Biofeedback\/178050667",
    "objectPID":"https:\/\/doi.org\/10.1001\/jama.280.23.1995",
    "objectURL":"https:\/\/doi.org\/10.1001\/jama.280.23.1995"
  },
  "4":{
    "wikipediaIncrement":4454,
    "sourceID":"wikipedia",
    "objectID":"https:\/\/doi.org\/10.1001\/jama.280.23.1995",
    "subjectID":"https:\/\/de.wikipedia.org\/api\/rest_v1\/page\/html\/Biofeedback\/178054892",
    "eventID":"50c80f36-f7f7-48f1-84e0-435a0ea0dded",
    "occurredAt":1528201347000,
    "timeObserved":1528187064000,
    "relationType":"references",
    "sourceToken":"36c35e23-8757-4a9d-aacf-345e9b7eb50d",
    "license":"https:\/\/creativecommons.org\/publicdomain\/zero\/1.0\/",
    "termsOfUse":"https:\/\/doi.org\/10.13003\/CED-terms-of-use",
    "updatedDate":null,
    "updatedReason":null,
    "evidenceRecord":"https:\/\/evidence.eventdata.crossref.org\/evidence\/20180605-wikipedia-0303bd80-68e3-4b9b-922c-c6d62278b10f",
    "eventAction":"add",
    "subjectPID":"https:\/\/de.wikipedia.org\/wiki\/Biofeedback",
    "subjectTitle":"Biofeedback",
    "subjectURL":"https:\/\/de.wikipedia.org\/w\/index.php?title=Biofeedback&oldid=178054892",
    "subjectAPIURL":"https:\/\/de.wikipedia.org\/api\/rest_v1\/page\/html\/Biofeedback\/178054892",
    "objectPID":"https:\/\/doi.org\/10.1001\/jama.280.23.1995",
    "objectURL":"https:\/\/doi.org\/10.1001\/jama.280.23.1995"
  },
  "5":{
    "wikipediaIncrement":4455,
    "sourceID":"wikipedia",
    "objectID":"https:\/\/doi.org\/10.1001\/jama.280.23.1995",
    "subjectID":"https:\/\/de.wikipedia.org\/api\/rest_v1\/page\/html\/Biofeedback\/178055017",
    "eventID":"04be3f13-26ab-4b5b-9340-8effdc3fa2f9",
    "occurredAt":1528201727000,
    "timeObserved":1528187435000,
    "relationType":"references",
    "sourceToken":"36c35e23-8757-4a9d-aacf-345e9b7eb50d",
    "license":"https:\/\/creativecommons.org\/publicdomain\/zero\/1.0\/",
    "termsOfUse":"https:\/\/doi.org\/10.13003\/CED-terms-of-use",
    "updatedDate":null,
    "updatedReason":null,
    "evidenceRecord":"https:\/\/evidence.eventdata.crossref.org\/evidence\/20180605-wikipedia-9d95be53-87d3-415a-bfe2-f2161ebb3e05",
    "eventAction":"add",
    "subjectPID":"https:\/\/de.wikipedia.org\/wiki\/Biofeedback",
    "subjectTitle":"Biofeedback",
    "subjectURL":"https:\/\/de.wikipedia.org\/w\/index.php?title=Biofeedback&oldid=178055017",
    "subjectAPIURL":"https:\/\/de.wikipedia.org\/api\/rest_v1\/page\/html\/Biofeedback\/178055017",
    "objectPID":"https:\/\/doi.org\/10.1001\/jama.280.23.1995",
    "objectURL":"https:\/\/doi.org\/10.1001\/jama.280.23.1995"
  },
  "6":{
    "wikipediaIncrement":4456,
    "sourceID":"wikipedia",
    "objectID":"https:\/\/doi.org\/10.1001\/jama.280.23.1995",
    "subjectID":"https:\/\/sr.wikipedia.org\/api\/rest_v1\/page\/html\/Urinarna_inkontinencija\/20888413",
    "eventID":"231ff546-fd4f-42b6-a0ad-5fc347b519d1",
    "occurredAt":1537424098000,
    "timeObserved":1537602261000,
    "relationType":"references",
    "sourceToken":"36c35e23-8757-4a9d-aacf-345e9b7eb50d",
    "license":"https:\/\/creativecommons.org\/publicdomain\/zero\/1.0\/",
    "termsOfUse":"https:\/\/doi.org\/10.13003\/CED-terms-of-use",
    "updatedDate":null,
    "updatedReason":null,
    "evidenceRecord":"https:\/\/evidence.eventdata.crossref.org\/evidence\/20180920-wikipedia-5490fbc3-4453-4df2-b7ff-46da65f9aa1d",
    "eventAction":"add",
    "subjectPID":"https:\/\/sr.wikipedia.org\/wiki\/Urinarna_inkontinencija",
    "subjectTitle":"Urinarna inkontinencija",
    "subjectURL":"https:\/\/sr.wikipedia.org\/w\/index.php?title=Urinarna_inkontinencija&oldid=20888413",
    "subjectAPIURL":"https:\/\/sr.wikipedia.org\/api\/rest_v1\/page\/html\/Urinarna_inkontinencija\/20888413",
    "objectPID":"https:\/\/doi.org\/10.1001\/jama.280.23.1995",
    "objectURL":"https:\/\/jamanetwork.com\/journals\/jama\/fullarticle\/188273"
  },
  "7":{
    "wikipediaIncrement":4457,
    "sourceID":"wikipedia",
    "objectID":"https:\/\/doi.org\/10.1001\/jama.280.23.1995",
    "subjectID":"https:\/\/de.wikipedia.org\/api\/rest_v1\/page\/html\/Biofeedback\/181880121",
    "eventID":"1a8ab9c3-f5ab-494a-9967-4ebd84f347eb",
    "occurredAt":1539784283000,
    "timeObserved":1539770206000,
    "relationType":"references",
    "sourceToken":"36c35e23-8757-4a9d-aacf-345e9b7eb50d",
    "license":"https:\/\/creativecommons.org\/publicdomain\/zero\/1.0\/",
    "termsOfUse":"https:\/\/doi.org\/10.13003\/CED-terms-of-use",
    "updatedDate":null,
    "updatedReason":null,
    "evidenceRecord":"https:\/\/evidence.eventdata.crossref.org\/evidence\/20181017-wikipedia-09ca47a6-0370-47ac-9520-2bf65711a6f3",
    "eventAction":"add",
    "subjectPID":"https:\/\/de.wikipedia.org\/wiki\/Biofeedback",
    "subjectTitle":"Biofeedback",
    "subjectURL":"https:\/\/de.wikipedia.org\/w\/index.php?title=Biofeedback&oldid=181880121",
    "subjectAPIURL":"https:\/\/de.wikipedia.org\/api\/rest_v1\/page\/html\/Biofeedback\/181880121",
    "objectPID":"https:\/\/doi.org\/10.1001\/jama.280.23.1995",
    "objectURL":"https:\/\/doi.org\/10.1001\/jama.280.23.1995"
  },
  "8":{
    "wikipediaIncrement":4458,
    "sourceID":"wikipedia",
    "objectID":"https:\/\/doi.org\/10.1001\/jama.280.23.1995",
    "subjectID":"https:\/\/de.wikipedia.org\/api\/rest_v1\/page\/html\/Biofeedback\/181897081",
    "eventID":"8e2fc738-4c94-4b6b-a43c-e98c18647f48",
    "occurredAt":1539837860000,
    "timeObserved":1539823786000,
    "relationType":"references",
    "sourceToken":"36c35e23-8757-4a9d-aacf-345e9b7eb50d",
    "license":"https:\/\/creativecommons.org\/publicdomain\/zero\/1.0\/",
    "termsOfUse":"https:\/\/doi.org\/10.13003\/CED-terms-of-use",
    "updatedDate":null,
    "updatedReason":null,
    "evidenceRecord":"https:\/\/evidence.eventdata.crossref.org\/evidence\/20181018-wikipedia-59b9a4ac-e0e9-42dc-823f-ab8dc0e00e58",
    "eventAction":"add",
    "subjectPID":"https:\/\/de.wikipedia.org\/wiki\/Biofeedback",
    "subjectTitle":"Biofeedback",
    "subjectURL":"https:\/\/de.wikipedia.org\/w\/index.php?title=Biofeedback&oldid=181897081",
    "subjectAPIURL":"https:\/\/de.wikipedia.org\/api\/rest_v1\/page\/html\/Biofeedback\/181897081",
    "objectPID":"https:\/\/doi.org\/10.1001\/jama.280.23.1995",
    "objectURL":"https:\/\/doi.org\/10.1001\/jama.280.23.1995"
  },
  "9":{
    "wikipediaIncrement":4459,
    "sourceID":"wikipedia",
    "objectID":"https:\/\/doi.org\/10.1001\/jama.280.23.1995",
    "subjectID":"https:\/\/de.wikipedia.org\/api\/rest_v1\/page\/html\/Biofeedback\/182035829",
    "eventID":"0c253fd0-6727-40cb-ba33-4581c8117542",
    "occurredAt":1540226354000,
    "timeObserved":1540212360000,
    "relationType":"references",
    "sourceToken":"36c35e23-8757-4a9d-aacf-345e9b7eb50d",
    "license":"https:\/\/creativecommons.org\/publicdomain\/zero\/1.0\/",
    "termsOfUse":"https:\/\/doi.org\/10.13003\/CED-terms-of-use",
    "updatedDate":null,
    "updatedReason":null,
    "evidenceRecord":"https:\/\/evidence.eventdata.crossref.org\/evidence\/20181022-wikipedia-7b1fdb60-dac4-4724-a37c-c3b7ba0df508",
    "eventAction":"add",
    "subjectPID":"https:\/\/de.wikipedia.org\/wiki\/Biofeedback",
    "subjectTitle":"Biofeedback",
    "subjectURL":"https:\/\/de.wikipedia.org\/w\/index.php?title=Biofeedback&oldid=182035829",
    "subjectAPIURL":"https:\/\/de.wikipedia.org\/api\/rest_v1\/page\/html\/Biofeedback\/182035829",
    "objectPID":"https:\/\/doi.org\/10.1001\/jama.280.23.1995",
    "objectURL":"https:\/\/doi.org\/10.1001\/jama.280.23.1995"
  },
  "10":{
    "wikipediaIncrement":4460,
    "sourceID":"wikipedia",
    "objectID":"https:\/\/doi.org\/10.1001\/jama.280.23.1995",
    "subjectID":"https:\/\/de.wikipedia.org\/api\/rest_v1\/page\/html\/Biofeedback\/182267739",
    "eventID":"6770ae9e-27ff-46d7-8985-79ad886bf6f8",
    "occurredAt":1540833869000,
    "timeObserved":1540819658000,
    "relationType":"references",
    "sourceToken":"36c35e23-8757-4a9d-aacf-345e9b7eb50d",
    "license":"https:\/\/creativecommons.org\/publicdomain\/zero\/1.0\/",
    "termsOfUse":"https:\/\/doi.org\/10.13003\/CED-terms-of-use",
    "updatedDate":null,
    "updatedReason":null,
    "evidenceRecord":"https:\/\/evidence.eventdata.crossref.org\/evidence\/20181029-wikipedia-5a73f50b-0f23-47b4-b088-4f5d728b0a14",
    "eventAction":"add",
    "subjectPID":"https:\/\/de.wikipedia.org\/wiki\/Biofeedback",
    "subjectTitle":"Biofeedback",
    "subjectURL":"https:\/\/de.wikipedia.org\/w\/index.php?title=Biofeedback&oldid=182267739",
    "subjectAPIURL":"https:\/\/de.wikipedia.org\/api\/rest_v1\/page\/html\/Biofeedback\/182267739",
    "objectPID":"https:\/\/doi.org\/10.1001\/jama.280.23.1995",
    "objectURL":"https:\/\/doi.org\/10.1001\/jama.280.23.1995"
  },
  "11":{
    "wikipediaIncrement":4461,
    "sourceID":"wikipedia",
    "objectID":"https:\/\/doi.org\/10.1001\/jama.280.23.1995",
    "subjectID":"https:\/\/de.wikipedia.org\/api\/rest_v1\/page\/html\/Biofeedback\/183498017",
    "eventID":"8a8e3e60-864a-4a22-8a44-39d066addbc7",
    "occurredAt":1544220783000,
    "timeObserved":1544202948000,
    "relationType":"references",
    "sourceToken":"36c35e23-8757-4a9d-aacf-345e9b7eb50d",
    "license":"https:\/\/creativecommons.org\/publicdomain\/zero\/1.0\/",
    "termsOfUse":"https:\/\/doi.org\/10.13003\/CED-terms-of-use",
    "updatedDate":null,
    "updatedReason":null,
    "evidenceRecord":"https:\/\/evidence.eventdata.crossref.org\/evidence\/20181207-wikipedia-b226d6f4-7d23-48de-a386-f0d9006e3d15",
    "eventAction":"add",
    "subjectPID":"https:\/\/de.wikipedia.org\/wiki\/Biofeedback",
    "subjectTitle":"Biofeedback",
    "subjectURL":"https:\/\/de.wikipedia.org\/w\/index.php?title=Biofeedback&oldid=183498017",
    "subjectAPIURL":"https:\/\/de.wikipedia.org\/api\/rest_v1\/page\/html\/Biofeedback\/183498017",
    "objectPID":"https:\/\/doi.org\/10.1001\/jama.280.23.1995",
    "objectURL":"https:\/\/doi.org\/10.1001\/jama.280.23.1995"
  },
  "12":{
    "wikipediaIncrement":4462,
    "sourceID":"wikipedia",
    "objectID":"https:\/\/doi.org\/10.1001\/jama.280.23.1995",
    "subjectID":"https:\/\/de.wikipedia.org\/api\/rest_v1\/page\/html\/Biofeedback\/184987417",
    "eventID":"cde32e8c-7d1d-4272-a6d8-5c6d21e26cd8",
    "occurredAt":1548224043000,
    "timeObserved":1548206125000,
    "relationType":"references",
    "sourceToken":"36c35e23-8757-4a9d-aacf-345e9b7eb50d",
    "license":"https:\/\/creativecommons.org\/publicdomain\/zero\/1.0\/",
    "termsOfUse":"https:\/\/doi.org\/10.13003\/CED-terms-of-use",
    "updatedDate":null,
    "updatedReason":null,
    "evidenceRecord":"https:\/\/evidence.eventdata.crossref.org\/evidence\/20190123-wikipedia-8b5efae6-cb4b-43ba-bace-ebd0a7bc8a36",
    "eventAction":"add",
    "subjectPID":"https:\/\/de.wikipedia.org\/wiki\/Biofeedback",
    "subjectTitle":"Biofeedback",
    "subjectURL":"https:\/\/de.wikipedia.org\/w\/index.php?title=Biofeedback&oldid=184987417",
    "subjectAPIURL":"https:\/\/de.wikipedia.org\/api\/rest_v1\/page\/html\/Biofeedback\/184987417",
    "objectPID":"https:\/\/doi.org\/10.1001\/jama.280.23.1995",
    "objectURL":"https:\/\/doi.org\/10.1001\/jama.280.23.1995"
  },
  "13":{
    "wikipediaIncrement":4463,
    "sourceID":"wikipedia",
    "objectID":"https:\/\/doi.org\/10.1001\/jama.280.23.1995",
    "subjectID":"https:\/\/de.wikipedia.org\/api\/rest_v1\/page\/html\/Biofeedback\/187171049",
    "eventID":"1e21a18a-ac92-4e55-b33b-fa5ec8ebb33a",
    "occurredAt":1554236344000,
    "timeObserved":1554222329000,
    "relationType":"references",
    "sourceToken":"36c35e23-8757-4a9d-aacf-345e9b7eb50d",
    "license":"https:\/\/creativecommons.org\/publicdomain\/zero\/1.0\/",
    "termsOfUse":"https:\/\/doi.org\/10.13003\/CED-terms-of-use",
    "updatedDate":null,
    "updatedReason":null,
    "evidenceRecord":"https:\/\/evidence.eventdata.crossref.org\/evidence\/20190402-wikipedia-f4c292aa-61a9-4c98-a7ca-083f49dc0d72",
    "eventAction":"add",
    "subjectPID":"https:\/\/de.wikipedia.org\/wiki\/Biofeedback",
    "subjectTitle":"Biofeedback",
    "subjectURL":"https:\/\/de.wikipedia.org\/w\/index.php?title=Biofeedback&oldid=187171049",
    "subjectAPIURL":"https:\/\/de.wikipedia.org\/api\/rest_v1\/page\/html\/Biofeedback\/187171049",
    "objectPID":"https:\/\/doi.org\/10.1001\/jama.280.23.1995",
    "objectURL":"https:\/\/doi.org\/10.1001\/jama.280.23.1995"
  },
  "14":{
    "wikipediaIncrement":4464,
    "sourceID":"wikipedia",
    "objectID":"https:\/\/doi.org\/10.1001\/jama.280.23.1995",
    "subjectID":"https:\/\/sr.wikipedia.org\/api\/rest_v1\/page\/html\/Urinarna_inkontinencija\/21865874",
    "eventID":"c0b4b57d-6597-4f32-a66f-a6e58cb46383",
    "occurredAt":1557303237000,
    "timeObserved":1557289101000,
    "relationType":"references",
    "sourceToken":"36c35e23-8757-4a9d-aacf-345e9b7eb50d",
    "license":"https:\/\/creativecommons.org\/publicdomain\/zero\/1.0\/",
    "termsOfUse":"https:\/\/doi.org\/10.13003\/CED-terms-of-use",
    "updatedDate":null,
    "updatedReason":null,
    "evidenceRecord":"https:\/\/evidence.eventdata.crossref.org\/evidence\/20190508-wikipedia-3e92298c-0e3c-4107-95d2-915a8d325436",
    "eventAction":"add",
    "subjectPID":"https:\/\/sr.wikipedia.org\/wiki\/Urinarna_inkontinencija",
    "subjectTitle":"Urinarna inkontinencija",
    "subjectURL":"https:\/\/sr.wikipedia.org\/w\/index.php?title=Urinarna_inkontinencija&oldid=21865874",
    "subjectAPIURL":"https:\/\/sr.wikipedia.org\/api\/rest_v1\/page\/html\/Urinarna_inkontinencija\/21865874",
    "objectPID":"https:\/\/doi.org\/10.1001\/jama.280.23.1995",
    "objectURL":"https:\/\/jamanetwork.com\/journals\/jama\/fullarticle\/188273"
  },
  "15":{
    "wikipediaIncrement":4465,
    "sourceID":"wikipedia",
    "objectID":"https:\/\/doi.org\/10.1001\/jama.280.23.1995",
    "subjectID":"https:\/\/sr.wikipedia.org\/api\/rest_v1\/page\/html\/Urinarna_inkontinencija\/21865878",
    "eventID":"c6be7c10-1944-4af6-b0f4-03182d7b6d78",
    "occurredAt":1557303431000,
    "timeObserved":1557289436000,
    "relationType":"references",
    "sourceToken":"36c35e23-8757-4a9d-aacf-345e9b7eb50d",
    "license":"https:\/\/creativecommons.org\/publicdomain\/zero\/1.0\/",
    "termsOfUse":"https:\/\/doi.org\/10.13003\/CED-terms-of-use",
    "updatedDate":null,
    "updatedReason":null,
    "evidenceRecord":"https:\/\/evidence.eventdata.crossref.org\/evidence\/20190508-wikipedia-93fbbdbb-8166-4f4f-9a3b-707ddf73f7c1",
    "eventAction":"add",
    "subjectPID":"https:\/\/sr.wikipedia.org\/wiki\/Urinarna_inkontinencija",
    "subjectTitle":"Urinarna inkontinencija",
    "subjectURL":"https:\/\/sr.wikipedia.org\/w\/index.php?title=Urinarna_inkontinencija&oldid=21865878",
    "subjectAPIURL":"https:\/\/sr.wikipedia.org\/api\/rest_v1\/page\/html\/Urinarna_inkontinencija\/21865878",
    "objectPID":"https:\/\/doi.org\/10.1001\/jama.280.23.1995",
    "objectURL":"https:\/\/jamanetwork.com\/journals\/jama\/fullarticle\/188273"
  },
  "16":{
    "wikipediaIncrement":4466,
    "sourceID":"wikipedia",
    "objectID":"https:\/\/doi.org\/10.1001\/jama.280.23.1995",
    "subjectID":"https:\/\/sr.wikipedia.org\/api\/rest_v1\/page\/html\/Urinarna_inkontinencija\/21865876",
    "eventID":"2150fcd2-a2d0-451a-a618-a2a427e910aa",
    "occurredAt":1557303364000,
    "timeObserved":1557289604000,
    "relationType":"references",
    "sourceToken":"36c35e23-8757-4a9d-aacf-345e9b7eb50d",
    "license":"https:\/\/creativecommons.org\/publicdomain\/zero\/1.0\/",
    "termsOfUse":"https:\/\/doi.org\/10.13003\/CED-terms-of-use",
    "updatedDate":null,
    "updatedReason":null,
    "evidenceRecord":"https:\/\/evidence.eventdata.crossref.org\/evidence\/20190508-wikipedia-acec37be-8f3c-4531-a850-94e4d9938fba",
    "eventAction":"add",
    "subjectPID":"https:\/\/sr.wikipedia.org\/wiki\/Urinarna_inkontinencija",
    "subjectTitle":"Urinarna inkontinencija",
    "subjectURL":"https:\/\/sr.wikipedia.org\/w\/index.php?title=Urinarna_inkontinencija&oldid=21865876",
    "subjectAPIURL":"https:\/\/sr.wikipedia.org\/api\/rest_v1\/page\/html\/Urinarna_inkontinencija\/21865876",
    "objectPID":"https:\/\/doi.org\/10.1001\/jama.280.23.1995",
    "objectURL":"https:\/\/jamanetwork.com\/journals\/jama\/fullarticle\/188273"
  },
  "17":{
    "wikipediaIncrement":4467,
    "sourceID":"wikipedia",
    "objectID":"https:\/\/doi.org\/10.1001\/jama.280.23.1995",
    "subjectID":"https:\/\/de.wikipedia.org\/api\/rest_v1\/page\/html\/Biofeedback\/191616685",
    "eventID":"c0ee1f1b-3aca-441a-9fe4-176c007c9c02",
    "occurredAt":1566589028000,
    "timeObserved":1566575328000,
    "relationType":"references",
    "sourceToken":"36c35e23-8757-4a9d-aacf-345e9b7eb50d",
    "license":"https:\/\/creativecommons.org\/publicdomain\/zero\/1.0\/",
    "termsOfUse":"https:\/\/doi.org\/10.13003\/CED-terms-of-use",
    "updatedDate":null,
    "updatedReason":null,
    "evidenceRecord":"https:\/\/evidence.eventdata.crossref.org\/evidence\/20190823-wikipedia-260b926b-cefc-4313-87a1-c1a194c72299",
    "eventAction":"add",
    "subjectPID":"https:\/\/de.wikipedia.org\/wiki\/Biofeedback",
    "subjectTitle":"Biofeedback",
    "subjectURL":"https:\/\/de.wikipedia.org\/w\/index.php?title=Biofeedback&oldid=191616685",
    "subjectAPIURL":"https:\/\/de.wikipedia.org\/api\/rest_v1\/page\/html\/Biofeedback\/191616685",
    "objectPID":"https:\/\/doi.org\/10.1001\/jama.280.23.1995",
    "objectURL":"https:\/\/doi.org\/10.1001\/jama.280.23.1995"
  },
  "18":{
    "wikipediaIncrement":4468,
    "sourceID":"wikipedia",
    "objectID":"https:\/\/doi.org\/10.1001\/jama.280.23.1995",
    "subjectID":"https:\/\/de.wikipedia.org\/api\/rest_v1\/page\/html\/Biofeedback\/192072082",
    "eventID":"a49bd067-04cc-4ca6-91f7-5b74bc541c08",
    "occurredAt":1567925346000,
    "timeObserved":1567911279000,
    "relationType":"references",
    "sourceToken":"36c35e23-8757-4a9d-aacf-345e9b7eb50d",
    "license":"https:\/\/creativecommons.org\/publicdomain\/zero\/1.0\/",
    "termsOfUse":"https:\/\/doi.org\/10.13003\/CED-terms-of-use",
    "updatedDate":null,
    "updatedReason":null,
    "evidenceRecord":"https:\/\/evidence.eventdata.crossref.org\/evidence\/20190908-wikipedia-4b02f2a3-30c5-47ae-93ac-c1e22b198085",
    "eventAction":"add",
    "subjectPID":"https:\/\/de.wikipedia.org\/wiki\/Biofeedback",
    "subjectTitle":"Biofeedback",
    "subjectURL":"https:\/\/de.wikipedia.org\/w\/index.php?title=Biofeedback&oldid=192072082",
    "subjectAPIURL":"https:\/\/de.wikipedia.org\/api\/rest_v1\/page\/html\/Biofeedback\/192072082",
    "objectPID":"https:\/\/doi.org\/10.1001\/jama.280.23.1995",
    "objectURL":"https:\/\/doi.org\/10.1001\/jama.280.23.1995"
  },
  "19":{
    "wikipediaIncrement":4469,
    "sourceID":"wikipedia",
    "objectID":"https:\/\/doi.org\/10.1001\/jama.280.23.1995",
    "subjectID":"https:\/\/sr.wikipedia.org\/api\/rest_v1\/page\/html\/Urinarna_inkontinencija\/22740276",
    "eventID":"12578dc7-2d70-4715-8938-9b9ae1a3329d",
    "occurredAt":1577359259000,
    "timeObserved":1577341654000,
    "relationType":"references",
    "sourceToken":"36c35e23-8757-4a9d-aacf-345e9b7eb50d",
    "license":"https:\/\/creativecommons.org\/publicdomain\/zero\/1.0\/",
    "termsOfUse":"https:\/\/doi.org\/10.13003\/CED-terms-of-use",
    "updatedDate":null,
    "updatedReason":null,
    "evidenceRecord":"https:\/\/evidence.eventdata.crossref.org\/evidence\/20191226-wikipedia-522672ab-2e25-4daa-8b83-2fdb26330c52",
    "eventAction":"add",
    "subjectPID":"https:\/\/sr.wikipedia.org\/wiki\/Urinarna_inkontinencija",
    "subjectTitle":"Urinarna inkontinencija",
    "subjectURL":"https:\/\/sr.wikipedia.org\/w\/index.php?title=Urinarna_inkontinencija&oldid=22740276",
    "subjectAPIURL":"https:\/\/sr.wikipedia.org\/api\/rest_v1\/page\/html\/Urinarna_inkontinencija\/22740276",
    "objectPID":"https:\/\/doi.org\/10.1001\/jama.280.23.1995",
    "objectURL":"https:\/\/jamanetwork.com\/journals\/jama\/fullarticle\/188273"
  },
  "20":{
    "wikipediaIncrement":4470,
    "sourceID":"wikipedia",
    "objectID":"https:\/\/doi.org\/10.1001\/jama.280.23.1995",
    "subjectID":"https:\/\/de.wikipedia.org\/api\/rest_v1\/page\/html\/Biofeedback\/195660636",
    "eventID":"778b1203-3e97-41cc-b1f5-c94bbd7c74c8",
    "occurredAt":1578593706000,
    "timeObserved":1578576320000,
    "relationType":"references",
    "sourceToken":"36c35e23-8757-4a9d-aacf-345e9b7eb50d",
    "license":"https:\/\/creativecommons.org\/publicdomain\/zero\/1.0\/",
    "termsOfUse":"https:\/\/doi.org\/10.13003\/CED-terms-of-use",
    "updatedDate":null,
    "updatedReason":null,
    "evidenceRecord":"https:\/\/evidence.eventdata.crossref.org\/evidence\/20200109-wikipedia-9e005171-40aa-4849-af9f-733e72c48990",
    "eventAction":"add",
    "subjectPID":"https:\/\/de.wikipedia.org\/wiki\/Biofeedback",
    "subjectTitle":"Biofeedback",
    "subjectURL":"https:\/\/de.wikipedia.org\/w\/index.php?title=Biofeedback&oldid=195660636",
    "subjectAPIURL":"https:\/\/de.wikipedia.org\/api\/rest_v1\/page\/html\/Biofeedback\/195660636",
    "objectPID":"https:\/\/doi.org\/10.1001\/jama.280.23.1995",
    "objectURL":"https:\/\/doi.org\/10.1001\/jama.280.23.1995"
  },
  "21":{
    "wikipediaIncrement":4471,
    "sourceID":"wikipedia",
    "objectID":"https:\/\/doi.org\/10.1001\/jama.280.23.1995",
    "subjectID":"https:\/\/de.wikipedia.org\/api\/rest_v1\/page\/html\/Biofeedback\/195724758",
    "eventID":"1a844df1-8f35-44fa-aaed-f165375535c9",
    "occurredAt":1578791591000,
    "timeObserved":1578774047000,
    "relationType":"references",
    "sourceToken":"36c35e23-8757-4a9d-aacf-345e9b7eb50d",
    "license":"https:\/\/creativecommons.org\/publicdomain\/zero\/1.0\/",
    "termsOfUse":"https:\/\/doi.org\/10.13003\/CED-terms-of-use",
    "updatedDate":null,
    "updatedReason":null,
    "evidenceRecord":"https:\/\/evidence.eventdata.crossref.org\/evidence\/20200112-wikipedia-67e1911c-636f-4c5f-b385-5508810aa11a",
    "eventAction":"add",
    "subjectPID":"https:\/\/de.wikipedia.org\/wiki\/Biofeedback",
    "subjectTitle":"Biofeedback",
    "subjectURL":"https:\/\/de.wikipedia.org\/w\/index.php?title=Biofeedback&oldid=195724758",
    "subjectAPIURL":"https:\/\/de.wikipedia.org\/api\/rest_v1\/page\/html\/Biofeedback\/195724758",
    "objectPID":"https:\/\/doi.org\/10.1001\/jama.280.23.1995",
    "objectURL":"https:\/\/doi.org\/10.1001\/jama.280.23.1995"
  },
  "22":{
    "wikipediaIncrement":4472,
    "sourceID":"wikipedia",
    "objectID":"https:\/\/doi.org\/10.1001\/jama.280.23.1995",
    "subjectID":"https:\/\/de.wikipedia.org\/api\/rest_v1\/page\/html\/Biofeedback\/195767111",
    "eventID":"f85e4bfc-cb7f-4550-b2b9-12f52b49de78",
    "occurredAt":1578904803000,
    "timeObserved":1578887744000,
    "relationType":"references",
    "sourceToken":"36c35e23-8757-4a9d-aacf-345e9b7eb50d",
    "license":"https:\/\/creativecommons.org\/publicdomain\/zero\/1.0\/",
    "termsOfUse":"https:\/\/doi.org\/10.13003\/CED-terms-of-use",
    "updatedDate":null,
    "updatedReason":null,
    "evidenceRecord":"https:\/\/evidence.eventdata.crossref.org\/evidence\/20200113-wikipedia-f2b07b66-356a-4bb8-9858-0dac6c647d29",
    "eventAction":"add",
    "subjectPID":"https:\/\/de.wikipedia.org\/wiki\/Biofeedback",
    "subjectTitle":"Biofeedback",
    "subjectURL":"https:\/\/de.wikipedia.org\/w\/index.php?title=Biofeedback&oldid=195767111",
    "subjectAPIURL":"https:\/\/de.wikipedia.org\/api\/rest_v1\/page\/html\/Biofeedback\/195767111",
    "objectPID":"https:\/\/doi.org\/10.1001\/jama.280.23.1995",
    "objectURL":"https:\/\/doi.org\/10.1001\/jama.280.23.1995"
  },
  "23":{
    "wikipediaIncrement":4473,
    "sourceID":"wikipedia",
    "objectID":"https:\/\/doi.org\/10.1001\/jama.280.23.1995",
    "subjectID":"https:\/\/de.wikipedia.org\/api\/rest_v1\/page\/html\/Biofeedback\/195866946",
    "eventID":"50c329b9-0baf-4ab6-ba83-10216622c2ca",
    "occurredAt":1579109765000,
    "timeObserved":1579092549000,
    "relationType":"references",
    "sourceToken":"36c35e23-8757-4a9d-aacf-345e9b7eb50d",
    "license":"https:\/\/creativecommons.org\/publicdomain\/zero\/1.0\/",
    "termsOfUse":"https:\/\/doi.org\/10.13003\/CED-terms-of-use",
    "updatedDate":null,
    "updatedReason":null,
    "evidenceRecord":"https:\/\/evidence.eventdata.crossref.org\/evidence\/20200115-wikipedia-6f387e0f-28ea-456c-bc9d-40ccbdfade14",
    "eventAction":"add",
    "subjectPID":"https:\/\/de.wikipedia.org\/wiki\/Biofeedback",
    "subjectTitle":"Biofeedback",
    "subjectURL":"https:\/\/de.wikipedia.org\/w\/index.php?title=Biofeedback&oldid=195866946",
    "subjectAPIURL":"https:\/\/de.wikipedia.org\/api\/rest_v1\/page\/html\/Biofeedback\/195866946",
    "objectPID":"https:\/\/doi.org\/10.1001\/jama.280.23.1995",
    "objectURL":"https:\/\/doi.org\/10.1001\/jama.280.23.1995"
  },
  "24":{
    "wikipediaIncrement":4474,
    "sourceID":"wikipedia",
    "objectID":"https:\/\/doi.org\/10.1001\/jama.280.23.1995",
    "subjectID":"https:\/\/de.wikipedia.org\/api\/rest_v1\/page\/html\/Biofeedback\/196066429",
    "eventID":"56282a42-2b5a-4ff4-b701-f6fc6744f219",
    "occurredAt":1579699851000,
    "timeObserved":1579682303000,
    "relationType":"references",
    "sourceToken":"36c35e23-8757-4a9d-aacf-345e9b7eb50d",
    "license":"https:\/\/creativecommons.org\/publicdomain\/zero\/1.0\/",
    "termsOfUse":"https:\/\/doi.org\/10.13003\/CED-terms-of-use",
    "updatedDate":null,
    "updatedReason":null,
    "evidenceRecord":"https:\/\/evidence.eventdata.crossref.org\/evidence\/20200122-wikipedia-69a927bb-f826-4918-aa53-a6fd8c7bf652",
    "eventAction":"add",
    "subjectPID":"https:\/\/de.wikipedia.org\/wiki\/Biofeedback",
    "subjectTitle":"Biofeedback",
    "subjectURL":"https:\/\/de.wikipedia.org\/w\/index.php?title=Biofeedback&oldid=196066429",
    "subjectAPIURL":"https:\/\/de.wikipedia.org\/api\/rest_v1\/page\/html\/Biofeedback\/196066429",
    "objectPID":"https:\/\/doi.org\/10.1001\/jama.280.23.1995",
    "objectURL":"https:\/\/doi.org\/10.1001\/jama.280.23.1995"
  },
  "25":{
    "wikipediaIncrement":4475,
    "sourceID":"wikipedia",
    "objectID":"https:\/\/doi.org\/10.1001\/jama.280.23.1995",
    "subjectID":"https:\/\/sr.wikipedia.org\/api\/rest_v1\/page\/html\/Urinarna_inkontinencija\/22843404",
    "eventID":"1e7c62ff-5d8a-4fb4-a654-ca9b15a5f40d",
    "occurredAt":1579829159000,
    "timeObserved":1579811596000,
    "relationType":"references",
    "sourceToken":"36c35e23-8757-4a9d-aacf-345e9b7eb50d",
    "license":"https:\/\/creativecommons.org\/publicdomain\/zero\/1.0\/",
    "termsOfUse":"https:\/\/doi.org\/10.13003\/CED-terms-of-use",
    "updatedDate":null,
    "updatedReason":null,
    "evidenceRecord":"https:\/\/evidence.eventdata.crossref.org\/evidence\/20200124-wikipedia-a3f6a5cf-888f-487d-abc9-8c602bcf63f5",
    "eventAction":"add",
    "subjectPID":"https:\/\/sr.wikipedia.org\/wiki\/Urinarna_inkontinencija",
    "subjectTitle":"Urinarna inkontinencija",
    "subjectURL":"https:\/\/sr.wikipedia.org\/w\/index.php?title=Urinarna_inkontinencija&oldid=22843404",
    "subjectAPIURL":"https:\/\/sr.wikipedia.org\/api\/rest_v1\/page\/html\/Urinarna_inkontinencija\/22843404",
    "objectPID":"https:\/\/doi.org\/10.1001\/jama.280.23.1995",
    "objectURL":"https:\/\/jamanetwork.com\/journals\/jama\/fullarticle\/188273"
  },
  "26":{
    "wikipediaIncrement":4476,
    "sourceID":"wikipedia",
    "objectID":"https:\/\/doi.org\/10.1001\/jama.280.23.1995",
    "subjectID":"https:\/\/sr.wikipedia.org\/api\/rest_v1\/page\/html\/Urinarna_inkontinencija\/22843949",
    "eventID":"74427bc7-c197-4454-936d-642b2d1a5fbe",
    "occurredAt":1579852929000,
    "timeObserved":1579835198000,
    "relationType":"references",
    "sourceToken":"36c35e23-8757-4a9d-aacf-345e9b7eb50d",
    "license":"https:\/\/creativecommons.org\/publicdomain\/zero\/1.0\/",
    "termsOfUse":"https:\/\/doi.org\/10.13003\/CED-terms-of-use",
    "updatedDate":null,
    "updatedReason":null,
    "evidenceRecord":"https:\/\/evidence.eventdata.crossref.org\/evidence\/20200124-wikipedia-0656180e-7cd7-4632-a708-a9d1efa2676f",
    "eventAction":"add",
    "subjectPID":"https:\/\/sr.wikipedia.org\/wiki\/Urinarna_inkontinencija",
    "subjectTitle":"Urinarna inkontinencija",
    "subjectURL":"https:\/\/sr.wikipedia.org\/w\/index.php?title=Urinarna_inkontinencija&oldid=22843949",
    "subjectAPIURL":"https:\/\/sr.wikipedia.org\/api\/rest_v1\/page\/html\/Urinarna_inkontinencija\/22843949",
    "objectPID":"https:\/\/doi.org\/10.1001\/jama.280.23.1995",
    "objectURL":"https:\/\/jamanetwork.com\/journals\/jama\/fullarticle\/188273"
  },
  "27":{
    "wikipediaIncrement":4477,
    "sourceID":"wikipedia",
    "objectID":"https:\/\/doi.org\/10.1001\/jama.280.23.1995",
    "subjectID":"https:\/\/sr.wikipedia.org\/api\/rest_v1\/page\/html\/Urinarna_inkontinencija\/22843951",
    "eventID":"fe84da9d-4e36-4853-9840-604a4a074366",
    "occurredAt":1579853088000,
    "timeObserved":1579835297000,
    "relationType":"references",
    "sourceToken":"36c35e23-8757-4a9d-aacf-345e9b7eb50d",
    "license":"https:\/\/creativecommons.org\/publicdomain\/zero\/1.0\/",
    "termsOfUse":"https:\/\/doi.org\/10.13003\/CED-terms-of-use",
    "updatedDate":null,
    "updatedReason":null,
    "evidenceRecord":"https:\/\/evidence.eventdata.crossref.org\/evidence\/20200124-wikipedia-cc582fa5-23aa-47d9-8265-6d41cdfa5309",
    "eventAction":"add",
    "subjectPID":"https:\/\/sr.wikipedia.org\/wiki\/Urinarna_inkontinencija",
    "subjectTitle":"Urinarna inkontinencija",
    "subjectURL":"https:\/\/sr.wikipedia.org\/w\/index.php?title=Urinarna_inkontinencija&oldid=22843951",
    "subjectAPIURL":"https:\/\/sr.wikipedia.org\/api\/rest_v1\/page\/html\/Urinarna_inkontinencija\/22843951",
    "objectPID":"https:\/\/doi.org\/10.1001\/jama.280.23.1995",
    "objectURL":"https:\/\/jamanetwork.com\/journals\/jama\/fullarticle\/188273"
  },
  "28":{
    "wikipediaIncrement":4478,
    "sourceID":"wikipedia",
    "objectID":"https:\/\/doi.org\/10.1001\/jama.280.23.1995",
    "subjectID":"https:\/\/sr.wikipedia.org\/api\/rest_v1\/page\/html\/Urinarna_inkontinencija\/22843954",
    "eventID":"7de8b4a6-e954-45d8-b2a5-f32cdbd51364",
    "occurredAt":1579853293000,
    "timeObserved":1579835579000,
    "relationType":"references",
    "sourceToken":"36c35e23-8757-4a9d-aacf-345e9b7eb50d",
    "license":"https:\/\/creativecommons.org\/publicdomain\/zero\/1.0\/",
    "termsOfUse":"https:\/\/doi.org\/10.13003\/CED-terms-of-use",
    "updatedDate":null,
    "updatedReason":null,
    "evidenceRecord":"https:\/\/evidence.eventdata.crossref.org\/evidence\/20200124-wikipedia-e3f183f9-c24c-4ec4-b7f4-e1955b357f7b",
    "eventAction":"add",
    "subjectPID":"https:\/\/sr.wikipedia.org\/wiki\/Urinarna_inkontinencija",
    "subjectTitle":"Urinarna inkontinencija",
    "subjectURL":"https:\/\/sr.wikipedia.org\/w\/index.php?title=Urinarna_inkontinencija&oldid=22843954",
    "subjectAPIURL":"https:\/\/sr.wikipedia.org\/api\/rest_v1\/page\/html\/Urinarna_inkontinencija\/22843954",
    "objectPID":"https:\/\/doi.org\/10.1001\/jama.280.23.1995",
    "objectURL":"https:\/\/jamanetwork.com\/journals\/jama\/fullarticle\/188273"
  },
  "29":{
    "wikipediaIncrement":4479,
    "sourceID":"wikipedia",
    "objectID":"https:\/\/doi.org\/10.1001\/jama.280.23.1995",
    "subjectID":"https:\/\/sr.wikipedia.org\/api\/rest_v1\/page\/html\/Urinarna_inkontinencija\/22843968",
    "eventID":"3c997d0e-7525-4fea-865a-d765caea6417",
    "occurredAt":1579853984000,
    "timeObserved":1579836224000,
    "relationType":"references",
    "sourceToken":"36c35e23-8757-4a9d-aacf-345e9b7eb50d",
    "license":"https:\/\/creativecommons.org\/publicdomain\/zero\/1.0\/",
    "termsOfUse":"https:\/\/doi.org\/10.13003\/CED-terms-of-use",
    "updatedDate":null,
    "updatedReason":null,
    "evidenceRecord":"https:\/\/evidence.eventdata.crossref.org\/evidence\/20200124-wikipedia-1bb7d0fb-4cca-4d25-82fa-ac8b770ae9a2",
    "eventAction":"add",
    "subjectPID":"https:\/\/sr.wikipedia.org\/wiki\/Urinarna_inkontinencija",
    "subjectTitle":"Urinarna inkontinencija",
    "subjectURL":"https:\/\/sr.wikipedia.org\/w\/index.php?title=Urinarna_inkontinencija&oldid=22843968",
    "subjectAPIURL":"https:\/\/sr.wikipedia.org\/api\/rest_v1\/page\/html\/Urinarna_inkontinencija\/22843968",
    "objectPID":"https:\/\/doi.org\/10.1001\/jama.280.23.1995",
    "objectURL":"https:\/\/jamanetwork.com\/journals\/jama\/fullarticle\/188273"
  },
  "30":{
    "wikipediaIncrement":4480,
    "sourceID":"wikipedia",
    "objectID":"https:\/\/doi.org\/10.1001\/jama.280.23.1995",
    "subjectID":"https:\/\/sr.wikipedia.org\/api\/rest_v1\/page\/html\/Urinarna_inkontinencija\/22843966",
    "eventID":"d74cd11b-c483-4854-9bdf-11d64065d5bf",
    "occurredAt":1579853966000,
    "timeObserved":1579836240000,
    "relationType":"references",
    "sourceToken":"36c35e23-8757-4a9d-aacf-345e9b7eb50d",
    "license":"https:\/\/creativecommons.org\/publicdomain\/zero\/1.0\/",
    "termsOfUse":"https:\/\/doi.org\/10.13003\/CED-terms-of-use",
    "updatedDate":null,
    "updatedReason":null,
    "evidenceRecord":"https:\/\/evidence.eventdata.crossref.org\/evidence\/20200124-wikipedia-1bb7d0fb-4cca-4d25-82fa-ac8b770ae9a2",
    "eventAction":"add",
    "subjectPID":"https:\/\/sr.wikipedia.org\/wiki\/Urinarna_inkontinencija",
    "subjectTitle":"Urinarna inkontinencija",
    "subjectURL":"https:\/\/sr.wikipedia.org\/w\/index.php?title=Urinarna_inkontinencija&oldid=22843966",
    "subjectAPIURL":"https:\/\/sr.wikipedia.org\/api\/rest_v1\/page\/html\/Urinarna_inkontinencija\/22843966",
    "objectPID":"https:\/\/doi.org\/10.1001\/jama.280.23.1995",
    "objectURL":"https:\/\/jamanetwork.com\/journals\/jama\/fullarticle\/188273"
  },
  "31":{
    "wikipediaIncrement":4481,
    "sourceID":"wikipedia",
    "objectID":"https:\/\/doi.org\/10.1001\/jama.280.23.1995",
    "subjectID":"https:\/\/sr.wikipedia.org\/api\/rest_v1\/page\/html\/Urinarna_inkontinencija\/22843962",
    "eventID":"9a7ac849-49ce-4eca-828d-830818cc052b",
    "occurredAt":1579853784000,
    "timeObserved":1579836271000,
    "relationType":"references",
    "sourceToken":"36c35e23-8757-4a9d-aacf-345e9b7eb50d",
    "license":"https:\/\/creativecommons.org\/publicdomain\/zero\/1.0\/",
    "termsOfUse":"https:\/\/doi.org\/10.13003\/CED-terms-of-use",
    "updatedDate":null,
    "updatedReason":null,
    "evidenceRecord":"https:\/\/evidence.eventdata.crossref.org\/evidence\/20200124-wikipedia-a85f23a2-8bc2-4ed2-89a5-8e9787000233",
    "eventAction":"add",
    "subjectPID":"https:\/\/sr.wikipedia.org\/wiki\/Urinarna_inkontinencija",
    "subjectTitle":"Urinarna inkontinencija",
    "subjectURL":"https:\/\/sr.wikipedia.org\/w\/index.php?title=Urinarna_inkontinencija&oldid=22843962",
    "subjectAPIURL":"https:\/\/sr.wikipedia.org\/api\/rest_v1\/page\/html\/Urinarna_inkontinencija\/22843962",
    "objectPID":"https:\/\/doi.org\/10.1001\/jama.280.23.1995",
    "objectURL":"https:\/\/jamanetwork.com\/journals\/jama\/fullarticle\/188273"
  },
  "32":{
    "wikipediaIncrement":4482,
    "sourceID":"wikipedia",
    "objectID":"https:\/\/doi.org\/10.1001\/jama.280.23.1995",
    "subjectID":"https:\/\/sr.wikipedia.org\/api\/rest_v1\/page\/html\/Urinarna_inkontinencija\/22843963",
    "eventID":"a85d4546-d0a0-413c-94d2-6050a79eb56f",
    "occurredAt":1579853806000,
    "timeObserved":1579836286000,
    "relationType":"references",
    "sourceToken":"36c35e23-8757-4a9d-aacf-345e9b7eb50d",
    "license":"https:\/\/creativecommons.org\/publicdomain\/zero\/1.0\/",
    "termsOfUse":"https:\/\/doi.org\/10.13003\/CED-terms-of-use",
    "updatedDate":null,
    "updatedReason":null,
    "evidenceRecord":"https:\/\/evidence.eventdata.crossref.org\/evidence\/20200124-wikipedia-cd1a844c-a69f-4167-8d69-4923430beb51",
    "eventAction":"add",
    "subjectPID":"https:\/\/sr.wikipedia.org\/wiki\/Urinarna_inkontinencija",
    "subjectTitle":"Urinarna inkontinencija",
    "subjectURL":"https:\/\/sr.wikipedia.org\/w\/index.php?title=Urinarna_inkontinencija&oldid=22843963",
    "subjectAPIURL":"https:\/\/sr.wikipedia.org\/api\/rest_v1\/page\/html\/Urinarna_inkontinencija\/22843963",
    "objectPID":"https:\/\/doi.org\/10.1001\/jama.280.23.1995",
    "objectURL":"https:\/\/jamanetwork.com\/journals\/jama\/fullarticle\/188273"
  },
  "33":{
    "wikipediaIncrement":4483,
    "sourceID":"wikipedia",
    "objectID":"https:\/\/doi.org\/10.1001\/jama.280.23.1995",
    "subjectID":"https:\/\/sr.wikipedia.org\/api\/rest_v1\/page\/html\/Urinarna_inkontinencija\/22843961",
    "eventID":"1dda28ec-5bda-42d3-a78a-9b2a2ea9acf1",
    "occurredAt":1579853766000,
    "timeObserved":1579836324000,
    "relationType":"references",
    "sourceToken":"36c35e23-8757-4a9d-aacf-345e9b7eb50d",
    "license":"https:\/\/creativecommons.org\/publicdomain\/zero\/1.0\/",
    "termsOfUse":"https:\/\/doi.org\/10.13003\/CED-terms-of-use",
    "updatedDate":null,
    "updatedReason":null,
    "evidenceRecord":"https:\/\/evidence.eventdata.crossref.org\/evidence\/20200124-wikipedia-4962fcc1-fb7c-4e9f-a163-9eb710c6e40e",
    "eventAction":"add",
    "subjectPID":"https:\/\/sr.wikipedia.org\/wiki\/Urinarna_inkontinencija",
    "subjectTitle":"Urinarna inkontinencija",
    "subjectURL":"https:\/\/sr.wikipedia.org\/w\/index.php?title=Urinarna_inkontinencija&oldid=22843961",
    "subjectAPIURL":"https:\/\/sr.wikipedia.org\/api\/rest_v1\/page\/html\/Urinarna_inkontinencija\/22843961",
    "objectPID":"https:\/\/doi.org\/10.1001\/jama.280.23.1995",
    "objectURL":"https:\/\/jamanetwork.com\/journals\/jama\/fullarticle\/188273"
  },
  "34":{
    "wikipediaIncrement":4484,
    "sourceID":"wikipedia",
    "objectID":"https:\/\/doi.org\/10.1001\/jama.280.23.1995",
    "subjectID":"https:\/\/sr.wikipedia.org\/api\/rest_v1\/page\/html\/Urinarna_inkontinencija\/22843970",
    "eventID":"80dcb071-f297-4f15-949b-af6909603870",
    "occurredAt":1579854109000,
    "timeObserved":1579836470000,
    "relationType":"references",
    "sourceToken":"36c35e23-8757-4a9d-aacf-345e9b7eb50d",
    "license":"https:\/\/creativecommons.org\/publicdomain\/zero\/1.0\/",
    "termsOfUse":"https:\/\/doi.org\/10.13003\/CED-terms-of-use",
    "updatedDate":null,
    "updatedReason":null,
    "evidenceRecord":"https:\/\/evidence.eventdata.crossref.org\/evidence\/20200124-wikipedia-72347906-39b0-45e4-86f0-fcedef898281",
    "eventAction":"add",
    "subjectPID":"https:\/\/sr.wikipedia.org\/wiki\/Urinarna_inkontinencija",
    "subjectTitle":"Urinarna inkontinencija",
    "subjectURL":"https:\/\/sr.wikipedia.org\/w\/index.php?title=Urinarna_inkontinencija&oldid=22843970",
    "subjectAPIURL":"https:\/\/sr.wikipedia.org\/api\/rest_v1\/page\/html\/Urinarna_inkontinencija\/22843970",
    "objectPID":"https:\/\/doi.org\/10.1001\/jama.280.23.1995",
    "objectURL":"https:\/\/jamanetwork.com\/journals\/jama\/fullarticle\/188273"
  },
  "35":{
    "wikipediaIncrement":4485,
    "sourceID":"wikipedia",
    "objectID":"https:\/\/doi.org\/10.1001\/jama.280.23.1995",
    "subjectID":"https:\/\/sr.wikipedia.org\/api\/rest_v1\/page\/html\/Urinarna_inkontinencija\/22843971",
    "eventID":"e6d89d1f-4319-49c6-ba6d-7384d33aa170",
    "occurredAt":1579854253000,
    "timeObserved":1579836624000,
    "relationType":"references",
    "sourceToken":"36c35e23-8757-4a9d-aacf-345e9b7eb50d",
    "license":"https:\/\/creativecommons.org\/publicdomain\/zero\/1.0\/",
    "termsOfUse":"https:\/\/doi.org\/10.13003\/CED-terms-of-use",
    "updatedDate":null,
    "updatedReason":null,
    "evidenceRecord":"https:\/\/evidence.eventdata.crossref.org\/evidence\/20200124-wikipedia-873182a1-bf41-439a-8ab0-6759aa2188d6",
    "eventAction":"add",
    "subjectPID":"https:\/\/sr.wikipedia.org\/wiki\/Urinarna_inkontinencija",
    "subjectTitle":"Urinarna inkontinencija",
    "subjectURL":"https:\/\/sr.wikipedia.org\/w\/index.php?title=Urinarna_inkontinencija&oldid=22843971",
    "subjectAPIURL":"https:\/\/sr.wikipedia.org\/api\/rest_v1\/page\/html\/Urinarna_inkontinencija\/22843971",
    "objectPID":"https:\/\/doi.org\/10.1001\/jama.280.23.1995",
    "objectURL":"https:\/\/jamanetwork.com\/journals\/jama\/fullarticle\/188273"
  },
  "36":{
    "wikipediaIncrement":4486,
    "sourceID":"wikipedia",
    "objectID":"https:\/\/doi.org\/10.1001\/jama.280.23.1995",
    "subjectID":"https:\/\/de.wikipedia.org\/api\/rest_v1\/page\/html\/Biofeedback\/196493758",
    "eventID":"efb7ae66-36bd-4fff-81fb-bc94f192398e",
    "occurredAt":1580830422000,
    "timeObserved":1580813248000,
    "relationType":"references",
    "sourceToken":"36c35e23-8757-4a9d-aacf-345e9b7eb50d",
    "license":"https:\/\/creativecommons.org\/publicdomain\/zero\/1.0\/",
    "termsOfUse":"https:\/\/doi.org\/10.13003\/CED-terms-of-use",
    "updatedDate":null,
    "updatedReason":null,
    "evidenceRecord":"https:\/\/evidence.eventdata.crossref.org\/evidence\/20200204-wikipedia-eba6f992-3e64-4e7c-8dba-ed61c4be19c6",
    "eventAction":"add",
    "subjectPID":"https:\/\/de.wikipedia.org\/wiki\/Biofeedback",
    "subjectTitle":"Biofeedback",
    "subjectURL":"https:\/\/de.wikipedia.org\/w\/index.php?title=Biofeedback&oldid=196493758",
    "subjectAPIURL":"https:\/\/de.wikipedia.org\/api\/rest_v1\/page\/html\/Biofeedback\/196493758",
    "objectPID":"https:\/\/doi.org\/10.1001\/jama.280.23.1995",
    "objectURL":"https:\/\/doi.org\/10.1001\/jama.280.23.1995"
  },
  "37":{
    "wikipediaIncrement":4487,
    "sourceID":"wikipedia",
    "objectID":"https:\/\/doi.org\/10.1001\/jama.280.23.1995",
    "subjectID":"https:\/\/de.wikipedia.org\/api\/rest_v1\/page\/html\/Biofeedback\/196504963",
    "eventID":"6f3d2faf-bd03-4641-8fa2-7aee7651cde5",
    "occurredAt":1580851318000,
    "timeObserved":1580833422000,
    "relationType":"references",
    "sourceToken":"36c35e23-8757-4a9d-aacf-345e9b7eb50d",
    "license":"https:\/\/creativecommons.org\/publicdomain\/zero\/1.0\/",
    "termsOfUse":"https:\/\/doi.org\/10.13003\/CED-terms-of-use",
    "updatedDate":null,
    "updatedReason":null,
    "evidenceRecord":"https:\/\/evidence.eventdata.crossref.org\/evidence\/20200204-wikipedia-8ab85b56-ef3c-4089-96f5-6633efbd9ea5",
    "eventAction":"add",
    "subjectPID":"https:\/\/de.wikipedia.org\/wiki\/Biofeedback",
    "subjectTitle":"Biofeedback",
    "subjectURL":"https:\/\/de.wikipedia.org\/w\/index.php?title=Biofeedback&oldid=196504963",
    "subjectAPIURL":"https:\/\/de.wikipedia.org\/api\/rest_v1\/page\/html\/Biofeedback\/196504963",
    "objectPID":"https:\/\/doi.org\/10.1001\/jama.280.23.1995",
    "objectURL":"https:\/\/doi.org\/10.1001\/jama.280.23.1995"
  },
  "38":{
    "wikipediaIncrement":4488,
    "sourceID":"wikipedia",
    "objectID":"https:\/\/doi.org\/10.1001\/jama.280.23.1995",
    "subjectID":"https:\/\/de.wikipedia.org\/api\/rest_v1\/page\/html\/Biofeedback\/196905229",
    "eventID":"1804d989-223a-4895-94ab-ea0aeb730902",
    "occurredAt":1581955684000,
    "timeObserved":1581938133000,
    "relationType":"references",
    "sourceToken":"36c35e23-8757-4a9d-aacf-345e9b7eb50d",
    "license":"https:\/\/creativecommons.org\/publicdomain\/zero\/1.0\/",
    "termsOfUse":"https:\/\/doi.org\/10.13003\/CED-terms-of-use",
    "updatedDate":null,
    "updatedReason":null,
    "evidenceRecord":"https:\/\/evidence.eventdata.crossref.org\/evidence\/20200217-wikipedia-fc63f2cd-efda-428a-af8f-41834300ad5d",
    "eventAction":"add",
    "subjectPID":"https:\/\/de.wikipedia.org\/wiki\/Biofeedback",
    "subjectTitle":"Biofeedback",
    "subjectURL":"https:\/\/de.wikipedia.org\/w\/index.php?title=Biofeedback&oldid=196905229",
    "subjectAPIURL":"https:\/\/de.wikipedia.org\/api\/rest_v1\/page\/html\/Biofeedback\/196905229",
    "objectPID":"https:\/\/doi.org\/10.1001\/jama.280.23.1995",
    "objectURL":"https:\/\/doi.org\/10.1001\/jama.280.23.1995"
  },
  "39":{
    "wikipediaIncrement":4489,
    "sourceID":"wikipedia",
    "objectID":"https:\/\/doi.org\/10.1001\/jama.280.23.1995",
    "subjectID":"https:\/\/de.wikipedia.org\/api\/rest_v1\/page\/html\/Biofeedback\/196968408",
    "eventID":"9ab7827a-a25e-4ccc-adc4-25e4449e528a",
    "occurredAt":1582135843000,
    "timeObserved":1582118274000,
    "relationType":"references",
    "sourceToken":"36c35e23-8757-4a9d-aacf-345e9b7eb50d",
    "license":"https:\/\/creativecommons.org\/publicdomain\/zero\/1.0\/",
    "termsOfUse":"https:\/\/doi.org\/10.13003\/CED-terms-of-use",
    "updatedDate":null,
    "updatedReason":null,
    "evidenceRecord":"https:\/\/evidence.eventdata.crossref.org\/evidence\/20200219-wikipedia-2c581eb3-c3c9-44aa-86aa-1fdeaf9dc0f4",
    "eventAction":"add",
    "subjectPID":"https:\/\/de.wikipedia.org\/wiki\/Biofeedback",
    "subjectTitle":"Biofeedback",
    "subjectURL":"https:\/\/de.wikipedia.org\/w\/index.php?title=Biofeedback&oldid=196968408",
    "subjectAPIURL":"https:\/\/de.wikipedia.org\/api\/rest_v1\/page\/html\/Biofeedback\/196968408",
    "objectPID":"https:\/\/doi.org\/10.1001\/jama.280.23.1995",
    "objectURL":"https:\/\/doi.org\/10.1001\/jama.280.23.1995"
  },
  "40":{
    "wikipediaIncrement":4490,
    "sourceID":"wikipedia",
    "objectID":"https:\/\/doi.org\/10.1001\/jama.280.23.1995",
    "subjectID":"https:\/\/de.wikipedia.org\/api\/rest_v1\/page\/html\/Biofeedback\/203647494",
    "eventID":"c2fefe86-32c0-4cba-8dc8-df91073cb770",
    "occurredAt":1600035660000,
    "timeObserved":1600167226000,
    "relationType":"references",
    "sourceToken":"36c35e23-8757-4a9d-aacf-345e9b7eb50d",
    "license":"https:\/\/creativecommons.org\/publicdomain\/zero\/1.0\/",
    "termsOfUse":"https:\/\/doi.org\/10.13003\/CED-terms-of-use",
    "updatedDate":null,
    "updatedReason":null,
    "evidenceRecord":"https:\/\/evidence.eventdata.crossref.org\/evidence\/20200913-wikipedia-33b63412-00f9-4048-928c-b8720b9a1310",
    "eventAction":"add",
    "subjectPID":"https:\/\/de.wikipedia.org\/wiki\/Biofeedback",
    "subjectTitle":"Biofeedback",
    "subjectURL":"https:\/\/de.wikipedia.org\/w\/index.php?title=Biofeedback&oldid=203647494",
    "subjectAPIURL":"https:\/\/de.wikipedia.org\/api\/rest_v1\/page\/html\/Biofeedback\/203647494",
    "objectPID":"https:\/\/doi.org\/10.1001\/jama.280.23.1995",
    "objectURL":"https:\/\/doi.org\/10.1001\/jama.280.23.1995"
  },
  "41":{
    "wikipediaIncrement":4491,
    "sourceID":"wikipedia",
    "objectID":"https:\/\/doi.org\/10.1001\/jama.280.23.1995",
    "subjectID":"https:\/\/de.wikipedia.org\/api\/rest_v1\/page\/html\/Biofeedback\/198906194",
    "eventID":"e6753b49-c479-4fc3-9493-b5abe3e6401d",
    "occurredAt":1586978608000,
    "timeObserved":1602652454000,
    "relationType":"references",
    "sourceToken":"36c35e23-8757-4a9d-aacf-345e9b7eb50d",
    "license":"https:\/\/creativecommons.org\/publicdomain\/zero\/1.0\/",
    "termsOfUse":"https:\/\/doi.org\/10.13003\/CED-terms-of-use",
    "updatedDate":null,
    "updatedReason":null,
    "evidenceRecord":"https:\/\/evidence.eventdata.crossref.org\/evidence\/20200415-wikipedia-8d028dd6-1cd7-4466-b736-724022ad7e7f",
    "eventAction":"add",
    "subjectPID":"https:\/\/de.wikipedia.org\/wiki\/Biofeedback",
    "subjectTitle":"Biofeedback",
    "subjectURL":"https:\/\/de.wikipedia.org\/w\/index.php?title=Biofeedback&oldid=198906194",
    "subjectAPIURL":"https:\/\/de.wikipedia.org\/api\/rest_v1\/page\/html\/Biofeedback\/198906194",
    "objectPID":"https:\/\/doi.org\/10.1001\/jama.280.23.1995",
    "objectURL":"https:\/\/doi.org\/10.1001\/jama.280.23.1995"
  },
  "42":{
    "wikipediaIncrement":4492,
    "sourceID":"wikipedia",
    "objectID":"https:\/\/doi.org\/10.1001\/jama.280.23.1995",
    "subjectID":"https:\/\/de.wikipedia.org\/api\/rest_v1\/page\/html\/Biofeedback\/198942414",
    "eventID":"3b0d4e07-b97b-4d0d-8026-2e029f7b4efe",
    "occurredAt":1587047550000,
    "timeObserved":1602654133000,
    "relationType":"references",
    "sourceToken":"36c35e23-8757-4a9d-aacf-345e9b7eb50d",
    "license":"https:\/\/creativecommons.org\/publicdomain\/zero\/1.0\/",
    "termsOfUse":"https:\/\/doi.org\/10.13003\/CED-terms-of-use",
    "updatedDate":null,
    "updatedReason":null,
    "evidenceRecord":"https:\/\/evidence.eventdata.crossref.org\/evidence\/20200416-wikipedia-3ef922a1-3944-45da-a842-f1fc215907a7",
    "eventAction":"add",
    "subjectPID":"https:\/\/de.wikipedia.org\/wiki\/Biofeedback",
    "subjectTitle":"Biofeedback",
    "subjectURL":"https:\/\/de.wikipedia.org\/w\/index.php?title=Biofeedback&oldid=198942414",
    "subjectAPIURL":"https:\/\/de.wikipedia.org\/api\/rest_v1\/page\/html\/Biofeedback\/198942414",
    "objectPID":"https:\/\/doi.org\/10.1001\/jama.280.23.1995",
    "objectURL":"https:\/\/doi.org\/10.1001\/jama.280.23.1995"
  },
  "43":{
    "wikipediaIncrement":4493,
    "sourceID":"wikipedia",
    "objectID":"https:\/\/doi.org\/10.1001\/jama.280.23.1995",
    "subjectID":"https:\/\/de.wikipedia.org\/api\/rest_v1\/page\/html\/Biofeedback\/204649055",
    "eventID":"9cad42f8-09c3-4f4a-ba9e-e437a59e368d",
    "occurredAt":1602999042000,
    "timeObserved":1602985104000,
    "relationType":"references",
    "sourceToken":"36c35e23-8757-4a9d-aacf-345e9b7eb50d",
    "license":"https:\/\/creativecommons.org\/publicdomain\/zero\/1.0\/",
    "termsOfUse":"https:\/\/doi.org\/10.13003\/CED-terms-of-use",
    "updatedDate":null,
    "updatedReason":null,
    "evidenceRecord":"https:\/\/evidence.eventdata.crossref.org\/evidence\/20201018-wikipedia-e6b4c65e-a48f-426e-a60d-f3a9304add55",
    "eventAction":"add",
    "subjectPID":"https:\/\/de.wikipedia.org\/wiki\/Biofeedback",
    "subjectTitle":"Biofeedback",
    "subjectURL":"https:\/\/de.wikipedia.org\/w\/index.php?title=Biofeedback&oldid=204649055",
    "subjectAPIURL":"https:\/\/de.wikipedia.org\/api\/rest_v1\/page\/html\/Biofeedback\/204649055",
    "objectPID":"https:\/\/doi.org\/10.1001\/jama.280.23.1995",
    "objectURL":"https:\/\/doi.org\/10.1001\/jama.280.23.1995"
  },
  "44":{
    "wikipediaIncrement":4494,
    "sourceID":"wikipedia",
    "objectID":"https:\/\/doi.org\/10.1001\/jama.280.23.1995",
    "subjectID":"https:\/\/de.wikipedia.org\/api\/rest_v1\/page\/html\/Biofeedback\/204649042",
    "eventID":"9b2b1bd2-c845-4a65-91fd-66e0028c3606",
    "occurredAt":1602998965000,
    "timeObserved":1602985161000,
    "relationType":"references",
    "sourceToken":"36c35e23-8757-4a9d-aacf-345e9b7eb50d",
    "license":"https:\/\/creativecommons.org\/publicdomain\/zero\/1.0\/",
    "termsOfUse":"https:\/\/doi.org\/10.13003\/CED-terms-of-use",
    "updatedDate":null,
    "updatedReason":null,
    "evidenceRecord":"https:\/\/evidence.eventdata.crossref.org\/evidence\/20201018-wikipedia-a08e8444-3014-4b12-a6e1-020751d04d58",
    "eventAction":"add",
    "subjectPID":"https:\/\/de.wikipedia.org\/wiki\/Biofeedback",
    "subjectTitle":"Biofeedback",
    "subjectURL":"https:\/\/de.wikipedia.org\/w\/index.php?title=Biofeedback&oldid=204649042",
    "subjectAPIURL":"https:\/\/de.wikipedia.org\/api\/rest_v1\/page\/html\/Biofeedback\/204649042",
    "objectPID":"https:\/\/doi.org\/10.1001\/jama.280.23.1995",
    "objectURL":"https:\/\/doi.org\/10.1001\/jama.280.23.1995"
  },
  "45":{
    "wikipediaIncrement":4495,
    "sourceID":"wikipedia",
    "objectID":"https:\/\/doi.org\/10.1001\/jama.280.23.1995",
    "subjectID":"https:\/\/de.wikipedia.org\/api\/rest_v1\/page\/html\/Biofeedback\/206351061",
    "eventID":"dd422d43-40fb-40d0-93db-d63f6daaba7c",
    "occurredAt":1607440199000,
    "timeObserved":1607424169000,
    "relationType":"references",
    "sourceToken":"36c35e23-8757-4a9d-aacf-345e9b7eb50d",
    "license":"https:\/\/creativecommons.org\/publicdomain\/zero\/1.0\/",
    "termsOfUse":"https:\/\/doi.org\/10.13003\/CED-terms-of-use",
    "updatedDate":null,
    "updatedReason":null,
    "evidenceRecord":"https:\/\/evidence.eventdata.crossref.org\/evidence\/20201208-wikipedia-a771fc4e-518c-469a-b168-7d66f0ad9fc0",
    "eventAction":"add",
    "subjectPID":"https:\/\/de.wikipedia.org\/wiki\/Biofeedback",
    "subjectTitle":"Biofeedback",
    "subjectURL":"https:\/\/de.wikipedia.org\/w\/index.php?title=Biofeedback&oldid=206351061",
    "subjectAPIURL":"https:\/\/de.wikipedia.org\/api\/rest_v1\/page\/html\/Biofeedback\/206351061",
    "objectPID":"https:\/\/doi.org\/10.1001\/jama.280.23.1995",
    "objectURL":"https:\/\/doi.org\/10.1001\/jama.280.23.1995"
  },
  "46":{
    "wikipediaIncrement":4496,
    "sourceID":"wikipedia",
    "objectID":"https:\/\/doi.org\/10.1001\/jama.280.23.1995",
    "subjectID":"https:\/\/de.wikipedia.org\/api\/rest_v1\/page\/html\/Biofeedback\/206659709",
    "eventID":"d4e6eef1-7ab4-414f-9056-cf3e23e752b9",
    "occurredAt":1608297448000,
    "timeObserved":1608281199000,
    "relationType":"references",
    "sourceToken":"36c35e23-8757-4a9d-aacf-345e9b7eb50d",
    "license":"https:\/\/creativecommons.org\/publicdomain\/zero\/1.0\/",
    "termsOfUse":"https:\/\/doi.org\/10.13003\/CED-terms-of-use",
    "updatedDate":null,
    "updatedReason":null,
    "evidenceRecord":"https:\/\/evidence.eventdata.crossref.org\/evidence\/20201218-wikipedia-68b0ccd4-6edf-4332-8300-d1db740b2fb3",
    "eventAction":"add",
    "subjectPID":"https:\/\/de.wikipedia.org\/wiki\/Biofeedback",
    "subjectTitle":"Biofeedback",
    "subjectURL":"https:\/\/de.wikipedia.org\/w\/index.php?title=Biofeedback&oldid=206659709",
    "subjectAPIURL":"https:\/\/de.wikipedia.org\/api\/rest_v1\/page\/html\/Biofeedback\/206659709",
    "objectPID":"https:\/\/doi.org\/10.1001\/jama.280.23.1995",
    "objectURL":"https:\/\/doi.org\/10.1001\/jama.280.23.1995"
  },
  "47":{
    "wikipediaIncrement":4497,
    "sourceID":"wikipedia",
    "objectID":"https:\/\/doi.org\/10.1001\/jama.280.23.1995",
    "subjectID":"https:\/\/de.wikipedia.org\/api\/rest_v1\/page\/html\/Biofeedback\/206792616",
    "eventID":"e68db506-e8cb-4b29-9622-0332c650b0bf",
    "occurredAt":1608646721000,
    "timeObserved":1608628997000,
    "relationType":"references",
    "sourceToken":"36c35e23-8757-4a9d-aacf-345e9b7eb50d",
    "license":"https:\/\/creativecommons.org\/publicdomain\/zero\/1.0\/",
    "termsOfUse":"https:\/\/doi.org\/10.13003\/CED-terms-of-use",
    "updatedDate":null,
    "updatedReason":null,
    "evidenceRecord":"https:\/\/evidence.eventdata.crossref.org\/evidence\/20201222-wikipedia-9bf145e3-c07d-450f-8f86-768065d39f98",
    "eventAction":"add",
    "subjectPID":"https:\/\/de.wikipedia.org\/wiki\/Biofeedback",
    "subjectTitle":"Biofeedback",
    "subjectURL":"https:\/\/de.wikipedia.org\/w\/index.php?title=Biofeedback&oldid=206792616",
    "subjectAPIURL":"https:\/\/de.wikipedia.org\/api\/rest_v1\/page\/html\/Biofeedback\/206792616",
    "objectPID":"https:\/\/doi.org\/10.1001\/jama.280.23.1995",
    "objectURL":"https:\/\/doi.org\/10.1001\/jama.280.23.1995"
  }
}