crossRefIncrement,sourceID,objectID,subjectID,eventID,occurredAt,timeObserved,relationType,sourceToken,license,crossrefTermsOfUse,messageAction
5778,crossref,https://doi.org/10.1016/S0169-5347(98)01384-6,https://doi.org/10.1007/s10745-019-00085-9,d0407ca9-d7e0-454b-92e0-9459ccd04bea,2019-07-01 00:00:00,2019-07-03 13:01:34,references,8676e950-8ac5-4074-8ac3-c0a18ada7e99,https://doi.org/10.13003/CED-terms-of-use,https://doi.org/10.13003/CED-terms-of-use,create
5779,crossref,https://doi.org/10.1016/S0169-5347(98)01384-6,https://doi.org/10.1007/s11252-013-0287-2,1cc92030-2b4d-4163-af35-f38a4ba16ce2,2013-01-24 00:00:00,2019-07-09 10:14:03,references,8676e950-8ac5-4074-8ac3-c0a18ada7e99,https://doi.org/10.13003/CED-terms-of-use,https://doi.org/10.13003/CED-terms-of-use,create
5780,crossref,https://doi.org/10.1016/S0169-5347(98)01384-6,https://doi.org/10.1007/s10745-012-9558-4,c467afac-4cb4-4436-9bdc-386e14b6c700,2013-02-07 00:00:00,2019-07-10 13:01:54,references,8676e950-8ac5-4074-8ac3-c0a18ada7e99,https://doi.org/10.13003/CED-terms-of-use,https://doi.org/10.13003/CED-terms-of-use,create
5781,crossref,https://doi.org/10.1016/S0169-5347(98)01384-6,https://doi.org/10.3389/fevo.2019.00268,db23da8f-42f1-43c8-931c-fcb2657b89f4,2019-07-17 00:00:00,2019-07-18 10:25:52,references,8676e950-8ac5-4074-8ac3-c0a18ada7e99,https://doi.org/10.13003/CED-terms-of-use,https://doi.org/10.13003/CED-terms-of-use,create
5782,crossref,https://doi.org/10.1016/S0169-5347(98)01384-6,https://doi.org/10.1098/rspb.2002.2138,02feef79-3e13-4305-bf0d-a43c28bed054,2002-11-07 00:00:00,2019-07-23 01:48:28,references,8676e950-8ac5-4074-8ac3-c0a18ada7e99,https://doi.org/10.13003/CED-terms-of-use,https://doi.org/10.13003/CED-terms-of-use,create
5783,crossref,https://doi.org/10.1016/S0169-5347(98)01384-6,https://doi.org/10.1590/1809-4422asoc0140r1vu19l4td,a3bc3b3a-8154-4208-aeae-d064140f2918,2019-01-01 00:00:00,2019-12-10 20:53:08,references,8676e950-8ac5-4074-8ac3-c0a18ada7e99,https://doi.org/10.13003/CED-terms-of-use,https://doi.org/10.13003/CED-terms-of-use,create
5784,crossref,https://doi.org/10.1016/S0169-5347(98)01384-6,https://doi.org/10.1002/mcf2.10097,eba3b7f0-7816-4835-a8c9-65aa337d3483,2019-12-01 00:00:00,2019-12-25 20:03:28,references,8676e950-8ac5-4074-8ac3-c0a18ada7e99,https://doi.org/10.13003/CED-terms-of-use,https://doi.org/10.13003/CED-terms-of-use,create
5785,crossref,https://doi.org/10.1016/S0169-5347(98)01384-6,https://doi.org/10.1139/f2011-061,b3d29c71-e76f-4900-b21e-c0202fa6b97e,2011-08-01 00:00:00,2020-01-07 03:07:19,references,8676e950-8ac5-4074-8ac3-c0a18ada7e99,https://doi.org/10.13003/CED-terms-of-use,https://doi.org/10.13003/CED-terms-of-use,create
