twitterIncrement,sourceID,subjectID,objectID,eventID,occurredAt,timeObserved,relationType,sourceToken,license,termsOfUse,tweetAuthor,originalTweetAuthor,updatedReason,updated,evidenceRecord,eventAction,subjectPID,originalTweetURL,alternativeID,title,issued,objectPID,objectURL,updatedDate
13852,twitter,http://twitter.com/AmandaVincent1/statuses/910847226162823169,https://doi.org/10.1016/s0169-5347(98)01384-6,5f8688bb-6019-46c9-be82-e21a14c59697,2017-09-21 12:44:36,2017-09-21 08:46:56,discusses,45a1ef76-4f43-4cdc-9ba8-5a6ad01cc231,https://creativecommons.org/publicdomain/zero/1.0/,https://doi.org/10.13003/CED-terms-of-use,http://www.twitter.com/AmandaVincent1,,,,https://evidence.eventdata.crossref.org/evidence/20170921-twitter-fc84953d-8b48-4ae7-8d54-4185a3ae12,add,http://twitter.com/AmandaVincent1/statuses/910847226162823169,http://twitter.com/AmandaVincent1/statuses/910847226162823169,910847226162823169,Tweet 910847226162823169,2017-09-21 12:44:36,https://doi.org/10.1016/s0169-5347(98)01384-6,http://linkinghub.elsevier.com/retrieve/pii/S0169534798013846,
13853,twitter,http://twitter.com/emilysdarling/statuses/910894724466270213,https://doi.org/10.1016/s0169-5347(98)01384-6,b60b11c1-75c4-4d7e-8294-5cb369be9743,2017-09-21 15:53:20,2017-09-21 11:53:38,discusses,45a1ef76-4f43-4cdc-9ba8-5a6ad01cc231,https://creativecommons.org/publicdomain/zero/1.0/,https://doi.org/10.13003/CED-terms-of-use,http://www.twitter.com/emilysdarling,http://www.twitter.com/AmandaVincent1,,,https://evidence.eventdata.crossref.org/evidence/20170921-twitter-088af35a-aa0f-434b-811e-61cb5b5e3b,add,http://twitter.com/emilysdarling/statuses/910894724466270213,http://twitter.com/AmandaVincent1/statuses/910847226162823169,910894724466270213,Tweet 910894724466270213,2017-09-21 15:53:20,https://doi.org/10.1016/s0169-5347(98)01384-6,http://linkinghub.elsevier.com/retrieve/pii/S0169534798013846,
13854,twitter,http://twitter.com/projectseahorse/statuses/910900584965746688,https://doi.org/10.1016/s0169-5347(98)01384-6,1571f4eb-a0c7-4c73-ac97-d9a6897afc4e,2017-09-21 16:16:37,2017-09-21 12:18:54,discusses,45a1ef76-4f43-4cdc-9ba8-5a6ad01cc231,https://creativecommons.org/publicdomain/zero/1.0/,https://doi.org/10.13003/CED-terms-of-use,http://www.twitter.com/projectseahorse,http://www.twitter.com/AmandaVincent1,,,https://evidence.eventdata.crossref.org/evidence/20170921-twitter-bb35c8fe-df56-4bd1-9efd-47cfb5c8ad,add,http://twitter.com/projectseahorse/statuses/910900584965746688,http://twitter.com/AmandaVincent1/statuses/910847226162823169,910900584965746688,Tweet 910900584965746688,2017-09-21 16:16:37,https://doi.org/10.1016/s0169-5347(98)01384-6,http://linkinghub.elsevier.com/retrieve/pii/S0169534798013846,
13855,twitter,http://twitter.com/IUCNSPSSG/statuses/910904896936742912,https://doi.org/10.1016/s0169-5347(98)01384-6,8e6b92b5-4c72-4938-a7ac-58b9b75aae2a,2017-09-21 16:33:45,2017-09-21 12:34:15,discusses,45a1ef76-4f43-4cdc-9ba8-5a6ad01cc231,https://creativecommons.org/publicdomain/zero/1.0/,https://doi.org/10.13003/CED-terms-of-use,http://www.twitter.com/IUCNSPSSG,http://www.twitter.com/AmandaVincent1,,,https://evidence.eventdata.crossref.org/evidence/20170921-twitter-1be6e7b4-6e4a-4091-9494-2c3006207c,add,http://twitter.com/IUCNSPSSG/statuses/910904896936742912,http://twitter.com/AmandaVincent1/statuses/910847226162823169,910904896936742912,Tweet 910904896936742912,2017-09-21 16:33:45,https://doi.org/10.1016/s0169-5347(98)01384-6,http://linkinghub.elsevier.com/retrieve/pii/S0169534798013846,
