wikipediaIncrement,sourceID,objectID,subjectID,eventID,occurredAt,timeObserved,relationType,sourceToken,license,termsOfUse,updatedDate,updatedReason,evidenceRecord,eventAction,subjectPID,subjectTitle,subjectURL,subjectAPIURL,objectPID,objectURL
50494,wikipedia,https://doi.org/10.1016/s0169-5347(98)01384-6,https://en.wikipedia.org/wiki/User:Macropneuma,ee0dd187-8eb6-48e4-8097-7cbd6221c521,2017-04-11 18:40:47,2017-04-11 15:49:12,references,36c35e23-8757-4a9d-aacf-345e9b7eb50d,https://creativecommons.org/publicdomain/zero/1.0/,https://doi.org/10.13003/CED-terms-of-use,2018-01-31 17:30:00,https://evidence.eventdata.crossref.org/announcements/2018-01-19T00-00-00Z-ED-15.json,https://evidence.eventdata.crossref.org/evidence/20170411-wikipedia-83d26bbc-8089-421e-8fe9-2bd036cafb27,add,https://en.wikipedia.org/wiki/User:Macropneuma,User:Macropneuma,https://en.wikipedia.org/w/index.php?title=User:Macropneuma&oldid=774955960,https://en.wikipedia.org/api/rest_v1/page/html/User:Macropneuma/774955960,https://doi.org/10.1016/s0169-5347(98)01384-6,https://doi.org/10.1016/s0169-5347(98)01384-6
50495,wikipedia,https://doi.org/10.1016/s0169-5347(98)01384-6,https://en.wikipedia.org/wiki/Environmental_resource_management,f119f6bd-2f64-4366-945a-aa0210e684fe,2017-04-13 23:15:55,2017-04-13 19:16:53,references,36c35e23-8757-4a9d-aacf-345e9b7eb50d,https://creativecommons.org/publicdomain/zero/1.0/,https://doi.org/10.13003/CED-terms-of-use,2018-01-31 17:30:00,https://evidence.eventdata.crossref.org/announcements/2018-01-19T00-00-00Z-ED-15.json,https://evidence.eventdata.crossref.org/evidence/20170413-wikipedia-8134341a-558f-440a-b1e3-773fe6d25092,add,https://en.wikipedia.org/wiki/Environmental_resource_management,Environmental resource management,https://en.wikipedia.org/w/index.php?title=Environmental_resource_management&oldid=775296164,https://en.wikipedia.org/api/rest_v1/page/html/Environmental_resource_management/775296164,https://doi.org/10.1016/s0169-5347(98)01384-6,https://doi.org/10.1016/s0169-5347(98)01384-6
50496,wikipedia,https://doi.org/10.1016/s0169-5347(98)01384-6,https://en.wikipedia.org/api/rest_v1/page/html/Environmental_resource_management/807767132,101dfb86-9fd1-4ddd-817f-aee84dc5d64f,2017-10-30 01:04:14,2017-10-29 21:05:24,references,36c35e23-8757-4a9d-aacf-345e9b7eb50d,https://creativecommons.org/publicdomain/zero/1.0/,https://doi.org/10.13003/CED-terms-of-use,,,https://evidence.eventdata.crossref.org/evidence/20171030-wikipedia-80c114b9-624d-4e59-9261-d4b656246664,add,https://en.wikipedia.org/w/index.php?title=Environmental_resource_management&old,Environmental resource management,https://en.wikipedia.org/wiki/Environmental_resource_management,https://en.wikipedia.org/api/rest_v1/page/html/Environmental_resource_management/807767132,https://doi.org/10.1016/s0169-5347(98)01384-6,https://doi.org/10.1016/s0169-5347(98)01384-6
50497,wikipedia,https://doi.org/10.1016/s0169-5347(98)01384-6,https://en.wikipedia.org/api/rest_v1/page/html/Environmental_resource_management/808224997,d006ca6a-b7f2-47b4-9082-0a5945b12263,2017-11-01 16:44:31,2017-11-01 12:45:50,references,36c35e23-8757-4a9d-aacf-345e9b7eb50d,https://creativecommons.org/publicdomain/zero/1.0/,https://doi.org/10.13003/CED-terms-of-use,,,https://evidence.eventdata.crossref.org/evidence/20171101-wikipedia-578fc62c-d09f-4c48-aec7-332dd183a7b6,add,https://en.wikipedia.org/w/index.php?title=Environmental_resource_management&old,Environmental resource management,https://en.wikipedia.org/wiki/Environmental_resource_management,https://en.wikipedia.org/api/rest_v1/page/html/Environmental_resource_management/808224997,https://doi.org/10.1016/s0169-5347(98)01384-6,https://doi.org/10.1016/s0169-5347(98)01384-6
50498,wikipedia,https://doi.org/10.1016/s0169-5347(98)01384-6,https://en.wikipedia.org/api/rest_v1/page/html/Environmental_resource_management/808225085,e4987f2f-b2c5-4034-8e64-612898a8e774,2017-11-01 16:45:00,2017-11-01 12:47:17,references,36c35e23-8757-4a9d-aacf-345e9b7eb50d,https://creativecommons.org/publicdomain/zero/1.0/,https://doi.org/10.13003/CED-terms-of-use,,,https://evidence.eventdata.crossref.org/evidence/20171101-wikipedia-70a48146-05f3-4656-a7a5-7f837519c983,add,https://en.wikipedia.org/w/index.php?title=Environmental_resource_management&old,Environmental resource management,https://en.wikipedia.org/wiki/Environmental_resource_management,https://en.wikipedia.org/api/rest_v1/page/html/Environmental_resource_management/808225085,https://doi.org/10.1016/s0169-5347(98)01384-6,https://doi.org/10.1016/s0169-5347(98)01384-6
50499,wikipedia,https://doi.org/10.1016/s0169-5347(98)01384-6,https://en.wikipedia.org/api/rest_v1/page/html/Environmental_resource_management/823961198,478d1664-e3a8-4853-b669-1915e4636ece,2018-02-04 13:59:38,2018-02-04 09:02:14,references,36c35e23-8757-4a9d-aacf-345e9b7eb50d,https://creativecommons.org/publicdomain/zero/1.0/,https://doi.org/10.13003/CED-terms-of-use,,,https://evidence.eventdata.crossref.org/evidence/20180204-wikipedia-a827d662-8c3f-411a-9d58-bfd4e0e4b482,add,https://en.wikipedia.org/wiki/Environmental_resource_management,Environmental resource management,https://en.wikipedia.org/w/index.php?title=Environmental_resource_management&oldid=823961198,https://en.wikipedia.org/api/rest_v1/page/html/Environmental_resource_management/823961198,https://doi.org/10.1016/s0169-5347(98)01384-6,https://doi.org/10.1016/s0169-5347(98)01384-6
50500,wikipedia,https://doi.org/10.1016/s0169-5347(98)01384-6,https://en.wikipedia.org/api/rest_v1/page/html/Environmental_resource_management/835941281,f024b73c-6ec5-49ed-8de6-4ba3eb6e4158,2018-04-11 18:09:25,2018-04-11 14:12:02,references,36c35e23-8757-4a9d-aacf-345e9b7eb50d,https://creativecommons.org/publicdomain/zero/1.0/,https://doi.org/10.13003/CED-terms-of-use,,,https://evidence.eventdata.crossref.org/evidence/20180411-wikipedia-dc90a423-4052-491f-9526-28e6bea793f5,add,https://en.wikipedia.org/wiki/Environmental_resource_management,Environmental resource management,https://en.wikipedia.org/w/index.php?title=Environmental_resource_management&oldid=835941281,https://en.wikipedia.org/api/rest_v1/page/html/Environmental_resource_management/835941281,https://doi.org/10.1016/s0169-5347(98)01384-6,https://doi.org/10.1016/s0169-5347(98)01384-6
50501,wikipedia,https://doi.org/10.1016/s0169-5347(98)01384-6,https://en.wikipedia.org/api/rest_v1/page/html/Environmental_resource_management/835941617,304a6b4d-aa6f-45ce-99bb-d302551f3b5e,2018-04-11 18:12:11,2018-04-11 14:14:01,references,36c35e23-8757-4a9d-aacf-345e9b7eb50d,https://creativecommons.org/publicdomain/zero/1.0/,https://doi.org/10.13003/CED-terms-of-use,,,https://evidence.eventdata.crossref.org/evidence/20180411-wikipedia-980022ff-48df-47a2-996f-f6e00485247d,add,https://en.wikipedia.org/wiki/Environmental_resource_management,Environmental resource management,https://en.wikipedia.org/w/index.php?title=Environmental_resource_management&oldid=835941617,https://en.wikipedia.org/api/rest_v1/page/html/Environmental_resource_management/835941617,https://doi.org/10.1016/s0169-5347(98)01384-6,https://doi.org/10.1016/s0169-5347(98)01384-6
50502,wikipedia,https://doi.org/10.1016/s0169-5347(98)01384-6,https://en.wikipedia.org/api/rest_v1/page/html/Environmental_resource_management/841201929,d98d2c8a-a7fb-4f1a-9991-d2f02e6fc686,2018-05-14 15:50:48,2018-05-14 11:52:42,references,36c35e23-8757-4a9d-aacf-345e9b7eb50d,https://creativecommons.org/publicdomain/zero/1.0/,https://doi.org/10.13003/CED-terms-of-use,,,https://evidence.eventdata.crossref.org/evidence/20180514-wikipedia-95ed5904-5f4d-45fd-8de3-95b7d457c963,add,https://en.wikipedia.org/wiki/Environmental_resource_management,Environmental resource management,https://en.wikipedia.org/w/index.php?title=Environmental_resource_management&oldid=841201929,https://en.wikipedia.org/api/rest_v1/page/html/Environmental_resource_management/841201929,https://doi.org/10.1016/s0169-5347(98)01384-6,https://doi.org/10.1016/s0169-5347(98)01384-6
50503,wikipedia,https://doi.org/10.1016/s0169-5347(98)01384-6,https://en.wikipedia.org/api/rest_v1/page/html/Environmental_resource_management/841575514,83b7fc18-1962-41ff-bd97-0f5405435ee5,2018-05-16 17:40:11,2018-05-16 13:44:31,references,36c35e23-8757-4a9d-aacf-345e9b7eb50d,https://creativecommons.org/publicdomain/zero/1.0/,https://doi.org/10.13003/CED-terms-of-use,,,https://evidence.eventdata.crossref.org/evidence/20180516-wikipedia-c21616c2-2ed7-4b10-8165-eb25e0082f24,add,https://en.wikipedia.org/wiki/Environmental_resource_management,Environmental resource management,https://en.wikipedia.org/w/index.php?title=Environmental_resource_management&oldid=841575514,https://en.wikipedia.org/api/rest_v1/page/html/Environmental_resource_management/841575514,https://doi.org/10.1016/s0169-5347(98)01384-6,https://doi.org/10.1016/s0169-5347(98)01384-6
50504,wikipedia,https://doi.org/10.1016/s0169-5347(98)01384-6,https://en.wikipedia.org/api/rest_v1/page/html/Environmental_resource_management/857523088,bd378679-1301-40f2-971c-b67bfe0d8a4c,2018-09-01 05:57:00,2018-09-01 01:59:12,references,36c35e23-8757-4a9d-aacf-345e9b7eb50d,https://creativecommons.org/publicdomain/zero/1.0/,https://doi.org/10.13003/CED-terms-of-use,,,https://evidence.eventdata.crossref.org/evidence/20180901-wikipedia-3ee3ea8d-318b-42b3-9bcd-75e82e81d730,add,https://en.wikipedia.org/wiki/Environmental_resource_management,Environmental resource management,https://en.wikipedia.org/w/index.php?title=Environmental_resource_management&oldid=857523088,https://en.wikipedia.org/api/rest_v1/page/html/Environmental_resource_management/857523088,https://doi.org/10.1016/s0169-5347(98)01384-6,https://doi.org/10.1016/s0169-5347(98)01384-6
50505,wikipedia,https://doi.org/10.1016/s0169-5347(98)01384-6,https://en.wikipedia.org/api/rest_v1/page/html/Environmental_resource_management/857523126,9d62df65-4f28-416c-b3b1-f867c0fdad1f,2018-09-01 05:57:40,2018-09-01 01:59:15,references,36c35e23-8757-4a9d-aacf-345e9b7eb50d,https://creativecommons.org/publicdomain/zero/1.0/,https://doi.org/10.13003/CED-terms-of-use,,,https://evidence.eventdata.crossref.org/evidence/20180901-wikipedia-dd850ecd-acfe-4997-9d3e-f7afe183629d,add,https://en.wikipedia.org/wiki/Environmental_resource_management,Environmental resource management,https://en.wikipedia.org/w/index.php?title=Environmental_resource_management&oldid=857523126,https://en.wikipedia.org/api/rest_v1/page/html/Environmental_resource_management/857523126,https://doi.org/10.1016/s0169-5347(98)01384-6,https://doi.org/10.1016/s0169-5347(98)01384-6
50506,wikipedia,https://doi.org/10.1016/s0169-5347(98)01384-6,https://en.wikipedia.org/api/rest_v1/page/html/Environmental_resource_management/857523172,75b3e4d4-01d3-4afb-b8fe-2ddc769db0d0,2018-09-01 05:58:18,2018-09-01 02:01:51,references,36c35e23-8757-4a9d-aacf-345e9b7eb50d,https://creativecommons.org/publicdomain/zero/1.0/,https://doi.org/10.13003/CED-terms-of-use,,,https://evidence.eventdata.crossref.org/evidence/20180901-wikipedia-9302c06e-e7e5-49a1-b55e-f3437b1dacff,add,https://en.wikipedia.org/wiki/Environmental_resource_management,Environmental resource management,https://en.wikipedia.org/w/index.php?title=Environmental_resource_management&oldid=857523172,https://en.wikipedia.org/api/rest_v1/page/html/Environmental_resource_management/857523172,https://doi.org/10.1016/s0169-5347(98)01384-6,https://doi.org/10.1016/s0169-5347(98)01384-6
50507,wikipedia,https://doi.org/10.1016/s0169-5347(98)01384-6,https://en.wikipedia.org/api/rest_v1/page/html/Environmental_resource_management/857608118,70b6a42c-b0f1-4a07-8511-1fb9b342c568,2018-09-01 20:39:25,2018-09-01 16:41:01,references,36c35e23-8757-4a9d-aacf-345e9b7eb50d,https://creativecommons.org/publicdomain/zero/1.0/,https://doi.org/10.13003/CED-terms-of-use,,,https://evidence.eventdata.crossref.org/evidence/20180901-wikipedia-5ea5274a-df0f-4554-b094-2b816d46d52d,add,https://en.wikipedia.org/wiki/Environmental_resource_management,Environmental resource management,https://en.wikipedia.org/w/index.php?title=Environmental_resource_management&oldid=857608118,https://en.wikipedia.org/api/rest_v1/page/html/Environmental_resource_management/857608118,https://doi.org/10.1016/s0169-5347(98)01384-6,https://doi.org/10.1016/s0169-5347(98)01384-6
50508,wikipedia,https://doi.org/10.1016/s0169-5347(98)01384-6,https://en.wikipedia.org/api/rest_v1/page/html/Environmental_resource_management/857608245,c3626e81-936d-4c01-ae55-c5f7dc902d47,2018-09-01 20:40:35,2018-09-01 16:42:31,references,36c35e23-8757-4a9d-aacf-345e9b7eb50d,https://creativecommons.org/publicdomain/zero/1.0/,https://doi.org/10.13003/CED-terms-of-use,,,https://evidence.eventdata.crossref.org/evidence/20180901-wikipedia-d39022d1-e6e7-4510-9105-effcb5e4c564,add,https://en.wikipedia.org/wiki/Environmental_resource_management,Environmental resource management,https://en.wikipedia.org/w/index.php?title=Environmental_resource_management&oldid=857608245,https://en.wikipedia.org/api/rest_v1/page/html/Environmental_resource_management/857608245,https://doi.org/10.1016/s0169-5347(98)01384-6,https://doi.org/10.1016/s0169-5347(98)01384-6
50509,wikipedia,https://doi.org/10.1016/s0169-5347(98)01384-6,https://en.wikipedia.org/api/rest_v1/page/html/Environmental_resource_management/868176373,5283f120-55ad-45c3-9251-3e2644fb892b,2018-11-10 14:03:47,2018-11-10 09:13:25,references,36c35e23-8757-4a9d-aacf-345e9b7eb50d,https://creativecommons.org/publicdomain/zero/1.0/,https://doi.org/10.13003/CED-terms-of-use,,,https://evidence.eventdata.crossref.org/evidence/20181110-wikipedia-640076a1-622a-4e00-9a41-738bf4040b7a,add,https://en.wikipedia.org/wiki/Environmental_resource_management,Environmental resource management,https://en.wikipedia.org/w/index.php?title=Environmental_resource_management&oldid=868176373,https://en.wikipedia.org/api/rest_v1/page/html/Environmental_resource_management/868176373,https://doi.org/10.1016/s0169-5347(98)01384-6,https://doi.org/10.1016/s0169-5347(98)01384-6
50510,wikipedia,https://doi.org/10.1016/s0169-5347(98)01384-6,https://en.wikipedia.org/api/rest_v1/page/html/Environmental_resource_management/873929749,8daa36ee-2846-42e8-99ce-18a0853627ea,2018-12-16 00:41:53,2018-12-15 19:45:13,references,36c35e23-8757-4a9d-aacf-345e9b7eb50d,https://creativecommons.org/publicdomain/zero/1.0/,https://doi.org/10.13003/CED-terms-of-use,,,https://evidence.eventdata.crossref.org/evidence/20181216-wikipedia-0016b8a4-5577-4542-af47-dbece4b4eb67,add,https://en.wikipedia.org/wiki/Environmental_resource_management,Environmental resource management,https://en.wikipedia.org/w/index.php?title=Environmental_resource_management&oldid=873929749,https://en.wikipedia.org/api/rest_v1/page/html/Environmental_resource_management/873929749,https://doi.org/10.1016/s0169-5347(98)01384-6,https://doi.org/10.1016/s0169-5347(98)01384-6
50511,wikipedia,https://doi.org/10.1016/s0169-5347(98)01384-6,https://en.wikipedia.org/api/rest_v1/page/html/Environmental_resource_management/883334540,edfaabdf-1c80-4f4d-8529-08c7862053e7,2019-02-14 19:48:10,2019-02-14 14:52:37,references,36c35e23-8757-4a9d-aacf-345e9b7eb50d,https://creativecommons.org/publicdomain/zero/1.0/,https://doi.org/10.13003/CED-terms-of-use,,,https://evidence.eventdata.crossref.org/evidence/20190214-wikipedia-e0c460d0-7290-4cea-8eb4-4eef5053ab1b,add,https://en.wikipedia.org/wiki/Environmental_resource_management,Environmental resource management,https://en.wikipedia.org/w/index.php?title=Environmental_resource_management&oldid=883334540,https://en.wikipedia.org/api/rest_v1/page/html/Environmental_resource_management/883334540,https://doi.org/10.1016/s0169-5347(98)01384-6,https://doi.org/10.1016/s0169-5347(98)01384-6
50512,wikipedia,https://doi.org/10.1016/s0169-5347(98)01384-6,https://en.wikipedia.org/api/rest_v1/page/html/Environmental_resource_management/883334671,e433e96a-399e-448f-bde6-293ecd33462b,2019-02-14 19:49:18,2019-02-14 14:56:13,references,36c35e23-8757-4a9d-aacf-345e9b7eb50d,https://creativecommons.org/publicdomain/zero/1.0/,https://doi.org/10.13003/CED-terms-of-use,,,https://evidence.eventdata.crossref.org/evidence/20190214-wikipedia-052f9466-fda0-41e7-a2d5-040f702e60dd,add,https://en.wikipedia.org/wiki/Environmental_resource_management,Environmental resource management,https://en.wikipedia.org/w/index.php?title=Environmental_resource_management&oldid=883334671,https://en.wikipedia.org/api/rest_v1/page/html/Environmental_resource_management/883334671,https://doi.org/10.1016/s0169-5347(98)01384-6,https://doi.org/10.1016/s0169-5347(98)01384-6
50513,wikipedia,https://doi.org/10.1016/s0169-5347(98)01384-6,https://en.wikipedia.org/api/rest_v1/page/html/Environmental_resource_management/883334970,80bcd8a0-0ffb-479b-9c6e-c8520de5d24f,2019-02-14 19:51:47,2019-02-14 14:57:34,references,36c35e23-8757-4a9d-aacf-345e9b7eb50d,https://creativecommons.org/publicdomain/zero/1.0/,https://doi.org/10.13003/CED-terms-of-use,,,https://evidence.eventdata.crossref.org/evidence/20190214-wikipedia-4a789346-1881-44e2-aa36-bb7596848123,add,https://en.wikipedia.org/wiki/Environmental_resource_management,Environmental resource management,https://en.wikipedia.org/w/index.php?title=Environmental_resource_management&oldid=883334970,https://en.wikipedia.org/api/rest_v1/page/html/Environmental_resource_management/883334970,https://doi.org/10.1016/s0169-5347(98)01384-6,https://doi.org/10.1016/s0169-5347(98)01384-6
50514,wikipedia,https://doi.org/10.1016/s0169-5347(98)01384-6,https://en.wikipedia.org/api/rest_v1/page/html/Environmental_resource_management/883335065,ce3b11a9-172a-4689-b54c-6f3a6d10b3aa,2019-02-14 19:52:39,2019-02-14 14:58:45,references,36c35e23-8757-4a9d-aacf-345e9b7eb50d,https://creativecommons.org/publicdomain/zero/1.0/,https://doi.org/10.13003/CED-terms-of-use,,,https://evidence.eventdata.crossref.org/evidence/20190214-wikipedia-46d6094d-1c2e-4af7-b9d8-87359d0ebd59,add,https://en.wikipedia.org/wiki/Environmental_resource_management,Environmental resource management,https://en.wikipedia.org/w/index.php?title=Environmental_resource_management&oldid=883335065,https://en.wikipedia.org/api/rest_v1/page/html/Environmental_resource_management/883335065,https://doi.org/10.1016/s0169-5347(98)01384-6,https://doi.org/10.1016/s0169-5347(98)01384-6
50515,wikipedia,https://doi.org/10.1016/s0169-5347(98)01384-6,https://en.wikipedia.org/api/rest_v1/page/html/Environmental_resource_management/883334640,8be43052-3a1d-4561-8ee8-637423c23f83,2019-02-14 19:49:04,2019-02-14 14:58:48,references,36c35e23-8757-4a9d-aacf-345e9b7eb50d,https://creativecommons.org/publicdomain/zero/1.0/,https://doi.org/10.13003/CED-terms-of-use,,,https://evidence.eventdata.crossref.org/evidence/20190214-wikipedia-6b90cfd0-8ab3-4eba-a85f-045fe46c85bd,add,https://en.wikipedia.org/wiki/Environmental_resource_management,Environmental resource management,https://en.wikipedia.org/w/index.php?title=Environmental_resource_management&oldid=883334640,https://en.wikipedia.org/api/rest_v1/page/html/Environmental_resource_management/883334640,https://doi.org/10.1016/s0169-5347(98)01384-6,https://doi.org/10.1016/s0169-5347(98)01384-6
50516,wikipedia,https://doi.org/10.1016/s0169-5347(98)01384-6,https://en.wikipedia.org/api/rest_v1/page/html/Environmental_resource_management/883334930,9863214d-7c98-4e0f-8d84-d5f4e40e4135,2019-02-14 19:51:26,2019-02-14 15:00:18,references,36c35e23-8757-4a9d-aacf-345e9b7eb50d,https://creativecommons.org/publicdomain/zero/1.0/,https://doi.org/10.13003/CED-terms-of-use,,,https://evidence.eventdata.crossref.org/evidence/20190214-wikipedia-525537c7-415d-4469-8728-07147e03b3e7,add,https://en.wikipedia.org/wiki/Environmental_resource_management,Environmental resource management,https://en.wikipedia.org/w/index.php?title=Environmental_resource_management&oldid=883334930,https://en.wikipedia.org/api/rest_v1/page/html/Environmental_resource_management/883334930,https://doi.org/10.1016/s0169-5347(98)01384-6,https://doi.org/10.1016/s0169-5347(98)01384-6
50517,wikipedia,https://doi.org/10.1016/s0169-5347(98)01384-6,https://en.wikipedia.org/api/rest_v1/page/html/Environmental_resource_management/883335228,751b1c29-ff8a-4109-9c39-49614d3a1373,2019-02-14 19:53:48,2019-02-14 15:03:54,references,36c35e23-8757-4a9d-aacf-345e9b7eb50d,https://creativecommons.org/publicdomain/zero/1.0/,https://doi.org/10.13003/CED-terms-of-use,,,https://evidence.eventdata.crossref.org/evidence/20190214-wikipedia-644b3b0d-312c-43fa-89ca-0d5c5d6f1bb7,add,https://en.wikipedia.org/wiki/Environmental_resource_management,Environmental resource management,https://en.wikipedia.org/w/index.php?title=Environmental_resource_management&oldid=883335228,https://en.wikipedia.org/api/rest_v1/page/html/Environmental_resource_management/883335228,https://doi.org/10.1016/s0169-5347(98)01384-6,https://doi.org/10.1016/s0169-5347(98)01384-6
50518,wikipedia,https://doi.org/10.1016/s0169-5347(98)01384-6,https://en.wikipedia.org/api/rest_v1/page/html/Environmental_resource_management/883716739,8917f5fb-b482-46f3-a2b0-da6a240b85ff,2019-02-17 04:15:20,2019-02-16 23:23:07,references,36c35e23-8757-4a9d-aacf-345e9b7eb50d,https://creativecommons.org/publicdomain/zero/1.0/,https://doi.org/10.13003/CED-terms-of-use,,,https://evidence.eventdata.crossref.org/evidence/20190217-wikipedia-26a3c26b-ca7c-460b-acd9-28863ef5270f,add,https://en.wikipedia.org/wiki/Environmental_resource_management,Environmental resource management,https://en.wikipedia.org/w/index.php?title=Environmental_resource_management&oldid=883716739,https://en.wikipedia.org/api/rest_v1/page/html/Environmental_resource_management/883716739,https://doi.org/10.1016/s0169-5347(98)01384-6,https://doi.org/10.1016/s0169-5347(98)01384-6
50519,wikipedia,https://doi.org/10.1016/s0169-5347(98)01384-6,https://en.wikipedia.org/api/rest_v1/page/html/Environmental_resource_management/888936969,7a4d5ffc-4cfb-4969-b6f3-6d0c02a5c4d6,2019-03-22 10:26:32,2019-03-25 06:54:22,references,36c35e23-8757-4a9d-aacf-345e9b7eb50d,https://creativecommons.org/publicdomain/zero/1.0/,https://doi.org/10.13003/CED-terms-of-use,,,https://evidence.eventdata.crossref.org/evidence/20190322-wikipedia-c02cb3bf-16b3-475c-840e-a9088d5fbf16,add,https://en.wikipedia.org/wiki/Environmental_resource_management,Environmental resource management,https://en.wikipedia.org/w/index.php?title=Environmental_resource_management&oldid=888936969,https://en.wikipedia.org/api/rest_v1/page/html/Environmental_resource_management/888936969,https://doi.org/10.1016/s0169-5347(98)01384-6,https://doi.org/10.1016/s0169-5347(98)01384-6
50520,wikipedia,https://doi.org/10.1016/s0169-5347(98)01384-6,https://en.wikipedia.org/api/rest_v1/page/html/Environmental_resource_management/888937079,f2cc857f-0c90-4840-a7f8-e11618f7058a,2019-03-22 10:28:09,2019-03-25 06:54:58,references,36c35e23-8757-4a9d-aacf-345e9b7eb50d,https://creativecommons.org/publicdomain/zero/1.0/,https://doi.org/10.13003/CED-terms-of-use,,,https://evidence.eventdata.crossref.org/evidence/20190322-wikipedia-e4dd2118-94fb-4b07-88d2-a287586b05ac,add,https://en.wikipedia.org/wiki/Environmental_resource_management,Environmental resource management,https://en.wikipedia.org/w/index.php?title=Environmental_resource_management&oldid=888937079,https://en.wikipedia.org/api/rest_v1/page/html/Environmental_resource_management/888937079,https://doi.org/10.1016/s0169-5347(98)01384-6,https://doi.org/10.1016/s0169-5347(98)01384-6
50521,wikipedia,https://doi.org/10.1016/s0169-5347(98)01384-6,https://en.wikipedia.org/api/rest_v1/page/html/Environmental_resource_management/888936936,8d743a1c-38df-4ace-8eb3-d7e72da462e2,2019-03-22 10:26:03,2019-03-25 07:08:32,references,36c35e23-8757-4a9d-aacf-345e9b7eb50d,https://creativecommons.org/publicdomain/zero/1.0/,https://doi.org/10.13003/CED-terms-of-use,,,https://evidence.eventdata.crossref.org/evidence/20190322-wikipedia-ac2c99d2-663a-4c61-9bd4-468f0c384962,add,https://en.wikipedia.org/wiki/Environmental_resource_management,Environmental resource management,https://en.wikipedia.org/w/index.php?title=Environmental_resource_management&oldid=888936936,https://en.wikipedia.org/api/rest_v1/page/html/Environmental_resource_management/888936936,https://doi.org/10.1016/s0169-5347(98)01384-6,https://doi.org/10.1016/s0169-5347(98)01384-6
50522,wikipedia,https://doi.org/10.1016/s0169-5347(98)01384-6,https://en.wikipedia.org/api/rest_v1/page/html/Environmental_resource_management/888937033,ee60a5e5-2de0-4b84-93c0-9f8b3f7760db,2019-03-22 10:27:24,2019-03-25 07:35:20,references,36c35e23-8757-4a9d-aacf-345e9b7eb50d,https://creativecommons.org/publicdomain/zero/1.0/,https://doi.org/10.13003/CED-terms-of-use,,,https://evidence.eventdata.crossref.org/evidence/20190322-wikipedia-322e679d-6f0d-4d26-b8d7-2c1541e4d9f3,add,https://en.wikipedia.org/wiki/Environmental_resource_management,Environmental resource management,https://en.wikipedia.org/w/index.php?title=Environmental_resource_management&oldid=888937033,https://en.wikipedia.org/api/rest_v1/page/html/Environmental_resource_management/888937033,https://doi.org/10.1016/s0169-5347(98)01384-6,https://doi.org/10.1016/s0169-5347(98)01384-6
50523,wikipedia,https://doi.org/10.1016/s0169-5347(98)01384-6,https://en.wikipedia.org/api/rest_v1/page/html/Environmental_resource_management/905277276,ff984fb7-9aa6-4fcb-846f-837be38f7a0d,2019-07-08 02:44:00,2019-07-07 22:49:56,references,36c35e23-8757-4a9d-aacf-345e9b7eb50d,https://creativecommons.org/publicdomain/zero/1.0/,https://doi.org/10.13003/CED-terms-of-use,,,https://evidence.eventdata.crossref.org/evidence/20190708-wikipedia-960d9155-2637-4cfb-bcf5-a806667c0664,add,https://en.wikipedia.org/wiki/Environmental_resource_management,Environmental resource management,https://en.wikipedia.org/w/index.php?title=Environmental_resource_management&oldid=905277276,https://en.wikipedia.org/api/rest_v1/page/html/Environmental_resource_management/905277276,https://doi.org/10.1016/s0169-5347(98)01384-6,https://doi.org/10.1016/s0169-5347(98)01384-6
50524,wikipedia,https://doi.org/10.1016/s0169-5347(98)01384-6,https://en.wikipedia.org/api/rest_v1/page/html/Environmental_resource_management/906551715,b0299981-6435-47ee-b974-9ac88606c115,2019-07-16 15:59:15,2019-07-16 12:14:13,references,36c35e23-8757-4a9d-aacf-345e9b7eb50d,https://creativecommons.org/publicdomain/zero/1.0/,https://doi.org/10.13003/CED-terms-of-use,,,https://evidence.eventdata.crossref.org/evidence/20190716-wikipedia-08b22ef0-d566-4cb0-bc00-d81ae75c9b0f,add,https://en.wikipedia.org/wiki/Environmental_resource_management,Environmental resource management,https://en.wikipedia.org/w/index.php?title=Environmental_resource_management&oldid=906551715,https://en.wikipedia.org/api/rest_v1/page/html/Environmental_resource_management/906551715,https://doi.org/10.1016/s0169-5347(98)01384-6,https://doi.org/10.1016/s0169-5347(98)01384-6
50525,wikipedia,https://doi.org/10.1016/s0169-5347(98)01384-6,https://en.wikipedia.org/api/rest_v1/page/html/Environmental_resource_management/908743375,bff72485-e0be-448f-8125-4a06ad2b6d5b,2019-07-31 17:56:07,2019-07-31 14:09:25,references,36c35e23-8757-4a9d-aacf-345e9b7eb50d,https://creativecommons.org/publicdomain/zero/1.0/,https://doi.org/10.13003/CED-terms-of-use,,,https://evidence.eventdata.crossref.org/evidence/20190731-wikipedia-97b14972-7c33-46bd-bbe1-5592628d75b5,add,https://en.wikipedia.org/wiki/Environmental_resource_management,Environmental resource management,https://en.wikipedia.org/w/index.php?title=Environmental_resource_management&oldid=908743375,https://en.wikipedia.org/api/rest_v1/page/html/Environmental_resource_management/908743375,https://doi.org/10.1016/s0169-5347(98)01384-6,https://doi.org/10.1016/s0169-5347(98)01384-6
50526,wikipedia,https://doi.org/10.1016/s0169-5347(98)01384-6,https://en.wikipedia.org/api/rest_v1/page/html/Environmental_resource_management/908984963,656786b5-2cd2-48c7-b6ac-3d058b4a5fc7,2019-08-02 09:04:37,2019-08-02 09:38:15,references,36c35e23-8757-4a9d-aacf-345e9b7eb50d,https://creativecommons.org/publicdomain/zero/1.0/,https://doi.org/10.13003/CED-terms-of-use,,,https://evidence.eventdata.crossref.org/evidence/20190802-wikipedia-11d4ca69-c7c3-41da-a4ab-ae848c9f3df5,add,https://en.wikipedia.org/wiki/Environmental_resource_management,Environmental resource management,https://en.wikipedia.org/w/index.php?title=Environmental_resource_management&oldid=908984963,https://en.wikipedia.org/api/rest_v1/page/html/Environmental_resource_management/908984963,https://doi.org/10.1016/s0169-5347(98)01384-6,https://doi.org/10.1016/s0169-5347(98)01384-6
50527,wikipedia,https://doi.org/10.1016/s0169-5347(98)01384-6,https://en.wikipedia.org/api/rest_v1/page/html/Environmental_resource_management/909905674,16917f90-661a-4323-9b02-135e6615af3f,2019-08-08 11:35:47,2019-08-10 10:25:19,references,36c35e23-8757-4a9d-aacf-345e9b7eb50d,https://creativecommons.org/publicdomain/zero/1.0/,https://doi.org/10.13003/CED-terms-of-use,,,https://evidence.eventdata.crossref.org/evidence/20190808-wikipedia-bb18ac00-6e29-4f74-b195-46a3513bad2e,add,https://en.wikipedia.org/wiki/Environmental_resource_management,Environmental resource management,https://en.wikipedia.org/w/index.php?title=Environmental_resource_management&oldid=909905674,https://en.wikipedia.org/api/rest_v1/page/html/Environmental_resource_management/909905674,https://doi.org/10.1016/s0169-5347(98)01384-6,https://doi.org/10.1016/s0169-5347(98)01384-6
50528,wikipedia,https://doi.org/10.1016/s0169-5347(98)01384-6,https://en.wikipedia.org/api/rest_v1/page/html/Environmental_resource_management/910029897,d0cab1a6-cb4c-4f0f-a9ae-2ff015afcf20,2019-08-09 06:14:20,2019-08-11 00:12:27,references,36c35e23-8757-4a9d-aacf-345e9b7eb50d,https://creativecommons.org/publicdomain/zero/1.0/,https://doi.org/10.13003/CED-terms-of-use,,,https://evidence.eventdata.crossref.org/evidence/20190809-wikipedia-9ede8332-3fd7-4d75-b34e-ece6eec6c21a,add,https://en.wikipedia.org/wiki/Environmental_resource_management,Environmental resource management,https://en.wikipedia.org/w/index.php?title=Environmental_resource_management&oldid=910029897,https://en.wikipedia.org/api/rest_v1/page/html/Environmental_resource_management/910029897,https://doi.org/10.1016/s0169-5347(98)01384-6,https://doi.org/10.1016/s0169-5347(98)01384-6
50529,wikipedia,https://doi.org/10.1016/s0169-5347(98)01384-6,https://en.wikipedia.org/api/rest_v1/page/html/Environmental_resource_management/912976201,ae1261af-5e3a-4a04-86c9-59d7a47cdf0a,2019-08-29 02:56:05,2019-08-28 23:05:39,references,36c35e23-8757-4a9d-aacf-345e9b7eb50d,https://creativecommons.org/publicdomain/zero/1.0/,https://doi.org/10.13003/CED-terms-of-use,,,https://evidence.eventdata.crossref.org/evidence/20190829-wikipedia-845ceb92-298d-4ebe-9838-3f08cb4cabd3,add,https://en.wikipedia.org/wiki/Environmental_resource_management,Environmental resource management,https://en.wikipedia.org/w/index.php?title=Environmental_resource_management&oldid=912976201,https://en.wikipedia.org/api/rest_v1/page/html/Environmental_resource_management/912976201,https://doi.org/10.1016/s0169-5347(98)01384-6,https://doi.org/10.1016/s0169-5347(98)01384-6
50530,wikipedia,https://doi.org/10.1016/s0169-5347(98)01384-6,https://en.wikipedia.org/api/rest_v1/page/html/Environmental_resource_management/915139500,281022a9-e53a-49c2-a8a4-448f9e8814e6,2019-09-11 13:05:04,2019-09-11 09:15:27,references,36c35e23-8757-4a9d-aacf-345e9b7eb50d,https://creativecommons.org/publicdomain/zero/1.0/,https://doi.org/10.13003/CED-terms-of-use,,,https://evidence.eventdata.crossref.org/evidence/20190911-wikipedia-4d4400ab-0025-4fb7-a1b2-8095fb83527e,add,https://en.wikipedia.org/wiki/Environmental_resource_management,Environmental resource management,https://en.wikipedia.org/w/index.php?title=Environmental_resource_management&oldid=915139500,https://en.wikipedia.org/api/rest_v1/page/html/Environmental_resource_management/915139500,https://doi.org/10.1016/s0169-5347(98)01384-6,https://doi.org/10.1016/s0169-5347(98)01384-6
50531,wikipedia,https://doi.org/10.1016/s0169-5347(98)01384-6,https://en.wikipedia.org/api/rest_v1/page/html/Environmental_resource_management/916645756,d6326f5a-2ab1-48ab-841b-e2d9eb34729a,2019-09-19 22:46:13,2019-09-19 18:54:15,references,36c35e23-8757-4a9d-aacf-345e9b7eb50d,https://creativecommons.org/publicdomain/zero/1.0/,https://doi.org/10.13003/CED-terms-of-use,,,https://evidence.eventdata.crossref.org/evidence/20190919-wikipedia-84f765a9-3e4d-4974-ad44-0b0dc0a4a573,add,https://en.wikipedia.org/wiki/Environmental_resource_management,Environmental resource management,https://en.wikipedia.org/w/index.php?title=Environmental_resource_management&oldid=916645756,https://en.wikipedia.org/api/rest_v1/page/html/Environmental_resource_management/916645756,https://doi.org/10.1016/s0169-5347(98)01384-6,https://doi.org/10.1016/s0169-5347(98)01384-6
50532,wikipedia,https://doi.org/10.1016/s0169-5347(98)01384-6,https://en.wikipedia.org/api/rest_v1/page/html/Environmental_resource_management/917529645,d2ef73bb-0dec-4b22-95e5-10d2756851d4,2019-09-24 07:35:48,2019-09-24 03:56:22,references,36c35e23-8757-4a9d-aacf-345e9b7eb50d,https://creativecommons.org/publicdomain/zero/1.0/,https://doi.org/10.13003/CED-terms-of-use,,,https://evidence.eventdata.crossref.org/evidence/20190924-wikipedia-fe0b3f58-2ed5-4bb0-8b0e-f7922fb7c4de,add,https://en.wikipedia.org/wiki/Environmental_resource_management,Environmental resource management,https://en.wikipedia.org/w/index.php?title=Environmental_resource_management&oldid=917529645,https://en.wikipedia.org/api/rest_v1/page/html/Environmental_resource_management/917529645,https://doi.org/10.1016/s0169-5347(98)01384-6,https://doi.org/10.1016/s0169-5347(98)01384-6
50533,wikipedia,https://doi.org/10.1016/s0169-5347(98)01384-6,https://en.wikipedia.org/api/rest_v1/page/html/Environmental_resource_management/920779027,15d21286-1c23-41af-94ee-1e312b4dbe0e,2019-10-11 20:11:48,2019-10-11 16:19:10,references,36c35e23-8757-4a9d-aacf-345e9b7eb50d,https://creativecommons.org/publicdomain/zero/1.0/,https://doi.org/10.13003/CED-terms-of-use,,,https://evidence.eventdata.crossref.org/evidence/20191011-wikipedia-4b6ee836-99d1-4287-99c8-5dfa2ed3a811,add,https://en.wikipedia.org/wiki/Environmental_resource_management,Environmental resource management,https://en.wikipedia.org/w/index.php?title=Environmental_resource_management&oldid=920779027,https://en.wikipedia.org/api/rest_v1/page/html/Environmental_resource_management/920779027,https://doi.org/10.1016/s0169-5347(98)01384-6,https://doi.org/10.1016/s0169-5347(98)01384-6
50534,wikipedia,https://doi.org/10.1016/s0169-5347(98)01384-6,https://en.wikipedia.org/api/rest_v1/page/html/Environmental_resource_management/924382855,b45c3ae3-e9fb-4fb5-ac0c-e34b47837371,2019-11-03 14:41:15,2019-11-03 09:54:10,references,36c35e23-8757-4a9d-aacf-345e9b7eb50d,https://creativecommons.org/publicdomain/zero/1.0/,https://doi.org/10.13003/CED-terms-of-use,,,https://evidence.eventdata.crossref.org/evidence/20191103-wikipedia-11199ab3-c01a-4cbe-a365-16a564d18dc9,add,https://en.wikipedia.org/wiki/Environmental_resource_management,Environmental resource management,https://en.wikipedia.org/w/index.php?title=Environmental_resource_management&oldid=924382855,https://en.wikipedia.org/api/rest_v1/page/html/Environmental_resource_management/924382855,https://doi.org/10.1016/s0169-5347(98)01384-6,https://doi.org/10.1016/s0169-5347(98)01384-6
50535,wikipedia,https://doi.org/10.1016/s0169-5347(98)01384-6,https://en.wikipedia.org/api/rest_v1/page/html/Environmental_resource_management/930628634,9ee1343c-2db0-4342-93a8-7fb402ab1770,2019-12-13 20:08:25,2019-12-17 01:03:41,references,36c35e23-8757-4a9d-aacf-345e9b7eb50d,https://creativecommons.org/publicdomain/zero/1.0/,https://doi.org/10.13003/CED-terms-of-use,,,https://evidence.eventdata.crossref.org/evidence/20191213-wikipedia-a2426472-b718-49b9-8176-87191d5b66e5,add,https://en.wikipedia.org/wiki/Environmental_resource_management,Environmental resource management,https://en.wikipedia.org/w/index.php?title=Environmental_resource_management&oldid=930628634,https://en.wikipedia.org/api/rest_v1/page/html/Environmental_resource_management/930628634,https://doi.org/10.1016/s0169-5347(98)01384-6,https://doi.org/10.1016/s0169-5347(98)01384-6
50536,wikipedia,https://doi.org/10.1016/s0169-5347(98)01384-6,https://en.wikipedia.org/api/rest_v1/page/html/Environmental_resource_management/935113654,9072a20b-c58f-4f1f-bbf0-76f4bd9e1736,2020-01-10 15:34:55,2020-01-10 10:45:47,references,36c35e23-8757-4a9d-aacf-345e9b7eb50d,https://creativecommons.org/publicdomain/zero/1.0/,https://doi.org/10.13003/CED-terms-of-use,,,https://evidence.eventdata.crossref.org/evidence/20200110-wikipedia-d583638d-7dff-4034-9d63-9a15f02e8d7e,add,https://en.wikipedia.org/wiki/Environmental_resource_management,Environmental resource management,https://en.wikipedia.org/w/index.php?title=Environmental_resource_management&oldid=935113654,https://en.wikipedia.org/api/rest_v1/page/html/Environmental_resource_management/935113654,https://doi.org/10.1016/s0169-5347(98)01384-6,https://doi.org/10.1016/s0169-5347(98)01384-6
50537,wikipedia,https://doi.org/10.1016/s0169-5347(98)01384-6,https://en.wikipedia.org/api/rest_v1/page/html/Environmental_resource_management/935114266,76f8206b-4f37-41d6-aa64-cde1d3a43c07,2020-01-10 15:39:40,2020-01-10 10:51:49,references,36c35e23-8757-4a9d-aacf-345e9b7eb50d,https://creativecommons.org/publicdomain/zero/1.0/,https://doi.org/10.13003/CED-terms-of-use,,,https://evidence.eventdata.crossref.org/evidence/20200110-wikipedia-e449a39f-b02c-4af2-823b-f9d030c6ecde,add,https://en.wikipedia.org/wiki/Environmental_resource_management,Environmental resource management,https://en.wikipedia.org/w/index.php?title=Environmental_resource_management&oldid=935114266,https://en.wikipedia.org/api/rest_v1/page/html/Environmental_resource_management/935114266,https://doi.org/10.1016/s0169-5347(98)01384-6,https://doi.org/10.1016/s0169-5347(98)01384-6
50538,wikipedia,https://doi.org/10.1016/s0169-5347(98)01384-6,https://en.wikipedia.org/api/rest_v1/page/html/Environmental_resource_management/935117739,dbde7e98-6d6a-47bd-befe-ef4d7530b308,2020-01-10 16:08:37,2020-01-10 11:14:06,references,36c35e23-8757-4a9d-aacf-345e9b7eb50d,https://creativecommons.org/publicdomain/zero/1.0/,https://doi.org/10.13003/CED-terms-of-use,,,https://evidence.eventdata.crossref.org/evidence/20200110-wikipedia-773c58d3-41f0-4cc2-9dc5-eb661c6a6912,add,https://en.wikipedia.org/wiki/Environmental_resource_management,Environmental resource management,https://en.wikipedia.org/w/index.php?title=Environmental_resource_management&oldid=935117739,https://en.wikipedia.org/api/rest_v1/page/html/Environmental_resource_management/935117739,https://doi.org/10.1016/s0169-5347(98)01384-6,https://doi.org/10.1016/s0169-5347(98)01384-6
50539,wikipedia,https://doi.org/10.1016/s0169-5347(98)01384-6,https://en.wikipedia.org/api/rest_v1/page/html/Environmental_resource_management/935116875,28eabb85-0522-4e93-ba12-8ee2646aded7,2020-01-10 16:01:35,2020-01-10 11:15:22,references,36c35e23-8757-4a9d-aacf-345e9b7eb50d,https://creativecommons.org/publicdomain/zero/1.0/,https://doi.org/10.13003/CED-terms-of-use,,,https://evidence.eventdata.crossref.org/evidence/20200110-wikipedia-fb9d3b8a-10ab-4a2a-9c25-66b01dbe56af,add,https://en.wikipedia.org/wiki/Environmental_resource_management,Environmental resource management,https://en.wikipedia.org/w/index.php?title=Environmental_resource_management&oldid=935116875,https://en.wikipedia.org/api/rest_v1/page/html/Environmental_resource_management/935116875,https://doi.org/10.1016/s0169-5347(98)01384-6,https://doi.org/10.1016/s0169-5347(98)01384-6
50540,wikipedia,https://doi.org/10.1016/s0169-5347(98)01384-6,https://en.wikipedia.org/api/rest_v1/page/html/Environmental_resource_management/935117038,a8983c75-51e3-4c4a-a95b-7ab0b115516a,2020-01-10 16:02:51,2020-01-10 11:30:53,references,36c35e23-8757-4a9d-aacf-345e9b7eb50d,https://creativecommons.org/publicdomain/zero/1.0/,https://doi.org/10.13003/CED-terms-of-use,,,https://evidence.eventdata.crossref.org/evidence/20200110-wikipedia-ed48607e-9a13-49d4-bde4-7925c336f9a7,add,https://en.wikipedia.org/wiki/Environmental_resource_management,Environmental resource management,https://en.wikipedia.org/w/index.php?title=Environmental_resource_management&oldid=935117038,https://en.wikipedia.org/api/rest_v1/page/html/Environmental_resource_management/935117038,https://doi.org/10.1016/s0169-5347(98)01384-6,https://doi.org/10.1016/s0169-5347(98)01384-6
50541,wikipedia,https://doi.org/10.1016/s0169-5347(98)01384-6,https://en.wikipedia.org/api/rest_v1/page/html/Environmental_resource_management/935677533,ff077648-c910-4276-a1a9-c5697d90e9ac,2020-01-14 01:44:30,2020-01-13 20:57:09,references,36c35e23-8757-4a9d-aacf-345e9b7eb50d,https://creativecommons.org/publicdomain/zero/1.0/,https://doi.org/10.13003/CED-terms-of-use,,,https://evidence.eventdata.crossref.org/evidence/20200114-wikipedia-7ccb39ef-2179-452b-a968-457cb025b652,add,https://en.wikipedia.org/wiki/Environmental_resource_management,Environmental resource management,https://en.wikipedia.org/w/index.php?title=Environmental_resource_management&oldid=935677533,https://en.wikipedia.org/api/rest_v1/page/html/Environmental_resource_management/935677533,https://doi.org/10.1016/s0169-5347(98)01384-6,https://doi.org/10.1016/s0169-5347(98)01384-6
50542,wikipedia,https://doi.org/10.1016/s0169-5347(98)01384-6,https://en.wikipedia.org/api/rest_v1/page/html/Environmental_resource_management/936955577,4e226c2a-4b2e-41d2-b6ee-5e7316d26026,2020-01-22 01:40:41,2020-01-21 20:46:44,references,36c35e23-8757-4a9d-aacf-345e9b7eb50d,https://creativecommons.org/publicdomain/zero/1.0/,https://doi.org/10.13003/CED-terms-of-use,,,https://evidence.eventdata.crossref.org/evidence/20200122-wikipedia-73379278-5b2e-48c5-945d-036ea791a715,add,https://en.wikipedia.org/wiki/Environmental_resource_management,Environmental resource management,https://en.wikipedia.org/w/index.php?title=Environmental_resource_management&oldid=936955577,https://en.wikipedia.org/api/rest_v1/page/html/Environmental_resource_management/936955577,https://doi.org/10.1016/s0169-5347(98)01384-6,https://doi.org/10.1016/s0169-5347(98)01384-6
50543,wikipedia,https://doi.org/10.1016/s0169-5347(98)01384-6,https://en.wikipedia.org/api/rest_v1/page/html/Environmental_resource_management/937048442,0c32ec83-d874-401f-b1e6-4088dd11193a,2020-01-22 16:51:09,2020-01-22 11:58:12,references,36c35e23-8757-4a9d-aacf-345e9b7eb50d,https://creativecommons.org/publicdomain/zero/1.0/,https://doi.org/10.13003/CED-terms-of-use,,,https://evidence.eventdata.crossref.org/evidence/20200122-wikipedia-d2e318ec-5e1d-452e-908b-005025623433,add,https://en.wikipedia.org/wiki/Environmental_resource_management,Environmental resource management,https://en.wikipedia.org/w/index.php?title=Environmental_resource_management&oldid=937048442,https://en.wikipedia.org/api/rest_v1/page/html/Environmental_resource_management/937048442,https://doi.org/10.1016/s0169-5347(98)01384-6,https://doi.org/10.1016/s0169-5347(98)01384-6
50544,wikipedia,https://doi.org/10.1016/s0169-5347(98)01384-6,https://en.wikipedia.org/api/rest_v1/page/html/Environmental_resource_management/937250729,2ed1f1f3-0162-415c-ac14-418e78869686,2020-01-23 21:07:27,2020-01-23 17:04:36,references,36c35e23-8757-4a9d-aacf-345e9b7eb50d,https://creativecommons.org/publicdomain/zero/1.0/,https://doi.org/10.13003/CED-terms-of-use,,,https://evidence.eventdata.crossref.org/evidence/20200123-wikipedia-1a649acc-0eee-47c7-95fc-8ab1c3e8b8d3,add,https://en.wikipedia.org/wiki/Environmental_resource_management,Environmental resource management,https://en.wikipedia.org/w/index.php?title=Environmental_resource_management&oldid=937250729,https://en.wikipedia.org/api/rest_v1/page/html/Environmental_resource_management/937250729,https://doi.org/10.1016/s0169-5347(98)01384-6,https://doi.org/10.1016/s0169-5347(98)01384-6
50545,wikipedia,https://doi.org/10.1016/s0169-5347(98)01384-6,https://en.wikipedia.org/api/rest_v1/page/html/Environmental_resource_management/939089503,1ec942d3-a1ab-4c1c-a7c2-975b1af3314d,2020-02-04 08:01:59,2020-02-04 03:07:18,references,36c35e23-8757-4a9d-aacf-345e9b7eb50d,https://creativecommons.org/publicdomain/zero/1.0/,https://doi.org/10.13003/CED-terms-of-use,,,https://evidence.eventdata.crossref.org/evidence/20200204-wikipedia-8af5fa3f-733e-4130-b727-4be33b4399a8,add,https://en.wikipedia.org/wiki/Environmental_resource_management,Environmental resource management,https://en.wikipedia.org/w/index.php?title=Environmental_resource_management&oldid=939089503,https://en.wikipedia.org/api/rest_v1/page/html/Environmental_resource_management/939089503,https://doi.org/10.1016/s0169-5347(98)01384-6,https://doi.org/10.1016/s0169-5347(98)01384-6
50546,wikipedia,https://doi.org/10.1016/s0169-5347(98)01384-6,https://tr.wikipedia.org/api/rest_v1/page/html/%C3%87evresel_kaynak_y%C3%B6netimi/21458357,0667da5c-55d9-4edf-bc32-ca6172d72a4f,2020-02-04 12:51:38,2020-02-04 08:03:01,references,36c35e23-8757-4a9d-aacf-345e9b7eb50d,https://creativecommons.org/publicdomain/zero/1.0/,https://doi.org/10.13003/CED-terms-of-use,,,https://evidence.eventdata.crossref.org/evidence/20200204-wikipedia-50539a8d-f169-4ea8-b2ee-4f48e96d1974,add,https://tr.wikipedia.org/wiki/%C3%87evresel_kaynak_y%C3%B6netimi,Çevresel kaynak yönetimi,https://tr.wikipedia.org/w/index.php?title=%C3%87evresel_kaynak_y%C3%B6netimi&oldid=21458357,https://tr.wikipedia.org/api/rest_v1/page/html/%C3%87evresel_kaynak_y%C3%B6netimi/21458357,https://doi.org/10.1016/s0169-5347(98)01384-6,https://doi.org/10.1016/s0169-5347(98)01384-6
50547,wikipedia,https://doi.org/10.1016/s0169-5347(98)01384-6,https://tr.wikipedia.org/api/rest_v1/page/html/%C3%87evresel_kaynak_y%C3%B6netimi/21459993,e1fb05e7-c9ce-42d9-9ecb-7f8b0fed887c,2020-02-04 17:00:24,2020-02-04 12:06:09,references,36c35e23-8757-4a9d-aacf-345e9b7eb50d,https://creativecommons.org/publicdomain/zero/1.0/,https://doi.org/10.13003/CED-terms-of-use,,,https://evidence.eventdata.crossref.org/evidence/20200204-wikipedia-812cb92a-2e4b-4d0b-8ddd-8fbb007d9be1,add,https://tr.wikipedia.org/wiki/%C3%87evresel_kaynak_y%C3%B6netimi,Çevresel kaynak yönetimi,https://tr.wikipedia.org/w/index.php?title=%C3%87evresel_kaynak_y%C3%B6netimi&oldid=21459993,https://tr.wikipedia.org/api/rest_v1/page/html/%C3%87evresel_kaynak_y%C3%B6netimi/21459993,https://doi.org/10.1016/s0169-5347(98)01384-6,https://doi.org/10.1016/s0169-5347(98)01384-6
50548,wikipedia,https://doi.org/10.1016/s0169-5347(98)01384-6,https://tr.wikipedia.org/api/rest_v1/page/html/%C3%87evresel_kaynak_y%C3%B6netimi/21462718,f8867e24-baed-4b36-9cf2-4ba7de435ba2,2020-02-05 05:57:02,2020-02-05 01:04:49,references,36c35e23-8757-4a9d-aacf-345e9b7eb50d,https://creativecommons.org/publicdomain/zero/1.0/,https://doi.org/10.13003/CED-terms-of-use,,,https://evidence.eventdata.crossref.org/evidence/20200205-wikipedia-cb9f2525-4109-44d9-bef3-f045c03e4ef8,add,https://tr.wikipedia.org/wiki/%C3%87evresel_kaynak_y%C3%B6netimi,Çevresel kaynak yönetimi,https://tr.wikipedia.org/w/index.php?title=%C3%87evresel_kaynak_y%C3%B6netimi&oldid=21462718,https://tr.wikipedia.org/api/rest_v1/page/html/%C3%87evresel_kaynak_y%C3%B6netimi/21462718,https://doi.org/10.1016/s0169-5347(98)01384-6,https://doi.org/10.1016/s0169-5347(98)01384-6
50549,wikipedia,https://doi.org/10.1016/s0169-5347(98)01384-6,https://tr.wikipedia.org/api/rest_v1/page/html/%C3%87evresel_kaynak_y%C3%B6netimi/21471314,c94dd3b6-d2f2-474d-85f4-638685cf541f,2020-02-07 13:00:27,2020-02-07 08:09:12,references,36c35e23-8757-4a9d-aacf-345e9b7eb50d,https://creativecommons.org/publicdomain/zero/1.0/,https://doi.org/10.13003/CED-terms-of-use,,,https://evidence.eventdata.crossref.org/evidence/20200207-wikipedia-d1342a5a-7442-4e78-9b86-8c5d4a5b11b1,add,https://tr.wikipedia.org/wiki/%C3%87evresel_kaynak_y%C3%B6netimi,Çevresel kaynak yönetimi,https://tr.wikipedia.org/w/index.php?title=%C3%87evresel_kaynak_y%C3%B6netimi&oldid=21471314,https://tr.wikipedia.org/api/rest_v1/page/html/%C3%87evresel_kaynak_y%C3%B6netimi/21471314,https://doi.org/10.1016/s0169-5347(98)01384-6,https://doi.org/10.1016/s0169-5347(98)01384-6
50550,wikipedia,https://doi.org/10.1016/s0169-5347(98)01384-6,https://tr.wikipedia.org/api/rest_v1/page/html/%C3%87evresel_kaynak_y%C3%B6netimi/21471896,d9b43ffa-ae40-4f0f-ad0d-583d9ea9cf00,2020-02-07 16:21:10,2020-02-07 11:23:25,references,36c35e23-8757-4a9d-aacf-345e9b7eb50d,https://creativecommons.org/publicdomain/zero/1.0/,https://doi.org/10.13003/CED-terms-of-use,,,https://evidence.eventdata.crossref.org/evidence/20200207-wikipedia-388ef1f3-61d9-4e84-a775-c3a80cc8000f,add,https://tr.wikipedia.org/wiki/%C3%87evresel_kaynak_y%C3%B6netimi,Çevresel kaynak yönetimi,https://tr.wikipedia.org/w/index.php?title=%C3%87evresel_kaynak_y%C3%B6netimi&oldid=21471896,https://tr.wikipedia.org/api/rest_v1/page/html/%C3%87evresel_kaynak_y%C3%B6netimi/21471896,https://doi.org/10.1016/s0169-5347(98)01384-6,https://doi.org/10.1016/s0169-5347(98)01384-6
50551,wikipedia,https://doi.org/10.1016/s0169-5347(98)01384-6,https://tr.wikipedia.org/api/rest_v1/page/html/%C3%87evresel_kaynak_y%C3%B6netimi/21478026,1f2a9081-3acc-4394-bca1-fa8ee97b3aa0,2020-02-08 06:24:52,2020-02-08 01:28:11,references,36c35e23-8757-4a9d-aacf-345e9b7eb50d,https://creativecommons.org/publicdomain/zero/1.0/,https://doi.org/10.13003/CED-terms-of-use,,,https://evidence.eventdata.crossref.org/evidence/20200208-wikipedia-ac154e07-7ad6-4776-81fe-4c9c715ff585,add,https://tr.wikipedia.org/wiki/%C3%87evresel_kaynak_y%C3%B6netimi,Çevresel kaynak yönetimi,https://tr.wikipedia.org/w/index.php?title=%C3%87evresel_kaynak_y%C3%B6netimi&oldid=21478026,https://tr.wikipedia.org/api/rest_v1/page/html/%C3%87evresel_kaynak_y%C3%B6netimi/21478026,https://doi.org/10.1016/s0169-5347(98)01384-6,https://doi.org/10.1016/s0169-5347(98)01384-6
50552,wikipedia,https://doi.org/10.1016/s0169-5347(98)01384-6,https://tr.wikipedia.org/api/rest_v1/page/html/%C3%87evresel_kaynak_y%C3%B6netimi/21478293,2f01b235-354e-4529-950e-f1bfb416f038,2020-02-08 07:01:10,2020-02-08 02:05:55,references,36c35e23-8757-4a9d-aacf-345e9b7eb50d,https://creativecommons.org/publicdomain/zero/1.0/,https://doi.org/10.13003/CED-terms-of-use,,,https://evidence.eventdata.crossref.org/evidence/20200208-wikipedia-ffe0b7f4-0591-461a-893a-3e75aee3a48c,add,https://tr.wikipedia.org/wiki/%C3%87evresel_kaynak_y%C3%B6netimi,Çevresel kaynak yönetimi,https://tr.wikipedia.org/w/index.php?title=%C3%87evresel_kaynak_y%C3%B6netimi&oldid=21478293,https://tr.wikipedia.org/api/rest_v1/page/html/%C3%87evresel_kaynak_y%C3%B6netimi/21478293,https://doi.org/10.1016/s0169-5347(98)01384-6,https://doi.org/10.1016/s0169-5347(98)01384-6
50553,wikipedia,https://doi.org/10.1016/s0169-5347(98)01384-6,https://tr.wikipedia.org/api/rest_v1/page/html/%C3%87evresel_kaynak_y%C3%B6netimi/21486366,742fedf1-8bbe-494b-8609-1ecfd4739462,2020-02-09 19:40:19,2020-02-09 14:46:33,references,36c35e23-8757-4a9d-aacf-345e9b7eb50d,https://creativecommons.org/publicdomain/zero/1.0/,https://doi.org/10.13003/CED-terms-of-use,,,https://evidence.eventdata.crossref.org/evidence/20200209-wikipedia-64276615-5bd6-4569-ab7a-e6379bf00c35,add,https://tr.wikipedia.org/wiki/%C3%87evresel_kaynak_y%C3%B6netimi,Çevresel kaynak yönetimi,https://tr.wikipedia.org/w/index.php?title=%C3%87evresel_kaynak_y%C3%B6netimi&oldid=21486366,https://tr.wikipedia.org/api/rest_v1/page/html/%C3%87evresel_kaynak_y%C3%B6netimi/21486366,https://doi.org/10.1016/s0169-5347(98)01384-6,https://doi.org/10.1016/s0169-5347(98)01384-6
50554,wikipedia,https://doi.org/10.1016/s0169-5347(98)01384-6,https://tr.wikipedia.org/api/rest_v1/page/html/%C3%87evresel_kaynak_y%C3%B6netimi/21523299,d514a970-e74e-4e96-bd03-42ce6d6af556,2020-02-16 19:15:33,2020-02-16 14:25:04,references,36c35e23-8757-4a9d-aacf-345e9b7eb50d,https://creativecommons.org/publicdomain/zero/1.0/,https://doi.org/10.13003/CED-terms-of-use,,,https://evidence.eventdata.crossref.org/evidence/20200216-wikipedia-33768374-d73f-4e29-91a5-6c60b5d5b145,add,https://tr.wikipedia.org/wiki/%C3%87evresel_kaynak_y%C3%B6netimi,Çevresel kaynak yönetimi,https://tr.wikipedia.org/w/index.php?title=%C3%87evresel_kaynak_y%C3%B6netimi&oldid=21523299,https://tr.wikipedia.org/api/rest_v1/page/html/%C3%87evresel_kaynak_y%C3%B6netimi/21523299,https://doi.org/10.1016/s0169-5347(98)01384-6,https://doi.org/10.1016/s0169-5347(98)01384-6
50555,wikipedia,https://doi.org/10.1016/s0169-5347(98)01384-6,https://tr.wikipedia.org/api/rest_v1/page/html/%C3%87evresel_kaynak_y%C3%B6netimi/21556324,53838041-c711-4949-a9ee-c4db34550d57,2020-02-22 15:40:46,2020-02-22 10:48:31,references,36c35e23-8757-4a9d-aacf-345e9b7eb50d,https://creativecommons.org/publicdomain/zero/1.0/,https://doi.org/10.13003/CED-terms-of-use,,,https://evidence.eventdata.crossref.org/evidence/20200222-wikipedia-8bfff10a-7577-466a-b760-90fd44995cf3,add,https://tr.wikipedia.org/wiki/%C3%87evresel_kaynak_y%C3%B6netimi,Çevresel kaynak yönetimi,https://tr.wikipedia.org/w/index.php?title=%C3%87evresel_kaynak_y%C3%B6netimi&oldid=21556324,https://tr.wikipedia.org/api/rest_v1/page/html/%C3%87evresel_kaynak_y%C3%B6netimi/21556324,https://doi.org/10.1016/s0169-5347(98)01384-6,https://doi.org/10.1016/s0169-5347(98)01384-6
50556,wikipedia,https://doi.org/10.1016/s0169-5347(98)01384-6,https://tr.wikipedia.org/api/rest_v1/page/html/%C3%87evresel_kaynak_y%C3%B6netimi/23151826,b1c72b5c-4d01-4e1e-a0a6-7dac284d15d6,2020-09-02 19:40:22,2020-09-07 15:50:39,references,36c35e23-8757-4a9d-aacf-345e9b7eb50d,https://creativecommons.org/publicdomain/zero/1.0/,https://doi.org/10.13003/CED-terms-of-use,,,https://evidence.eventdata.crossref.org/evidence/20200902-wikipedia-3a29cc46-2be6-4510-9915-bc4bf32e3554,add,https://tr.wikipedia.org/wiki/%C3%87evresel_kaynak_y%C3%B6netimi,Çevresel kaynak yönetimi,https://tr.wikipedia.org/w/index.php?title=%C3%87evresel_kaynak_y%C3%B6netimi&oldid=23151826,https://tr.wikipedia.org/api/rest_v1/page/html/%C3%87evresel_kaynak_y%C3%B6netimi/23151826,https://doi.org/10.1016/s0169-5347(98)01384-6,https://doi.org/10.1016/s0169-5347(98)01384-6
50557,wikipedia,https://doi.org/10.1016/s0169-5347(98)01384-6,https://en.wikipedia.org/api/rest_v1/page/html/Environmental_resource_management/977912980,3b8f23b8-ddb0-40f8-be60-c04673520a13,2020-09-11 18:55:32,2020-09-13 23:01:47,references,36c35e23-8757-4a9d-aacf-345e9b7eb50d,https://creativecommons.org/publicdomain/zero/1.0/,https://doi.org/10.13003/CED-terms-of-use,,,https://evidence.eventdata.crossref.org/evidence/20200911-wikipedia-c2608a18-8881-4943-a231-b37e51d539a4,add,https://en.wikipedia.org/wiki/Environmental_resource_management,Environmental resource management,https://en.wikipedia.org/w/index.php?title=Environmental_resource_management&oldid=977912980,https://en.wikipedia.org/api/rest_v1/page/html/Environmental_resource_management/977912980,https://doi.org/10.1016/s0169-5347(98)01384-6,https://doi.org/10.1016/s0169-5347(98)01384-6
50558,wikipedia,https://doi.org/10.1016/s0169-5347(98)01384-6,https://tr.wikipedia.org/api/rest_v1/page/html/%C3%87evresel_kaynak_y%C3%B6netimi/23383857,ae078bc6-896b-4de9-9460-6a8face399e0,2020-09-25 01:37:58,2020-09-24 22:21:23,references,36c35e23-8757-4a9d-aacf-345e9b7eb50d,https://creativecommons.org/publicdomain/zero/1.0/,https://doi.org/10.13003/CED-terms-of-use,,,https://evidence.eventdata.crossref.org/evidence/20200925-wikipedia-df916cf3-2e79-4a71-96d9-81115cd0d12b,add,https://tr.wikipedia.org/wiki/%C3%87evresel_kaynak_y%C3%B6netimi,Çevresel kaynak yönetimi,https://tr.wikipedia.org/w/index.php?title=%C3%87evresel_kaynak_y%C3%B6netimi&oldid=23383857,https://tr.wikipedia.org/api/rest_v1/page/html/%C3%87evresel_kaynak_y%C3%B6netimi/23383857,https://doi.org/10.1016/s0169-5347(98)01384-6,https://doi.org/10.1016/s0169-5347(98)01384-6
50559,wikipedia,https://doi.org/10.1016/s0169-5347(98)01384-6,https://tr.wikipedia.org/api/rest_v1/page/html/%C3%87evresel_kaynak_y%C3%B6netimi/23506328,1c396bdd-90d8-47d2-b6b2-b842bba7fb57,2020-10-03 17:51:26,2020-10-03 13:59:53,references,36c35e23-8757-4a9d-aacf-345e9b7eb50d,https://creativecommons.org/publicdomain/zero/1.0/,https://doi.org/10.13003/CED-terms-of-use,,,https://evidence.eventdata.crossref.org/evidence/20201003-wikipedia-ea5f7b0b-ddc0-4bb4-b22a-427e8d355ad3,add,https://tr.wikipedia.org/wiki/%C3%87evresel_kaynak_y%C3%B6netimi,Çevresel kaynak yönetimi,https://tr.wikipedia.org/w/index.php?title=%C3%87evresel_kaynak_y%C3%B6netimi&oldid=23506328,https://tr.wikipedia.org/api/rest_v1/page/html/%C3%87evresel_kaynak_y%C3%B6netimi/23506328,https://doi.org/10.1016/s0169-5347(98)01384-6,https://doi.org/10.1016/s0169-5347(98)01384-6
50560,wikipedia,https://doi.org/10.1016/s0169-5347(98)01384-6,https://tr.wikipedia.org/api/rest_v1/page/html/%C3%87evresel_kaynak_y%C3%B6netimi/23628646,03ee4fac-8821-4c94-a6d2-c4f5333dcafd,2020-10-08 23:46:36,2020-10-08 19:51:07,references,36c35e23-8757-4a9d-aacf-345e9b7eb50d,https://creativecommons.org/publicdomain/zero/1.0/,https://doi.org/10.13003/CED-terms-of-use,,,https://evidence.eventdata.crossref.org/evidence/20201008-wikipedia-547e856d-4853-42a9-a718-abd96bc53cc0,add,https://tr.wikipedia.org/wiki/%C3%87evresel_kaynak_y%C3%B6netimi,Çevresel kaynak yönetimi,https://tr.wikipedia.org/w/index.php?title=%C3%87evresel_kaynak_y%C3%B6netimi&oldid=23628646,https://tr.wikipedia.org/api/rest_v1/page/html/%C3%87evresel_kaynak_y%C3%B6netimi/23628646,https://doi.org/10.1016/s0169-5347(98)01384-6,https://doi.org/10.1016/s0169-5347(98)01384-6
50561,wikipedia,https://doi.org/10.1016/s0169-5347(98)01384-6,https://tr.wikipedia.org/api/rest_v1/page/html/%C3%87evresel_kaynak_y%C3%B6netimi/23637537,c59075a6-131b-434e-90ef-187adca79265,2020-10-09 02:51:40,2020-10-08 23:00:40,references,36c35e23-8757-4a9d-aacf-345e9b7eb50d,https://creativecommons.org/publicdomain/zero/1.0/,https://doi.org/10.13003/CED-terms-of-use,,,https://evidence.eventdata.crossref.org/evidence/20201009-wikipedia-64904d23-f456-4702-99cd-64f3112239c8,add,https://tr.wikipedia.org/wiki/%C3%87evresel_kaynak_y%C3%B6netimi,Çevresel kaynak yönetimi,https://tr.wikipedia.org/w/index.php?title=%C3%87evresel_kaynak_y%C3%B6netimi&oldid=23637537,https://tr.wikipedia.org/api/rest_v1/page/html/%C3%87evresel_kaynak_y%C3%B6netimi/23637537,https://doi.org/10.1016/s0169-5347(98)01384-6,https://doi.org/10.1016/s0169-5347(98)01384-6
50562,wikipedia,https://doi.org/10.1016/s0169-5347(98)01384-6,https://tr.wikipedia.org/api/rest_v1/page/html/%C3%87evresel_kaynak_y%C3%B6netimi/22565473,e17e7134-73db-4b6c-bd64-c772588c86e9,2020-06-01 20:41:49,2020-10-12 12:35:03,references,36c35e23-8757-4a9d-aacf-345e9b7eb50d,https://creativecommons.org/publicdomain/zero/1.0/,https://doi.org/10.13003/CED-terms-of-use,,,https://evidence.eventdata.crossref.org/evidence/20200601-wikipedia-f77e2ac6-8dd5-4b63-9c2a-11d424fc48ed,add,https://tr.wikipedia.org/wiki/%C3%87evresel_kaynak_y%C3%B6netimi,Çevresel kaynak yönetimi,https://tr.wikipedia.org/w/index.php?title=%C3%87evresel_kaynak_y%C3%B6netimi&oldid=22565473,https://tr.wikipedia.org/api/rest_v1/page/html/%C3%87evresel_kaynak_y%C3%B6netimi/22565473,https://doi.org/10.1016/s0169-5347(98)01384-6,https://doi.org/10.1016/s0169-5347(98)01384-6
50563,wikipedia,https://doi.org/10.1016/s0169-5347(98)01384-6,https://en.wikipedia.org/api/rest_v1/page/html/Environmental_resource_management/946611731,26a66319-c37c-4ff0-8953-71ea95b01a7d,2020-03-21 08:03:48,2020-10-13 14:55:59,references,36c35e23-8757-4a9d-aacf-345e9b7eb50d,https://creativecommons.org/publicdomain/zero/1.0/,https://doi.org/10.13003/CED-terms-of-use,,,https://evidence.eventdata.crossref.org/evidence/20200321-wikipedia-03237dfb-c144-4952-851a-82f5a32ece8e,add,https://en.wikipedia.org/wiki/Environmental_resource_management,Environmental resource management,https://en.wikipedia.org/w/index.php?title=Environmental_resource_management&oldid=946611731,https://en.wikipedia.org/api/rest_v1/page/html/Environmental_resource_management/946611731,https://doi.org/10.1016/s0169-5347(98)01384-6,https://doi.org/10.1016/s0169-5347(98)01384-6
50564,wikipedia,https://doi.org/10.1016/s0169-5347(98)01384-6,https://en.wikipedia.org/api/rest_v1/page/html/Environmental_resource_management/946611876,590776bd-f6cb-46aa-aa66-abfbadb8ff89,2020-03-21 08:05:25,2020-10-13 14:57:42,references,36c35e23-8757-4a9d-aacf-345e9b7eb50d,https://creativecommons.org/publicdomain/zero/1.0/,https://doi.org/10.13003/CED-terms-of-use,,,https://evidence.eventdata.crossref.org/evidence/20200321-wikipedia-189d36cc-1e15-49b3-b97c-1d203959086c,add,https://en.wikipedia.org/wiki/Environmental_resource_management,Environmental resource management,https://en.wikipedia.org/w/index.php?title=Environmental_resource_management&oldid=946611876,https://en.wikipedia.org/api/rest_v1/page/html/Environmental_resource_management/946611876,https://doi.org/10.1016/s0169-5347(98)01384-6,https://doi.org/10.1016/s0169-5347(98)01384-6
50565,wikipedia,https://doi.org/10.1016/s0169-5347(98)01384-6,https://en.wikipedia.org/api/rest_v1/page/html/Environmental_resource_management/946612206,ac227a31-ac55-4809-bcd8-c12fd98d4dba,2020-03-21 08:08:17,2020-10-13 15:00:21,references,36c35e23-8757-4a9d-aacf-345e9b7eb50d,https://creativecommons.org/publicdomain/zero/1.0/,https://doi.org/10.13003/CED-terms-of-use,,,https://evidence.eventdata.crossref.org/evidence/20200321-wikipedia-31416eab-8a3f-42bf-85de-a6e669c7f952,add,https://en.wikipedia.org/wiki/Environmental_resource_management,Environmental resource management,https://en.wikipedia.org/w/index.php?title=Environmental_resource_management&oldid=946612206,https://en.wikipedia.org/api/rest_v1/page/html/Environmental_resource_management/946612206,https://doi.org/10.1016/s0169-5347(98)01384-6,https://doi.org/10.1016/s0169-5347(98)01384-6
50566,wikipedia,https://doi.org/10.1016/s0169-5347(98)01384-6,https://tr.wikipedia.org/api/rest_v1/page/html/%C3%87evresel_kaynak_y%C3%B6netimi/21856055,dd781395-33a9-4d68-b60c-a1beb39813a5,2020-03-26 11:27:42,2020-10-13 17:47:40,references,36c35e23-8757-4a9d-aacf-345e9b7eb50d,https://creativecommons.org/publicdomain/zero/1.0/,https://doi.org/10.13003/CED-terms-of-use,,,https://evidence.eventdata.crossref.org/evidence/20200326-wikipedia-00e2eb2d-cdec-47d9-bced-93d21f9dda26,add,https://tr.wikipedia.org/wiki/%C3%87evresel_kaynak_y%C3%B6netimi,Çevresel kaynak yönetimi,https://tr.wikipedia.org/w/index.php?title=%C3%87evresel_kaynak_y%C3%B6netimi&oldid=21856055,https://tr.wikipedia.org/api/rest_v1/page/html/%C3%87evresel_kaynak_y%C3%B6netimi/21856055,https://doi.org/10.1016/s0169-5347(98)01384-6,https://doi.org/10.1016/s0169-5347(98)01384-6
50567,wikipedia,https://doi.org/10.1016/s0169-5347(98)01384-6,https://en.wikipedia.org/api/rest_v1/page/html/Environmental_resource_management/951749449,8cfb7062-7fb3-44cd-a5eb-69ca07045728,2020-04-18 17:49:42,2020-10-14 07:11:45,references,36c35e23-8757-4a9d-aacf-345e9b7eb50d,https://creativecommons.org/publicdomain/zero/1.0/,https://doi.org/10.13003/CED-terms-of-use,,,https://evidence.eventdata.crossref.org/evidence/20200418-wikipedia-bd1354ae-4c88-4521-bdae-6db333ea0342,add,https://en.wikipedia.org/wiki/Environmental_resource_management,Environmental resource management,https://en.wikipedia.org/w/index.php?title=Environmental_resource_management&oldid=951749449,https://en.wikipedia.org/api/rest_v1/page/html/Environmental_resource_management/951749449,https://doi.org/10.1016/s0169-5347(98)01384-6,https://doi.org/10.1016/s0169-5347(98)01384-6
50568,wikipedia,https://doi.org/10.1016/s0169-5347(98)01384-6,https://tr.wikipedia.org/api/rest_v1/page/html/%C3%87evresel_kaynak_y%C3%B6netimi/22411645,a8aa0783-e0b5-4a51-b1c6-391097865466,2020-05-11 07:01:34,2020-10-14 17:34:33,references,36c35e23-8757-4a9d-aacf-345e9b7eb50d,https://creativecommons.org/publicdomain/zero/1.0/,https://doi.org/10.13003/CED-terms-of-use,,,https://evidence.eventdata.crossref.org/evidence/20200511-wikipedia-8e2bf2a2-9f02-4357-802d-c8d3db7d07eb,add,https://tr.wikipedia.org/wiki/%C3%87evresel_kaynak_y%C3%B6netimi,Çevresel kaynak yönetimi,https://tr.wikipedia.org/w/index.php?title=%C3%87evresel_kaynak_y%C3%B6netimi&oldid=22411645,https://tr.wikipedia.org/api/rest_v1/page/html/%C3%87evresel_kaynak_y%C3%B6netimi/22411645,https://doi.org/10.1016/s0169-5347(98)01384-6,https://doi.org/10.1016/s0169-5347(98)01384-6
50569,wikipedia,https://doi.org/10.1016/s0169-5347(98)01384-6,https://en.wikipedia.org/api/rest_v1/page/html/Environmental_resource_management/956121855,5f04c62e-b358-4022-a05b-e45de2ca0d71,2020-05-11 16:30:04,2020-10-14 17:35:32,references,36c35e23-8757-4a9d-aacf-345e9b7eb50d,https://creativecommons.org/publicdomain/zero/1.0/,https://doi.org/10.13003/CED-terms-of-use,,,https://evidence.eventdata.crossref.org/evidence/20200511-wikipedia-990a828d-aa85-4210-84a8-1f2e3b8f5d26,add,https://en.wikipedia.org/wiki/Environmental_resource_management,Environmental resource management,https://en.wikipedia.org/w/index.php?title=Environmental_resource_management&oldid=956121855,https://en.wikipedia.org/api/rest_v1/page/html/Environmental_resource_management/956121855,https://doi.org/10.1016/s0169-5347(98)01384-6,https://doi.org/10.1016/s0169-5347(98)01384-6
50570,wikipedia,https://doi.org/10.1016/s0169-5347(98)01384-6,https://en.wikipedia.org/api/rest_v1/page/html/Environmental_resource_management/956113635,484362d4-27b5-446f-9539-6d0f7ed4520e,2020-05-11 15:44:40,2020-10-14 17:41:19,references,36c35e23-8757-4a9d-aacf-345e9b7eb50d,https://creativecommons.org/publicdomain/zero/1.0/,https://doi.org/10.13003/CED-terms-of-use,,,https://evidence.eventdata.crossref.org/evidence/20200511-wikipedia-d953ae29-f959-46f5-a3e1-eb363625db3c,add,https://en.wikipedia.org/wiki/Environmental_resource_management,Environmental resource management,https://en.wikipedia.org/w/index.php?title=Environmental_resource_management&oldid=956113635,https://en.wikipedia.org/api/rest_v1/page/html/Environmental_resource_management/956113635,https://doi.org/10.1016/s0169-5347(98)01384-6,https://doi.org/10.1016/s0169-5347(98)01384-6
50571,wikipedia,https://doi.org/10.1016/s0169-5347(98)01384-6,https://tr.wikipedia.org/api/rest_v1/page/html/%C3%87evresel_kaynak_y%C3%B6netimi/22463034,d4a4fd3d-9d0b-4d90-abd1-eb82b5a8b465,2020-05-18 02:02:15,2020-10-14 20:49:29,references,36c35e23-8757-4a9d-aacf-345e9b7eb50d,https://creativecommons.org/publicdomain/zero/1.0/,https://doi.org/10.13003/CED-terms-of-use,,,https://evidence.eventdata.crossref.org/evidence/20200518-wikipedia-778c75e3-ae78-4d8f-a6af-f04752a25852,add,https://tr.wikipedia.org/wiki/%C3%87evresel_kaynak_y%C3%B6netimi,Çevresel kaynak yönetimi,https://tr.wikipedia.org/w/index.php?title=%C3%87evresel_kaynak_y%C3%B6netimi&oldid=22463034,https://tr.wikipedia.org/api/rest_v1/page/html/%C3%87evresel_kaynak_y%C3%B6netimi/22463034,https://doi.org/10.1016/s0169-5347(98)01384-6,https://doi.org/10.1016/s0169-5347(98)01384-6
50572,wikipedia,https://doi.org/10.1016/s0169-5347(98)01384-6,https://en.wikipedia.org/api/rest_v1/page/html/Environmental_resource_management/961163888,d42a9a66-8670-42dd-939d-e36028a6045d,2020-06-06 23:33:16,2020-10-15 06:22:11,references,36c35e23-8757-4a9d-aacf-345e9b7eb50d,https://creativecommons.org/publicdomain/zero/1.0/,https://doi.org/10.13003/CED-terms-of-use,,,https://evidence.eventdata.crossref.org/evidence/20200606-wikipedia-6673b1cf-0838-4253-9c30-b75937d32eb5,add,https://en.wikipedia.org/wiki/Environmental_resource_management,Environmental resource management,https://en.wikipedia.org/w/index.php?title=Environmental_resource_management&oldid=961163888,https://en.wikipedia.org/api/rest_v1/page/html/Environmental_resource_management/961163888,https://doi.org/10.1016/s0169-5347(98)01384-6,https://doi.org/10.1016/s0169-5347(98)01384-6
50573,wikipedia,https://doi.org/10.1016/s0169-5347(98)01384-6,https://tr.wikipedia.org/api/rest_v1/page/html/%C3%87evresel_kaynak_y%C3%B6netimi/23795257,b37f2052-3340-4e31-815c-21eab465a57b,2020-10-16 09:21:12,2020-10-16 05:27:53,references,36c35e23-8757-4a9d-aacf-345e9b7eb50d,https://creativecommons.org/publicdomain/zero/1.0/,https://doi.org/10.13003/CED-terms-of-use,,,https://evidence.eventdata.crossref.org/evidence/20201016-wikipedia-ace26d2d-ab0a-4c94-b67c-155a738f2ca1,add,https://tr.wikipedia.org/wiki/%C3%87evresel_kaynak_y%C3%B6netimi,Çevresel kaynak yönetimi,https://tr.wikipedia.org/w/index.php?title=%C3%87evresel_kaynak_y%C3%B6netimi&oldid=23795257,https://tr.wikipedia.org/api/rest_v1/page/html/%C3%87evresel_kaynak_y%C3%B6netimi/23795257,https://doi.org/10.1016/s0169-5347(98)01384-6,https://doi.org/10.1016/s0169-5347(98)01384-6
50574,wikipedia,https://doi.org/10.1016/s0169-5347(98)01384-6,https://tr.wikipedia.org/api/rest_v1/page/html/%C3%87evresel_kaynak_y%C3%B6netimi/23794724,c9fab52c-e834-4fa5-8cbe-acd85c9c0b08,2020-10-16 09:01:14,2020-10-16 05:30:39,references,36c35e23-8757-4a9d-aacf-345e9b7eb50d,https://creativecommons.org/publicdomain/zero/1.0/,https://doi.org/10.13003/CED-terms-of-use,,,https://evidence.eventdata.crossref.org/evidence/20201016-wikipedia-9400ab03-3dac-439a-8bfb-cfc31c1d8c3c,add,https://tr.wikipedia.org/wiki/%C3%87evresel_kaynak_y%C3%B6netimi,Çevresel kaynak yönetimi,https://tr.wikipedia.org/w/index.php?title=%C3%87evresel_kaynak_y%C3%B6netimi&oldid=23794724,https://tr.wikipedia.org/api/rest_v1/page/html/%C3%87evresel_kaynak_y%C3%B6netimi/23794724,https://doi.org/10.1016/s0169-5347(98)01384-6,https://doi.org/10.1016/s0169-5347(98)01384-6
50575,wikipedia,https://doi.org/10.1016/s0169-5347(98)01384-6,https://en.wikipedia.org/api/rest_v1/page/html/Environmental_resource_management/970363902,dc0e2e1b-8a27-471a-a865-deeaf07f8611,2020-07-30 21:31:41,2020-10-16 12:30:56,references,36c35e23-8757-4a9d-aacf-345e9b7eb50d,https://creativecommons.org/publicdomain/zero/1.0/,https://doi.org/10.13003/CED-terms-of-use,,,https://evidence.eventdata.crossref.org/evidence/20200730-wikipedia-ddc823f7-b5f9-4310-b7f3-0fc98dc09ca2,add,https://en.wikipedia.org/wiki/Environmental_resource_management,Environmental resource management,https://en.wikipedia.org/w/index.php?title=Environmental_resource_management&oldid=970363902,https://en.wikipedia.org/api/rest_v1/page/html/Environmental_resource_management/970363902,https://doi.org/10.1016/s0169-5347(98)01384-6,https://doi.org/10.1016/s0169-5347(98)01384-6
50576,wikipedia,https://doi.org/10.1016/s0169-5347(98)01384-6,https://tr.wikipedia.org/api/rest_v1/page/html/%C3%87evresel_kaynak_y%C3%B6netimi/22946921,78e68c78-e8ff-4ba8-b9f9-bf0efef575db,2020-08-01 08:53:23,2020-10-16 13:23:02,references,36c35e23-8757-4a9d-aacf-345e9b7eb50d,https://creativecommons.org/publicdomain/zero/1.0/,https://doi.org/10.13003/CED-terms-of-use,,,https://evidence.eventdata.crossref.org/evidence/20200801-wikipedia-f7a24925-be5b-463c-8e91-3c64a2d7a9f0,add,https://tr.wikipedia.org/wiki/%C3%87evresel_kaynak_y%C3%B6netimi,Çevresel kaynak yönetimi,https://tr.wikipedia.org/w/index.php?title=%C3%87evresel_kaynak_y%C3%B6netimi&oldid=22946921,https://tr.wikipedia.org/api/rest_v1/page/html/%C3%87evresel_kaynak_y%C3%B6netimi/22946921,https://doi.org/10.1016/s0169-5347(98)01384-6,https://doi.org/10.1016/s0169-5347(98)01384-6
50577,wikipedia,https://doi.org/10.1016/s0169-5347(98)01384-6,https://en.wikipedia.org/api/rest_v1/page/html/Environmental_resource_management/986221670,1f8321b9-1fd1-474e-acb0-ce7550da3548,2020-10-30 14:53:08,2020-10-30 11:24:05,references,36c35e23-8757-4a9d-aacf-345e9b7eb50d,https://creativecommons.org/publicdomain/zero/1.0/,https://doi.org/10.13003/CED-terms-of-use,,,https://evidence.eventdata.crossref.org/evidence/20201030-wikipedia-02f5eba6-8f6e-40da-8dea-c7374518af48,add,https://en.wikipedia.org/wiki/Environmental_resource_management,Environmental resource management,https://en.wikipedia.org/w/index.php?title=Environmental_resource_management&oldid=986221670,https://en.wikipedia.org/api/rest_v1/page/html/Environmental_resource_management/986221670,https://doi.org/10.1016/s0169-5347(98)01384-6,https://doi.org/10.1016/s0169-5347(98)01384-6
50578,wikipedia,https://doi.org/10.1016/s0169-5347(98)01384-6,https://tr.wikipedia.org/api/rest_v1/page/html/%C3%87evresel_kaynak_y%C3%B6netimi/23956505,961d6ef9-66a5-4043-8856-089a10637f37,2020-11-03 13:06:22,2020-11-03 08:36:37,references,36c35e23-8757-4a9d-aacf-345e9b7eb50d,https://creativecommons.org/publicdomain/zero/1.0/,https://doi.org/10.13003/CED-terms-of-use,,,https://evidence.eventdata.crossref.org/evidence/20201103-wikipedia-2eb4c71a-44a1-4df4-b86c-a8ff5f51a69a,add,https://tr.wikipedia.org/wiki/%C3%87evresel_kaynak_y%C3%B6netimi,Çevresel kaynak yönetimi,https://tr.wikipedia.org/w/index.php?title=%C3%87evresel_kaynak_y%C3%B6netimi&oldid=23956505,https://tr.wikipedia.org/api/rest_v1/page/html/%C3%87evresel_kaynak_y%C3%B6netimi/23956505,https://doi.org/10.1016/s0169-5347(98)01384-6,https://doi.org/10.1016/s0169-5347(98)01384-6
50579,wikipedia,https://doi.org/10.1016/s0169-5347(98)01384-6,https://en.wikipedia.org/api/rest_v1/page/html/User:Macropneuma/986908513,375d8e83-ff39-46f0-bab7-9d3d19a53082,2020-11-03 18:19:48,2020-11-03 16:42:28,references,36c35e23-8757-4a9d-aacf-345e9b7eb50d,https://creativecommons.org/publicdomain/zero/1.0/,https://doi.org/10.13003/CED-terms-of-use,,,https://evidence.eventdata.crossref.org/evidence/20201103-wikipedia-e04c2228-1183-4fc6-940d-20448d38984d,add,https://en.wikipedia.org/wiki/User:Macropneuma,User:Macropneuma,https://en.wikipedia.org/w/index.php?title=User:Macropneuma&oldid=986908513,https://en.wikipedia.org/api/rest_v1/page/html/User:Macropneuma/986908513,https://doi.org/10.1016/s0169-5347(98)01384-6,https://doi.org/10.1016/s0169-5347(98)01384-6
50580,wikipedia,https://doi.org/10.1016/s0169-5347(98)01384-6,https://en.wikipedia.org/api/rest_v1/page/html/Environmental_resource_management/986974920,654a3b11-10af-46a4-9d94-cc63cf5c19c2,2020-11-04 02:24:58,2020-11-03 21:52:33,references,36c35e23-8757-4a9d-aacf-345e9b7eb50d,https://creativecommons.org/publicdomain/zero/1.0/,https://doi.org/10.13003/CED-terms-of-use,,,https://evidence.eventdata.crossref.org/evidence/20201104-wikipedia-1f639e9a-045c-4596-a4b5-218f9b89c1cc,add,https://en.wikipedia.org/wiki/Environmental_resource_management,Environmental resource management,https://en.wikipedia.org/w/index.php?title=Environmental_resource_management&oldid=986974920,https://en.wikipedia.org/api/rest_v1/page/html/Environmental_resource_management/986974920,https://doi.org/10.1016/s0169-5347(98)01384-6,https://doi.org/10.1016/s0169-5347(98)01384-6
50581,wikipedia,https://doi.org/10.1016/s0169-5347(98)01384-6,https://en.wikipedia.org/api/rest_v1/page/html/Environmental_resource_management/988992163,815ac97c-d46a-4c52-80fc-df0f0e9bafb0,2020-11-16 12:34:50,2020-11-17 09:07:26,references,36c35e23-8757-4a9d-aacf-345e9b7eb50d,https://creativecommons.org/publicdomain/zero/1.0/,https://doi.org/10.13003/CED-terms-of-use,,,https://evidence.eventdata.crossref.org/evidence/20201116-wikipedia-d6920c58-76c9-4642-85cb-3c0f68ba2707,add,https://en.wikipedia.org/wiki/Environmental_resource_management,Environmental resource management,https://en.wikipedia.org/w/index.php?title=Environmental_resource_management&oldid=988992163,https://en.wikipedia.org/api/rest_v1/page/html/Environmental_resource_management/988992163,https://doi.org/10.1016/s0169-5347(98)01384-6,https://doi.org/10.1016/s0169-5347(98)01384-6
50582,wikipedia,https://doi.org/10.1016/s0169-5347(98)01384-6,https://en.wikipedia.org/api/rest_v1/page/html/Environmental_resource_management/992032466,f2587aac-8089-4b6e-b005-af29452e8465,2020-12-03 03:12:47,2020-12-02 23:42:56,references,36c35e23-8757-4a9d-aacf-345e9b7eb50d,https://creativecommons.org/publicdomain/zero/1.0/,https://doi.org/10.13003/CED-terms-of-use,,,https://evidence.eventdata.crossref.org/evidence/20201203-wikipedia-5041e778-ecda-4a9a-a4b1-ce3cba90f1cc,add,https://en.wikipedia.org/wiki/Environmental_resource_management,Environmental resource management,https://en.wikipedia.org/w/index.php?title=Environmental_resource_management&oldid=992032466,https://en.wikipedia.org/api/rest_v1/page/html/Environmental_resource_management/992032466,https://doi.org/10.1016/s0169-5347(98)01384-6,https://doi.org/10.1016/s0169-5347(98)01384-6
50583,wikipedia,https://doi.org/10.1016/s0169-5347(98)01384-6,https://tr.wikipedia.org/api/rest_v1/page/html/%C3%87evresel_kaynak_y%C3%B6netimi/24340086,01aa5a81-3d20-4475-95e0-2831f6ea8bcb,2020-12-06 19:55:36,2020-12-06 15:09:04,references,36c35e23-8757-4a9d-aacf-345e9b7eb50d,https://creativecommons.org/publicdomain/zero/1.0/,https://doi.org/10.13003/CED-terms-of-use,,,https://evidence.eventdata.crossref.org/evidence/20201206-wikipedia-49f31245-b179-4c59-b553-552868d2b2f4,add,https://tr.wikipedia.org/wiki/%C3%87evresel_kaynak_y%C3%B6netimi,Çevresel kaynak yönetimi,https://tr.wikipedia.org/w/index.php?title=%C3%87evresel_kaynak_y%C3%B6netimi&oldid=24340086,https://tr.wikipedia.org/api/rest_v1/page/html/%C3%87evresel_kaynak_y%C3%B6netimi/24340086,https://doi.org/10.1016/s0169-5347(98)01384-6,https://doi.org/10.1016/s0169-5347(98)01384-6
50584,wikipedia,https://doi.org/10.1016/s0169-5347(98)01384-6,https://tr.wikipedia.org/api/rest_v1/page/html/%C3%87evresel_kaynak_y%C3%B6netimi/24347319,747470d2-126e-4e73-82dd-9dd72c4a03e6,2020-12-06 23:05:43,2020-12-06 18:26:35,references,36c35e23-8757-4a9d-aacf-345e9b7eb50d,https://creativecommons.org/publicdomain/zero/1.0/,https://doi.org/10.13003/CED-terms-of-use,,,https://evidence.eventdata.crossref.org/evidence/20201206-wikipedia-b7992eba-bea3-43d6-9107-80d2bd858ace,add,https://tr.wikipedia.org/wiki/%C3%87evresel_kaynak_y%C3%B6netimi,Çevresel kaynak yönetimi,https://tr.wikipedia.org/w/index.php?title=%C3%87evresel_kaynak_y%C3%B6netimi&oldid=24347319,https://tr.wikipedia.org/api/rest_v1/page/html/%C3%87evresel_kaynak_y%C3%B6netimi/24347319,https://doi.org/10.1016/s0169-5347(98)01384-6,https://doi.org/10.1016/s0169-5347(98)01384-6
50585,wikipedia,https://doi.org/10.1016/s0169-5347(98)01384-6,https://tr.wikipedia.org/api/rest_v1/page/html/%C3%87evresel_kaynak_y%C3%B6netimi/24413881,af0b3439-8869-491e-94f7-4adbad827e97,2020-12-14 22:52:09,2020-12-14 18:00:23,references,36c35e23-8757-4a9d-aacf-345e9b7eb50d,https://creativecommons.org/publicdomain/zero/1.0/,https://doi.org/10.13003/CED-terms-of-use,,,https://evidence.eventdata.crossref.org/evidence/20201214-wikipedia-ead760c2-2f24-4df1-a848-597ceefd5026,add,https://tr.wikipedia.org/wiki/%C3%87evresel_kaynak_y%C3%B6netimi,Çevresel kaynak yönetimi,https://tr.wikipedia.org/w/index.php?title=%C3%87evresel_kaynak_y%C3%B6netimi&oldid=24413881,https://tr.wikipedia.org/api/rest_v1/page/html/%C3%87evresel_kaynak_y%C3%B6netimi/24413881,https://doi.org/10.1016/s0169-5347(98)01384-6,https://doi.org/10.1016/s0169-5347(98)01384-6
50586,wikipedia,https://doi.org/10.1016/s0169-5347(98)01384-6,https://en.wikipedia.org/api/rest_v1/page/html/Environmental_resource_management/998444837,a939cb2a-9195-4ed3-b92d-13802074e3d5,2021-01-05 11:54:23,2021-01-05 07:11:00,references,36c35e23-8757-4a9d-aacf-345e9b7eb50d,https://creativecommons.org/publicdomain/zero/1.0/,https://doi.org/10.13003/CED-terms-of-use,,,https://evidence.eventdata.crossref.org/evidence/20210105-wikipedia-fd38a0a8-621e-4ea3-b4f6-4e1c6c348ad9,add,https://en.wikipedia.org/wiki/Environmental_resource_management,Environmental resource management,https://en.wikipedia.org/w/index.php?title=Environmental_resource_management&oldid=998444837,https://en.wikipedia.org/api/rest_v1/page/html/Environmental_resource_management/998444837,https://doi.org/10.1016/s0169-5347(98)01384-6,https://doi.org/10.1016/s0169-5347(98)01384-6
