{
  "0":{
    "twitterIncrement":10708,
    "sourceID":"twitter",
    "subjectID":"twitter:\/\/status?id=1084467900415660032",
    "objectID":"https:\/\/doi.org\/10.1001\/jama.280.3.237",
    "eventID":"74d742b0-0744-4861-92d6-1b4cd445ae1d",
    "occurredAt":1547392270000,
    "timeObserved":1547374575000,
    "relationType":"discusses",
    "sourceToken":"45a1ef76-4f43-4cdc-9ba8-5a6ad01cc231",
    "license":"https:\/\/creativecommons.org\/publicdomain\/zero\/1.0\/",
    "termsOfUse":"https:\/\/doi.org\/10.13003\/CED-terms-of-use",
    "tweetAuthor":"twitter:\/\/user?screen_name=butsch_ramone",
    "originalTweetAuthor":null,
    "updatedReason":null,
    "updated":null,
    "evidenceRecord":"https:\/\/evidence.eventdata.crossref.org\/evidence\/20190113-twitter-a2dc33f7-c9bb-4922-94eb-c94498ff5a",
    "eventAction":"add",
    "subjectPID":"twitter:\/\/status?id=1084467900415660032",
    "originalTweetURL":"twitter:\/\/status?id=1084467900415660032",
    "alternativeID":"1084467900415660032",
    "title":"Tweet 1084467900415660032",
    "issued":1547392270000,
    "objectPID":"https:\/\/doi.org\/10.1001\/jama.280.3.237",
    "objectURL":"https:\/\/jamanetwork.com\/journals\/jama\/fullarticle\/187748",
    "updatedDate":null
  },
  "1":{
    "twitterIncrement":10709,
    "sourceID":"twitter",
    "subjectID":"twitter:\/\/status?id=1084621296262991872",
    "objectID":"https:\/\/doi.org\/10.1001\/jama.280.3.237",
    "eventID":"fa735f81-bf18-429f-94e0-9770d593ab10",
    "occurredAt":1547428842000,
    "timeObserved":1547411161000,
    "relationType":"discusses",
    "sourceToken":"45a1ef76-4f43-4cdc-9ba8-5a6ad01cc231",
    "license":"https:\/\/creativecommons.org\/publicdomain\/zero\/1.0\/",
    "termsOfUse":"https:\/\/doi.org\/10.13003\/CED-terms-of-use",
    "tweetAuthor":"twitter:\/\/user?screen_name=preview_sneak",
    "originalTweetAuthor":"twitter:\/\/user?screen_name=butsch_ramone",
    "updatedReason":null,
    "updated":null,
    "evidenceRecord":"https:\/\/evidence.eventdata.crossref.org\/evidence\/20190114-twitter-6b89ed33-270d-4810-9f7e-b1111384cd",
    "eventAction":"add",
    "subjectPID":"twitter:\/\/status?id=1084621296262991872",
    "originalTweetURL":"twitter:\/\/status?id=1084467900415660032",
    "alternativeID":"1084621296262991872",
    "title":"Tweet 1084621296262991872",
    "issued":1547428842000,
    "objectPID":"https:\/\/doi.org\/10.1001\/jama.280.3.237",
    "objectURL":"https:\/\/jamanetwork.com\/journals\/jama\/fullarticle\/187748",
    "updatedDate":null
  },
  "2":{
    "twitterIncrement":10710,
    "sourceID":"twitter",
    "subjectID":"twitter:\/\/status?id=1084631816676564992",
    "objectID":"https:\/\/doi.org\/10.1001\/jama.280.3.237",
    "eventID":"d30e6f5e-6cc4-43d4-a548-66a0ca0d9e73",
    "occurredAt":1547431351000,
    "timeObserved":1547413691000,
    "relationType":"discusses",
    "sourceToken":"45a1ef76-4f43-4cdc-9ba8-5a6ad01cc231",
    "license":"https:\/\/creativecommons.org\/publicdomain\/zero\/1.0\/",
    "termsOfUse":"https:\/\/doi.org\/10.13003\/CED-terms-of-use",
    "tweetAuthor":"twitter:\/\/user?screen_name=tracy__e",
    "originalTweetAuthor":"twitter:\/\/user?screen_name=butsch_ramone",
    "updatedReason":null,
    "updated":null,
    "evidenceRecord":"https:\/\/evidence.eventdata.crossref.org\/evidence\/20190114-twitter-71b0021b-d6c5-470c-8ce6-ca95fdd40b",
    "eventAction":"add",
    "subjectPID":"twitter:\/\/status?id=1084631816676564992",
    "originalTweetURL":"twitter:\/\/status?id=1084467900415660032",
    "alternativeID":"1084631816676564992",
    "title":"Tweet 1084631816676564992",
    "issued":1547431351000,
    "objectPID":"https:\/\/doi.org\/10.1001\/jama.280.3.237",
    "objectURL":"https:\/\/jamanetwork.com\/journals\/jama\/fullarticle\/187748",
    "updatedDate":null
  },
  "3":{
    "twitterIncrement":10711,
    "sourceID":"twitter",
    "subjectID":"twitter:\/\/status?id=1261733901585780737",
    "objectID":"https:\/\/doi.org\/10.1001\/jama.280.3.237",
    "eventID":"50b506f7-db86-45e6-9af7-41b318c1e804",
    "occurredAt":1589655778000,
    "timeObserved":1602704106000,
    "relationType":"discusses",
    "sourceToken":"45a1ef76-4f43-4cdc-9ba8-5a6ad01cc231",
    "license":"https:\/\/creativecommons.org\/publicdomain\/zero\/1.0\/",
    "termsOfUse":"https:\/\/doi.org\/10.13003\/CED-terms-of-use",
    "tweetAuthor":"twitter:\/\/user?screen_name=mxo1",
    "originalTweetAuthor":"twitter:\/\/user?screen_name=SizweLo",
    "updatedReason":null,
    "updated":null,
    "evidenceRecord":"https:\/\/evidence.eventdata.crossref.org\/evidence\/20200516-twitter-0195f285-a511-4a17-9494-bd8d6d06f8",
    "eventAction":"add",
    "subjectPID":"twitter:\/\/status?id=1261733901585780737",
    "originalTweetURL":"twitter:\/\/status?id=1261657555270602752",
    "alternativeID":"1261733901585780737",
    "title":"Tweet 1261733901585780737",
    "issued":1589655778000,
    "objectPID":"https:\/\/doi.org\/10.1001\/jama.280.3.237",
    "objectURL":"https:\/\/jamanetwork.com\/journals\/jama\/fullarticle\/187748#COMMENT",
    "updatedDate":null
  },
  "4":{
    "twitterIncrement":10712,
    "sourceID":"twitter",
    "subjectID":"twitter:\/\/status?id=1261681232884178945",
    "objectID":"https:\/\/doi.org\/10.1001\/jama.280.3.237",
    "eventID":"e5aeeac2-02ef-4fdf-a906-081922bcf236",
    "occurredAt":1589643221000,
    "timeObserved":1602704138000,
    "relationType":"discusses",
    "sourceToken":"45a1ef76-4f43-4cdc-9ba8-5a6ad01cc231",
    "license":"https:\/\/creativecommons.org\/publicdomain\/zero\/1.0\/",
    "termsOfUse":"https:\/\/doi.org\/10.13003\/CED-terms-of-use",
    "tweetAuthor":"twitter:\/\/user?screen_name=slargeliving",
    "originalTweetAuthor":"twitter:\/\/user?screen_name=SizweLo",
    "updatedReason":null,
    "updated":null,
    "evidenceRecord":"https:\/\/evidence.eventdata.crossref.org\/evidence\/20200516-twitter-22587430-fc78-48ab-83bd-c6ae350473",
    "eventAction":"add",
    "subjectPID":"twitter:\/\/status?id=1261681232884178945",
    "originalTweetURL":"twitter:\/\/status?id=1261657555270602752",
    "alternativeID":"1261681232884178945",
    "title":"Tweet 1261681232884178945",
    "issued":1589643221000,
    "objectPID":"https:\/\/doi.org\/10.1001\/jama.280.3.237",
    "objectURL":"https:\/\/jamanetwork.com\/journals\/jama\/fullarticle\/187748#COMMENT",
    "updatedDate":null
  },
  "5":{
    "twitterIncrement":10713,
    "sourceID":"twitter",
    "subjectID":"twitter:\/\/status?id=1261664812817416195",
    "objectID":"https:\/\/doi.org\/10.1001\/jama.280.3.237",
    "eventID":"a2787aeb-6f5b-4821-88f1-9e1ad1d58e2b",
    "occurredAt":1589639306000,
    "timeObserved":1602704141000,
    "relationType":"discusses",
    "sourceToken":"45a1ef76-4f43-4cdc-9ba8-5a6ad01cc231",
    "license":"https:\/\/creativecommons.org\/publicdomain\/zero\/1.0\/",
    "termsOfUse":"https:\/\/doi.org\/10.13003\/CED-terms-of-use",
    "tweetAuthor":"twitter:\/\/user?screen_name=AlkebulanThe",
    "originalTweetAuthor":"twitter:\/\/user?screen_name=SizweLo",
    "updatedReason":null,
    "updated":null,
    "evidenceRecord":"https:\/\/evidence.eventdata.crossref.org\/evidence\/20200516-twitter-260a60a7-5e08-424e-9bdd-d06f9e8a6a",
    "eventAction":"add",
    "subjectPID":"twitter:\/\/status?id=1261664812817416195",
    "originalTweetURL":"twitter:\/\/status?id=1261657555270602752",
    "alternativeID":"1261664812817416195",
    "title":"Tweet 1261664812817416195",
    "issued":1589639306000,
    "objectPID":"https:\/\/doi.org\/10.1001\/jama.280.3.237",
    "objectURL":"https:\/\/jamanetwork.com\/journals\/jama\/fullarticle\/187748#COMMENT",
    "updatedDate":null
  },
  "6":{
    "twitterIncrement":10714,
    "sourceID":"twitter",
    "subjectID":"twitter:\/\/status?id=1261692378865373185",
    "objectID":"https:\/\/doi.org\/10.1001\/jama.280.3.237",
    "eventID":"1fd4b7f9-14e6-469e-9567-d84754a98f78",
    "occurredAt":1589645878000,
    "timeObserved":1602704180000,
    "relationType":"discusses",
    "sourceToken":"45a1ef76-4f43-4cdc-9ba8-5a6ad01cc231",
    "license":"https:\/\/creativecommons.org\/publicdomain\/zero\/1.0\/",
    "termsOfUse":"https:\/\/doi.org\/10.13003\/CED-terms-of-use",
    "tweetAuthor":"twitter:\/\/user?screen_name=IndWorldThinker",
    "originalTweetAuthor":"twitter:\/\/user?screen_name=SizweLo",
    "updatedReason":null,
    "updated":null,
    "evidenceRecord":"https:\/\/evidence.eventdata.crossref.org\/evidence\/20200516-twitter-4cdc7ae0-90c9-43f4-8701-5b860286db",
    "eventAction":"add",
    "subjectPID":"twitter:\/\/status?id=1261692378865373185",
    "originalTweetURL":"twitter:\/\/status?id=1261657555270602752",
    "alternativeID":"1261692378865373185",
    "title":"Tweet 1261692378865373185",
    "issued":1589645878000,
    "objectPID":"https:\/\/doi.org\/10.1001\/jama.280.3.237",
    "objectURL":"https:\/\/jamanetwork.com\/journals\/jama\/fullarticle\/187748#COMMENT",
    "updatedDate":null
  },
  "7":{
    "twitterIncrement":10715,
    "sourceID":"twitter",
    "subjectID":"twitter:\/\/status?id=1261696226757611523",
    "objectID":"https:\/\/doi.org\/10.1001\/jama.280.3.237",
    "eventID":"f3ef4e33-345c-4297-92d9-18feea7a240c",
    "occurredAt":1589646796000,
    "timeObserved":1602704285000,
    "relationType":"discusses",
    "sourceToken":"45a1ef76-4f43-4cdc-9ba8-5a6ad01cc231",
    "license":"https:\/\/creativecommons.org\/publicdomain\/zero\/1.0\/",
    "termsOfUse":"https:\/\/doi.org\/10.13003\/CED-terms-of-use",
    "tweetAuthor":"twitter:\/\/user?screen_name=Tlhalef01943580",
    "originalTweetAuthor":"twitter:\/\/user?screen_name=SizweLo",
    "updatedReason":null,
    "updated":null,
    "evidenceRecord":"https:\/\/evidence.eventdata.crossref.org\/evidence\/20200516-twitter-bdda5d5f-d6f1-47f8-a46f-c6d134c225",
    "eventAction":"add",
    "subjectPID":"twitter:\/\/status?id=1261696226757611523",
    "originalTweetURL":"twitter:\/\/status?id=1261657555270602752",
    "alternativeID":"1261696226757611523",
    "title":"Tweet 1261696226757611523",
    "issued":1589646796000,
    "objectPID":"https:\/\/doi.org\/10.1001\/jama.280.3.237",
    "objectURL":"https:\/\/jamanetwork.com\/journals\/jama\/fullarticle\/187748#COMMENT",
    "updatedDate":null
  },
  "8":{
    "twitterIncrement":10716,
    "sourceID":"twitter",
    "subjectID":"twitter:\/\/status?id=1261733750054027266",
    "objectID":"https:\/\/doi.org\/10.1001\/jama.280.3.237",
    "eventID":"5fec5abf-160b-4aa5-84ac-84ac1e198ae0",
    "occurredAt":1589655742000,
    "timeObserved":1602704292000,
    "relationType":"discusses",
    "sourceToken":"45a1ef76-4f43-4cdc-9ba8-5a6ad01cc231",
    "license":"https:\/\/creativecommons.org\/publicdomain\/zero\/1.0\/",
    "termsOfUse":"https:\/\/doi.org\/10.13003\/CED-terms-of-use",
    "tweetAuthor":"twitter:\/\/user?screen_name=Ndumiso41410102",
    "originalTweetAuthor":"twitter:\/\/user?screen_name=SizweLo",
    "updatedReason":null,
    "updated":null,
    "evidenceRecord":"https:\/\/evidence.eventdata.crossref.org\/evidence\/20200516-twitter-c5da604c-7602-4d7d-9376-14507ee157",
    "eventAction":"add",
    "subjectPID":"twitter:\/\/status?id=1261733750054027266",
    "originalTweetURL":"twitter:\/\/status?id=1261657555270602752",
    "alternativeID":"1261733750054027266",
    "title":"Tweet 1261733750054027266",
    "issued":1589655742000,
    "objectPID":"https:\/\/doi.org\/10.1001\/jama.280.3.237",
    "objectURL":"https:\/\/jamanetwork.com\/journals\/jama\/fullarticle\/187748#COMMENT",
    "updatedDate":null
  },
  "9":{
    "twitterIncrement":10717,
    "sourceID":"twitter",
    "subjectID":"twitter:\/\/status?id=1261670616727465984",
    "objectID":"https:\/\/doi.org\/10.1001\/jama.280.3.237",
    "eventID":"a18ea7d6-6151-4ed5-a997-eb107513f55a",
    "occurredAt":1589640690000,
    "timeObserved":1602704301000,
    "relationType":"discusses",
    "sourceToken":"45a1ef76-4f43-4cdc-9ba8-5a6ad01cc231",
    "license":"https:\/\/creativecommons.org\/publicdomain\/zero\/1.0\/",
    "termsOfUse":"https:\/\/doi.org\/10.13003\/CED-terms-of-use",
    "tweetAuthor":"twitter:\/\/user?screen_name=DESCOLONIZADORA",
    "originalTweetAuthor":"twitter:\/\/user?screen_name=SizweLo",
    "updatedReason":null,
    "updated":null,
    "evidenceRecord":"https:\/\/evidence.eventdata.crossref.org\/evidence\/20200516-twitter-ca94da89-4c53-4848-94b6-2cdb9f7105",
    "eventAction":"add",
    "subjectPID":"twitter:\/\/status?id=1261670616727465984",
    "originalTweetURL":"twitter:\/\/status?id=1261657555270602752",
    "alternativeID":"1261670616727465984",
    "title":"Tweet 1261670616727465984",
    "issued":1589640690000,
    "objectPID":"https:\/\/doi.org\/10.1001\/jama.280.3.237",
    "objectURL":"https:\/\/jamanetwork.com\/journals\/jama\/fullarticle\/187748#COMMENT",
    "updatedDate":null
  },
  "10":{
    "twitterIncrement":10718,
    "sourceID":"twitter",
    "subjectID":"twitter:\/\/status?id=1261657555270602752",
    "objectID":"https:\/\/doi.org\/10.1001\/jama.280.3.237",
    "eventID":"76971bc6-2647-43e9-92d4-c28c5473335a",
    "occurredAt":1589637576000,
    "timeObserved":1602704330000,
    "relationType":"discusses",
    "sourceToken":"45a1ef76-4f43-4cdc-9ba8-5a6ad01cc231",
    "license":"https:\/\/creativecommons.org\/publicdomain\/zero\/1.0\/",
    "termsOfUse":"https:\/\/doi.org\/10.13003\/CED-terms-of-use",
    "tweetAuthor":"twitter:\/\/user?screen_name=SizweLo",
    "originalTweetAuthor":null,
    "updatedReason":null,
    "updated":null,
    "evidenceRecord":"https:\/\/evidence.eventdata.crossref.org\/evidence\/20200516-twitter-eb29cf45-bfaa-4e24-ba8f-9de27c9c91",
    "eventAction":"add",
    "subjectPID":"twitter:\/\/status?id=1261657555270602752",
    "originalTweetURL":"twitter:\/\/status?id=1261657555270602752",
    "alternativeID":"1261657555270602752",
    "title":"Tweet 1261657555270602752",
    "issued":1589637576000,
    "objectPID":"https:\/\/doi.org\/10.1001\/jama.280.3.237",
    "objectURL":"https:\/\/jamanetwork.com\/journals\/jama\/fullarticle\/187748#COMMENT",
    "updatedDate":null
  },
  "11":{
    "twitterIncrement":10719,
    "sourceID":"twitter",
    "subjectID":"twitter:\/\/status?id=1261985935551598593",
    "objectID":"https:\/\/doi.org\/10.1001\/jama.280.3.237",
    "eventID":"341e27bc-472b-42fe-93af-edf413996a5a",
    "occurredAt":1589715868000,
    "timeObserved":1602706035000,
    "relationType":"discusses",
    "sourceToken":"45a1ef76-4f43-4cdc-9ba8-5a6ad01cc231",
    "license":"https:\/\/creativecommons.org\/publicdomain\/zero\/1.0\/",
    "termsOfUse":"https:\/\/doi.org\/10.13003\/CED-terms-of-use",
    "tweetAuthor":"twitter:\/\/user?screen_name=lwazintombela",
    "originalTweetAuthor":"twitter:\/\/user?screen_name=SizweLo",
    "updatedReason":null,
    "updated":null,
    "evidenceRecord":"https:\/\/evidence.eventdata.crossref.org\/evidence\/20200517-twitter-d6e9f0e0-d19f-4bbd-ba1c-4cfc58fc8c",
    "eventAction":"add",
    "subjectPID":"twitter:\/\/status?id=1261985935551598593",
    "originalTweetURL":"twitter:\/\/status?id=1261657555270602752",
    "alternativeID":"1261985935551598593",
    "title":"Tweet 1261985935551598593",
    "issued":1589715868000,
    "objectPID":"https:\/\/doi.org\/10.1001\/jama.280.3.237",
    "objectURL":"https:\/\/jamanetwork.com\/journals\/jama\/fullarticle\/187748#COMMENT",
    "updatedDate":null
  },
  "12":{
    "twitterIncrement":10720,
    "sourceID":"twitter",
    "subjectID":"twitter:\/\/status?id=1261893118011596801",
    "objectID":"https:\/\/doi.org\/10.1001\/jama.280.3.237",
    "eventID":"7472715b-58d2-42a6-8039-2151046301e8",
    "occurredAt":1589693738000,
    "timeObserved":1602706038000,
    "relationType":"discusses",
    "sourceToken":"45a1ef76-4f43-4cdc-9ba8-5a6ad01cc231",
    "license":"https:\/\/creativecommons.org\/publicdomain\/zero\/1.0\/",
    "termsOfUse":"https:\/\/doi.org\/10.13003\/CED-terms-of-use",
    "tweetAuthor":"twitter:\/\/user?screen_name=SammyN36174614",
    "originalTweetAuthor":null,
    "updatedReason":null,
    "updated":null,
    "evidenceRecord":"https:\/\/evidence.eventdata.crossref.org\/evidence\/20200517-twitter-d70e2291-c404-4f88-a901-18684ebbdf",
    "eventAction":"add",
    "subjectPID":"twitter:\/\/status?id=1261893118011596801",
    "originalTweetURL":"twitter:\/\/status?id=1261893118011596801",
    "alternativeID":"1261893118011596801",
    "title":"Tweet 1261893118011596801",
    "issued":1589693738000,
    "objectPID":"https:\/\/doi.org\/10.1001\/jama.280.3.237",
    "objectURL":"https:\/\/jamanetwork.com\/journals\/jama\/fullarticle\/187748#COMMENT",
    "updatedDate":null
  },
  "13":{
    "twitterIncrement":10721,
    "sourceID":"twitter",
    "subjectID":"twitter:\/\/status?id=1262175619057664004",
    "objectID":"https:\/\/doi.org\/10.1001\/jama.280.3.237",
    "eventID":"3f1c0403-c038-442e-9518-90a966c447a0",
    "occurredAt":1589761092000,
    "timeObserved":1602707833000,
    "relationType":"discusses",
    "sourceToken":"45a1ef76-4f43-4cdc-9ba8-5a6ad01cc231",
    "license":"https:\/\/creativecommons.org\/publicdomain\/zero\/1.0\/",
    "termsOfUse":"https:\/\/doi.org\/10.13003\/CED-terms-of-use",
    "tweetAuthor":"twitter:\/\/user?screen_name=Regoworldwide",
    "originalTweetAuthor":"twitter:\/\/user?screen_name=SizweLo",
    "updatedReason":null,
    "updated":null,
    "evidenceRecord":"https:\/\/evidence.eventdata.crossref.org\/evidence\/20200518-twitter-92c76c56-824f-4129-97b4-1580635980",
    "eventAction":"add",
    "subjectPID":"twitter:\/\/status?id=1262175619057664004",
    "originalTweetURL":"twitter:\/\/status?id=1261657555270602752",
    "alternativeID":"1262175619057664004",
    "title":"Tweet 1262175619057664004",
    "issued":1589761092000,
    "objectPID":"https:\/\/doi.org\/10.1001\/jama.280.3.237",
    "objectURL":"https:\/\/jamanetwork.com\/journals\/jama\/fullarticle\/187748#COMMENT",
    "updatedDate":null
  },
  "14":{
    "twitterIncrement":10722,
    "sourceID":"twitter",
    "subjectID":"twitter:\/\/status?id=1264455832315531264",
    "objectID":"https:\/\/doi.org\/10.1001\/jama.280.3.237",
    "eventID":"719dd70f-1683-45cf-90c3-9eb9d33e671a",
    "occurredAt":1590304737000,
    "timeObserved":1602718945000,
    "relationType":"discusses",
    "sourceToken":"45a1ef76-4f43-4cdc-9ba8-5a6ad01cc231",
    "license":"https:\/\/creativecommons.org\/publicdomain\/zero\/1.0\/",
    "termsOfUse":"https:\/\/doi.org\/10.13003\/CED-terms-of-use",
    "tweetAuthor":"twitter:\/\/user?screen_name=Lunga_Linda",
    "originalTweetAuthor":"twitter:\/\/user?screen_name=SizweLo",
    "updatedReason":null,
    "updated":null,
    "evidenceRecord":"https:\/\/evidence.eventdata.crossref.org\/evidence\/20200524-twitter-df0873f3-ee2e-489f-93bf-7444656f2c",
    "eventAction":"add",
    "subjectPID":"twitter:\/\/status?id=1264455832315531264",
    "originalTweetURL":"twitter:\/\/status?id=1261657555270602752",
    "alternativeID":"1264455832315531264",
    "title":"Tweet 1264455832315531264",
    "issued":1590304737000,
    "objectPID":"https:\/\/doi.org\/10.1001\/jama.280.3.237",
    "objectURL":"https:\/\/jamanetwork.com\/journals\/jama\/fullarticle\/187748#COMMENT",
    "updatedDate":null
  },
  "15":{
    "twitterIncrement":10723,
    "sourceID":"twitter",
    "subjectID":"twitter:\/\/status?id=1269133624990994432",
    "objectID":"https:\/\/doi.org\/10.1001\/jama.280.3.237",
    "eventID":"b321a0e1-1809-4c0c-a1d4-00274f48e3f1",
    "occurredAt":1591420010000,
    "timeObserved":1602742371000,
    "relationType":"discusses",
    "sourceToken":"45a1ef76-4f43-4cdc-9ba8-5a6ad01cc231",
    "license":"https:\/\/creativecommons.org\/publicdomain\/zero\/1.0\/",
    "termsOfUse":"https:\/\/doi.org\/10.13003\/CED-terms-of-use",
    "tweetAuthor":"twitter:\/\/user?screen_name=butsch_ramone",
    "originalTweetAuthor":null,
    "updatedReason":null,
    "updated":null,
    "evidenceRecord":"https:\/\/evidence.eventdata.crossref.org\/evidence\/20200606-twitter-ed87fa3d-2afe-43b2-97d0-01924381c2",
    "eventAction":"add",
    "subjectPID":"twitter:\/\/status?id=1269133624990994432",
    "originalTweetURL":"twitter:\/\/status?id=1269133624990994432",
    "alternativeID":"1269133624990994432",
    "title":"Tweet 1269133624990994432",
    "issued":1591420010000,
    "objectPID":"https:\/\/doi.org\/10.1001\/jama.280.3.237",
    "objectURL":"https:\/\/jamanetwork.com\/journals\/jama\/fullarticle\/187748",
    "updatedDate":null
  },
  "16":{
    "twitterIncrement":11324,
    "sourceID":"twitter",
    "subjectID":"twitter:\/\/status?id=1084467900415660032",
    "objectID":"https:\/\/doi.org\/10.1001\/jama.280.3.237",
    "eventID":"74d742b0-0744-4861-92d6-1b4cd445ae1d",
    "occurredAt":1547392270000,
    "timeObserved":1547374575000,
    "relationType":"discusses",
    "sourceToken":"45a1ef76-4f43-4cdc-9ba8-5a6ad01cc231",
    "license":"https:\/\/creativecommons.org\/publicdomain\/zero\/1.0\/",
    "termsOfUse":"https:\/\/doi.org\/10.13003\/CED-terms-of-use",
    "tweetAuthor":"twitter:\/\/user?screen_name=butsch_ramone",
    "originalTweetAuthor":null,
    "updatedReason":null,
    "updated":null,
    "evidenceRecord":"https:\/\/evidence.eventdata.crossref.org\/evidence\/20190113-twitter-a2dc33f7-c9bb-4922-94eb-c94498ff5a",
    "eventAction":"add",
    "subjectPID":"twitter:\/\/status?id=1084467900415660032",
    "originalTweetURL":"twitter:\/\/status?id=1084467900415660032",
    "alternativeID":"1084467900415660032",
    "title":"Tweet 1084467900415660032",
    "issued":1547392270000,
    "objectPID":"https:\/\/doi.org\/10.1001\/jama.280.3.237",
    "objectURL":"https:\/\/jamanetwork.com\/journals\/jama\/fullarticle\/187748",
    "updatedDate":null
  },
  "17":{
    "twitterIncrement":11325,
    "sourceID":"twitter",
    "subjectID":"twitter:\/\/status?id=1084621296262991872",
    "objectID":"https:\/\/doi.org\/10.1001\/jama.280.3.237",
    "eventID":"fa735f81-bf18-429f-94e0-9770d593ab10",
    "occurredAt":1547428842000,
    "timeObserved":1547411161000,
    "relationType":"discusses",
    "sourceToken":"45a1ef76-4f43-4cdc-9ba8-5a6ad01cc231",
    "license":"https:\/\/creativecommons.org\/publicdomain\/zero\/1.0\/",
    "termsOfUse":"https:\/\/doi.org\/10.13003\/CED-terms-of-use",
    "tweetAuthor":"twitter:\/\/user?screen_name=preview_sneak",
    "originalTweetAuthor":"twitter:\/\/user?screen_name=butsch_ramone",
    "updatedReason":null,
    "updated":null,
    "evidenceRecord":"https:\/\/evidence.eventdata.crossref.org\/evidence\/20190114-twitter-6b89ed33-270d-4810-9f7e-b1111384cd",
    "eventAction":"add",
    "subjectPID":"twitter:\/\/status?id=1084621296262991872",
    "originalTweetURL":"twitter:\/\/status?id=1084467900415660032",
    "alternativeID":"1084621296262991872",
    "title":"Tweet 1084621296262991872",
    "issued":1547428842000,
    "objectPID":"https:\/\/doi.org\/10.1001\/jama.280.3.237",
    "objectURL":"https:\/\/jamanetwork.com\/journals\/jama\/fullarticle\/187748",
    "updatedDate":null
  },
  "18":{
    "twitterIncrement":11326,
    "sourceID":"twitter",
    "subjectID":"twitter:\/\/status?id=1084631816676564992",
    "objectID":"https:\/\/doi.org\/10.1001\/jama.280.3.237",
    "eventID":"d30e6f5e-6cc4-43d4-a548-66a0ca0d9e73",
    "occurredAt":1547431351000,
    "timeObserved":1547413691000,
    "relationType":"discusses",
    "sourceToken":"45a1ef76-4f43-4cdc-9ba8-5a6ad01cc231",
    "license":"https:\/\/creativecommons.org\/publicdomain\/zero\/1.0\/",
    "termsOfUse":"https:\/\/doi.org\/10.13003\/CED-terms-of-use",
    "tweetAuthor":"twitter:\/\/user?screen_name=tracy__e",
    "originalTweetAuthor":"twitter:\/\/user?screen_name=butsch_ramone",
    "updatedReason":null,
    "updated":null,
    "evidenceRecord":"https:\/\/evidence.eventdata.crossref.org\/evidence\/20190114-twitter-71b0021b-d6c5-470c-8ce6-ca95fdd40b",
    "eventAction":"add",
    "subjectPID":"twitter:\/\/status?id=1084631816676564992",
    "originalTweetURL":"twitter:\/\/status?id=1084467900415660032",
    "alternativeID":"1084631816676564992",
    "title":"Tweet 1084631816676564992",
    "issued":1547431351000,
    "objectPID":"https:\/\/doi.org\/10.1001\/jama.280.3.237",
    "objectURL":"https:\/\/jamanetwork.com\/journals\/jama\/fullarticle\/187748",
    "updatedDate":null
  },
  "19":{
    "twitterIncrement":11327,
    "sourceID":"twitter",
    "subjectID":"twitter:\/\/status?id=1261733901585780737",
    "objectID":"https:\/\/doi.org\/10.1001\/jama.280.3.237",
    "eventID":"50b506f7-db86-45e6-9af7-41b318c1e804",
    "occurredAt":1589655778000,
    "timeObserved":1602704106000,
    "relationType":"discusses",
    "sourceToken":"45a1ef76-4f43-4cdc-9ba8-5a6ad01cc231",
    "license":"https:\/\/creativecommons.org\/publicdomain\/zero\/1.0\/",
    "termsOfUse":"https:\/\/doi.org\/10.13003\/CED-terms-of-use",
    "tweetAuthor":"twitter:\/\/user?screen_name=mxo1",
    "originalTweetAuthor":"twitter:\/\/user?screen_name=SizweLo",
    "updatedReason":null,
    "updated":null,
    "evidenceRecord":"https:\/\/evidence.eventdata.crossref.org\/evidence\/20200516-twitter-0195f285-a511-4a17-9494-bd8d6d06f8",
    "eventAction":"add",
    "subjectPID":"twitter:\/\/status?id=1261733901585780737",
    "originalTweetURL":"twitter:\/\/status?id=1261657555270602752",
    "alternativeID":"1261733901585780737",
    "title":"Tweet 1261733901585780737",
    "issued":1589655778000,
    "objectPID":"https:\/\/doi.org\/10.1001\/jama.280.3.237",
    "objectURL":"https:\/\/jamanetwork.com\/journals\/jama\/fullarticle\/187748#COMMENT",
    "updatedDate":null
  },
  "20":{
    "twitterIncrement":11328,
    "sourceID":"twitter",
    "subjectID":"twitter:\/\/status?id=1261681232884178945",
    "objectID":"https:\/\/doi.org\/10.1001\/jama.280.3.237",
    "eventID":"e5aeeac2-02ef-4fdf-a906-081922bcf236",
    "occurredAt":1589643221000,
    "timeObserved":1602704138000,
    "relationType":"discusses",
    "sourceToken":"45a1ef76-4f43-4cdc-9ba8-5a6ad01cc231",
    "license":"https:\/\/creativecommons.org\/publicdomain\/zero\/1.0\/",
    "termsOfUse":"https:\/\/doi.org\/10.13003\/CED-terms-of-use",
    "tweetAuthor":"twitter:\/\/user?screen_name=slargeliving",
    "originalTweetAuthor":"twitter:\/\/user?screen_name=SizweLo",
    "updatedReason":null,
    "updated":null,
    "evidenceRecord":"https:\/\/evidence.eventdata.crossref.org\/evidence\/20200516-twitter-22587430-fc78-48ab-83bd-c6ae350473",
    "eventAction":"add",
    "subjectPID":"twitter:\/\/status?id=1261681232884178945",
    "originalTweetURL":"twitter:\/\/status?id=1261657555270602752",
    "alternativeID":"1261681232884178945",
    "title":"Tweet 1261681232884178945",
    "issued":1589643221000,
    "objectPID":"https:\/\/doi.org\/10.1001\/jama.280.3.237",
    "objectURL":"https:\/\/jamanetwork.com\/journals\/jama\/fullarticle\/187748#COMMENT",
    "updatedDate":null
  },
  "21":{
    "twitterIncrement":11329,
    "sourceID":"twitter",
    "subjectID":"twitter:\/\/status?id=1261664812817416195",
    "objectID":"https:\/\/doi.org\/10.1001\/jama.280.3.237",
    "eventID":"a2787aeb-6f5b-4821-88f1-9e1ad1d58e2b",
    "occurredAt":1589639306000,
    "timeObserved":1602704141000,
    "relationType":"discusses",
    "sourceToken":"45a1ef76-4f43-4cdc-9ba8-5a6ad01cc231",
    "license":"https:\/\/creativecommons.org\/publicdomain\/zero\/1.0\/",
    "termsOfUse":"https:\/\/doi.org\/10.13003\/CED-terms-of-use",
    "tweetAuthor":"twitter:\/\/user?screen_name=AlkebulanThe",
    "originalTweetAuthor":"twitter:\/\/user?screen_name=SizweLo",
    "updatedReason":null,
    "updated":null,
    "evidenceRecord":"https:\/\/evidence.eventdata.crossref.org\/evidence\/20200516-twitter-260a60a7-5e08-424e-9bdd-d06f9e8a6a",
    "eventAction":"add",
    "subjectPID":"twitter:\/\/status?id=1261664812817416195",
    "originalTweetURL":"twitter:\/\/status?id=1261657555270602752",
    "alternativeID":"1261664812817416195",
    "title":"Tweet 1261664812817416195",
    "issued":1589639306000,
    "objectPID":"https:\/\/doi.org\/10.1001\/jama.280.3.237",
    "objectURL":"https:\/\/jamanetwork.com\/journals\/jama\/fullarticle\/187748#COMMENT",
    "updatedDate":null
  },
  "22":{
    "twitterIncrement":11330,
    "sourceID":"twitter",
    "subjectID":"twitter:\/\/status?id=1261692378865373185",
    "objectID":"https:\/\/doi.org\/10.1001\/jama.280.3.237",
    "eventID":"1fd4b7f9-14e6-469e-9567-d84754a98f78",
    "occurredAt":1589645878000,
    "timeObserved":1602704180000,
    "relationType":"discusses",
    "sourceToken":"45a1ef76-4f43-4cdc-9ba8-5a6ad01cc231",
    "license":"https:\/\/creativecommons.org\/publicdomain\/zero\/1.0\/",
    "termsOfUse":"https:\/\/doi.org\/10.13003\/CED-terms-of-use",
    "tweetAuthor":"twitter:\/\/user?screen_name=IndWorldThinker",
    "originalTweetAuthor":"twitter:\/\/user?screen_name=SizweLo",
    "updatedReason":null,
    "updated":null,
    "evidenceRecord":"https:\/\/evidence.eventdata.crossref.org\/evidence\/20200516-twitter-4cdc7ae0-90c9-43f4-8701-5b860286db",
    "eventAction":"add",
    "subjectPID":"twitter:\/\/status?id=1261692378865373185",
    "originalTweetURL":"twitter:\/\/status?id=1261657555270602752",
    "alternativeID":"1261692378865373185",
    "title":"Tweet 1261692378865373185",
    "issued":1589645878000,
    "objectPID":"https:\/\/doi.org\/10.1001\/jama.280.3.237",
    "objectURL":"https:\/\/jamanetwork.com\/journals\/jama\/fullarticle\/187748#COMMENT",
    "updatedDate":null
  },
  "23":{
    "twitterIncrement":11331,
    "sourceID":"twitter",
    "subjectID":"twitter:\/\/status?id=1261696226757611523",
    "objectID":"https:\/\/doi.org\/10.1001\/jama.280.3.237",
    "eventID":"f3ef4e33-345c-4297-92d9-18feea7a240c",
    "occurredAt":1589646796000,
    "timeObserved":1602704285000,
    "relationType":"discusses",
    "sourceToken":"45a1ef76-4f43-4cdc-9ba8-5a6ad01cc231",
    "license":"https:\/\/creativecommons.org\/publicdomain\/zero\/1.0\/",
    "termsOfUse":"https:\/\/doi.org\/10.13003\/CED-terms-of-use",
    "tweetAuthor":"twitter:\/\/user?screen_name=Tlhalef01943580",
    "originalTweetAuthor":"twitter:\/\/user?screen_name=SizweLo",
    "updatedReason":null,
    "updated":null,
    "evidenceRecord":"https:\/\/evidence.eventdata.crossref.org\/evidence\/20200516-twitter-bdda5d5f-d6f1-47f8-a46f-c6d134c225",
    "eventAction":"add",
    "subjectPID":"twitter:\/\/status?id=1261696226757611523",
    "originalTweetURL":"twitter:\/\/status?id=1261657555270602752",
    "alternativeID":"1261696226757611523",
    "title":"Tweet 1261696226757611523",
    "issued":1589646796000,
    "objectPID":"https:\/\/doi.org\/10.1001\/jama.280.3.237",
    "objectURL":"https:\/\/jamanetwork.com\/journals\/jama\/fullarticle\/187748#COMMENT",
    "updatedDate":null
  },
  "24":{
    "twitterIncrement":11332,
    "sourceID":"twitter",
    "subjectID":"twitter:\/\/status?id=1261733750054027266",
    "objectID":"https:\/\/doi.org\/10.1001\/jama.280.3.237",
    "eventID":"5fec5abf-160b-4aa5-84ac-84ac1e198ae0",
    "occurredAt":1589655742000,
    "timeObserved":1602704292000,
    "relationType":"discusses",
    "sourceToken":"45a1ef76-4f43-4cdc-9ba8-5a6ad01cc231",
    "license":"https:\/\/creativecommons.org\/publicdomain\/zero\/1.0\/",
    "termsOfUse":"https:\/\/doi.org\/10.13003\/CED-terms-of-use",
    "tweetAuthor":"twitter:\/\/user?screen_name=Ndumiso41410102",
    "originalTweetAuthor":"twitter:\/\/user?screen_name=SizweLo",
    "updatedReason":null,
    "updated":null,
    "evidenceRecord":"https:\/\/evidence.eventdata.crossref.org\/evidence\/20200516-twitter-c5da604c-7602-4d7d-9376-14507ee157",
    "eventAction":"add",
    "subjectPID":"twitter:\/\/status?id=1261733750054027266",
    "originalTweetURL":"twitter:\/\/status?id=1261657555270602752",
    "alternativeID":"1261733750054027266",
    "title":"Tweet 1261733750054027266",
    "issued":1589655742000,
    "objectPID":"https:\/\/doi.org\/10.1001\/jama.280.3.237",
    "objectURL":"https:\/\/jamanetwork.com\/journals\/jama\/fullarticle\/187748#COMMENT",
    "updatedDate":null
  },
  "25":{
    "twitterIncrement":11333,
    "sourceID":"twitter",
    "subjectID":"twitter:\/\/status?id=1261670616727465984",
    "objectID":"https:\/\/doi.org\/10.1001\/jama.280.3.237",
    "eventID":"a18ea7d6-6151-4ed5-a997-eb107513f55a",
    "occurredAt":1589640690000,
    "timeObserved":1602704301000,
    "relationType":"discusses",
    "sourceToken":"45a1ef76-4f43-4cdc-9ba8-5a6ad01cc231",
    "license":"https:\/\/creativecommons.org\/publicdomain\/zero\/1.0\/",
    "termsOfUse":"https:\/\/doi.org\/10.13003\/CED-terms-of-use",
    "tweetAuthor":"twitter:\/\/user?screen_name=DESCOLONIZADORA",
    "originalTweetAuthor":"twitter:\/\/user?screen_name=SizweLo",
    "updatedReason":null,
    "updated":null,
    "evidenceRecord":"https:\/\/evidence.eventdata.crossref.org\/evidence\/20200516-twitter-ca94da89-4c53-4848-94b6-2cdb9f7105",
    "eventAction":"add",
    "subjectPID":"twitter:\/\/status?id=1261670616727465984",
    "originalTweetURL":"twitter:\/\/status?id=1261657555270602752",
    "alternativeID":"1261670616727465984",
    "title":"Tweet 1261670616727465984",
    "issued":1589640690000,
    "objectPID":"https:\/\/doi.org\/10.1001\/jama.280.3.237",
    "objectURL":"https:\/\/jamanetwork.com\/journals\/jama\/fullarticle\/187748#COMMENT",
    "updatedDate":null
  },
  "26":{
    "twitterIncrement":11334,
    "sourceID":"twitter",
    "subjectID":"twitter:\/\/status?id=1261657555270602752",
    "objectID":"https:\/\/doi.org\/10.1001\/jama.280.3.237",
    "eventID":"76971bc6-2647-43e9-92d4-c28c5473335a",
    "occurredAt":1589637576000,
    "timeObserved":1602704330000,
    "relationType":"discusses",
    "sourceToken":"45a1ef76-4f43-4cdc-9ba8-5a6ad01cc231",
    "license":"https:\/\/creativecommons.org\/publicdomain\/zero\/1.0\/",
    "termsOfUse":"https:\/\/doi.org\/10.13003\/CED-terms-of-use",
    "tweetAuthor":"twitter:\/\/user?screen_name=SizweLo",
    "originalTweetAuthor":null,
    "updatedReason":null,
    "updated":null,
    "evidenceRecord":"https:\/\/evidence.eventdata.crossref.org\/evidence\/20200516-twitter-eb29cf45-bfaa-4e24-ba8f-9de27c9c91",
    "eventAction":"add",
    "subjectPID":"twitter:\/\/status?id=1261657555270602752",
    "originalTweetURL":"twitter:\/\/status?id=1261657555270602752",
    "alternativeID":"1261657555270602752",
    "title":"Tweet 1261657555270602752",
    "issued":1589637576000,
    "objectPID":"https:\/\/doi.org\/10.1001\/jama.280.3.237",
    "objectURL":"https:\/\/jamanetwork.com\/journals\/jama\/fullarticle\/187748#COMMENT",
    "updatedDate":null
  },
  "27":{
    "twitterIncrement":11335,
    "sourceID":"twitter",
    "subjectID":"twitter:\/\/status?id=1261985935551598593",
    "objectID":"https:\/\/doi.org\/10.1001\/jama.280.3.237",
    "eventID":"341e27bc-472b-42fe-93af-edf413996a5a",
    "occurredAt":1589715868000,
    "timeObserved":1602706035000,
    "relationType":"discusses",
    "sourceToken":"45a1ef76-4f43-4cdc-9ba8-5a6ad01cc231",
    "license":"https:\/\/creativecommons.org\/publicdomain\/zero\/1.0\/",
    "termsOfUse":"https:\/\/doi.org\/10.13003\/CED-terms-of-use",
    "tweetAuthor":"twitter:\/\/user?screen_name=lwazintombela",
    "originalTweetAuthor":"twitter:\/\/user?screen_name=SizweLo",
    "updatedReason":null,
    "updated":null,
    "evidenceRecord":"https:\/\/evidence.eventdata.crossref.org\/evidence\/20200517-twitter-d6e9f0e0-d19f-4bbd-ba1c-4cfc58fc8c",
    "eventAction":"add",
    "subjectPID":"twitter:\/\/status?id=1261985935551598593",
    "originalTweetURL":"twitter:\/\/status?id=1261657555270602752",
    "alternativeID":"1261985935551598593",
    "title":"Tweet 1261985935551598593",
    "issued":1589715868000,
    "objectPID":"https:\/\/doi.org\/10.1001\/jama.280.3.237",
    "objectURL":"https:\/\/jamanetwork.com\/journals\/jama\/fullarticle\/187748#COMMENT",
    "updatedDate":null
  },
  "28":{
    "twitterIncrement":11336,
    "sourceID":"twitter",
    "subjectID":"twitter:\/\/status?id=1261893118011596801",
    "objectID":"https:\/\/doi.org\/10.1001\/jama.280.3.237",
    "eventID":"7472715b-58d2-42a6-8039-2151046301e8",
    "occurredAt":1589693738000,
    "timeObserved":1602706038000,
    "relationType":"discusses",
    "sourceToken":"45a1ef76-4f43-4cdc-9ba8-5a6ad01cc231",
    "license":"https:\/\/creativecommons.org\/publicdomain\/zero\/1.0\/",
    "termsOfUse":"https:\/\/doi.org\/10.13003\/CED-terms-of-use",
    "tweetAuthor":"twitter:\/\/user?screen_name=SammyN36174614",
    "originalTweetAuthor":null,
    "updatedReason":null,
    "updated":null,
    "evidenceRecord":"https:\/\/evidence.eventdata.crossref.org\/evidence\/20200517-twitter-d70e2291-c404-4f88-a901-18684ebbdf",
    "eventAction":"add",
    "subjectPID":"twitter:\/\/status?id=1261893118011596801",
    "originalTweetURL":"twitter:\/\/status?id=1261893118011596801",
    "alternativeID":"1261893118011596801",
    "title":"Tweet 1261893118011596801",
    "issued":1589693738000,
    "objectPID":"https:\/\/doi.org\/10.1001\/jama.280.3.237",
    "objectURL":"https:\/\/jamanetwork.com\/journals\/jama\/fullarticle\/187748#COMMENT",
    "updatedDate":null
  },
  "29":{
    "twitterIncrement":11337,
    "sourceID":"twitter",
    "subjectID":"twitter:\/\/status?id=1262175619057664004",
    "objectID":"https:\/\/doi.org\/10.1001\/jama.280.3.237",
    "eventID":"3f1c0403-c038-442e-9518-90a966c447a0",
    "occurredAt":1589761092000,
    "timeObserved":1602707833000,
    "relationType":"discusses",
    "sourceToken":"45a1ef76-4f43-4cdc-9ba8-5a6ad01cc231",
    "license":"https:\/\/creativecommons.org\/publicdomain\/zero\/1.0\/",
    "termsOfUse":"https:\/\/doi.org\/10.13003\/CED-terms-of-use",
    "tweetAuthor":"twitter:\/\/user?screen_name=Regoworldwide",
    "originalTweetAuthor":"twitter:\/\/user?screen_name=SizweLo",
    "updatedReason":null,
    "updated":null,
    "evidenceRecord":"https:\/\/evidence.eventdata.crossref.org\/evidence\/20200518-twitter-92c76c56-824f-4129-97b4-1580635980",
    "eventAction":"add",
    "subjectPID":"twitter:\/\/status?id=1262175619057664004",
    "originalTweetURL":"twitter:\/\/status?id=1261657555270602752",
    "alternativeID":"1262175619057664004",
    "title":"Tweet 1262175619057664004",
    "issued":1589761092000,
    "objectPID":"https:\/\/doi.org\/10.1001\/jama.280.3.237",
    "objectURL":"https:\/\/jamanetwork.com\/journals\/jama\/fullarticle\/187748#COMMENT",
    "updatedDate":null
  },
  "30":{
    "twitterIncrement":11338,
    "sourceID":"twitter",
    "subjectID":"twitter:\/\/status?id=1264455832315531264",
    "objectID":"https:\/\/doi.org\/10.1001\/jama.280.3.237",
    "eventID":"719dd70f-1683-45cf-90c3-9eb9d33e671a",
    "occurredAt":1590304737000,
    "timeObserved":1602718945000,
    "relationType":"discusses",
    "sourceToken":"45a1ef76-4f43-4cdc-9ba8-5a6ad01cc231",
    "license":"https:\/\/creativecommons.org\/publicdomain\/zero\/1.0\/",
    "termsOfUse":"https:\/\/doi.org\/10.13003\/CED-terms-of-use",
    "tweetAuthor":"twitter:\/\/user?screen_name=Lunga_Linda",
    "originalTweetAuthor":"twitter:\/\/user?screen_name=SizweLo",
    "updatedReason":null,
    "updated":null,
    "evidenceRecord":"https:\/\/evidence.eventdata.crossref.org\/evidence\/20200524-twitter-df0873f3-ee2e-489f-93bf-7444656f2c",
    "eventAction":"add",
    "subjectPID":"twitter:\/\/status?id=1264455832315531264",
    "originalTweetURL":"twitter:\/\/status?id=1261657555270602752",
    "alternativeID":"1264455832315531264",
    "title":"Tweet 1264455832315531264",
    "issued":1590304737000,
    "objectPID":"https:\/\/doi.org\/10.1001\/jama.280.3.237",
    "objectURL":"https:\/\/jamanetwork.com\/journals\/jama\/fullarticle\/187748#COMMENT",
    "updatedDate":null
  },
  "31":{
    "twitterIncrement":11339,
    "sourceID":"twitter",
    "subjectID":"twitter:\/\/status?id=1269133624990994432",
    "objectID":"https:\/\/doi.org\/10.1001\/jama.280.3.237",
    "eventID":"b321a0e1-1809-4c0c-a1d4-00274f48e3f1",
    "occurredAt":1591420010000,
    "timeObserved":1602742371000,
    "relationType":"discusses",
    "sourceToken":"45a1ef76-4f43-4cdc-9ba8-5a6ad01cc231",
    "license":"https:\/\/creativecommons.org\/publicdomain\/zero\/1.0\/",
    "termsOfUse":"https:\/\/doi.org\/10.13003\/CED-terms-of-use",
    "tweetAuthor":"twitter:\/\/user?screen_name=butsch_ramone",
    "originalTweetAuthor":null,
    "updatedReason":null,
    "updated":null,
    "evidenceRecord":"https:\/\/evidence.eventdata.crossref.org\/evidence\/20200606-twitter-ed87fa3d-2afe-43b2-97d0-01924381c2",
    "eventAction":"add",
    "subjectPID":"twitter:\/\/status?id=1269133624990994432",
    "originalTweetURL":"twitter:\/\/status?id=1269133624990994432",
    "alternativeID":"1269133624990994432",
    "title":"Tweet 1269133624990994432",
    "issued":1591420010000,
    "objectPID":"https:\/\/doi.org\/10.1001\/jama.280.3.237",
    "objectURL":"https:\/\/jamanetwork.com\/journals\/jama\/fullarticle\/187748",
    "updatedDate":null
  },
  "32":{
    "twitterIncrement":12127,
    "sourceID":"twitter",
    "subjectID":"twitter:\/\/status?id=1084467900415660032",
    "objectID":"https:\/\/doi.org\/10.1001\/jama.280.3.237",
    "eventID":"74d742b0-0744-4861-92d6-1b4cd445ae1d",
    "occurredAt":1547392270000,
    "timeObserved":1547374575000,
    "relationType":"discusses",
    "sourceToken":"45a1ef76-4f43-4cdc-9ba8-5a6ad01cc231",
    "license":"https:\/\/creativecommons.org\/publicdomain\/zero\/1.0\/",
    "termsOfUse":"https:\/\/doi.org\/10.13003\/CED-terms-of-use",
    "tweetAuthor":"twitter:\/\/user?screen_name=butsch_ramone",
    "originalTweetAuthor":null,
    "updatedReason":null,
    "updated":null,
    "evidenceRecord":"https:\/\/evidence.eventdata.crossref.org\/evidence\/20190113-twitter-a2dc33f7-c9bb-4922-94eb-c94498ff5a",
    "eventAction":"add",
    "subjectPID":"twitter:\/\/status?id=1084467900415660032",
    "originalTweetURL":"twitter:\/\/status?id=1084467900415660032",
    "alternativeID":"1084467900415660032",
    "title":"Tweet 1084467900415660032",
    "issued":1547392270000,
    "objectPID":"https:\/\/doi.org\/10.1001\/jama.280.3.237",
    "objectURL":"https:\/\/jamanetwork.com\/journals\/jama\/fullarticle\/187748",
    "updatedDate":null
  },
  "33":{
    "twitterIncrement":12128,
    "sourceID":"twitter",
    "subjectID":"twitter:\/\/status?id=1084621296262991872",
    "objectID":"https:\/\/doi.org\/10.1001\/jama.280.3.237",
    "eventID":"fa735f81-bf18-429f-94e0-9770d593ab10",
    "occurredAt":1547428842000,
    "timeObserved":1547411161000,
    "relationType":"discusses",
    "sourceToken":"45a1ef76-4f43-4cdc-9ba8-5a6ad01cc231",
    "license":"https:\/\/creativecommons.org\/publicdomain\/zero\/1.0\/",
    "termsOfUse":"https:\/\/doi.org\/10.13003\/CED-terms-of-use",
    "tweetAuthor":"twitter:\/\/user?screen_name=preview_sneak",
    "originalTweetAuthor":"twitter:\/\/user?screen_name=butsch_ramone",
    "updatedReason":null,
    "updated":null,
    "evidenceRecord":"https:\/\/evidence.eventdata.crossref.org\/evidence\/20190114-twitter-6b89ed33-270d-4810-9f7e-b1111384cd",
    "eventAction":"add",
    "subjectPID":"twitter:\/\/status?id=1084621296262991872",
    "originalTweetURL":"twitter:\/\/status?id=1084467900415660032",
    "alternativeID":"1084621296262991872",
    "title":"Tweet 1084621296262991872",
    "issued":1547428842000,
    "objectPID":"https:\/\/doi.org\/10.1001\/jama.280.3.237",
    "objectURL":"https:\/\/jamanetwork.com\/journals\/jama\/fullarticle\/187748",
    "updatedDate":null
  },
  "34":{
    "twitterIncrement":12129,
    "sourceID":"twitter",
    "subjectID":"twitter:\/\/status?id=1084631816676564992",
    "objectID":"https:\/\/doi.org\/10.1001\/jama.280.3.237",
    "eventID":"d30e6f5e-6cc4-43d4-a548-66a0ca0d9e73",
    "occurredAt":1547431351000,
    "timeObserved":1547413691000,
    "relationType":"discusses",
    "sourceToken":"45a1ef76-4f43-4cdc-9ba8-5a6ad01cc231",
    "license":"https:\/\/creativecommons.org\/publicdomain\/zero\/1.0\/",
    "termsOfUse":"https:\/\/doi.org\/10.13003\/CED-terms-of-use",
    "tweetAuthor":"twitter:\/\/user?screen_name=tracy__e",
    "originalTweetAuthor":"twitter:\/\/user?screen_name=butsch_ramone",
    "updatedReason":null,
    "updated":null,
    "evidenceRecord":"https:\/\/evidence.eventdata.crossref.org\/evidence\/20190114-twitter-71b0021b-d6c5-470c-8ce6-ca95fdd40b",
    "eventAction":"add",
    "subjectPID":"twitter:\/\/status?id=1084631816676564992",
    "originalTweetURL":"twitter:\/\/status?id=1084467900415660032",
    "alternativeID":"1084631816676564992",
    "title":"Tweet 1084631816676564992",
    "issued":1547431351000,
    "objectPID":"https:\/\/doi.org\/10.1001\/jama.280.3.237",
    "objectURL":"https:\/\/jamanetwork.com\/journals\/jama\/fullarticle\/187748",
    "updatedDate":null
  },
  "35":{
    "twitterIncrement":12130,
    "sourceID":"twitter",
    "subjectID":"twitter:\/\/status?id=1261733901585780737",
    "objectID":"https:\/\/doi.org\/10.1001\/jama.280.3.237",
    "eventID":"50b506f7-db86-45e6-9af7-41b318c1e804",
    "occurredAt":1589655778000,
    "timeObserved":1602704106000,
    "relationType":"discusses",
    "sourceToken":"45a1ef76-4f43-4cdc-9ba8-5a6ad01cc231",
    "license":"https:\/\/creativecommons.org\/publicdomain\/zero\/1.0\/",
    "termsOfUse":"https:\/\/doi.org\/10.13003\/CED-terms-of-use",
    "tweetAuthor":"twitter:\/\/user?screen_name=mxo1",
    "originalTweetAuthor":"twitter:\/\/user?screen_name=SizweLo",
    "updatedReason":null,
    "updated":null,
    "evidenceRecord":"https:\/\/evidence.eventdata.crossref.org\/evidence\/20200516-twitter-0195f285-a511-4a17-9494-bd8d6d06f8",
    "eventAction":"add",
    "subjectPID":"twitter:\/\/status?id=1261733901585780737",
    "originalTweetURL":"twitter:\/\/status?id=1261657555270602752",
    "alternativeID":"1261733901585780737",
    "title":"Tweet 1261733901585780737",
    "issued":1589655778000,
    "objectPID":"https:\/\/doi.org\/10.1001\/jama.280.3.237",
    "objectURL":"https:\/\/jamanetwork.com\/journals\/jama\/fullarticle\/187748#COMMENT",
    "updatedDate":null
  },
  "36":{
    "twitterIncrement":12131,
    "sourceID":"twitter",
    "subjectID":"twitter:\/\/status?id=1261681232884178945",
    "objectID":"https:\/\/doi.org\/10.1001\/jama.280.3.237",
    "eventID":"e5aeeac2-02ef-4fdf-a906-081922bcf236",
    "occurredAt":1589643221000,
    "timeObserved":1602704138000,
    "relationType":"discusses",
    "sourceToken":"45a1ef76-4f43-4cdc-9ba8-5a6ad01cc231",
    "license":"https:\/\/creativecommons.org\/publicdomain\/zero\/1.0\/",
    "termsOfUse":"https:\/\/doi.org\/10.13003\/CED-terms-of-use",
    "tweetAuthor":"twitter:\/\/user?screen_name=slargeliving",
    "originalTweetAuthor":"twitter:\/\/user?screen_name=SizweLo",
    "updatedReason":null,
    "updated":null,
    "evidenceRecord":"https:\/\/evidence.eventdata.crossref.org\/evidence\/20200516-twitter-22587430-fc78-48ab-83bd-c6ae350473",
    "eventAction":"add",
    "subjectPID":"twitter:\/\/status?id=1261681232884178945",
    "originalTweetURL":"twitter:\/\/status?id=1261657555270602752",
    "alternativeID":"1261681232884178945",
    "title":"Tweet 1261681232884178945",
    "issued":1589643221000,
    "objectPID":"https:\/\/doi.org\/10.1001\/jama.280.3.237",
    "objectURL":"https:\/\/jamanetwork.com\/journals\/jama\/fullarticle\/187748#COMMENT",
    "updatedDate":null
  },
  "37":{
    "twitterIncrement":12132,
    "sourceID":"twitter",
    "subjectID":"twitter:\/\/status?id=1261664812817416195",
    "objectID":"https:\/\/doi.org\/10.1001\/jama.280.3.237",
    "eventID":"a2787aeb-6f5b-4821-88f1-9e1ad1d58e2b",
    "occurredAt":1589639306000,
    "timeObserved":1602704141000,
    "relationType":"discusses",
    "sourceToken":"45a1ef76-4f43-4cdc-9ba8-5a6ad01cc231",
    "license":"https:\/\/creativecommons.org\/publicdomain\/zero\/1.0\/",
    "termsOfUse":"https:\/\/doi.org\/10.13003\/CED-terms-of-use",
    "tweetAuthor":"twitter:\/\/user?screen_name=AlkebulanThe",
    "originalTweetAuthor":"twitter:\/\/user?screen_name=SizweLo",
    "updatedReason":null,
    "updated":null,
    "evidenceRecord":"https:\/\/evidence.eventdata.crossref.org\/evidence\/20200516-twitter-260a60a7-5e08-424e-9bdd-d06f9e8a6a",
    "eventAction":"add",
    "subjectPID":"twitter:\/\/status?id=1261664812817416195",
    "originalTweetURL":"twitter:\/\/status?id=1261657555270602752",
    "alternativeID":"1261664812817416195",
    "title":"Tweet 1261664812817416195",
    "issued":1589639306000,
    "objectPID":"https:\/\/doi.org\/10.1001\/jama.280.3.237",
    "objectURL":"https:\/\/jamanetwork.com\/journals\/jama\/fullarticle\/187748#COMMENT",
    "updatedDate":null
  },
  "38":{
    "twitterIncrement":12133,
    "sourceID":"twitter",
    "subjectID":"twitter:\/\/status?id=1261692378865373185",
    "objectID":"https:\/\/doi.org\/10.1001\/jama.280.3.237",
    "eventID":"1fd4b7f9-14e6-469e-9567-d84754a98f78",
    "occurredAt":1589645878000,
    "timeObserved":1602704180000,
    "relationType":"discusses",
    "sourceToken":"45a1ef76-4f43-4cdc-9ba8-5a6ad01cc231",
    "license":"https:\/\/creativecommons.org\/publicdomain\/zero\/1.0\/",
    "termsOfUse":"https:\/\/doi.org\/10.13003\/CED-terms-of-use",
    "tweetAuthor":"twitter:\/\/user?screen_name=IndWorldThinker",
    "originalTweetAuthor":"twitter:\/\/user?screen_name=SizweLo",
    "updatedReason":null,
    "updated":null,
    "evidenceRecord":"https:\/\/evidence.eventdata.crossref.org\/evidence\/20200516-twitter-4cdc7ae0-90c9-43f4-8701-5b860286db",
    "eventAction":"add",
    "subjectPID":"twitter:\/\/status?id=1261692378865373185",
    "originalTweetURL":"twitter:\/\/status?id=1261657555270602752",
    "alternativeID":"1261692378865373185",
    "title":"Tweet 1261692378865373185",
    "issued":1589645878000,
    "objectPID":"https:\/\/doi.org\/10.1001\/jama.280.3.237",
    "objectURL":"https:\/\/jamanetwork.com\/journals\/jama\/fullarticle\/187748#COMMENT",
    "updatedDate":null
  },
  "39":{
    "twitterIncrement":12134,
    "sourceID":"twitter",
    "subjectID":"twitter:\/\/status?id=1261696226757611523",
    "objectID":"https:\/\/doi.org\/10.1001\/jama.280.3.237",
    "eventID":"f3ef4e33-345c-4297-92d9-18feea7a240c",
    "occurredAt":1589646796000,
    "timeObserved":1602704285000,
    "relationType":"discusses",
    "sourceToken":"45a1ef76-4f43-4cdc-9ba8-5a6ad01cc231",
    "license":"https:\/\/creativecommons.org\/publicdomain\/zero\/1.0\/",
    "termsOfUse":"https:\/\/doi.org\/10.13003\/CED-terms-of-use",
    "tweetAuthor":"twitter:\/\/user?screen_name=Tlhalef01943580",
    "originalTweetAuthor":"twitter:\/\/user?screen_name=SizweLo",
    "updatedReason":null,
    "updated":null,
    "evidenceRecord":"https:\/\/evidence.eventdata.crossref.org\/evidence\/20200516-twitter-bdda5d5f-d6f1-47f8-a46f-c6d134c225",
    "eventAction":"add",
    "subjectPID":"twitter:\/\/status?id=1261696226757611523",
    "originalTweetURL":"twitter:\/\/status?id=1261657555270602752",
    "alternativeID":"1261696226757611523",
    "title":"Tweet 1261696226757611523",
    "issued":1589646796000,
    "objectPID":"https:\/\/doi.org\/10.1001\/jama.280.3.237",
    "objectURL":"https:\/\/jamanetwork.com\/journals\/jama\/fullarticle\/187748#COMMENT",
    "updatedDate":null
  },
  "40":{
    "twitterIncrement":12135,
    "sourceID":"twitter",
    "subjectID":"twitter:\/\/status?id=1261733750054027266",
    "objectID":"https:\/\/doi.org\/10.1001\/jama.280.3.237",
    "eventID":"5fec5abf-160b-4aa5-84ac-84ac1e198ae0",
    "occurredAt":1589655742000,
    "timeObserved":1602704292000,
    "relationType":"discusses",
    "sourceToken":"45a1ef76-4f43-4cdc-9ba8-5a6ad01cc231",
    "license":"https:\/\/creativecommons.org\/publicdomain\/zero\/1.0\/",
    "termsOfUse":"https:\/\/doi.org\/10.13003\/CED-terms-of-use",
    "tweetAuthor":"twitter:\/\/user?screen_name=Ndumiso41410102",
    "originalTweetAuthor":"twitter:\/\/user?screen_name=SizweLo",
    "updatedReason":null,
    "updated":null,
    "evidenceRecord":"https:\/\/evidence.eventdata.crossref.org\/evidence\/20200516-twitter-c5da604c-7602-4d7d-9376-14507ee157",
    "eventAction":"add",
    "subjectPID":"twitter:\/\/status?id=1261733750054027266",
    "originalTweetURL":"twitter:\/\/status?id=1261657555270602752",
    "alternativeID":"1261733750054027266",
    "title":"Tweet 1261733750054027266",
    "issued":1589655742000,
    "objectPID":"https:\/\/doi.org\/10.1001\/jama.280.3.237",
    "objectURL":"https:\/\/jamanetwork.com\/journals\/jama\/fullarticle\/187748#COMMENT",
    "updatedDate":null
  },
  "41":{
    "twitterIncrement":12136,
    "sourceID":"twitter",
    "subjectID":"twitter:\/\/status?id=1261670616727465984",
    "objectID":"https:\/\/doi.org\/10.1001\/jama.280.3.237",
    "eventID":"a18ea7d6-6151-4ed5-a997-eb107513f55a",
    "occurredAt":1589640690000,
    "timeObserved":1602704301000,
    "relationType":"discusses",
    "sourceToken":"45a1ef76-4f43-4cdc-9ba8-5a6ad01cc231",
    "license":"https:\/\/creativecommons.org\/publicdomain\/zero\/1.0\/",
    "termsOfUse":"https:\/\/doi.org\/10.13003\/CED-terms-of-use",
    "tweetAuthor":"twitter:\/\/user?screen_name=DESCOLONIZADORA",
    "originalTweetAuthor":"twitter:\/\/user?screen_name=SizweLo",
    "updatedReason":null,
    "updated":null,
    "evidenceRecord":"https:\/\/evidence.eventdata.crossref.org\/evidence\/20200516-twitter-ca94da89-4c53-4848-94b6-2cdb9f7105",
    "eventAction":"add",
    "subjectPID":"twitter:\/\/status?id=1261670616727465984",
    "originalTweetURL":"twitter:\/\/status?id=1261657555270602752",
    "alternativeID":"1261670616727465984",
    "title":"Tweet 1261670616727465984",
    "issued":1589640690000,
    "objectPID":"https:\/\/doi.org\/10.1001\/jama.280.3.237",
    "objectURL":"https:\/\/jamanetwork.com\/journals\/jama\/fullarticle\/187748#COMMENT",
    "updatedDate":null
  },
  "42":{
    "twitterIncrement":12137,
    "sourceID":"twitter",
    "subjectID":"twitter:\/\/status?id=1261657555270602752",
    "objectID":"https:\/\/doi.org\/10.1001\/jama.280.3.237",
    "eventID":"76971bc6-2647-43e9-92d4-c28c5473335a",
    "occurredAt":1589637576000,
    "timeObserved":1602704330000,
    "relationType":"discusses",
    "sourceToken":"45a1ef76-4f43-4cdc-9ba8-5a6ad01cc231",
    "license":"https:\/\/creativecommons.org\/publicdomain\/zero\/1.0\/",
    "termsOfUse":"https:\/\/doi.org\/10.13003\/CED-terms-of-use",
    "tweetAuthor":"twitter:\/\/user?screen_name=SizweLo",
    "originalTweetAuthor":null,
    "updatedReason":null,
    "updated":null,
    "evidenceRecord":"https:\/\/evidence.eventdata.crossref.org\/evidence\/20200516-twitter-eb29cf45-bfaa-4e24-ba8f-9de27c9c91",
    "eventAction":"add",
    "subjectPID":"twitter:\/\/status?id=1261657555270602752",
    "originalTweetURL":"twitter:\/\/status?id=1261657555270602752",
    "alternativeID":"1261657555270602752",
    "title":"Tweet 1261657555270602752",
    "issued":1589637576000,
    "objectPID":"https:\/\/doi.org\/10.1001\/jama.280.3.237",
    "objectURL":"https:\/\/jamanetwork.com\/journals\/jama\/fullarticle\/187748#COMMENT",
    "updatedDate":null
  },
  "43":{
    "twitterIncrement":12138,
    "sourceID":"twitter",
    "subjectID":"twitter:\/\/status?id=1261985935551598593",
    "objectID":"https:\/\/doi.org\/10.1001\/jama.280.3.237",
    "eventID":"341e27bc-472b-42fe-93af-edf413996a5a",
    "occurredAt":1589715868000,
    "timeObserved":1602706035000,
    "relationType":"discusses",
    "sourceToken":"45a1ef76-4f43-4cdc-9ba8-5a6ad01cc231",
    "license":"https:\/\/creativecommons.org\/publicdomain\/zero\/1.0\/",
    "termsOfUse":"https:\/\/doi.org\/10.13003\/CED-terms-of-use",
    "tweetAuthor":"twitter:\/\/user?screen_name=lwazintombela",
    "originalTweetAuthor":"twitter:\/\/user?screen_name=SizweLo",
    "updatedReason":null,
    "updated":null,
    "evidenceRecord":"https:\/\/evidence.eventdata.crossref.org\/evidence\/20200517-twitter-d6e9f0e0-d19f-4bbd-ba1c-4cfc58fc8c",
    "eventAction":"add",
    "subjectPID":"twitter:\/\/status?id=1261985935551598593",
    "originalTweetURL":"twitter:\/\/status?id=1261657555270602752",
    "alternativeID":"1261985935551598593",
    "title":"Tweet 1261985935551598593",
    "issued":1589715868000,
    "objectPID":"https:\/\/doi.org\/10.1001\/jama.280.3.237",
    "objectURL":"https:\/\/jamanetwork.com\/journals\/jama\/fullarticle\/187748#COMMENT",
    "updatedDate":null
  },
  "44":{
    "twitterIncrement":12139,
    "sourceID":"twitter",
    "subjectID":"twitter:\/\/status?id=1261893118011596801",
    "objectID":"https:\/\/doi.org\/10.1001\/jama.280.3.237",
    "eventID":"7472715b-58d2-42a6-8039-2151046301e8",
    "occurredAt":1589693738000,
    "timeObserved":1602706038000,
    "relationType":"discusses",
    "sourceToken":"45a1ef76-4f43-4cdc-9ba8-5a6ad01cc231",
    "license":"https:\/\/creativecommons.org\/publicdomain\/zero\/1.0\/",
    "termsOfUse":"https:\/\/doi.org\/10.13003\/CED-terms-of-use",
    "tweetAuthor":"twitter:\/\/user?screen_name=SammyN36174614",
    "originalTweetAuthor":null,
    "updatedReason":null,
    "updated":null,
    "evidenceRecord":"https:\/\/evidence.eventdata.crossref.org\/evidence\/20200517-twitter-d70e2291-c404-4f88-a901-18684ebbdf",
    "eventAction":"add",
    "subjectPID":"twitter:\/\/status?id=1261893118011596801",
    "originalTweetURL":"twitter:\/\/status?id=1261893118011596801",
    "alternativeID":"1261893118011596801",
    "title":"Tweet 1261893118011596801",
    "issued":1589693738000,
    "objectPID":"https:\/\/doi.org\/10.1001\/jama.280.3.237",
    "objectURL":"https:\/\/jamanetwork.com\/journals\/jama\/fullarticle\/187748#COMMENT",
    "updatedDate":null
  },
  "45":{
    "twitterIncrement":12140,
    "sourceID":"twitter",
    "subjectID":"twitter:\/\/status?id=1262175619057664004",
    "objectID":"https:\/\/doi.org\/10.1001\/jama.280.3.237",
    "eventID":"3f1c0403-c038-442e-9518-90a966c447a0",
    "occurredAt":1589761092000,
    "timeObserved":1602707833000,
    "relationType":"discusses",
    "sourceToken":"45a1ef76-4f43-4cdc-9ba8-5a6ad01cc231",
    "license":"https:\/\/creativecommons.org\/publicdomain\/zero\/1.0\/",
    "termsOfUse":"https:\/\/doi.org\/10.13003\/CED-terms-of-use",
    "tweetAuthor":"twitter:\/\/user?screen_name=Regoworldwide",
    "originalTweetAuthor":"twitter:\/\/user?screen_name=SizweLo",
    "updatedReason":null,
    "updated":null,
    "evidenceRecord":"https:\/\/evidence.eventdata.crossref.org\/evidence\/20200518-twitter-92c76c56-824f-4129-97b4-1580635980",
    "eventAction":"add",
    "subjectPID":"twitter:\/\/status?id=1262175619057664004",
    "originalTweetURL":"twitter:\/\/status?id=1261657555270602752",
    "alternativeID":"1262175619057664004",
    "title":"Tweet 1262175619057664004",
    "issued":1589761092000,
    "objectPID":"https:\/\/doi.org\/10.1001\/jama.280.3.237",
    "objectURL":"https:\/\/jamanetwork.com\/journals\/jama\/fullarticle\/187748#COMMENT",
    "updatedDate":null
  },
  "46":{
    "twitterIncrement":12141,
    "sourceID":"twitter",
    "subjectID":"twitter:\/\/status?id=1264455832315531264",
    "objectID":"https:\/\/doi.org\/10.1001\/jama.280.3.237",
    "eventID":"719dd70f-1683-45cf-90c3-9eb9d33e671a",
    "occurredAt":1590304737000,
    "timeObserved":1602718945000,
    "relationType":"discusses",
    "sourceToken":"45a1ef76-4f43-4cdc-9ba8-5a6ad01cc231",
    "license":"https:\/\/creativecommons.org\/publicdomain\/zero\/1.0\/",
    "termsOfUse":"https:\/\/doi.org\/10.13003\/CED-terms-of-use",
    "tweetAuthor":"twitter:\/\/user?screen_name=Lunga_Linda",
    "originalTweetAuthor":"twitter:\/\/user?screen_name=SizweLo",
    "updatedReason":null,
    "updated":null,
    "evidenceRecord":"https:\/\/evidence.eventdata.crossref.org\/evidence\/20200524-twitter-df0873f3-ee2e-489f-93bf-7444656f2c",
    "eventAction":"add",
    "subjectPID":"twitter:\/\/status?id=1264455832315531264",
    "originalTweetURL":"twitter:\/\/status?id=1261657555270602752",
    "alternativeID":"1264455832315531264",
    "title":"Tweet 1264455832315531264",
    "issued":1590304737000,
    "objectPID":"https:\/\/doi.org\/10.1001\/jama.280.3.237",
    "objectURL":"https:\/\/jamanetwork.com\/journals\/jama\/fullarticle\/187748#COMMENT",
    "updatedDate":null
  },
  "47":{
    "twitterIncrement":12142,
    "sourceID":"twitter",
    "subjectID":"twitter:\/\/status?id=1269133624990994432",
    "objectID":"https:\/\/doi.org\/10.1001\/jama.280.3.237",
    "eventID":"b321a0e1-1809-4c0c-a1d4-00274f48e3f1",
    "occurredAt":1591420010000,
    "timeObserved":1602742371000,
    "relationType":"discusses",
    "sourceToken":"45a1ef76-4f43-4cdc-9ba8-5a6ad01cc231",
    "license":"https:\/\/creativecommons.org\/publicdomain\/zero\/1.0\/",
    "termsOfUse":"https:\/\/doi.org\/10.13003\/CED-terms-of-use",
    "tweetAuthor":"twitter:\/\/user?screen_name=butsch_ramone",
    "originalTweetAuthor":null,
    "updatedReason":null,
    "updated":null,
    "evidenceRecord":"https:\/\/evidence.eventdata.crossref.org\/evidence\/20200606-twitter-ed87fa3d-2afe-43b2-97d0-01924381c2",
    "eventAction":"add",
    "subjectPID":"twitter:\/\/status?id=1269133624990994432",
    "originalTweetURL":"twitter:\/\/status?id=1269133624990994432",
    "alternativeID":"1269133624990994432",
    "title":"Tweet 1269133624990994432",
    "issued":1591420010000,
    "objectPID":"https:\/\/doi.org\/10.1001\/jama.280.3.237",
    "objectURL":"https:\/\/jamanetwork.com\/journals\/jama\/fullarticle\/187748",
    "updatedDate":null
  }
}