{
  "0":{
    "webIncrement":3,
    "sourceID":"web",
    "objectID":"https:\/\/doi.org\/10.1001\/jama.280.3.237",
    "subjectID":"http:\/\/researchblogging.org\/blogger\/home\/id\/1938",
    "eventID":"9e103f82-7f8d-4dcb-8e49-96835a83d1c3",
    "occurredAt":1489362852000,
    "timeObserved":1489662952000,
    "relationType":"mentions",
    "termsOfUse":"https:\/\/doi.org\/10.13003\/CED-terms-of-use",
    "updatedReason":"https:\/\/evidence.eventdata.crossref.org\/announcements\/2017-10-06T00-00-00Z-ED-12.json",
    "updated":"edited",
    "sourceToken":"d9c55bad-73db-4860-be18-520d3891b01f",
    "evidenceRecord":"https:\/\/evidence.eventdata.crossref.org\/evidence\/20170316-web-61bf0d1d-a6a6-460b-98da-53fb36ad0561",
    "eventAction":"add",
    "subjectPID":"http:\/\/researchblogging.org\/blogger\/home\/id\/1938",
    "subjectURL":"http:\/\/researchblogging.org\/blogger\/home\/id\/1938",
    "objectPID":"https:\/\/doi.org\/10.1001\/jama.280.3.237",
    "objectURL":"https:\/\/doi.org\/10.1001\/jama.280.3.237",
    "updatedDate":1508429247000
  },
  "1":{
    "webIncrement":4,
    "sourceID":"web",
    "objectID":"https:\/\/doi.org\/10.1001\/jama.280.3.237",
    "subjectID":"https:\/\/blogs.scientificamerican.com\/information-culture\/the-birth-of-modern-peer-review\/",
    "eventID":"8ef2d7a9-7fc1-429c-b10d-5eac262d5f0d",
    "occurredAt":1489485096000,
    "timeObserved":1489664804000,
    "relationType":"mentions",
    "termsOfUse":"https:\/\/doi.org\/10.13003\/CED-terms-of-use",
    "updatedReason":"https:\/\/evidence.eventdata.crossref.org\/announcements\/2017-10-06T00-00-00Z-ED-12.json",
    "updated":"edited",
    "sourceToken":"d9c55bad-73db-4860-be18-520d3891b01f",
    "evidenceRecord":"https:\/\/evidence.eventdata.crossref.org\/evidence\/20170316-web-79a65cad-a125-41a6-8d86-7dc1e21f9068",
    "eventAction":"add",
    "subjectPID":"https:\/\/blogs.scientificamerican.com\/information-culture\/the-birth-of-modern-peer-review\/",
    "subjectURL":"http:\/\/blogs.scientificamerican.com\/information-culture\/the-birth-of-modern-peer-review\/",
    "objectPID":"https:\/\/doi.org\/10.1001\/jama.280.3.237",
    "objectURL":"http:\/\/dx.doi.org\/10.1001\/jama.280.3.237",
    "updatedDate":1508432791000
  }
}