crossRefIncrement,sourceID,objectID,subjectID,eventID,occurredAt,timeObserved,relationType,sourceToken,license,crossrefTermsOfUse,messageAction
48840,crossref,https://doi.org/10.1007/BF01294726,https://doi.org/10.1002/ajp.22056,bcba5d45-d61d-41cf-a26c-342d1e1d85de,2012-07-25 00:00:00,2019-07-02 14:25:36,references,8676e950-8ac5-4074-8ac3-c0a18ada7e99,https://doi.org/10.13003/CED-terms-of-use,https://doi.org/10.13003/CED-terms-of-use,create
48841,crossref,https://doi.org/10.1007/BF01294726,https://doi.org/10.1002/ajpa.23896,482c67aa-585a-43c5-b2d2-4cb6adc6d7ac,2019-07-01 00:00:00,2019-07-06 21:55:04,references,8676e950-8ac5-4074-8ac3-c0a18ada7e99,https://doi.org/10.13003/CED-terms-of-use,https://doi.org/10.13003/CED-terms-of-use,create
48842,crossref,https://doi.org/10.1007/BF01294726,https://doi.org/10.1111/jne.12009,b3a4afdd-0eaa-4a3d-a5f0-48799999b977,2013-03-21 00:00:00,2019-07-07 07:22:52,references,8676e950-8ac5-4074-8ac3-c0a18ada7e99,https://doi.org/10.13003/CED-terms-of-use,https://doi.org/10.13003/CED-terms-of-use,create
48843,crossref,https://doi.org/10.1007/BF01294726,https://doi.org/10.1093/ilar.47.4.294,2224a2ab-8a1a-4bc3-85f4-a6d18b909768,2006-01-01 00:00:00,2019-07-09 08:08:24,references,8676e950-8ac5-4074-8ac3-c0a18ada7e99,https://doi.org/10.13003/CED-terms-of-use,https://doi.org/10.13003/CED-terms-of-use,create
48844,crossref,https://doi.org/10.1007/BF01294726,https://doi.org/10.1098/rspb.2018.0541,369101b5-0255-4f4e-9b67-64189e1382cb,2018-06-20 00:00:00,2019-07-21 07:44:39,references,8676e950-8ac5-4074-8ac3-c0a18ada7e99,https://doi.org/10.13003/CED-terms-of-use,https://doi.org/10.13003/CED-terms-of-use,create
48845,crossref,https://doi.org/10.1007/BF01294726,https://doi.org/10.1007/s00213-013-3279-2,1da77002-2eda-44fd-93b1-d963ba89bb38,2013-09-21 00:00:00,2019-12-11 19:02:28,references,8676e950-8ac5-4074-8ac3-c0a18ada7e99,https://doi.org/10.13003/CED-terms-of-use,https://doi.org/10.13003/CED-terms-of-use,create
