DOI,URL,title,container_title,authors,page,publisher,language,alternative_id,created_date_time,deposited_date_time,is_referenced_by_count,issue,issued_date_parts,prefix,published_online_date_parts,published_print_date_parts
10.1007/bf01294726,http://dx.doi.org/10.1007/bf01294726,The 5-HT transporter gene-linked polymorphic region (5-HTTLPR) in evolutionary perspective: Alternative biallelic variation in rhesus monkeys,Journal of Neural Transmission,K. P. Lesch,1259-1266,Springer Science and Business Media LLC,en,BF01294726,2005-03-25 04:02:31,2020-04-06 13:49:12,183,11-12,1997/11,10.1007,,1997/11
10.1007/bf01294726,http://dx.doi.org/10.1007/bf01294726,The 5-HT transporter gene-linked polymorphic region (5-HTTLPR) in evolutionary perspective: Alternative biallelic variation in rhesus monkeys,Journal of Neural Transmission,J. Meyer,1259-1266,Springer Science and Business Media LLC,en,BF01294726,2005-03-25 04:02:31,2020-04-06 13:49:12,183,11-12,1997/11,10.1007,,1997/11
10.1007/bf01294726,http://dx.doi.org/10.1007/bf01294726,The 5-HT transporter gene-linked polymorphic region (5-HTTLPR) in evolutionary perspective: Alternative biallelic variation in rhesus monkeys,Journal of Neural Transmission,K. Glatz,1259-1266,Springer Science and Business Media LLC,en,BF01294726,2005-03-25 04:02:31,2020-04-06 13:49:12,183,11-12,1997/11,10.1007,,1997/11
10.1007/bf01294726,http://dx.doi.org/10.1007/bf01294726,The 5-HT transporter gene-linked polymorphic region (5-HTTLPR) in evolutionary perspective: Alternative biallelic variation in rhesus monkeys,Journal of Neural Transmission,G. Fl�gge,1259-1266,Springer Science and Business Media LLC,en,BF01294726,2005-03-25 04:02:31,2020-04-06 13:49:12,183,11-12,1997/11,10.1007,,1997/11
10.1007/bf01294726,http://dx.doi.org/10.1007/bf01294726,The 5-HT transporter gene-linked polymorphic region (5-HTTLPR) in evolutionary perspective: Alternative biallelic variation in rhesus monkeys,Journal of Neural Transmission,A. Hinney,1259-1266,Springer Science and Business Media LLC,en,BF01294726,2005-03-25 04:02:31,2020-04-06 13:49:12,183,11-12,1997/11,10.1007,,1997/11
10.1007/bf01294726,http://dx.doi.org/10.1007/bf01294726,The 5-HT transporter gene-linked polymorphic region (5-HTTLPR) in evolutionary perspective: Alternative biallelic variation in rhesus monkeys,Journal of Neural Transmission,J. Hebebrand,1259-1266,Springer Science and Business Media LLC,en,BF01294726,2005-03-25 04:02:31,2020-04-06 13:49:12,183,11-12,1997/11,10.1007,,1997/11
10.1007/bf01294726,http://dx.doi.org/10.1007/bf01294726,The 5-HT transporter gene-linked polymorphic region (5-HTTLPR) in evolutionary perspective: Alternative biallelic variation in rhesus monkeys,Journal of Neural Transmission,S. M. Klauck,1259-1266,Springer Science and Business Media LLC,en,BF01294726,2005-03-25 04:02:31,2020-04-06 13:49:12,183,11-12,1997/11,10.1007,,1997/11
10.1007/bf01294726,http://dx.doi.org/10.1007/bf01294726,The 5-HT transporter gene-linked polymorphic region (5-HTTLPR) in evolutionary perspective: Alternative biallelic variation in rhesus monkeys,Journal of Neural Transmission,A. Poustka,1259-1266,Springer Science and Business Media LLC,en,BF01294726,2005-03-25 04:02:31,2020-04-06 13:49:12,183,11-12,1997/11,10.1007,,1997/11
10.1007/bf01294726,http://dx.doi.org/10.1007/bf01294726,The 5-HT transporter gene-linked polymorphic region (5-HTTLPR) in evolutionary perspective: Alternative biallelic variation in rhesus monkeys,Journal of Neural Transmission,F. Poustka,1259-1266,Springer Science and Business Media LLC,en,BF01294726,2005-03-25 04:02:31,2020-04-06 13:49:12,183,11-12,1997/11,10.1007,,1997/11
10.1007/bf01294726,http://dx.doi.org/10.1007/bf01294726,The 5-HT transporter gene-linked polymorphic region (5-HTTLPR) in evolutionary perspective: Alternative biallelic variation in rhesus monkeys,Journal of Neural Transmission,D. Bengel,1259-1266,Springer Science and Business Media LLC,en,BF01294726,2005-03-25 04:02:31,2020-04-06 13:49:12,183,11-12,1997/11,10.1007,,1997/11
10.1007/bf01294726,http://dx.doi.org/10.1007/bf01294726,The 5-HT transporter gene-linked polymorphic region (5-HTTLPR) in evolutionary perspective: Alternative biallelic variation in rhesus monkeys,Journal of Neural Transmission,R. M�ssner,1259-1266,Springer Science and Business Media LLC,en,BF01294726,2005-03-25 04:02:31,2020-04-06 13:49:12,183,11-12,1997/11,10.1007,,1997/11
10.1007/bf01294726,http://dx.doi.org/10.1007/bf01294726,The 5-HT transporter gene-linked polymorphic region (5-HTTLPR) in evolutionary perspective: Alternative biallelic variation in rhesus monkeys,Journal of Neural Transmission,P. Riederer,1259-1266,Springer Science and Business Media LLC,en,BF01294726,2005-03-25 04:02:31,2020-04-06 13:49:12,183,11-12,1997/11,10.1007,,1997/11
10.1007/bf01294726,http://dx.doi.org/10.1007/bf01294726,The 5-HT transporter gene-linked polymorphic region (5-HTTLPR) in evolutionary perspective: Alternative biallelic variation in rhesus monkeys,Journal of Neural Transmission,A. Heils,1259-1266,Springer Science and Business Media LLC,en,BF01294726,2005-03-25 04:02:31,2020-04-06 13:49:12,183,11-12,1997/11,10.1007,,1997/11
