crossRefIncrement,sourceID,objectID,subjectID,eventID,occurredAt,timeObserved,relationType,sourceToken,license,crossrefTermsOfUse,messageAction
5655,crossref,https://doi.org/10.1016/S0169-5347(97)01274-3,https://doi.org/10.1073/pnas.1903232116,8f13279a-8e65-4fb3-ac7e-144856eb073f,2019-06-20 00:00:00,2019-06-22 07:34:49,references,8676e950-8ac5-4074-8ac3-c0a18ada7e99,https://doi.org/10.13003/CED-terms-of-use,https://doi.org/10.13003/CED-terms-of-use,create
5656,crossref,https://doi.org/10.1016/S0169-5347(97)01274-3,https://doi.org/10.1093/aob/mcs045,66322278-ac49-4c25-acb6-17a54011b2de,2012-03-08 00:00:00,2019-06-25 12:46:45,references,8676e950-8ac5-4074-8ac3-c0a18ada7e99,https://doi.org/10.13003/CED-terms-of-use,https://doi.org/10.13003/CED-terms-of-use,create
5657,crossref,https://doi.org/10.1016/S0169-5347(97)01274-3,https://doi.org/10.1111/j.1600-048X.2012.05551.x,3baad313-1ab9-4c6c-8460-10152da7e755,2012-03-01 00:00:00,2019-06-28 06:43:56,references,8676e950-8ac5-4074-8ac3-c0a18ada7e99,https://doi.org/10.13003/CED-terms-of-use,https://doi.org/10.13003/CED-terms-of-use,create
5658,crossref,https://doi.org/10.1016/S0169-5347(97)01274-3,https://doi.org/10.1093/icb/ics050,12c4862b-35db-4b71-9eb7-db7e87d53976,2012-04-27 00:00:00,2019-06-28 16:41:12,references,8676e950-8ac5-4074-8ac3-c0a18ada7e99,https://doi.org/10.13003/CED-terms-of-use,https://doi.org/10.13003/CED-terms-of-use,create
5659,crossref,https://doi.org/10.1016/S0169-5347(97)01274-3,https://doi.org/10.1371/journal.pone.0035870,b7ea34ea-4531-47dc-8be2-8c127bcd80eb,2012-04-20 00:00:00,2019-06-29 04:42:01,references,8676e950-8ac5-4074-8ac3-c0a18ada7e99,https://doi.org/10.13003/CED-terms-of-use,https://doi.org/10.13003/CED-terms-of-use,create
5660,crossref,https://doi.org/10.1016/S0169-5347(97)01274-3,https://doi.org/10.1007/s00442-018-4155-x,7f518d5f-100d-4b6a-a092-944001036089,2018-06-30 00:00:00,2019-06-30 05:26:53,references,8676e950-8ac5-4074-8ac3-c0a18ada7e99,https://doi.org/10.13003/CED-terms-of-use,https://doi.org/10.13003/CED-terms-of-use,create
5661,crossref,https://doi.org/10.1016/S0169-5347(97)01274-3,https://doi.org/10.1111/j.1365-2656.2012.02010.x,29b21d27-7e68-486a-8d8f-9a0138c696af,2012-06-15 00:00:00,2019-06-30 16:23:58,references,8676e950-8ac5-4074-8ac3-c0a18ada7e99,https://doi.org/10.13003/CED-terms-of-use,https://doi.org/10.13003/CED-terms-of-use,create
5662,crossref,https://doi.org/10.1016/S0169-5347(97)01274-3,https://doi.org/10.1098/rspb.2012.0431,736bce96-d37a-4893-9bd0-4982182ed875,2012-05-23 00:00:00,2019-07-01 12:53:51,references,8676e950-8ac5-4074-8ac3-c0a18ada7e99,https://doi.org/10.13003/CED-terms-of-use,https://doi.org/10.13003/CED-terms-of-use,create
5663,crossref,https://doi.org/10.1016/S0169-5347(97)01274-3,https://doi.org/10.1002/ece3.367,9a774b90-d51c-4b97-9723-c1c199c878c0,2012-08-29 00:00:00,2019-07-04 01:28:25,references,8676e950-8ac5-4074-8ac3-c0a18ada7e99,https://doi.org/10.13003/CED-terms-of-use,https://doi.org/10.13003/CED-terms-of-use,create
5664,crossref,https://doi.org/10.1016/S0169-5347(97)01274-3,https://doi.org/10.1007/s00027-012-0274-3,278608de-ec71-4c27-9b04-31e6cf038121,2012-08-23 00:00:00,2019-07-04 10:02:55,references,8676e950-8ac5-4074-8ac3-c0a18ada7e99,https://doi.org/10.13003/CED-terms-of-use,https://doi.org/10.13003/CED-terms-of-use,create
5665,crossref,https://doi.org/10.1016/S0169-5347(97)01274-3,https://doi.org/10.1007/s12229-012-9107-2,4a628812-831a-4d2f-b15b-17774af2938e,2012-10-10 00:00:00,2019-07-05 14:00:21,references,8676e950-8ac5-4074-8ac3-c0a18ada7e99,https://doi.org/10.13003/CED-terms-of-use,https://doi.org/10.13003/CED-terms-of-use,create
5666,crossref,https://doi.org/10.1016/S0169-5347(97)01274-3,https://doi.org/10.1093/beheco/ars182,ab76ca0b-48ca-4d1e-b277-f68e7acf1d3c,2012-11-09 00:00:00,2019-07-06 12:25:32,references,8676e950-8ac5-4074-8ac3-c0a18ada7e99,https://doi.org/10.13003/CED-terms-of-use,https://doi.org/10.13003/CED-terms-of-use,create
5667,crossref,https://doi.org/10.1016/S0169-5347(97)01274-3,https://doi.org/10.1371/journal.pone.0047630,d9c50291-c0b3-433b-996b-aae7de956368,2012-11-02 00:00:00,2019-07-06 12:33:34,references,8676e950-8ac5-4074-8ac3-c0a18ada7e99,https://doi.org/10.13003/CED-terms-of-use,https://doi.org/10.13003/CED-terms-of-use,create
5668,crossref,https://doi.org/10.1016/S0169-5347(97)01274-3,https://doi.org/10.1038/s41559-016-0014,3c713eca-4d02-4836-bb29-a6dfac6677c4,2016-11-07 00:00:00,2019-07-09 08:21:50,references,8676e950-8ac5-4074-8ac3-c0a18ada7e99,https://doi.org/10.13003/CED-terms-of-use,https://doi.org/10.13003/CED-terms-of-use,create
5669,crossref,https://doi.org/10.1016/S0169-5347(97)01274-3,https://doi.org/10.1007/s00265-013-1501-1,eafe998b-a8e7-4ec7-b9d5-451569da7e71,2013-02-17 00:00:00,2019-07-10 14:56:25,references,8676e950-8ac5-4074-8ac3-c0a18ada7e99,https://doi.org/10.13003/CED-terms-of-use,https://doi.org/10.13003/CED-terms-of-use,create
5670,crossref,https://doi.org/10.1016/S0169-5347(97)01274-3,https://doi.org/10.1098/rstb.2012.0339,8b7ffae6-4d25-4b7f-a333-39075ff8d368,2013-04-08 00:00:00,2019-07-13 01:54:49,references,8676e950-8ac5-4074-8ac3-c0a18ada7e99,https://doi.org/10.13003/CED-terms-of-use,https://doi.org/10.13003/CED-terms-of-use,create
5671,crossref,https://doi.org/10.1016/S0169-5347(97)01274-3,https://doi.org/10.3354/meps10046,8fe61806-8338-4146-b4c1-662303b2833d,2013-01-09 00:00:00,2019-07-14 08:58:22,references,8676e950-8ac5-4074-8ac3-c0a18ada7e99,https://doi.org/10.13003/CED-terms-of-use,https://doi.org/10.13003/CED-terms-of-use,create
5672,crossref,https://doi.org/10.1016/S0169-5347(97)01274-3,https://doi.org/10.1111/j.1365-294X.2012.05697.x,84f3f97c-8f85-4495-a2ab-1c6c28120657,2012-07-09 00:00:00,2019-07-15 00:32:08,references,8676e950-8ac5-4074-8ac3-c0a18ada7e99,https://doi.org/10.13003/CED-terms-of-use,https://doi.org/10.13003/CED-terms-of-use,create
5673,crossref,https://doi.org/10.1016/S0169-5347(97)01274-3,https://doi.org/10.1093/emph/eot011,0f5e0358-f82a-4463-98c6-c5fa4b29be02,2013-01-01 00:00:00,2019-07-15 14:16:26,references,8676e950-8ac5-4074-8ac3-c0a18ada7e99,https://doi.org/10.13003/CED-terms-of-use,https://doi.org/10.13003/CED-terms-of-use,create
5674,crossref,https://doi.org/10.1016/S0169-5347(97)01274-3,https://doi.org/10.1098/rstb.2010.0161,e5b26daf-f13f-4a4b-82d9-4c8c477d0641,2010-12-27 00:00:00,2019-07-19 18:39:12,references,8676e950-8ac5-4074-8ac3-c0a18ada7e99,https://doi.org/10.13003/CED-terms-of-use,https://doi.org/10.13003/CED-terms-of-use,create
5675,crossref,https://doi.org/10.1016/S0169-5347(97)01274-3,https://doi.org/10.1098/rstb.2010.0185,7cc4d93b-bcf5-479a-9461-45bbb642b0a5,2010-12-27 00:00:00,2019-07-19 19:29:27,references,8676e950-8ac5-4074-8ac3-c0a18ada7e99,https://doi.org/10.13003/CED-terms-of-use,https://doi.org/10.13003/CED-terms-of-use,create
5676,crossref,https://doi.org/10.1016/S0169-5347(97)01274-3,https://doi.org/10.1098/rstb.2012.0337,8d2d0300-f7c1-4895-825b-7b7f04700a81,2013-05-19 00:00:00,2019-07-19 22:35:56,references,8676e950-8ac5-4074-8ac3-c0a18ada7e99,https://doi.org/10.13003/CED-terms-of-use,https://doi.org/10.13003/CED-terms-of-use,create
5677,crossref,https://doi.org/10.1016/S0169-5347(97)01274-3,https://doi.org/10.1098/rspb.2010.0564,dc095d39-40ab-4060-a6be-0afcdb75808b,2010-05-19 00:00:00,2019-07-20 05:24:13,references,8676e950-8ac5-4074-8ac3-c0a18ada7e99,https://doi.org/10.13003/CED-terms-of-use,https://doi.org/10.13003/CED-terms-of-use,create
5678,crossref,https://doi.org/10.1016/S0169-5347(97)01274-3,https://doi.org/10.1098/rspb.2010.0771,1e0b8292-8b49-46c9-9571-817b7400c080,2010-06-16 00:00:00,2019-07-20 06:17:08,references,8676e950-8ac5-4074-8ac3-c0a18ada7e99,https://doi.org/10.13003/CED-terms-of-use,https://doi.org/10.13003/CED-terms-of-use,create
5679,crossref,https://doi.org/10.1016/S0169-5347(97)01274-3,https://doi.org/10.1098/rstb.2015.0272,6df68cef-f408-4f3b-88e5-325c51244d8b,2016-05-19 00:00:00,2019-07-20 07:35:05,references,8676e950-8ac5-4074-8ac3-c0a18ada7e99,https://doi.org/10.13003/CED-terms-of-use,https://doi.org/10.13003/CED-terms-of-use,create
5680,crossref,https://doi.org/10.1016/S0169-5347(97)01274-3,https://doi.org/10.1098/rspb.2011.0055,b515853e-00bf-454d-9191-c6b14216474c,2011-04-13 00:00:00,2019-07-20 08:48:11,references,8676e950-8ac5-4074-8ac3-c0a18ada7e99,https://doi.org/10.13003/CED-terms-of-use,https://doi.org/10.13003/CED-terms-of-use,create
5681,crossref,https://doi.org/10.1016/S0169-5347(97)01274-3,https://doi.org/10.1098/rspb.2011.2342,16e691cb-8edc-4541-b7e1-1b96bca18d4a,2012-01-04 00:00:00,2019-07-20 09:47:16,references,8676e950-8ac5-4074-8ac3-c0a18ada7e99,https://doi.org/10.13003/CED-terms-of-use,https://doi.org/10.13003/CED-terms-of-use,create
5682,crossref,https://doi.org/10.1016/S0169-5347(97)01274-3,https://doi.org/10.1098/rstb.2016.0140,8a095846-5a8d-42e2-89e7-cf80e958f1a0,2017-05-08 00:00:00,2019-07-20 11:37:36,references,8676e950-8ac5-4074-8ac3-c0a18ada7e99,https://doi.org/10.13003/CED-terms-of-use,https://doi.org/10.13003/CED-terms-of-use,create
5683,crossref,https://doi.org/10.1016/S0169-5347(97)01274-3,https://doi.org/10.1098/rstb.2016.0138,b6f93423-b263-40f2-b601-f74c25864e88,2017-05-08 00:00:00,2019-07-20 11:51:27,references,8676e950-8ac5-4074-8ac3-c0a18ada7e99,https://doi.org/10.13003/CED-terms-of-use,https://doi.org/10.13003/CED-terms-of-use,create
5684,crossref,https://doi.org/10.1016/S0169-5347(97)01274-3,https://doi.org/10.1098/rstb.2018.0185,97e2d032-33dc-43ec-9505-fef4067f073d,2019-01-28 00:00:00,2019-07-20 16:36:49,references,8676e950-8ac5-4074-8ac3-c0a18ada7e99,https://doi.org/10.13003/CED-terms-of-use,https://doi.org/10.13003/CED-terms-of-use,create
5685,crossref,https://doi.org/10.1016/S0169-5347(97)01274-3,https://doi.org/10.1098/rspb.2013.1869,8d197005-2d87-4151-a85a-a2b0ab21ae7e,2013-11-22 00:00:00,2019-07-20 16:39:29,references,8676e950-8ac5-4074-8ac3-c0a18ada7e99,https://doi.org/10.13003/CED-terms-of-use,https://doi.org/10.13003/CED-terms-of-use,create
5686,crossref,https://doi.org/10.1016/S0169-5347(97)01274-3,https://doi.org/10.1098/rstb.2018.0176,e2e279c1-33fa-41e8-be4b-3b48c270b0f2,2019-01-28 00:00:00,2019-07-20 16:50:00,references,8676e950-8ac5-4074-8ac3-c0a18ada7e99,https://doi.org/10.13003/CED-terms-of-use,https://doi.org/10.13003/CED-terms-of-use,create
5687,crossref,https://doi.org/10.1016/S0169-5347(97)01274-3,https://doi.org/10.1098/rstb.2018.0115,d82f3418-2d14-463e-83a0-c746ca6410ea,2019-02-25 00:00:00,2019-07-20 17:09:38,references,8676e950-8ac5-4074-8ac3-c0a18ada7e99,https://doi.org/10.13003/CED-terms-of-use,https://doi.org/10.13003/CED-terms-of-use,create
5688,crossref,https://doi.org/10.1016/S0169-5347(97)01274-3,https://doi.org/10.1098/rstb.2018.0180,11bacefa-1194-4dcd-b9ba-46e52bc77348,2019-01-28 00:00:00,2019-07-20 17:47:50,references,8676e950-8ac5-4074-8ac3-c0a18ada7e99,https://doi.org/10.13003/CED-terms-of-use,https://doi.org/10.13003/CED-terms-of-use,create
5689,crossref,https://doi.org/10.1016/S0169-5347(97)01274-3,https://doi.org/10.1098/rspb.2014.0876,719b96ad-f982-4278-8a45-12df08e1ed41,2014-09-07 00:00:00,2019-07-20 19:09:11,references,8676e950-8ac5-4074-8ac3-c0a18ada7e99,https://doi.org/10.13003/CED-terms-of-use,https://doi.org/10.13003/CED-terms-of-use,create
5690,crossref,https://doi.org/10.1016/S0169-5347(97)01274-3,https://doi.org/10.1098/rspb.2015.0934,b4b6a9b0-4be7-436b-9f66-ff4d629c4026,2015-08-07 00:00:00,2019-07-20 22:16:17,references,8676e950-8ac5-4074-8ac3-c0a18ada7e99,https://doi.org/10.13003/CED-terms-of-use,https://doi.org/10.13003/CED-terms-of-use,create
5691,crossref,https://doi.org/10.1016/S0169-5347(97)01274-3,https://doi.org/10.1098/rspb.2015.0516,6f0cc4b8-1c5a-45a3-b101-9865c90de8d5,2015-07-22 00:00:00,2019-07-21 00:29:28,references,8676e950-8ac5-4074-8ac3-c0a18ada7e99,https://doi.org/10.13003/CED-terms-of-use,https://doi.org/10.13003/CED-terms-of-use,create
5692,crossref,https://doi.org/10.1016/S0169-5347(97)01274-3,https://doi.org/10.1098/rspb.2017.0445,477cc7e6-c0fc-492c-ba64-f0c5ed0e4cd2,2017-06-21 00:00:00,2019-07-21 04:38:32,references,8676e950-8ac5-4074-8ac3-c0a18ada7e99,https://doi.org/10.13003/CED-terms-of-use,https://doi.org/10.13003/CED-terms-of-use,create
5693,crossref,https://doi.org/10.1016/S0169-5347(97)01274-3,https://doi.org/10.1098/rspb.2017.0893,1338c495-b53a-4d66-b384-bc06ce560694,2017-08-09 00:00:00,2019-07-21 05:32:48,references,8676e950-8ac5-4074-8ac3-c0a18ada7e99,https://doi.org/10.13003/CED-terms-of-use,https://doi.org/10.13003/CED-terms-of-use,create
5694,crossref,https://doi.org/10.1016/S0169-5347(97)01274-3,https://doi.org/10.1098/rspb.2017.1594,61157ffc-8cd7-4cf4-bda1-9599f4d7eab1,2017-11-01 00:00:00,2019-07-21 06:15:21,references,8676e950-8ac5-4074-8ac3-c0a18ada7e99,https://doi.org/10.13003/CED-terms-of-use,https://doi.org/10.13003/CED-terms-of-use,create
5695,crossref,https://doi.org/10.1016/S0169-5347(97)01274-3,https://doi.org/10.1111/gcb.14703,e7290913-db3f-4d86-9108-75536a1c26f9,2019-07-04 00:00:00,2019-07-21 09:40:39,references,8676e950-8ac5-4074-8ac3-c0a18ada7e99,https://doi.org/10.13003/CED-terms-of-use,https://doi.org/10.13003/CED-terms-of-use,create
5696,crossref,https://doi.org/10.1016/S0169-5347(97)01274-3,https://doi.org/10.1098/rspb.2019.0653,c72ed9d4-7770-4fdb-b88f-44c78941de82,2019-06-12 00:00:00,2019-07-21 10:11:53,references,8676e950-8ac5-4074-8ac3-c0a18ada7e99,https://doi.org/10.13003/CED-terms-of-use,https://doi.org/10.13003/CED-terms-of-use,create
5697,crossref,https://doi.org/10.1016/S0169-5347(97)01274-3,https://doi.org/10.1098/rsos.140197,eae7aab9-67e7-4138-abf9-3d43282837e2,2015-01-01 00:00:00,2019-07-21 16:44:09,references,8676e950-8ac5-4074-8ac3-c0a18ada7e99,https://doi.org/10.13003/CED-terms-of-use,https://doi.org/10.13003/CED-terms-of-use,create
5698,crossref,https://doi.org/10.1016/S0169-5347(97)01274-3,https://doi.org/10.1098/rsos.160352,0e6f8eaa-1b67-432a-9981-77cb8175826d,2016-10-01 00:00:00,2019-07-21 18:15:01,references,8676e950-8ac5-4074-8ac3-c0a18ada7e99,https://doi.org/10.13003/CED-terms-of-use,https://doi.org/10.13003/CED-terms-of-use,create
5699,crossref,https://doi.org/10.1016/S0169-5347(97)01274-3,https://doi.org/10.1093/femsec/fiz103,3a7f42ec-c3ab-4a51-84ed-5df71f9e1b7f,2019-07-01 00:00:00,2019-07-21 18:22:53,references,8676e950-8ac5-4074-8ac3-c0a18ada7e99,https://doi.org/10.13003/CED-terms-of-use,https://doi.org/10.13003/CED-terms-of-use,create
5700,crossref,https://doi.org/10.1016/S0169-5347(97)01274-3,https://doi.org/10.1098/rsos.160998,3a28614b-4eb6-4ce6-9f56-e40cc0e21960,2017-04-01 00:00:00,2019-07-21 19:06:56,references,8676e950-8ac5-4074-8ac3-c0a18ada7e99,https://doi.org/10.13003/CED-terms-of-use,https://doi.org/10.13003/CED-terms-of-use,create
5701,crossref,https://doi.org/10.1016/S0169-5347(97)01274-3,https://doi.org/10.1098/rspb.2002.2060,db0d6b46-f766-441b-afb2-8245d0fe7ae6,2002-08-22 00:00:00,2019-07-23 01:47:23,references,8676e950-8ac5-4074-8ac3-c0a18ada7e99,https://doi.org/10.13003/CED-terms-of-use,https://doi.org/10.13003/CED-terms-of-use,create
5702,crossref,https://doi.org/10.1016/S0169-5347(97)01274-3,https://doi.org/10.1098/rspb.2004.3001,7c965ef3-2d85-40db-ab0c-98a08184c599,2005-04-01 00:00:00,2019-07-23 02:10:40,references,8676e950-8ac5-4074-8ac3-c0a18ada7e99,https://doi.org/10.13003/CED-terms-of-use,https://doi.org/10.13003/CED-terms-of-use,create
5703,crossref,https://doi.org/10.1016/S0169-5347(97)01274-3,https://doi.org/10.1098/rspb.2000.1068,3c76a91a-6304-4fb2-a5ce-040bd503488d,2000-04-22 00:00:00,2019-07-23 09:15:36,references,8676e950-8ac5-4074-8ac3-c0a18ada7e99,https://doi.org/10.13003/CED-terms-of-use,https://doi.org/10.13003/CED-terms-of-use,create
5704,crossref,https://doi.org/10.1016/S0169-5347(97)01274-3,https://doi.org/10.1098/rspb.2006.0199,ddef21ca-b09f-43b4-8565-9990948e2839,2006-12-21 00:00:00,2019-07-23 15:42:43,references,8676e950-8ac5-4074-8ac3-c0a18ada7e99,https://doi.org/10.13003/CED-terms-of-use,https://doi.org/10.13003/CED-terms-of-use,create
5705,crossref,https://doi.org/10.1016/S0169-5347(97)01274-3,https://doi.org/10.1093/beheco/arz042,2ab20163-36b2-4bbb-ac38-dd2801847a25,2019-04-02 00:00:00,2019-07-24 03:40:06,references,8676e950-8ac5-4074-8ac3-c0a18ada7e99,https://doi.org/10.13003/CED-terms-of-use,https://doi.org/10.13003/CED-terms-of-use,create
5706,crossref,https://doi.org/10.1016/S0169-5347(97)01274-3,https://doi.org/10.1098/rspb.2009.1011,7680c29b-0f57-4ee5-a660-8f8bf29f995b,2009-08-12 00:00:00,2019-07-24 07:59:23,references,8676e950-8ac5-4074-8ac3-c0a18ada7e99,https://doi.org/10.13003/CED-terms-of-use,https://doi.org/10.13003/CED-terms-of-use,create
5707,crossref,https://doi.org/10.1016/S0169-5347(97)01274-3,https://doi.org/10.1098/rstb.2002.1061,52ca3421-6810-429d-b693-b495214755d4,2002-11-29 00:00:00,2019-07-25 12:55:54,references,8676e950-8ac5-4074-8ac3-c0a18ada7e99,https://doi.org/10.13003/CED-terms-of-use,https://doi.org/10.13003/CED-terms-of-use,create
5708,crossref,https://doi.org/10.1016/S0169-5347(97)01274-3,https://doi.org/10.1098/rspb.2015.1005,9b89b067-9365-4907-861d-76650a653bf9,2015-08-07 00:00:00,2019-07-26 08:18:00,references,8676e950-8ac5-4074-8ac3-c0a18ada7e99,https://doi.org/10.13003/CED-terms-of-use,https://doi.org/10.13003/CED-terms-of-use,create
5709,crossref,https://doi.org/10.1016/S0169-5347(97)01274-3,https://doi.org/10.1098/rstb.2012.0089,9c2b9d61-1581-4a59-b957-600cd52a7d60,2013-01-19 00:00:00,2019-07-27 08:32:58,references,8676e950-8ac5-4074-8ac3-c0a18ada7e99,https://doi.org/10.13003/CED-terms-of-use,https://doi.org/10.13003/CED-terms-of-use,create
5710,crossref,https://doi.org/10.1016/S0169-5347(97)01274-3,https://doi.org/10.1073/pnas.1121265109,d1abe7ea-c2b6-458c-9701-3f9e7d12c639,2012-10-08 00:00:00,2019-07-28 02:23:52,references,8676e950-8ac5-4074-8ac3-c0a18ada7e99,https://doi.org/10.13003/CED-terms-of-use,https://doi.org/10.13003/CED-terms-of-use,create
5711,crossref,https://doi.org/10.1016/S0169-5347(97)01274-3,https://doi.org/10.1093/aob/mcs147,ec256df2-5098-4734-aca3-686a2f291c81,2012-07-10 00:00:00,2019-07-28 03:10:27,references,8676e950-8ac5-4074-8ac3-c0a18ada7e99,https://doi.org/10.13003/CED-terms-of-use,https://doi.org/10.13003/CED-terms-of-use,create
5712,crossref,https://doi.org/10.1016/S0169-5347(97)01274-3,https://doi.org/10.1093/icb/ics118,faa65738-92c2-4148-8db7-adbf1d543c44,2012-09-18 00:00:00,2019-07-28 06:52:48,references,8676e950-8ac5-4074-8ac3-c0a18ada7e99,https://doi.org/10.13003/CED-terms-of-use,https://doi.org/10.13003/CED-terms-of-use,create
5713,crossref,https://doi.org/10.1016/S0169-5347(97)01274-3,https://doi.org/10.1098/rstb.2018.0110,beb11064-5f9c-448e-bc2f-8468f998e7b6,2019-02-25 00:00:00,2019-07-28 09:47:46,references,8676e950-8ac5-4074-8ac3-c0a18ada7e99,https://doi.org/10.13003/CED-terms-of-use,https://doi.org/10.13003/CED-terms-of-use,create
5714,crossref,https://doi.org/10.1016/S0169-5347(97)01274-3,https://doi.org/10.1111/een.12789,356030c3-6aa2-4cd9-9195-fb701e75c939,2019-07-30 00:00:00,2019-07-31 22:25:20,references,8676e950-8ac5-4074-8ac3-c0a18ada7e99,https://doi.org/10.13003/CED-terms-of-use,https://doi.org/10.13003/CED-terms-of-use,create
5715,crossref,https://doi.org/10.1016/S0169-5347(97)01274-3,https://doi.org/10.1098/rstb.2018.0546,664970fa-9813-459a-9510-dfec8354e5d4,2019-06-17 00:00:00,2019-10-16 00:52:23,references,8676e950-8ac5-4074-8ac3-c0a18ada7e99,https://doi.org/10.13003/CED-terms-of-use,https://doi.org/10.13003/CED-terms-of-use,create
5716,crossref,https://doi.org/10.1016/S0169-5347(97)01274-3,https://doi.org/10.1098/rspb.2001.1924,c2e6ccb0-b1c1-4467-8b6f-83d08b356f9d,2002-04-07 00:00:00,2019-10-16 23:58:25,references,8676e950-8ac5-4074-8ac3-c0a18ada7e99,https://doi.org/10.13003/CED-terms-of-use,https://doi.org/10.13003/CED-terms-of-use,create
5717,crossref,https://doi.org/10.1016/S0169-5347(97)01274-3,https://doi.org/10.3354/meps10501,4a717ae1-fefe-41b1-aace-dad710404f5f,2013-11-20 00:00:00,2019-10-17 19:51:27,references,8676e950-8ac5-4074-8ac3-c0a18ada7e99,https://doi.org/10.13003/CED-terms-of-use,https://doi.org/10.13003/CED-terms-of-use,create
5718,crossref,https://doi.org/10.1016/S0169-5347(97)01274-3,https://doi.org/10.1111/brv.12540,0d795078-4eea-403c-ab81-9496436c25c0,2019-07-03 00:00:00,2019-10-18 06:09:09,references,8676e950-8ac5-4074-8ac3-c0a18ada7e99,https://doi.org/10.13003/CED-terms-of-use,https://doi.org/10.13003/CED-terms-of-use,create
5719,crossref,https://doi.org/10.1016/S0169-5347(97)01274-3,https://doi.org/10.1111/imb.12616,5aafcc1d-a48b-4d5b-ba29-34123c373f39,2019-10-17 00:00:00,2019-10-19 00:41:09,references,8676e950-8ac5-4074-8ac3-c0a18ada7e99,https://doi.org/10.13003/CED-terms-of-use,https://doi.org/10.13003/CED-terms-of-use,create
5720,crossref,https://doi.org/10.1016/S0169-5347(97)01274-3,https://doi.org/10.1093/icb/icz084,5e1e6c1d-f3d3-4f57-afbe-ba3847716e64,2019-05-29 00:00:00,2019-10-23 06:03:49,references,8676e950-8ac5-4074-8ac3-c0a18ada7e99,https://doi.org/10.13003/CED-terms-of-use,https://doi.org/10.13003/CED-terms-of-use,create
5721,crossref,https://doi.org/10.1016/S0169-5347(97)01274-3,https://doi.org/10.1098/rsos.170618,96c76407-5e17-4a1c-9ce0-3c4e1b523589,2017-09-01 00:00:00,2019-10-25 01:06:50,references,8676e950-8ac5-4074-8ac3-c0a18ada7e99,https://doi.org/10.13003/CED-terms-of-use,https://doi.org/10.13003/CED-terms-of-use,create
5722,crossref,https://doi.org/10.1016/S0169-5347(97)01274-3,https://doi.org/10.1002/ece3.202,18936ebe-eab0-4e12-b766-00969ea9eb74,2012-03-28 00:00:00,2019-10-25 09:14:56,references,8676e950-8ac5-4074-8ac3-c0a18ada7e99,https://doi.org/10.13003/CED-terms-of-use,https://doi.org/10.13003/CED-terms-of-use,create
5723,crossref,https://doi.org/10.1016/S0169-5347(97)01274-3,https://doi.org/10.1098/rstb.2018.0178,357f8ba4-2076-4e15-88a8-eccb0b481d82,2019-01-28 00:00:00,2019-10-27 21:25:12,references,8676e950-8ac5-4074-8ac3-c0a18ada7e99,https://doi.org/10.13003/CED-terms-of-use,https://doi.org/10.13003/CED-terms-of-use,create
5724,crossref,https://doi.org/10.1016/S0169-5347(97)01274-3,https://doi.org/10.1098/rstb.2009.0267,10ae53cc-6f4d-49f0-b996-75bc3e3d374a,2010-02-27 00:00:00,2019-10-29 04:56:56,references,8676e950-8ac5-4074-8ac3-c0a18ada7e99,https://doi.org/10.13003/CED-terms-of-use,https://doi.org/10.13003/CED-terms-of-use,create
5725,crossref,https://doi.org/10.1016/S0169-5347(97)01274-3,https://doi.org/10.1098/rspb.2009.1355,9153e3e8-e804-4c4f-b7bc-6e09774aed03,2009-10-21 00:00:00,2019-10-29 05:52:18,references,8676e950-8ac5-4074-8ac3-c0a18ada7e99,https://doi.org/10.13003/CED-terms-of-use,https://doi.org/10.13003/CED-terms-of-use,create
5726,crossref,https://doi.org/10.1016/S0169-5347(97)01274-3,https://doi.org/10.1098/rspb.2010.0022,b8f23f3e-9072-4ad5-b739-3a70a47d947a,2010-02-03 00:00:00,2019-10-29 12:20:33,references,8676e950-8ac5-4074-8ac3-c0a18ada7e99,https://doi.org/10.13003/CED-terms-of-use,https://doi.org/10.13003/CED-terms-of-use,create
5727,crossref,https://doi.org/10.1016/S0169-5347(97)01274-3,https://doi.org/10.1098/rspb.2005.3268,990dadec-a4cc-4ea1-b04c-d9c7043c9d85,2005-10-04 00:00:00,2019-10-29 14:55:43,references,8676e950-8ac5-4074-8ac3-c0a18ada7e99,https://doi.org/10.13003/CED-terms-of-use,https://doi.org/10.13003/CED-terms-of-use,create
5728,crossref,https://doi.org/10.1016/S0169-5347(97)01274-3,https://doi.org/10.1098/rspb.1999.0697,b21acafe-1f57-4702-be1d-4032665e7adb,1999-04-07 00:00:00,2019-10-29 22:24:15,references,8676e950-8ac5-4074-8ac3-c0a18ada7e99,https://doi.org/10.13003/CED-terms-of-use,https://doi.org/10.13003/CED-terms-of-use,create
5729,crossref,https://doi.org/10.1016/S0169-5347(97)01274-3,https://doi.org/10.1093/icb/ics067,fe4524de-707a-4ac7-b215-09bd64ac9dbb,2012-04-27 00:00:00,2019-11-01 00:36:20,references,8676e950-8ac5-4074-8ac3-c0a18ada7e99,https://doi.org/10.13003/CED-terms-of-use,https://doi.org/10.13003/CED-terms-of-use,create
5730,crossref,https://doi.org/10.1016/S0169-5347(97)01274-3,https://doi.org/10.1098/rstb.2012.0289,3dc8f05c-b998-4efe-8b38-53ad9f285e9c,2013-01-19 00:00:00,2019-11-23 12:48:07,references,8676e950-8ac5-4074-8ac3-c0a18ada7e99,https://doi.org/10.13003/CED-terms-of-use,https://doi.org/10.13003/CED-terms-of-use,create
5731,crossref,https://doi.org/10.1016/S0169-5347(97)01274-3,https://doi.org/10.1098/rspb.2009.2029,541c9e62-8818-4ad3-9337-5f7f787e22ee,,2019-11-24 02:17:55,references,8676e950-8ac5-4074-8ac3-c0a18ada7e99,https://doi.org/10.13003/CED-terms-of-use,https://doi.org/10.13003/CED-terms-of-use,create
5732,crossref,https://doi.org/10.1016/S0169-5347(97)01274-3,https://doi.org/10.1002/ajb2.1287,6c1f1b0f-f392-4bbe-b70f-bfa8792cac17,2019-05-01 00:00:00,2019-11-25 23:40:50,references,8676e950-8ac5-4074-8ac3-c0a18ada7e99,https://doi.org/10.13003/CED-terms-of-use,https://doi.org/10.13003/CED-terms-of-use,create
5733,crossref,https://doi.org/10.1016/S0169-5347(97)01274-3,https://doi.org/10.1098/rstb.2018.0428,1d139943-bbc4-46b0-8b8d-43e54e44305d,2019-01-28 00:00:00,2019-11-26 20:22:35,references,8676e950-8ac5-4074-8ac3-c0a18ada7e99,https://doi.org/10.13003/CED-terms-of-use,https://doi.org/10.13003/CED-terms-of-use,create
5734,crossref,https://doi.org/10.1016/S0169-5347(97)01274-3,https://doi.org/10.1098/rstb.2018.0184,e33fea81-d0f1-4a63-a995-0b41942d8b4b,2019-01-28 00:00:00,2019-11-30 05:53:57,references,8676e950-8ac5-4074-8ac3-c0a18ada7e99,https://doi.org/10.13003/CED-terms-of-use,https://doi.org/10.13003/CED-terms-of-use,create
5735,crossref,https://doi.org/10.1016/S0169-5347(97)01274-3,https://doi.org/10.1098/rspb.2017.1364,bb864728-225e-4562-8589-b9848a0ed4dd,2017-09-20 00:00:00,2019-11-30 22:42:32,references,8676e950-8ac5-4074-8ac3-c0a18ada7e99,https://doi.org/10.13003/CED-terms-of-use,https://doi.org/10.13003/CED-terms-of-use,create
5736,crossref,https://doi.org/10.1016/S0169-5347(97)01274-3,https://doi.org/10.1098/rspb.2017.0859,71491371-408a-45e7-b86c-05fea5025cce,2017-08-23 00:00:00,2019-12-01 22:29:47,references,8676e950-8ac5-4074-8ac3-c0a18ada7e99,https://doi.org/10.13003/CED-terms-of-use,https://doi.org/10.13003/CED-terms-of-use,create
5737,crossref,https://doi.org/10.1016/S0169-5347(97)01274-3,https://doi.org/10.1098/rstb.2012.0444,a7034542-0fa2-4e0b-9148-d23aa453048f,2013-10-05 00:00:00,2019-12-11 10:58:43,references,8676e950-8ac5-4074-8ac3-c0a18ada7e99,https://doi.org/10.13003/CED-terms-of-use,https://doi.org/10.13003/CED-terms-of-use,create
5738,crossref,https://doi.org/10.1016/S0169-5347(97)01274-3,https://doi.org/10.1111/j.1095-8649.2012.03477.x,f76ef99f-476f-4c6a-8810-0eb2bbe9631c,2012-11-27 00:00:00,2019-12-11 16:06:39,references,8676e950-8ac5-4074-8ac3-c0a18ada7e99,https://doi.org/10.13003/CED-terms-of-use,https://doi.org/10.13003/CED-terms-of-use,create
5739,crossref,https://doi.org/10.1016/S0169-5347(97)01274-3,https://doi.org/10.1098/rspb.2015.2439,bc3202f8-581f-4956-89ce-9249ebd581f0,2016-01-27 00:00:00,2019-12-14 17:12:33,references,8676e950-8ac5-4074-8ac3-c0a18ada7e99,https://doi.org/10.13003/CED-terms-of-use,https://doi.org/10.13003/CED-terms-of-use,create
5740,crossref,https://doi.org/10.1016/S0169-5347(97)01274-3,https://doi.org/10.1098/rspb.2017.0943,175a9ef3-6eed-4a9a-b027-7bec1a1bf83a,2017-10-04 00:00:00,2019-12-16 05:12:17,references,8676e950-8ac5-4074-8ac3-c0a18ada7e99,https://doi.org/10.13003/CED-terms-of-use,https://doi.org/10.13003/CED-terms-of-use,create
5741,crossref,https://doi.org/10.1016/S0169-5347(97)01274-3,https://doi.org/10.1098/rstb.2012.0448,c6c27dba-7e6d-4c31-98ea-92c67f1348f6,2013-10-05 00:00:00,2019-12-19 21:38:05,references,8676e950-8ac5-4074-8ac3-c0a18ada7e99,https://doi.org/10.13003/CED-terms-of-use,https://doi.org/10.13003/CED-terms-of-use,create
5742,crossref,https://doi.org/10.1016/S0169-5347(97)01274-3,https://doi.org/10.1098/rspb.2008.0025,5c34140e-3f90-4295-bc97-4f86f07f8171,2008-03-10 00:00:00,2019-12-21 04:34:33,references,8676e950-8ac5-4074-8ac3-c0a18ada7e99,https://doi.org/10.13003/CED-terms-of-use,https://doi.org/10.13003/CED-terms-of-use,create
5743,crossref,https://doi.org/10.1016/S0169-5347(97)01274-3,https://doi.org/10.1098/rspb.2013.2310,15eb3b25-1f51-435c-abef-e09afbff5c9a,2014-04-22 00:00:00,2019-12-22 03:16:16,references,8676e950-8ac5-4074-8ac3-c0a18ada7e99,https://doi.org/10.13003/CED-terms-of-use,https://doi.org/10.13003/CED-terms-of-use,create
5744,crossref,https://doi.org/10.1016/S0169-5347(97)01274-3,https://doi.org/10.1098/rspb.2012.3075,9d798e6c-9862-4b6d-ac20-2e096b0fe35a,2013-05-07 00:00:00,2019-12-25 17:59:08,references,8676e950-8ac5-4074-8ac3-c0a18ada7e99,https://doi.org/10.13003/CED-terms-of-use,https://doi.org/10.13003/CED-terms-of-use,create
5745,crossref,https://doi.org/10.1016/S0169-5347(97)01274-3,https://doi.org/10.1098/rstb.2013.0365,8893c223-87fa-47b8-9e5c-437ab94c115e,2014-05-19 00:00:00,2019-12-26 00:17:06,references,8676e950-8ac5-4074-8ac3-c0a18ada7e99,https://doi.org/10.13003/CED-terms-of-use,https://doi.org/10.13003/CED-terms-of-use,create
5746,crossref,https://doi.org/10.1016/S0169-5347(97)01274-3,https://doi.org/10.1098/rspb.2013.2744,dfe193dc-1160-4277-a247-4e0444a59bf5,2014-02-07 00:00:00,2019-12-26 15:00:41,references,8676e950-8ac5-4074-8ac3-c0a18ada7e99,https://doi.org/10.13003/CED-terms-of-use,https://doi.org/10.13003/CED-terms-of-use,create
5747,crossref,https://doi.org/10.1016/S0169-5347(97)01274-3,https://doi.org/10.1098/rspb.2008.1555,f1be4149-99ab-4cfe-b9f9-6b42844a034e,2009-01-06 00:00:00,2019-12-26 20:58:35,references,8676e950-8ac5-4074-8ac3-c0a18ada7e99,https://doi.org/10.13003/CED-terms-of-use,https://doi.org/10.13003/CED-terms-of-use,create
5748,crossref,https://doi.org/10.1016/S0169-5347(97)01274-3,https://doi.org/10.1098/rstb.2018.0182,0285a2b9-442c-4478-912c-dd0f06f6f334,2019-01-28 00:00:00,2019-12-27 08:39:09,references,8676e950-8ac5-4074-8ac3-c0a18ada7e99,https://doi.org/10.13003/CED-terms-of-use,https://doi.org/10.13003/CED-terms-of-use,create
5749,crossref,https://doi.org/10.1016/S0169-5347(97)01274-3,https://doi.org/10.1098/rspb.2010.1459,58efae9b-77f9-419f-aec7-a61883787798,2010-08-25 00:00:00,2019-12-27 15:07:37,references,8676e950-8ac5-4074-8ac3-c0a18ada7e99,https://doi.org/10.13003/CED-terms-of-use,https://doi.org/10.13003/CED-terms-of-use,create
5750,crossref,https://doi.org/10.1016/S0169-5347(97)01274-3,https://doi.org/10.1098/rstb.2010.0124,30911416-4b35-478b-971b-ec2d9f9e8212,2010-09-12 00:00:00,2019-12-27 16:07:31,references,8676e950-8ac5-4074-8ac3-c0a18ada7e99,https://doi.org/10.13003/CED-terms-of-use,https://doi.org/10.13003/CED-terms-of-use,create
5751,crossref,https://doi.org/10.1016/S0169-5347(97)01274-3,https://doi.org/10.1098/rspb.2010.1663,c08a7f33-0560-405d-a6de-4f56ea596e7f,2010-10-13 00:00:00,2019-12-28 11:22:45,references,8676e950-8ac5-4074-8ac3-c0a18ada7e99,https://doi.org/10.13003/CED-terms-of-use,https://doi.org/10.13003/CED-terms-of-use,create
5752,crossref,https://doi.org/10.1016/S0169-5347(97)01274-3,https://doi.org/10.1080/17550874.2011.618848,5a2acd80-991c-4599-873f-4893464ba8ae,2011-12-01 00:00:00,2019-12-28 23:53:14,references,8676e950-8ac5-4074-8ac3-c0a18ada7e99,https://doi.org/10.13003/CED-terms-of-use,https://doi.org/10.13003/CED-terms-of-use,create
5753,crossref,https://doi.org/10.1016/S0169-5347(97)01274-3,https://doi.org/10.1098/rspb.2014.1334,6016a58a-7fcd-425f-b7ab-c7d9d1deae19,2014-09-22 00:00:00,2019-12-29 09:42:55,references,8676e950-8ac5-4074-8ac3-c0a18ada7e99,https://doi.org/10.13003/CED-terms-of-use,https://doi.org/10.13003/CED-terms-of-use,create
