{
  "0":{
    "wikipediaIncrement":5281,
    "sourceID":"wikipedia",
    "objectID":"https:\/\/doi.org\/10.1001\/jama.280.3.294",
    "subjectID":"https:\/\/ca.wikipedia.org\/api\/rest_v1\/page\/html\/Gema_Revuelta\/23405531",
    "eventID":"20aa7cc7-1460-4bad-951b-c6a0d8a5f478",
    "occurredAt":1588449069000,
    "timeObserved":1602681758000,
    "relationType":"references",
    "sourceToken":"36c35e23-8757-4a9d-aacf-345e9b7eb50d",
    "license":"https:\/\/creativecommons.org\/publicdomain\/zero\/1.0\/",
    "termsOfUse":"https:\/\/doi.org\/10.13003\/CED-terms-of-use",
    "updatedDate":null,
    "updatedReason":null,
    "evidenceRecord":"https:\/\/evidence.eventdata.crossref.org\/evidence\/20200502-wikipedia-237a5939-3d0b-4f7a-8dae-19759ced4993",
    "eventAction":"add",
    "subjectPID":"https:\/\/ca.wikipedia.org\/wiki\/Gema_Revuelta",
    "subjectTitle":"Gema Revuelta",
    "subjectURL":"https:\/\/ca.wikipedia.org\/w\/index.php?title=Gema_Revuelta&oldid=23405531",
    "subjectAPIURL":"https:\/\/ca.wikipedia.org\/api\/rest_v1\/page\/html\/Gema_Revuelta\/23405531",
    "objectPID":"https:\/\/doi.org\/10.1001\/jama.280.3.294",
    "objectURL":"http:\/\/jamanetwork.com\/journals\/jama\/fullarticle\/187769"
  },
  "1":{
    "wikipediaIncrement":5282,
    "sourceID":"wikipedia",
    "objectID":"https:\/\/doi.org\/10.1001\/jama.280.3.294",
    "subjectID":"https:\/\/ca.wikipedia.org\/api\/rest_v1\/page\/html\/Gema_Revuelta\/23434216",
    "eventID":"c63394bd-dbe8-465f-938f-f55e5e430eb6",
    "occurredAt":1588619767000,
    "timeObserved":1602685133000,
    "relationType":"references",
    "sourceToken":"36c35e23-8757-4a9d-aacf-345e9b7eb50d",
    "license":"https:\/\/creativecommons.org\/publicdomain\/zero\/1.0\/",
    "termsOfUse":"https:\/\/doi.org\/10.13003\/CED-terms-of-use",
    "updatedDate":null,
    "updatedReason":null,
    "evidenceRecord":"https:\/\/evidence.eventdata.crossref.org\/evidence\/20200504-wikipedia-5bb9b73c-ddd1-4a65-8d05-3647120030f8",
    "eventAction":"add",
    "subjectPID":"https:\/\/ca.wikipedia.org\/wiki\/Gema_Revuelta",
    "subjectTitle":"Gema Revuelta",
    "subjectURL":"https:\/\/ca.wikipedia.org\/w\/index.php?title=Gema_Revuelta&oldid=23434216",
    "subjectAPIURL":"https:\/\/ca.wikipedia.org\/api\/rest_v1\/page\/html\/Gema_Revuelta\/23434216",
    "objectPID":"https:\/\/doi.org\/10.1001\/jama.280.3.294",
    "objectURL":"http:\/\/jamanetwork.com\/journals\/jama\/fullarticle\/187769"
  },
  "2":{
    "wikipediaIncrement":5283,
    "sourceID":"wikipedia",
    "objectID":"https:\/\/doi.org\/10.1001\/jama.280.3.294",
    "subjectID":"https:\/\/ca.wikipedia.org\/api\/rest_v1\/page\/html\/Gema_Revuelta\/23521479",
    "eventID":"84adb1c4-dc3a-4026-8346-a788a0e51aa5",
    "occurredAt":1589266670000,
    "timeObserved":1602697895000,
    "relationType":"references",
    "sourceToken":"36c35e23-8757-4a9d-aacf-345e9b7eb50d",
    "license":"https:\/\/creativecommons.org\/publicdomain\/zero\/1.0\/",
    "termsOfUse":"https:\/\/doi.org\/10.13003\/CED-terms-of-use",
    "updatedDate":null,
    "updatedReason":null,
    "evidenceRecord":"https:\/\/evidence.eventdata.crossref.org\/evidence\/20200512-wikipedia-2795651a-4b18-455c-b935-0159919fd582",
    "eventAction":"add",
    "subjectPID":"https:\/\/ca.wikipedia.org\/wiki\/Gema_Revuelta",
    "subjectTitle":"Gema Revuelta",
    "subjectURL":"https:\/\/ca.wikipedia.org\/w\/index.php?title=Gema_Revuelta&oldid=23521479",
    "subjectAPIURL":"https:\/\/ca.wikipedia.org\/api\/rest_v1\/page\/html\/Gema_Revuelta\/23521479",
    "objectPID":"https:\/\/doi.org\/10.1001\/jama.280.3.294",
    "objectURL":"http:\/\/jamanetwork.com\/journals\/jama\/fullarticle\/187769"
  },
  "3":{
    "wikipediaIncrement":5284,
    "sourceID":"wikipedia",
    "objectID":"https:\/\/doi.org\/10.1001\/jama.280.3.294",
    "subjectID":"https:\/\/ca.wikipedia.org\/api\/rest_v1\/page\/html\/Gema_Revuelta\/24147379",
    "eventID":"e533a39f-16ff-47cb-b913-914862f471f7",
    "occurredAt":1595089644000,
    "timeObserved":1602824806000,
    "relationType":"references",
    "sourceToken":"36c35e23-8757-4a9d-aacf-345e9b7eb50d",
    "license":"https:\/\/creativecommons.org\/publicdomain\/zero\/1.0\/",
    "termsOfUse":"https:\/\/doi.org\/10.13003\/CED-terms-of-use",
    "updatedDate":null,
    "updatedReason":null,
    "evidenceRecord":"https:\/\/evidence.eventdata.crossref.org\/evidence\/20200718-wikipedia-676556bf-9c09-4fc0-9d18-6b55f39a468c",
    "eventAction":"add",
    "subjectPID":"https:\/\/ca.wikipedia.org\/wiki\/Gema_Revuelta",
    "subjectTitle":"Gema Revuelta",
    "subjectURL":"https:\/\/ca.wikipedia.org\/w\/index.php?title=Gema_Revuelta&oldid=24147379",
    "subjectAPIURL":"https:\/\/ca.wikipedia.org\/api\/rest_v1\/page\/html\/Gema_Revuelta\/24147379",
    "objectPID":"https:\/\/doi.org\/10.1001\/jama.280.3.294",
    "objectURL":"http:\/\/jamanetwork.com\/journals\/jama\/fullarticle\/187769"
  },
  "4":{
    "wikipediaIncrement":5285,
    "sourceID":"wikipedia",
    "objectID":"https:\/\/doi.org\/10.1001\/jama.280.3.294",
    "subjectID":"https:\/\/ca.wikipedia.org\/api\/rest_v1\/page\/html\/Gema_Revuelta\/25664453",
    "eventID":"9a493c3f-9ee8-430f-864e-73ae3fcb49a8",
    "occurredAt":1607766202000,
    "timeObserved":1607748604000,
    "relationType":"references",
    "sourceToken":"36c35e23-8757-4a9d-aacf-345e9b7eb50d",
    "license":"https:\/\/creativecommons.org\/publicdomain\/zero\/1.0\/",
    "termsOfUse":"https:\/\/doi.org\/10.13003\/CED-terms-of-use",
    "updatedDate":null,
    "updatedReason":null,
    "evidenceRecord":"https:\/\/evidence.eventdata.crossref.org\/evidence\/20201212-wikipedia-018e0df2-59e5-41de-ab7f-d0c5d7139c0f",
    "eventAction":"add",
    "subjectPID":"https:\/\/ca.wikipedia.org\/wiki\/Gema_Revuelta",
    "subjectTitle":"Gema Revuelta",
    "subjectURL":"https:\/\/ca.wikipedia.org\/w\/index.php?title=Gema_Revuelta&oldid=25664453",
    "subjectAPIURL":"https:\/\/ca.wikipedia.org\/api\/rest_v1\/page\/html\/Gema_Revuelta\/25664453",
    "objectPID":"https:\/\/doi.org\/10.1001\/jama.280.3.294",
    "objectURL":"http:\/\/jamanetwork.com\/journals\/jama\/fullarticle\/187769"
  },
  "5":{
    "wikipediaIncrement":5286,
    "sourceID":"wikipedia",
    "objectID":"https:\/\/doi.org\/10.1001\/jama.280.3.294",
    "subjectID":"https:\/\/ca.wikipedia.org\/api\/rest_v1\/page\/html\/Gema_Revuelta\/25711803",
    "eventID":"b2d17a0b-a5be-4f24-b8db-b4b0cf81ed0d",
    "occurredAt":1608215054000,
    "timeObserved":1608197788000,
    "relationType":"references",
    "sourceToken":"36c35e23-8757-4a9d-aacf-345e9b7eb50d",
    "license":"https:\/\/creativecommons.org\/publicdomain\/zero\/1.0\/",
    "termsOfUse":"https:\/\/doi.org\/10.13003\/CED-terms-of-use",
    "updatedDate":null,
    "updatedReason":null,
    "evidenceRecord":"https:\/\/evidence.eventdata.crossref.org\/evidence\/20201217-wikipedia-6dfb2165-954c-418d-a8fc-5f32cecfdbc0",
    "eventAction":"add",
    "subjectPID":"https:\/\/ca.wikipedia.org\/wiki\/Gema_Revuelta",
    "subjectTitle":"Gema Revuelta",
    "subjectURL":"https:\/\/ca.wikipedia.org\/w\/index.php?title=Gema_Revuelta&oldid=25711803",
    "subjectAPIURL":"https:\/\/ca.wikipedia.org\/api\/rest_v1\/page\/html\/Gema_Revuelta\/25711803",
    "objectPID":"https:\/\/doi.org\/10.1001\/jama.280.3.294",
    "objectURL":"http:\/\/jamanetwork.com\/journals\/jama\/fullarticle\/187769"
  }
}