crossRefIncrement,sourceID,objectID,subjectID,eventID,occurredAt,timeObserved,relationType,sourceToken,license,crossrefTermsOfUse,messageAction
4322,crossref,https://doi.org/10.1016/S0149-7634(97)00052-3,https://doi.org/10.1177/1088868319853895,3f0a6e50-d9f5-4706-8283-f42f463b2311,2019-06-14 00:00:00,2019-06-16 01:29:07,references,8676e950-8ac5-4074-8ac3-c0a18ada7e99,https://doi.org/10.13003/CED-terms-of-use,https://doi.org/10.13003/CED-terms-of-use,create
4323,crossref,https://doi.org/10.1016/S0149-7634(97)00052-3,https://doi.org/10.1002/9780470714362.ch19,8bfc7534-3779-4760-89f9-6aa3221ba34a,2012-05-28 00:00:00,2019-06-30 03:52:20,references,8676e950-8ac5-4074-8ac3-c0a18ada7e99,https://doi.org/10.13003/CED-terms-of-use,https://doi.org/10.13003/CED-terms-of-use,create
4324,crossref,https://doi.org/10.1016/S0149-7634(97)00052-3,https://doi.org/10.1007/s00213-012-2863-1,741983f1-4366-4efb-b07a-33305598f01e,2012-09-20 00:00:00,2019-07-14 00:19:33,references,8676e950-8ac5-4074-8ac3-c0a18ada7e99,https://doi.org/10.13003/CED-terms-of-use,https://doi.org/10.13003/CED-terms-of-use,create
4325,crossref,https://doi.org/10.1016/S0149-7634(97)00052-3,https://doi.org/10.1098/rstb.2006.1939,89d3cc26-ea05-46b0-96d1-dffa0dc47f74,2006-11-06 00:00:00,2019-07-19 11:33:23,references,8676e950-8ac5-4074-8ac3-c0a18ada7e99,https://doi.org/10.13003/CED-terms-of-use,https://doi.org/10.13003/CED-terms-of-use,create
4326,crossref,https://doi.org/10.1016/S0149-7634(97)00052-3,https://doi.org/10.1098/rstb.2006.1941,4501a412-6a41-480c-8033-7b92c98f6405,2006-11-06 00:00:00,2019-07-19 11:49:03,references,8676e950-8ac5-4074-8ac3-c0a18ada7e99,https://doi.org/10.13003/CED-terms-of-use,https://doi.org/10.13003/CED-terms-of-use,create
4327,crossref,https://doi.org/10.1016/S0149-7634(97)00052-3,https://doi.org/10.1098/rsbl.2009.0670,b187c071-94b5-4009-b96d-1af6faf38bd7,2009-09-15 00:00:00,2019-07-19 20:53:22,references,8676e950-8ac5-4074-8ac3-c0a18ada7e99,https://doi.org/10.13003/CED-terms-of-use,https://doi.org/10.13003/CED-terms-of-use,create
4328,crossref,https://doi.org/10.1016/S0149-7634(97)00052-3,https://doi.org/10.1097/YCO.0b013e3283642e10,4ee89b54-5068-4050-b20a-b77132337138,2013-09-01 00:00:00,2019-07-19 23:08:34,references,8676e950-8ac5-4074-8ac3-c0a18ada7e99,https://doi.org/10.13003/CED-terms-of-use,https://doi.org/10.13003/CED-terms-of-use,create
4329,crossref,https://doi.org/10.1016/S0149-7634(97)00052-3,https://doi.org/10.1093/scan/nst099,33874d08-f751-4362-8734-67baf6cbfcce,2013-08-23 00:00:00,2019-07-20 08:09:02,references,8676e950-8ac5-4074-8ac3-c0a18ada7e99,https://doi.org/10.13003/CED-terms-of-use,https://doi.org/10.13003/CED-terms-of-use,create
4330,crossref,https://doi.org/10.1016/S0149-7634(97)00052-3,https://doi.org/10.3389/fnagi.2019.00161,e3a2d9e0-539c-471c-ba41-91a4e7dcdba1,2019-07-04 00:00:00,2019-07-24 08:36:32,references,8676e950-8ac5-4074-8ac3-c0a18ada7e99,https://doi.org/10.13003/CED-terms-of-use,https://doi.org/10.13003/CED-terms-of-use,create
4331,crossref,https://doi.org/10.1016/S0149-7634(97)00052-3,https://doi.org/10.1002/bdr2.1529,3745c98d-7652-4bc4-bf8e-641a911ce7eb,2019-05-30 00:00:00,2019-07-27 19:34:21,references,8676e950-8ac5-4074-8ac3-c0a18ada7e99,https://doi.org/10.13003/CED-terms-of-use,https://doi.org/10.13003/CED-terms-of-use,create
4332,crossref,https://doi.org/10.1016/S0149-7634(97)00052-3,https://doi.org/10.1098/rstb.2016.0009,0e8314be-3e59-4494-b228-bd62b875889c,2016-11-19 00:00:00,2019-10-24 01:58:47,references,8676e950-8ac5-4074-8ac3-c0a18ada7e99,https://doi.org/10.13003/CED-terms-of-use,https://doi.org/10.13003/CED-terms-of-use,create
4333,crossref,https://doi.org/10.1016/S0149-7634(97)00052-3,https://doi.org/10.1017/CBO9780511806582.011,fae18466-b988-4b9f-b8fe-5e35509f85e1,2004-04-05 00:00:00,2019-12-04 06:59:25,references,8676e950-8ac5-4074-8ac3-c0a18ada7e99,https://doi.org/10.13003/CED-terms-of-use,https://doi.org/10.13003/CED-terms-of-use,create
4334,crossref,https://doi.org/10.1016/S0149-7634(97)00052-3,https://doi.org/10.1038/s41598-019-46539-4,65b54c91-a7db-453a-b82a-a7a912371d9a,2019-07-16 00:00:00,2019-12-16 21:59:36,references,8676e950-8ac5-4074-8ac3-c0a18ada7e99,https://doi.org/10.13003/CED-terms-of-use,https://doi.org/10.13003/CED-terms-of-use,create
4335,crossref,https://doi.org/10.1016/S0149-7634(97)00052-3,https://doi.org/10.1177/1089268019857936,3e9f2271-1c9d-4eb1-a474-8d8665a05fc5,2019-06-25 00:00:00,2019-12-23 02:10:02,references,8676e950-8ac5-4074-8ac3-c0a18ada7e99,https://doi.org/10.13003/CED-terms-of-use,https://doi.org/10.13003/CED-terms-of-use,create
4336,crossref,https://doi.org/10.1016/S0149-7634(97)00052-3,https://doi.org/10.1038/mp.2014.185,8423cbf3-6a18-4a54-88de-1a9b2db9a03f,2015-01-20 00:00:00,2020-01-02 06:53:03,references,8676e950-8ac5-4074-8ac3-c0a18ada7e99,https://doi.org/10.13003/CED-terms-of-use,https://doi.org/10.13003/CED-terms-of-use,create
