wikipediaIncrement,sourceID,objectID,subjectID,eventID,occurredAt,timeObserved,relationType,sourceToken,license,termsOfUse,updatedDate,updatedReason,evidenceRecord,eventAction,subjectPID,subjectTitle,subjectURL,subjectAPIURL,objectPID,objectURL
40121,wikipedia,https://doi.org/10.1016/s0149-7634(97)00052-3,https://en.wikipedia.org/api/rest_v1/page/html/Evolution_of_human_intelligence/873306964,0ac3501a-43a7-47dc-8d11-56eac6fcbfb5,2018-12-12 11:00:55,2018-12-12 14:14:24,references,36c35e23-8757-4a9d-aacf-345e9b7eb50d,https://creativecommons.org/publicdomain/zero/1.0/,https://doi.org/10.13003/CED-terms-of-use,,,https://evidence.eventdata.crossref.org/evidence/20181212-wikipedia-66b4b4d4-ee40-483f-8d4c-da6731ce8969,add,https://en.wikipedia.org/wiki/Evolution_of_human_intelligence,Evolution of human intelligence,https://en.wikipedia.org/w/index.php?title=Evolution_of_human_intelligence&oldid=873306964,https://en.wikipedia.org/api/rest_v1/page/html/Evolution_of_human_intelligence/873306964,https://doi.org/10.1016/s0149-7634(97)00052-3,https://doi.org/10.1016/s0149-7634(97)00052-3
40122,wikipedia,https://doi.org/10.1016/s0149-7634(97)00052-3,https://en.wikipedia.org/api/rest_v1/page/html/Evolution_of_human_intelligence/873307050,6bd71040-f9ac-4fcb-a33c-bae564be2526,2018-12-12 11:01:43,2018-12-12 14:18:54,references,36c35e23-8757-4a9d-aacf-345e9b7eb50d,https://creativecommons.org/publicdomain/zero/1.0/,https://doi.org/10.13003/CED-terms-of-use,,,https://evidence.eventdata.crossref.org/evidence/20181212-wikipedia-65f390ff-adc1-4f7e-9d91-8e95c59a568e,add,https://en.wikipedia.org/wiki/Evolution_of_human_intelligence,Evolution of human intelligence,https://en.wikipedia.org/w/index.php?title=Evolution_of_human_intelligence&oldid=873307050,https://en.wikipedia.org/api/rest_v1/page/html/Evolution_of_human_intelligence/873307050,https://doi.org/10.1016/s0149-7634(97)00052-3,https://doi.org/10.1016/s0149-7634(97)00052-3
40123,wikipedia,https://doi.org/10.1016/s0149-7634(97)00052-3,https://en.wikipedia.org/api/rest_v1/page/html/Evolution_of_human_intelligence/873307387,89df30ab-2c02-4797-b8e0-6bcfa158acd8,2018-12-12 11:05:31,2018-12-12 14:19:05,references,36c35e23-8757-4a9d-aacf-345e9b7eb50d,https://creativecommons.org/publicdomain/zero/1.0/,https://doi.org/10.13003/CED-terms-of-use,,,https://evidence.eventdata.crossref.org/evidence/20181212-wikipedia-f9765e4e-48c1-477b-b4b7-752bb8a5ab00,add,https://en.wikipedia.org/wiki/Evolution_of_human_intelligence,Evolution of human intelligence,https://en.wikipedia.org/w/index.php?title=Evolution_of_human_intelligence&oldid=873307387,https://en.wikipedia.org/api/rest_v1/page/html/Evolution_of_human_intelligence/873307387,https://doi.org/10.1016/s0149-7634(97)00052-3,https://doi.org/10.1016/s0149-7634(97)00052-3
40124,wikipedia,https://doi.org/10.1016/s0149-7634(97)00052-3,https://en.wikipedia.org/api/rest_v1/page/html/Evolution_of_human_intelligence/873306858,5944ac1f-99d1-4c3a-8914-bbd681d722b7,2018-12-12 10:59:41,2018-12-12 14:25:08,references,36c35e23-8757-4a9d-aacf-345e9b7eb50d,https://creativecommons.org/publicdomain/zero/1.0/,https://doi.org/10.13003/CED-terms-of-use,,,https://evidence.eventdata.crossref.org/evidence/20181212-wikipedia-2e5bdd8d-341f-445b-b054-c7b88e9ca9e7,add,https://en.wikipedia.org/wiki/Evolution_of_human_intelligence,Evolution of human intelligence,https://en.wikipedia.org/w/index.php?title=Evolution_of_human_intelligence&oldid=873306858,https://en.wikipedia.org/api/rest_v1/page/html/Evolution_of_human_intelligence/873306858,https://doi.org/10.1016/s0149-7634(97)00052-3,https://doi.org/10.1016/s0149-7634(97)00052-3
40125,wikipedia,https://doi.org/10.1016/s0149-7634(97)00052-3,https://en.wikipedia.org/api/rest_v1/page/html/Evolution_of_human_intelligence/873307281,225f16aa-cea0-4ab6-a520-54784a5667b5,2018-12-12 11:04:14,2018-12-12 14:28:19,references,36c35e23-8757-4a9d-aacf-345e9b7eb50d,https://creativecommons.org/publicdomain/zero/1.0/,https://doi.org/10.13003/CED-terms-of-use,,,https://evidence.eventdata.crossref.org/evidence/20181212-wikipedia-c58881e6-7bd4-4f4c-91e8-0e2be19f98dd,add,https://en.wikipedia.org/wiki/Evolution_of_human_intelligence,Evolution of human intelligence,https://en.wikipedia.org/w/index.php?title=Evolution_of_human_intelligence&oldid=873307281,https://en.wikipedia.org/api/rest_v1/page/html/Evolution_of_human_intelligence/873307281,https://doi.org/10.1016/s0149-7634(97)00052-3,https://doi.org/10.1016/s0149-7634(97)00052-3
40126,wikipedia,https://doi.org/10.1016/s0149-7634(97)00052-3,https://en.wikipedia.org/api/rest_v1/page/html/Evolution_of_human_intelligence/873308539,8d9e350a-403e-4db0-ae3e-f26f47ee2990,2018-12-12 11:19:18,2018-12-12 14:33:53,references,36c35e23-8757-4a9d-aacf-345e9b7eb50d,https://creativecommons.org/publicdomain/zero/1.0/,https://doi.org/10.13003/CED-terms-of-use,,,https://evidence.eventdata.crossref.org/evidence/20181212-wikipedia-1ad9dd18-9e51-4cf2-895f-edb2e4293cdc,add,https://en.wikipedia.org/wiki/Evolution_of_human_intelligence,Evolution of human intelligence,https://en.wikipedia.org/w/index.php?title=Evolution_of_human_intelligence&oldid=873308539,https://en.wikipedia.org/api/rest_v1/page/html/Evolution_of_human_intelligence/873308539,https://doi.org/10.1016/s0149-7634(97)00052-3,https://doi.org/10.1016/s0149-7634(97)00052-3
40127,wikipedia,https://doi.org/10.1016/s0149-7634(97)00052-3,https://en.wikipedia.org/api/rest_v1/page/html/Evolution_of_human_intelligence/873308767,8cea5a85-74d3-43b5-81da-1d9084231366,2018-12-12 11:21:56,2018-12-12 14:34:01,references,36c35e23-8757-4a9d-aacf-345e9b7eb50d,https://creativecommons.org/publicdomain/zero/1.0/,https://doi.org/10.13003/CED-terms-of-use,,,https://evidence.eventdata.crossref.org/evidence/20181212-wikipedia-b8af9d37-eb6d-4e2f-9e49-bcc44ea0419c,add,https://en.wikipedia.org/wiki/Evolution_of_human_intelligence,Evolution of human intelligence,https://en.wikipedia.org/w/index.php?title=Evolution_of_human_intelligence&oldid=873308767,https://en.wikipedia.org/api/rest_v1/page/html/Evolution_of_human_intelligence/873308767,https://doi.org/10.1016/s0149-7634(97)00052-3,https://doi.org/10.1016/s0149-7634(97)00052-3
40128,wikipedia,https://doi.org/10.1016/s0149-7634(97)00052-3,https://en.wikipedia.org/api/rest_v1/page/html/Evolution_of_human_intelligence/873306647,3bc5254b-5656-4989-9699-404cb96a5354,2018-12-12 10:57:14,2018-12-12 14:34:39,references,36c35e23-8757-4a9d-aacf-345e9b7eb50d,https://creativecommons.org/publicdomain/zero/1.0/,https://doi.org/10.13003/CED-terms-of-use,,,https://evidence.eventdata.crossref.org/evidence/20181212-wikipedia-0e37efc2-7d55-4f94-8686-97c2a6a6be41,add,https://en.wikipedia.org/wiki/Evolution_of_human_intelligence,Evolution of human intelligence,https://en.wikipedia.org/w/index.php?title=Evolution_of_human_intelligence&oldid=873306647,https://en.wikipedia.org/api/rest_v1/page/html/Evolution_of_human_intelligence/873306647,https://doi.org/10.1016/s0149-7634(97)00052-3,https://doi.org/10.1016/s0149-7634(97)00052-3
40129,wikipedia,https://doi.org/10.1016/s0149-7634(97)00052-3,https://en.wikipedia.org/api/rest_v1/page/html/Evolution_of_human_intelligence/873307433,1a788ac8-d305-4354-9e24-51b41ec13786,2018-12-12 11:05:56,2018-12-12 14:40:40,references,36c35e23-8757-4a9d-aacf-345e9b7eb50d,https://creativecommons.org/publicdomain/zero/1.0/,https://doi.org/10.13003/CED-terms-of-use,,,https://evidence.eventdata.crossref.org/evidence/20181212-wikipedia-e445efb2-9434-441c-bd27-c502ed29030a,add,https://en.wikipedia.org/wiki/Evolution_of_human_intelligence,Evolution of human intelligence,https://en.wikipedia.org/w/index.php?title=Evolution_of_human_intelligence&oldid=873307433,https://en.wikipedia.org/api/rest_v1/page/html/Evolution_of_human_intelligence/873307433,https://doi.org/10.1016/s0149-7634(97)00052-3,https://doi.org/10.1016/s0149-7634(97)00052-3
40130,wikipedia,https://doi.org/10.1016/s0149-7634(97)00052-3,https://en.wikipedia.org/api/rest_v1/page/html/Evolution_of_human_intelligence/873308028,1409697d-4ca2-44cf-a7dc-30d19e4d6397,2018-12-12 11:13:16,2018-12-12 14:46:59,references,36c35e23-8757-4a9d-aacf-345e9b7eb50d,https://creativecommons.org/publicdomain/zero/1.0/,https://doi.org/10.13003/CED-terms-of-use,,,https://evidence.eventdata.crossref.org/evidence/20181212-wikipedia-d595228a-d413-460b-ac7e-aeabc7efdccd,add,https://en.wikipedia.org/wiki/Evolution_of_human_intelligence,Evolution of human intelligence,https://en.wikipedia.org/w/index.php?title=Evolution_of_human_intelligence&oldid=873308028,https://en.wikipedia.org/api/rest_v1/page/html/Evolution_of_human_intelligence/873308028,https://doi.org/10.1016/s0149-7634(97)00052-3,https://doi.org/10.1016/s0149-7634(97)00052-3
40131,wikipedia,https://doi.org/10.1016/s0149-7634(97)00052-3,https://en.wikipedia.org/api/rest_v1/page/html/Evolution_of_human_intelligence/873308151,95c1a4f0-5627-4441-8536-dea505622d12,2018-12-12 11:14:51,2018-12-12 14:51:01,references,36c35e23-8757-4a9d-aacf-345e9b7eb50d,https://creativecommons.org/publicdomain/zero/1.0/,https://doi.org/10.13003/CED-terms-of-use,,,https://evidence.eventdata.crossref.org/evidence/20181212-wikipedia-5e179de0-8ebb-4323-aa7b-3798db2a426d,add,https://en.wikipedia.org/wiki/Evolution_of_human_intelligence,Evolution of human intelligence,https://en.wikipedia.org/w/index.php?title=Evolution_of_human_intelligence&oldid=873308151,https://en.wikipedia.org/api/rest_v1/page/html/Evolution_of_human_intelligence/873308151,https://doi.org/10.1016/s0149-7634(97)00052-3,https://doi.org/10.1016/s0149-7634(97)00052-3
40132,wikipedia,https://doi.org/10.1016/s0149-7634(97)00052-3,https://en.wikipedia.org/api/rest_v1/page/html/Evolution_of_human_intelligence/873328545,5c29d6c3-9320-485a-b6e3-6e37f13f95de,2018-12-12 14:25:38,2018-12-12 15:45:13,references,36c35e23-8757-4a9d-aacf-345e9b7eb50d,https://creativecommons.org/publicdomain/zero/1.0/,https://doi.org/10.13003/CED-terms-of-use,,,https://evidence.eventdata.crossref.org/evidence/20181212-wikipedia-151f0a80-361a-4c82-b112-ad45e554788c,add,https://en.wikipedia.org/wiki/Evolution_of_human_intelligence,Evolution of human intelligence,https://en.wikipedia.org/w/index.php?title=Evolution_of_human_intelligence&oldid=873328545,https://en.wikipedia.org/api/rest_v1/page/html/Evolution_of_human_intelligence/873328545,https://doi.org/10.1016/s0149-7634(97)00052-3,https://doi.org/10.1016/s0149-7634(97)00052-3
40133,wikipedia,https://doi.org/10.1016/s0149-7634(97)00052-3,https://en.wikipedia.org/api/rest_v1/page/html/Evolution_of_human_intelligence/873327963,e8816fb8-2180-4d93-9410-8c9b328d32b9,2018-12-12 14:20:31,2018-12-12 16:11:04,references,36c35e23-8757-4a9d-aacf-345e9b7eb50d,https://creativecommons.org/publicdomain/zero/1.0/,https://doi.org/10.13003/CED-terms-of-use,,,https://evidence.eventdata.crossref.org/evidence/20181212-wikipedia-e62c9c7a-9740-4864-9902-3268b4aafff2,add,https://en.wikipedia.org/wiki/Evolution_of_human_intelligence,Evolution of human intelligence,https://en.wikipedia.org/w/index.php?title=Evolution_of_human_intelligence&oldid=873327963,https://en.wikipedia.org/api/rest_v1/page/html/Evolution_of_human_intelligence/873327963,https://doi.org/10.1016/s0149-7634(97)00052-3,https://doi.org/10.1016/s0149-7634(97)00052-3
40134,wikipedia,https://doi.org/10.1016/s0149-7634(97)00052-3,https://en.wikipedia.org/api/rest_v1/page/html/Evolution_of_human_intelligence/873380300,066dd1b7-b798-4b25-9910-af5ac4dadee6,2018-12-12 20:45:01,2018-12-12 19:37:02,references,36c35e23-8757-4a9d-aacf-345e9b7eb50d,https://creativecommons.org/publicdomain/zero/1.0/,https://doi.org/10.13003/CED-terms-of-use,,,https://evidence.eventdata.crossref.org/evidence/20181212-wikipedia-b7499882-fe17-4fc4-bfd1-32a41d47d9e7,add,https://en.wikipedia.org/wiki/Evolution_of_human_intelligence,Evolution of human intelligence,https://en.wikipedia.org/w/index.php?title=Evolution_of_human_intelligence&oldid=873380300,https://en.wikipedia.org/api/rest_v1/page/html/Evolution_of_human_intelligence/873380300,https://doi.org/10.1016/s0149-7634(97)00052-3,https://doi.org/10.1016/s0149-7634(97)00052-3
40135,wikipedia,https://doi.org/10.1016/s0149-7634(97)00052-3,https://en.wikipedia.org/api/rest_v1/page/html/Evolution_of_human_intelligence/873380564,6d875027-58a9-4cb7-bb66-43df74ab0584,2018-12-12 20:47:00,2018-12-12 19:37:06,references,36c35e23-8757-4a9d-aacf-345e9b7eb50d,https://creativecommons.org/publicdomain/zero/1.0/,https://doi.org/10.13003/CED-terms-of-use,,,https://evidence.eventdata.crossref.org/evidence/20181212-wikipedia-25aba9d5-e7c9-464c-a41f-f8d422ea6577,add,https://en.wikipedia.org/wiki/Evolution_of_human_intelligence,Evolution of human intelligence,https://en.wikipedia.org/w/index.php?title=Evolution_of_human_intelligence&oldid=873380564,https://en.wikipedia.org/api/rest_v1/page/html/Evolution_of_human_intelligence/873380564,https://doi.org/10.1016/s0149-7634(97)00052-3,https://doi.org/10.1016/s0149-7634(97)00052-3
40136,wikipedia,https://doi.org/10.1016/s0149-7634(97)00052-3,https://en.wikipedia.org/api/rest_v1/page/html/Evolution_of_human_intelligence/873380423,eb2f7b02-391b-45ad-beee-c6178e2c0ceb,2018-12-12 20:46:01,2018-12-12 20:06:28,references,36c35e23-8757-4a9d-aacf-345e9b7eb50d,https://creativecommons.org/publicdomain/zero/1.0/,https://doi.org/10.13003/CED-terms-of-use,,,https://evidence.eventdata.crossref.org/evidence/20181212-wikipedia-c4ddc1c1-76e7-4f8a-b806-79d630b385cb,add,https://en.wikipedia.org/wiki/Evolution_of_human_intelligence,Evolution of human intelligence,https://en.wikipedia.org/w/index.php?title=Evolution_of_human_intelligence&oldid=873380423,https://en.wikipedia.org/api/rest_v1/page/html/Evolution_of_human_intelligence/873380423,https://doi.org/10.1016/s0149-7634(97)00052-3,https://doi.org/10.1016/s0149-7634(97)00052-3
40137,wikipedia,https://doi.org/10.1016/s0149-7634(97)00052-3,https://en.wikipedia.org/api/rest_v1/page/html/Evolution_of_human_intelligence/873381097,80dbff50-3c23-42e0-96d8-68ee2299c99f,2018-12-12 20:50:48,2018-12-12 20:06:56,references,36c35e23-8757-4a9d-aacf-345e9b7eb50d,https://creativecommons.org/publicdomain/zero/1.0/,https://doi.org/10.13003/CED-terms-of-use,,,https://evidence.eventdata.crossref.org/evidence/20181212-wikipedia-8341bff0-b6ed-44ba-80d6-4859258bd0ed,add,https://en.wikipedia.org/wiki/Evolution_of_human_intelligence,Evolution of human intelligence,https://en.wikipedia.org/w/index.php?title=Evolution_of_human_intelligence&oldid=873381097,https://en.wikipedia.org/api/rest_v1/page/html/Evolution_of_human_intelligence/873381097,https://doi.org/10.1016/s0149-7634(97)00052-3,https://doi.org/10.1016/s0149-7634(97)00052-3
40138,wikipedia,https://doi.org/10.1016/s0149-7634(97)00052-3,https://en.wikipedia.org/api/rest_v1/page/html/Evolution_of_human_intelligence/873449794,2af41e10-094b-45f6-a566-958f508ae411,2018-12-13 07:07:09,2018-12-13 02:10:13,references,36c35e23-8757-4a9d-aacf-345e9b7eb50d,https://creativecommons.org/publicdomain/zero/1.0/,https://doi.org/10.13003/CED-terms-of-use,,,https://evidence.eventdata.crossref.org/evidence/20181213-wikipedia-6b73dfc7-98f1-47db-9eba-db899bf1ee26,add,https://en.wikipedia.org/wiki/Evolution_of_human_intelligence,Evolution of human intelligence,https://en.wikipedia.org/w/index.php?title=Evolution_of_human_intelligence&oldid=873449794,https://en.wikipedia.org/api/rest_v1/page/html/Evolution_of_human_intelligence/873449794,https://doi.org/10.1016/s0149-7634(97)00052-3,https://doi.org/10.1016/s0149-7634(97)00052-3
40139,wikipedia,https://doi.org/10.1016/s0149-7634(97)00052-3,https://en.wikipedia.org/api/rest_v1/page/html/Evolution_of_human_intelligence/873558549,54f8e245-da51-4fbb-9abc-c228f2945ede,2018-12-13 19:53:36,2018-12-13 14:59:34,references,36c35e23-8757-4a9d-aacf-345e9b7eb50d,https://creativecommons.org/publicdomain/zero/1.0/,https://doi.org/10.13003/CED-terms-of-use,,,https://evidence.eventdata.crossref.org/evidence/20181213-wikipedia-b00be654-0def-443f-9be6-7922f3d9e53b,add,https://en.wikipedia.org/wiki/Evolution_of_human_intelligence,Evolution of human intelligence,https://en.wikipedia.org/w/index.php?title=Evolution_of_human_intelligence&oldid=873558549,https://en.wikipedia.org/api/rest_v1/page/html/Evolution_of_human_intelligence/873558549,https://doi.org/10.1016/s0149-7634(97)00052-3,https://doi.org/10.1016/s0149-7634(97)00052-3
40140,wikipedia,https://doi.org/10.1016/s0149-7634(97)00052-3,https://en.wikipedia.org/api/rest_v1/page/html/Evolution_of_human_intelligence/873558776,9fc3a254-4ec7-4c4b-bfab-140e1e020392,2018-12-13 19:54:40,2018-12-13 14:59:54,references,36c35e23-8757-4a9d-aacf-345e9b7eb50d,https://creativecommons.org/publicdomain/zero/1.0/,https://doi.org/10.13003/CED-terms-of-use,,,https://evidence.eventdata.crossref.org/evidence/20181213-wikipedia-fde34562-1fca-4ea0-a425-66138c03821a,add,https://en.wikipedia.org/wiki/Evolution_of_human_intelligence,Evolution of human intelligence,https://en.wikipedia.org/w/index.php?title=Evolution_of_human_intelligence&oldid=873558776,https://en.wikipedia.org/api/rest_v1/page/html/Evolution_of_human_intelligence/873558776,https://doi.org/10.1016/s0149-7634(97)00052-3,https://doi.org/10.1016/s0149-7634(97)00052-3
40141,wikipedia,https://doi.org/10.1016/s0149-7634(97)00052-3,https://en.wikipedia.org/api/rest_v1/page/html/Evolution_of_human_intelligence/873971168,20643e1b-4849-4f8a-b5ac-89dadd5249fc,2018-12-16 08:01:08,2018-12-16 03:02:32,references,36c35e23-8757-4a9d-aacf-345e9b7eb50d,https://creativecommons.org/publicdomain/zero/1.0/,https://doi.org/10.13003/CED-terms-of-use,,,https://evidence.eventdata.crossref.org/evidence/20181216-wikipedia-4c4bcc46-8870-4c94-8db5-08cc9c9bbb19,add,https://en.wikipedia.org/wiki/Evolution_of_human_intelligence,Evolution of human intelligence,https://en.wikipedia.org/w/index.php?title=Evolution_of_human_intelligence&oldid=873971168,https://en.wikipedia.org/api/rest_v1/page/html/Evolution_of_human_intelligence/873971168,https://doi.org/10.1016/s0149-7634(97)00052-3,https://doi.org/10.1016/s0149-7634(97)00052-3
40142,wikipedia,https://doi.org/10.1016/s0149-7634(97)00052-3,https://en.wikipedia.org/api/rest_v1/page/html/Evolution_of_human_intelligence/874555429,7774ef72-1445-4b0d-b814-3061c0439155,2018-12-20 00:57:14,2018-12-19 19:58:47,references,36c35e23-8757-4a9d-aacf-345e9b7eb50d,https://creativecommons.org/publicdomain/zero/1.0/,https://doi.org/10.13003/CED-terms-of-use,,,https://evidence.eventdata.crossref.org/evidence/20181220-wikipedia-64accf95-1b26-4b12-8031-445e2c03d36e,add,https://en.wikipedia.org/wiki/Evolution_of_human_intelligence,Evolution of human intelligence,https://en.wikipedia.org/w/index.php?title=Evolution_of_human_intelligence&oldid=874555429,https://en.wikipedia.org/api/rest_v1/page/html/Evolution_of_human_intelligence/874555429,https://doi.org/10.1016/s0149-7634(97)00052-3,https://doi.org/10.1016/s0149-7634(97)00052-3
40143,wikipedia,https://doi.org/10.1016/s0149-7634(97)00052-3,https://en.wikipedia.org/api/rest_v1/page/html/Evolution_of_human_intelligence/875343061,f366f9c6-acba-49ca-87bd-55d5e6e7767f,2018-12-25 19:51:13,2018-12-25 14:54:50,references,36c35e23-8757-4a9d-aacf-345e9b7eb50d,https://creativecommons.org/publicdomain/zero/1.0/,https://doi.org/10.13003/CED-terms-of-use,,,https://evidence.eventdata.crossref.org/evidence/20181225-wikipedia-a32894f9-1000-49bb-aa65-c3e1212f449f,add,https://en.wikipedia.org/wiki/Evolution_of_human_intelligence,Evolution of human intelligence,https://en.wikipedia.org/w/index.php?title=Evolution_of_human_intelligence&oldid=875343061,https://en.wikipedia.org/api/rest_v1/page/html/Evolution_of_human_intelligence/875343061,https://doi.org/10.1016/s0149-7634(97)00052-3,https://doi.org/10.1016/s0149-7634(97)00052-3
40144,wikipedia,https://doi.org/10.1016/s0149-7634(97)00052-3,https://en.wikipedia.org/api/rest_v1/page/html/Evolution_of_human_intelligence/875357414,7e0e3360-a6a5-4a82-85b7-fa19cf2a1856,2018-12-25 22:55:37,2018-12-25 17:59:15,references,36c35e23-8757-4a9d-aacf-345e9b7eb50d,https://creativecommons.org/publicdomain/zero/1.0/,https://doi.org/10.13003/CED-terms-of-use,,,https://evidence.eventdata.crossref.org/evidence/20181225-wikipedia-7a7b40d9-379d-4ba4-933f-82b94277f0ec,add,https://en.wikipedia.org/wiki/Evolution_of_human_intelligence,Evolution of human intelligence,https://en.wikipedia.org/w/index.php?title=Evolution_of_human_intelligence&oldid=875357414,https://en.wikipedia.org/api/rest_v1/page/html/Evolution_of_human_intelligence/875357414,https://doi.org/10.1016/s0149-7634(97)00052-3,https://doi.org/10.1016/s0149-7634(97)00052-3
40145,wikipedia,https://doi.org/10.1016/s0149-7634(97)00052-3,https://en.wikipedia.org/api/rest_v1/page/html/Evolution_of_human_intelligence/876972194,1102b631-7fd8-45e2-af27-306ac8bb6226,2019-01-05 18:35:22,2019-01-05 13:39:52,references,36c35e23-8757-4a9d-aacf-345e9b7eb50d,https://creativecommons.org/publicdomain/zero/1.0/,https://doi.org/10.13003/CED-terms-of-use,,,https://evidence.eventdata.crossref.org/evidence/20190105-wikipedia-1f222d53-4369-42e3-b376-01bc2e2b9749,add,https://en.wikipedia.org/wiki/Evolution_of_human_intelligence,Evolution of human intelligence,https://en.wikipedia.org/w/index.php?title=Evolution_of_human_intelligence&oldid=876972194,https://en.wikipedia.org/api/rest_v1/page/html/Evolution_of_human_intelligence/876972194,https://doi.org/10.1016/s0149-7634(97)00052-3,https://doi.org/10.1016/s0149-7634(97)00052-3
40146,wikipedia,https://doi.org/10.1016/s0149-7634(97)00052-3,https://en.wikipedia.org/api/rest_v1/page/html/Evolution_of_human_intelligence/877106167,bd4dc1c1-234b-491a-a20b-49206e9cb022,2019-01-06 16:30:53,2019-01-06 11:39:46,references,36c35e23-8757-4a9d-aacf-345e9b7eb50d,https://creativecommons.org/publicdomain/zero/1.0/,https://doi.org/10.13003/CED-terms-of-use,,,https://evidence.eventdata.crossref.org/evidence/20190106-wikipedia-7524f2db-d714-4192-b75b-9f991ad2aad7,add,https://en.wikipedia.org/wiki/Evolution_of_human_intelligence,Evolution of human intelligence,https://en.wikipedia.org/w/index.php?title=Evolution_of_human_intelligence&oldid=877106167,https://en.wikipedia.org/api/rest_v1/page/html/Evolution_of_human_intelligence/877106167,https://doi.org/10.1016/s0149-7634(97)00052-3,https://doi.org/10.1016/s0149-7634(97)00052-3
40147,wikipedia,https://doi.org/10.1016/s0149-7634(97)00052-3,https://en.wikipedia.org/api/rest_v1/page/html/Evolution_of_human_intelligence/877106416,9d907ce5-65b6-4be2-82a1-4011c045e7be,2019-01-06 16:32:41,2019-01-06 11:48:19,references,36c35e23-8757-4a9d-aacf-345e9b7eb50d,https://creativecommons.org/publicdomain/zero/1.0/,https://doi.org/10.13003/CED-terms-of-use,,,https://evidence.eventdata.crossref.org/evidence/20190106-wikipedia-bb8d1044-c217-4e85-be53-818e36f62a69,add,https://en.wikipedia.org/wiki/Evolution_of_human_intelligence,Evolution of human intelligence,https://en.wikipedia.org/w/index.php?title=Evolution_of_human_intelligence&oldid=877106416,https://en.wikipedia.org/api/rest_v1/page/html/Evolution_of_human_intelligence/877106416,https://doi.org/10.1016/s0149-7634(97)00052-3,https://doi.org/10.1016/s0149-7634(97)00052-3
40148,wikipedia,https://doi.org/10.1016/s0149-7634(97)00052-3,https://en.wikipedia.org/api/rest_v1/page/html/Evolution_of_human_intelligence/878003459,3f582ba5-e743-4fcb-b813-24700b049e95,2019-01-12 09:45:17,2019-01-12 04:49:23,references,36c35e23-8757-4a9d-aacf-345e9b7eb50d,https://creativecommons.org/publicdomain/zero/1.0/,https://doi.org/10.13003/CED-terms-of-use,,,https://evidence.eventdata.crossref.org/evidence/20190112-wikipedia-2e3ba6a1-234c-4aae-b09f-17cdb094e18b,add,https://en.wikipedia.org/wiki/Evolution_of_human_intelligence,Evolution of human intelligence,https://en.wikipedia.org/w/index.php?title=Evolution_of_human_intelligence&oldid=878003459,https://en.wikipedia.org/api/rest_v1/page/html/Evolution_of_human_intelligence/878003459,https://doi.org/10.1016/s0149-7634(97)00052-3,https://doi.org/10.1016/s0149-7634(97)00052-3
40149,wikipedia,https://doi.org/10.1016/s0149-7634(97)00052-3,https://en.wikipedia.org/api/rest_v1/page/html/Evolution_of_human_intelligence/878004446,e45239ef-773f-4994-9b91-4b2f6c1dc12e,2019-01-12 09:58:50,2019-01-12 05:01:23,references,36c35e23-8757-4a9d-aacf-345e9b7eb50d,https://creativecommons.org/publicdomain/zero/1.0/,https://doi.org/10.13003/CED-terms-of-use,,,https://evidence.eventdata.crossref.org/evidence/20190112-wikipedia-2f0e389e-d205-48c6-8ebe-7c1f768871c6,add,https://en.wikipedia.org/wiki/Evolution_of_human_intelligence,Evolution of human intelligence,https://en.wikipedia.org/w/index.php?title=Evolution_of_human_intelligence&oldid=878004446,https://en.wikipedia.org/api/rest_v1/page/html/Evolution_of_human_intelligence/878004446,https://doi.org/10.1016/s0149-7634(97)00052-3,https://doi.org/10.1016/s0149-7634(97)00052-3
40150,wikipedia,https://doi.org/10.1016/s0149-7634(97)00052-3,https://en.wikipedia.org/api/rest_v1/page/html/Evolution_of_human_intelligence/878005095,9ee53e3c-7143-4863-8dcf-fd14d69c8d03,2019-01-12 10:04:35,2019-01-12 05:08:06,references,36c35e23-8757-4a9d-aacf-345e9b7eb50d,https://creativecommons.org/publicdomain/zero/1.0/,https://doi.org/10.13003/CED-terms-of-use,,,https://evidence.eventdata.crossref.org/evidence/20190112-wikipedia-05ce5be5-8edb-4c46-bd9d-e9b456144f6d,add,https://en.wikipedia.org/wiki/Evolution_of_human_intelligence,Evolution of human intelligence,https://en.wikipedia.org/w/index.php?title=Evolution_of_human_intelligence&oldid=878005095,https://en.wikipedia.org/api/rest_v1/page/html/Evolution_of_human_intelligence/878005095,https://doi.org/10.1016/s0149-7634(97)00052-3,https://doi.org/10.1016/s0149-7634(97)00052-3
40151,wikipedia,https://doi.org/10.1016/s0149-7634(97)00052-3,https://en.wikipedia.org/api/rest_v1/page/html/Evolution_of_human_intelligence/879943929,f4ea7091-b104-4fed-a178-4d792c2fd6f4,2019-01-24 11:17:54,2019-01-24 06:21:27,references,36c35e23-8757-4a9d-aacf-345e9b7eb50d,https://creativecommons.org/publicdomain/zero/1.0/,https://doi.org/10.13003/CED-terms-of-use,,,https://evidence.eventdata.crossref.org/evidence/20190124-wikipedia-f8e29063-6f9d-46c2-ac48-0f0e375f4509,add,https://en.wikipedia.org/wiki/Evolution_of_human_intelligence,Evolution of human intelligence,https://en.wikipedia.org/w/index.php?title=Evolution_of_human_intelligence&oldid=879943929,https://en.wikipedia.org/api/rest_v1/page/html/Evolution_of_human_intelligence/879943929,https://doi.org/10.1016/s0149-7634(97)00052-3,https://doi.org/10.1016/s0149-7634(97)00052-3
40152,wikipedia,https://doi.org/10.1016/s0149-7634(97)00052-3,https://en.wikipedia.org/api/rest_v1/page/html/Evolution_of_human_intelligence/879975106,75d88324-7285-4993-818b-10126c0774ba,2019-01-24 15:55:02,2019-01-24 11:48:16,references,36c35e23-8757-4a9d-aacf-345e9b7eb50d,https://creativecommons.org/publicdomain/zero/1.0/,https://doi.org/10.13003/CED-terms-of-use,,,https://evidence.eventdata.crossref.org/evidence/20190124-wikipedia-e605fc89-2a7a-4805-9654-4a9e16aeae5f,add,https://en.wikipedia.org/wiki/Evolution_of_human_intelligence,Evolution of human intelligence,https://en.wikipedia.org/w/index.php?title=Evolution_of_human_intelligence&oldid=879975106,https://en.wikipedia.org/api/rest_v1/page/html/Evolution_of_human_intelligence/879975106,https://doi.org/10.1016/s0149-7634(97)00052-3,https://doi.org/10.1016/s0149-7634(97)00052-3
40153,wikipedia,https://doi.org/10.1016/s0149-7634(97)00052-3,https://en.wikipedia.org/api/rest_v1/page/html/Evolution_of_human_intelligence/879981017,d90dbacd-38ee-4e1d-a793-16f4b30776df,2019-01-24 16:33:41,2019-01-24 12:20:27,references,36c35e23-8757-4a9d-aacf-345e9b7eb50d,https://creativecommons.org/publicdomain/zero/1.0/,https://doi.org/10.13003/CED-terms-of-use,,,https://evidence.eventdata.crossref.org/evidence/20190124-wikipedia-3bfd0a12-3dd9-4e6c-8aa5-542d7cf3f074,add,https://en.wikipedia.org/wiki/Evolution_of_human_intelligence,Evolution of human intelligence,https://en.wikipedia.org/w/index.php?title=Evolution_of_human_intelligence&oldid=879981017,https://en.wikipedia.org/api/rest_v1/page/html/Evolution_of_human_intelligence/879981017,https://doi.org/10.1016/s0149-7634(97)00052-3,https://doi.org/10.1016/s0149-7634(97)00052-3
40154,wikipedia,https://doi.org/10.1016/s0149-7634(97)00052-3,https://en.wikipedia.org/api/rest_v1/page/html/Evolution_of_human_intelligence/888776096,396b6189-cfac-4348-963e-a3ee6fa786d9,2019-03-21 10:28:36,2019-03-24 15:13:24,references,36c35e23-8757-4a9d-aacf-345e9b7eb50d,https://creativecommons.org/publicdomain/zero/1.0/,https://doi.org/10.13003/CED-terms-of-use,,,https://evidence.eventdata.crossref.org/evidence/20190321-wikipedia-09dab65c-20ec-490b-a3ce-003367eec751,add,https://en.wikipedia.org/wiki/Evolution_of_human_intelligence,Evolution of human intelligence,https://en.wikipedia.org/w/index.php?title=Evolution_of_human_intelligence&oldid=888776096,https://en.wikipedia.org/api/rest_v1/page/html/Evolution_of_human_intelligence/888776096,https://doi.org/10.1016/s0149-7634(97)00052-3,https://doi.org/10.1016/s0149-7634(97)00052-3
40155,wikipedia,https://doi.org/10.1016/s0149-7634(97)00052-3,https://en.wikipedia.org/api/rest_v1/page/html/Evolution_of_human_intelligence/891841919,bf838289-18ea-418f-a504-89a9c86c9d54,2019-04-10 14:00:49,2019-04-10 10:23:50,references,36c35e23-8757-4a9d-aacf-345e9b7eb50d,https://creativecommons.org/publicdomain/zero/1.0/,https://doi.org/10.13003/CED-terms-of-use,,,https://evidence.eventdata.crossref.org/evidence/20190410-wikipedia-68aa11a7-639d-491e-b823-e230bdb1541f,add,https://en.wikipedia.org/wiki/Evolution_of_human_intelligence,Evolution of human intelligence,https://en.wikipedia.org/w/index.php?title=Evolution_of_human_intelligence&oldid=891841919,https://en.wikipedia.org/api/rest_v1/page/html/Evolution_of_human_intelligence/891841919,https://doi.org/10.1016/s0149-7634(97)00052-3,https://doi.org/10.1016/s0149-7634(97)00052-3
40156,wikipedia,https://doi.org/10.1016/s0149-7634(97)00052-3,https://en.wikipedia.org/api/rest_v1/page/html/Evolution_of_human_intelligence/891944978,aac3dd5d-3494-49b1-93fb-e8131f6d169a,2019-04-11 05:05:09,2019-04-11 01:10:20,references,36c35e23-8757-4a9d-aacf-345e9b7eb50d,https://creativecommons.org/publicdomain/zero/1.0/,https://doi.org/10.13003/CED-terms-of-use,,,https://evidence.eventdata.crossref.org/evidence/20190411-wikipedia-2eaf0fe1-1f73-492f-b5d7-29929e5707b2,add,https://en.wikipedia.org/wiki/Evolution_of_human_intelligence,Evolution of human intelligence,https://en.wikipedia.org/w/index.php?title=Evolution_of_human_intelligence&oldid=891944978,https://en.wikipedia.org/api/rest_v1/page/html/Evolution_of_human_intelligence/891944978,https://doi.org/10.1016/s0149-7634(97)00052-3,https://doi.org/10.1016/s0149-7634(97)00052-3
40157,wikipedia,https://doi.org/10.1016/s0149-7634(97)00052-3,https://en.wikipedia.org/api/rest_v1/page/html/Evolution_of_human_intelligence/891945120,1d454e14-687a-42b4-b9e7-bcde77f9cab4,2019-04-11 05:07:15,2019-04-11 01:11:07,references,36c35e23-8757-4a9d-aacf-345e9b7eb50d,https://creativecommons.org/publicdomain/zero/1.0/,https://doi.org/10.13003/CED-terms-of-use,,,https://evidence.eventdata.crossref.org/evidence/20190411-wikipedia-1d281281-a21d-473d-abab-f46181a3cd45,add,https://en.wikipedia.org/wiki/Evolution_of_human_intelligence,Evolution of human intelligence,https://en.wikipedia.org/w/index.php?title=Evolution_of_human_intelligence&oldid=891945120,https://en.wikipedia.org/api/rest_v1/page/html/Evolution_of_human_intelligence/891945120,https://doi.org/10.1016/s0149-7634(97)00052-3,https://doi.org/10.1016/s0149-7634(97)00052-3
40158,wikipedia,https://doi.org/10.1016/s0149-7634(97)00052-3,https://en.wikipedia.org/api/rest_v1/page/html/Evolution_of_human_intelligence/892055476,4dc4691b-ea59-435c-bb6f-52d4b48f666a,2019-04-11 21:58:10,2019-04-11 17:59:38,references,36c35e23-8757-4a9d-aacf-345e9b7eb50d,https://creativecommons.org/publicdomain/zero/1.0/,https://doi.org/10.13003/CED-terms-of-use,,,https://evidence.eventdata.crossref.org/evidence/20190411-wikipedia-3ee8b776-75a6-4aa2-a3a9-0273f0f8d008,add,https://en.wikipedia.org/wiki/Evolution_of_human_intelligence,Evolution of human intelligence,https://en.wikipedia.org/w/index.php?title=Evolution_of_human_intelligence&oldid=892055476,https://en.wikipedia.org/api/rest_v1/page/html/Evolution_of_human_intelligence/892055476,https://doi.org/10.1016/s0149-7634(97)00052-3,https://doi.org/10.1016/s0149-7634(97)00052-3
40159,wikipedia,https://doi.org/10.1016/s0149-7634(97)00052-3,https://en.wikipedia.org/api/rest_v1/page/html/Evolution_of_human_intelligence/892058457,ab56ac77-7453-4bd3-8ad6-a5c358616efc,2019-04-11 22:25:56,2019-04-11 18:31:36,references,36c35e23-8757-4a9d-aacf-345e9b7eb50d,https://creativecommons.org/publicdomain/zero/1.0/,https://doi.org/10.13003/CED-terms-of-use,,,https://evidence.eventdata.crossref.org/evidence/20190411-wikipedia-f7172582-92d4-477c-a032-67d580722704,add,https://en.wikipedia.org/wiki/Evolution_of_human_intelligence,Evolution of human intelligence,https://en.wikipedia.org/w/index.php?title=Evolution_of_human_intelligence&oldid=892058457,https://en.wikipedia.org/api/rest_v1/page/html/Evolution_of_human_intelligence/892058457,https://doi.org/10.1016/s0149-7634(97)00052-3,https://doi.org/10.1016/s0149-7634(97)00052-3
40160,wikipedia,https://doi.org/10.1016/s0149-7634(97)00052-3,https://en.wikipedia.org/api/rest_v1/page/html/Evolution_of_human_intelligence/892059462,bbc35289-498d-4ecf-9f3d-31f33ef958a0,2019-04-11 22:36:09,2019-04-11 18:39:49,references,36c35e23-8757-4a9d-aacf-345e9b7eb50d,https://creativecommons.org/publicdomain/zero/1.0/,https://doi.org/10.13003/CED-terms-of-use,,,https://evidence.eventdata.crossref.org/evidence/20190411-wikipedia-82db51cb-0b3d-4bc1-8c2c-2f73582268d5,add,https://en.wikipedia.org/wiki/Evolution_of_human_intelligence,Evolution of human intelligence,https://en.wikipedia.org/w/index.php?title=Evolution_of_human_intelligence&oldid=892059462,https://en.wikipedia.org/api/rest_v1/page/html/Evolution_of_human_intelligence/892059462,https://doi.org/10.1016/s0149-7634(97)00052-3,https://doi.org/10.1016/s0149-7634(97)00052-3
40161,wikipedia,https://doi.org/10.1016/s0149-7634(97)00052-3,https://en.wikipedia.org/api/rest_v1/page/html/Evolution_of_human_intelligence/892081922,d5fbd6b3-3b37-4185-8372-6ce5dea131be,2019-04-12 02:16:24,2019-04-11 22:18:08,references,36c35e23-8757-4a9d-aacf-345e9b7eb50d,https://creativecommons.org/publicdomain/zero/1.0/,https://doi.org/10.13003/CED-terms-of-use,,,https://evidence.eventdata.crossref.org/evidence/20190412-wikipedia-7a65bd34-734d-4d70-acb8-29a5876dc02f,add,https://en.wikipedia.org/wiki/Evolution_of_human_intelligence,Evolution of human intelligence,https://en.wikipedia.org/w/index.php?title=Evolution_of_human_intelligence&oldid=892081922,https://en.wikipedia.org/api/rest_v1/page/html/Evolution_of_human_intelligence/892081922,https://doi.org/10.1016/s0149-7634(97)00052-3,https://doi.org/10.1016/s0149-7634(97)00052-3
40162,wikipedia,https://doi.org/10.1016/s0149-7634(97)00052-3,https://en.wikipedia.org/api/rest_v1/page/html/Evolution_of_human_intelligence/892082492,6d0e34e4-41e5-4e1e-a6b5-5b02a53b79b8,2019-04-12 02:21:34,2019-04-11 22:24:32,references,36c35e23-8757-4a9d-aacf-345e9b7eb50d,https://creativecommons.org/publicdomain/zero/1.0/,https://doi.org/10.13003/CED-terms-of-use,,,https://evidence.eventdata.crossref.org/evidence/20190412-wikipedia-3be86150-051c-4eb0-9819-15e932536856,add,https://en.wikipedia.org/wiki/Evolution_of_human_intelligence,Evolution of human intelligence,https://en.wikipedia.org/w/index.php?title=Evolution_of_human_intelligence&oldid=892082492,https://en.wikipedia.org/api/rest_v1/page/html/Evolution_of_human_intelligence/892082492,https://doi.org/10.1016/s0149-7634(97)00052-3,https://doi.org/10.1016/s0149-7634(97)00052-3
40163,wikipedia,https://doi.org/10.1016/s0149-7634(97)00052-3,https://en.wikipedia.org/api/rest_v1/page/html/Evolution_of_human_intelligence/892090050,bf1e022d-5552-42c4-80c5-1f75e1a01875,2019-04-12 03:47:23,2019-04-11 23:48:29,references,36c35e23-8757-4a9d-aacf-345e9b7eb50d,https://creativecommons.org/publicdomain/zero/1.0/,https://doi.org/10.13003/CED-terms-of-use,,,https://evidence.eventdata.crossref.org/evidence/20190412-wikipedia-9d52e1b6-6902-404a-8f3b-1c08a482645f,add,https://en.wikipedia.org/wiki/Evolution_of_human_intelligence,Evolution of human intelligence,https://en.wikipedia.org/w/index.php?title=Evolution_of_human_intelligence&oldid=892090050,https://en.wikipedia.org/api/rest_v1/page/html/Evolution_of_human_intelligence/892090050,https://doi.org/10.1016/s0149-7634(97)00052-3,https://doi.org/10.1016/s0149-7634(97)00052-3
40164,wikipedia,https://doi.org/10.1016/s0149-7634(97)00052-3,https://en.wikipedia.org/api/rest_v1/page/html/Evolution_of_human_intelligence/892204568,ea32f077-2862-48e5-ae86-e4b2eb05307b,2019-04-12 21:33:28,2019-04-12 17:48:44,references,36c35e23-8757-4a9d-aacf-345e9b7eb50d,https://creativecommons.org/publicdomain/zero/1.0/,https://doi.org/10.13003/CED-terms-of-use,,,https://evidence.eventdata.crossref.org/evidence/20190412-wikipedia-44493bf7-bd8c-4b2a-a3bd-0e324cec4ac4,add,https://en.wikipedia.org/wiki/Evolution_of_human_intelligence,Evolution of human intelligence,https://en.wikipedia.org/w/index.php?title=Evolution_of_human_intelligence&oldid=892204568,https://en.wikipedia.org/api/rest_v1/page/html/Evolution_of_human_intelligence/892204568,https://doi.org/10.1016/s0149-7634(97)00052-3,https://doi.org/10.1016/s0149-7634(97)00052-3
40165,wikipedia,https://doi.org/10.1016/s0149-7634(97)00052-3,https://en.wikipedia.org/api/rest_v1/page/html/Evolution_of_human_intelligence/894108943,eb2f2e9d-af1a-42de-921f-a0051822ac6e,2019-04-25 18:13:47,2019-04-25 14:36:26,references,36c35e23-8757-4a9d-aacf-345e9b7eb50d,https://creativecommons.org/publicdomain/zero/1.0/,https://doi.org/10.13003/CED-terms-of-use,,,https://evidence.eventdata.crossref.org/evidence/20190425-wikipedia-d89ddb9c-6785-41a8-ba37-72de6e74479e,add,https://en.wikipedia.org/wiki/Evolution_of_human_intelligence,Evolution of human intelligence,https://en.wikipedia.org/w/index.php?title=Evolution_of_human_intelligence&oldid=894108943,https://en.wikipedia.org/api/rest_v1/page/html/Evolution_of_human_intelligence/894108943,https://doi.org/10.1016/s0149-7634(97)00052-3,https://doi.org/10.1016/s0149-7634(97)00052-3
40166,wikipedia,https://doi.org/10.1016/s0149-7634(97)00052-3,https://en.wikipedia.org/api/rest_v1/page/html/Evolution_of_human_intelligence/895863982,a334b732-e116-40de-8c7b-480fe1ff6e12,2019-05-06 23:42:14,2019-05-06 19:44:45,references,36c35e23-8757-4a9d-aacf-345e9b7eb50d,https://creativecommons.org/publicdomain/zero/1.0/,https://doi.org/10.13003/CED-terms-of-use,,,https://evidence.eventdata.crossref.org/evidence/20190506-wikipedia-2b454385-f742-4ab7-8592-b99a4ae36fab,add,https://en.wikipedia.org/wiki/Evolution_of_human_intelligence,Evolution of human intelligence,https://en.wikipedia.org/w/index.php?title=Evolution_of_human_intelligence&oldid=895863982,https://en.wikipedia.org/api/rest_v1/page/html/Evolution_of_human_intelligence/895863982,https://doi.org/10.1016/s0149-7634(97)00052-3,https://doi.org/10.1016/s0149-7634(97)00052-3
40167,wikipedia,https://doi.org/10.1016/s0149-7634(97)00052-3,https://en.wikipedia.org/api/rest_v1/page/html/Evolution_of_human_intelligence/900019966,815b6cf9-ea1d-4e82-86f9-bcf36d00d550,2019-06-02 22:51:33,2019-06-11 08:42:01,references,36c35e23-8757-4a9d-aacf-345e9b7eb50d,https://creativecommons.org/publicdomain/zero/1.0/,https://doi.org/10.13003/CED-terms-of-use,,,https://evidence.eventdata.crossref.org/evidence/20190602-wikipedia-13d25fd8-301e-4256-ad6f-3c8989d50d5b,add,https://en.wikipedia.org/wiki/Evolution_of_human_intelligence,Evolution of human intelligence,https://en.wikipedia.org/w/index.php?title=Evolution_of_human_intelligence&oldid=900019966,https://en.wikipedia.org/api/rest_v1/page/html/Evolution_of_human_intelligence/900019966,https://doi.org/10.1016/s0149-7634(97)00052-3,https://doi.org/10.1016/s0149-7634(97)00052-3
40168,wikipedia,https://doi.org/10.1016/s0149-7634(97)00052-3,https://en.wikipedia.org/api/rest_v1/page/html/Evolution_of_human_intelligence/900553075,271ca57e-6678-4d80-bcf2-d762382ddc63,2019-06-06 10:19:49,2019-06-13 00:37:06,references,36c35e23-8757-4a9d-aacf-345e9b7eb50d,https://creativecommons.org/publicdomain/zero/1.0/,https://doi.org/10.13003/CED-terms-of-use,,,https://evidence.eventdata.crossref.org/evidence/20190606-wikipedia-0cdcb02c-3837-48ff-8031-b85453440e20,add,https://en.wikipedia.org/wiki/Evolution_of_human_intelligence,Evolution of human intelligence,https://en.wikipedia.org/w/index.php?title=Evolution_of_human_intelligence&oldid=900553075,https://en.wikipedia.org/api/rest_v1/page/html/Evolution_of_human_intelligence/900553075,https://doi.org/10.1016/s0149-7634(97)00052-3,https://doi.org/10.1016/s0149-7634(97)00052-3
40169,wikipedia,https://doi.org/10.1016/s0149-7634(97)00052-3,https://en.wikipedia.org/api/rest_v1/page/html/Evolution_of_human_intelligence/900813077,015d837f-5f35-4a68-9557-ab22a2e7d4a7,2019-06-07 18:45:07,2019-06-13 22:15:05,references,36c35e23-8757-4a9d-aacf-345e9b7eb50d,https://creativecommons.org/publicdomain/zero/1.0/,https://doi.org/10.13003/CED-terms-of-use,,,https://evidence.eventdata.crossref.org/evidence/20190607-wikipedia-39b2a230-0806-40ea-90c4-5893b5d7fde6,add,https://en.wikipedia.org/wiki/Evolution_of_human_intelligence,Evolution of human intelligence,https://en.wikipedia.org/w/index.php?title=Evolution_of_human_intelligence&oldid=900813077,https://en.wikipedia.org/api/rest_v1/page/html/Evolution_of_human_intelligence/900813077,https://doi.org/10.1016/s0149-7634(97)00052-3,https://doi.org/10.1016/s0149-7634(97)00052-3
40170,wikipedia,https://doi.org/10.1016/s0149-7634(97)00052-3,https://en.wikipedia.org/api/rest_v1/page/html/Evolution_of_human_intelligence/901754247,0cda7778-c355-49ae-9cbb-e8d418be8fa9,2019-06-14 01:57:27,2019-06-16 12:56:06,references,36c35e23-8757-4a9d-aacf-345e9b7eb50d,https://creativecommons.org/publicdomain/zero/1.0/,https://doi.org/10.13003/CED-terms-of-use,,,https://evidence.eventdata.crossref.org/evidence/20190614-wikipedia-4fb44048-711d-4093-a8a3-116ba5238e3a,add,https://en.wikipedia.org/wiki/Evolution_of_human_intelligence,Evolution of human intelligence,https://en.wikipedia.org/w/index.php?title=Evolution_of_human_intelligence&oldid=901754247,https://en.wikipedia.org/api/rest_v1/page/html/Evolution_of_human_intelligence/901754247,https://doi.org/10.1016/s0149-7634(97)00052-3,https://doi.org/10.1016/s0149-7634(97)00052-3
40171,wikipedia,https://doi.org/10.1016/s0149-7634(97)00052-3,https://en.wikipedia.org/api/rest_v1/page/html/Evolution_of_human_intelligence/901755683,861b5bbc-91a0-4ef3-a55e-72dd2ab89f48,2019-06-14 02:12:06,2019-06-16 13:01:17,references,36c35e23-8757-4a9d-aacf-345e9b7eb50d,https://creativecommons.org/publicdomain/zero/1.0/,https://doi.org/10.13003/CED-terms-of-use,,,https://evidence.eventdata.crossref.org/evidence/20190614-wikipedia-319b104b-4859-4353-9a31-d13185865054,add,https://en.wikipedia.org/wiki/Evolution_of_human_intelligence,Evolution of human intelligence,https://en.wikipedia.org/w/index.php?title=Evolution_of_human_intelligence&oldid=901755683,https://en.wikipedia.org/api/rest_v1/page/html/Evolution_of_human_intelligence/901755683,https://doi.org/10.1016/s0149-7634(97)00052-3,https://doi.org/10.1016/s0149-7634(97)00052-3
40172,wikipedia,https://doi.org/10.1016/s0149-7634(97)00052-3,https://en.wikipedia.org/api/rest_v1/page/html/Evolution_of_human_intelligence/901756214,8087c67f-cdd4-406e-8c20-2c4131100e32,2019-06-14 02:18:10,2019-06-16 13:25:48,references,36c35e23-8757-4a9d-aacf-345e9b7eb50d,https://creativecommons.org/publicdomain/zero/1.0/,https://doi.org/10.13003/CED-terms-of-use,,,https://evidence.eventdata.crossref.org/evidence/20190614-wikipedia-2ee8cd02-3a61-46d8-b664-a4c56996d865,add,https://en.wikipedia.org/wiki/Evolution_of_human_intelligence,Evolution of human intelligence,https://en.wikipedia.org/w/index.php?title=Evolution_of_human_intelligence&oldid=901756214,https://en.wikipedia.org/api/rest_v1/page/html/Evolution_of_human_intelligence/901756214,https://doi.org/10.1016/s0149-7634(97)00052-3,https://doi.org/10.1016/s0149-7634(97)00052-3
40173,wikipedia,https://doi.org/10.1016/s0149-7634(97)00052-3,https://en.wikipedia.org/api/rest_v1/page/html/Evolution_of_human_intelligence/901767175,8a08b0c7-acd9-4b48-b4be-e0bf212516ed,2019-06-14 04:06:58,2019-06-16 13:37:49,references,36c35e23-8757-4a9d-aacf-345e9b7eb50d,https://creativecommons.org/publicdomain/zero/1.0/,https://doi.org/10.13003/CED-terms-of-use,,,https://evidence.eventdata.crossref.org/evidence/20190614-wikipedia-8cab5db0-ebf9-41f3-a1a3-25ac486e3480,add,https://en.wikipedia.org/wiki/Evolution_of_human_intelligence,Evolution of human intelligence,https://en.wikipedia.org/w/index.php?title=Evolution_of_human_intelligence&oldid=901767175,https://en.wikipedia.org/api/rest_v1/page/html/Evolution_of_human_intelligence/901767175,https://doi.org/10.1016/s0149-7634(97)00052-3,https://doi.org/10.1016/s0149-7634(97)00052-3
40174,wikipedia,https://doi.org/10.1016/s0149-7634(97)00052-3,https://en.wikipedia.org/api/rest_v1/page/html/Evolution_of_human_intelligence/902661861,dea7b8e2-d607-403c-b33e-85d14b595b10,2019-06-20 11:33:37,2019-06-20 07:41:02,references,36c35e23-8757-4a9d-aacf-345e9b7eb50d,https://creativecommons.org/publicdomain/zero/1.0/,https://doi.org/10.13003/CED-terms-of-use,,,https://evidence.eventdata.crossref.org/evidence/20190620-wikipedia-d6ac128f-60ba-4440-b34e-d98dc8db0c5e,add,https://en.wikipedia.org/wiki/Evolution_of_human_intelligence,Evolution of human intelligence,https://en.wikipedia.org/w/index.php?title=Evolution_of_human_intelligence&oldid=902661861,https://en.wikipedia.org/api/rest_v1/page/html/Evolution_of_human_intelligence/902661861,https://doi.org/10.1016/s0149-7634(97)00052-3,https://doi.org/10.1016/s0149-7634(97)00052-3
40175,wikipedia,https://doi.org/10.1016/s0149-7634(97)00052-3,https://en.wikipedia.org/api/rest_v1/page/html/Evolution_of_human_intelligence/903640062,9782da5e-7493-44f8-89f6-d57c9d31767c,2019-06-26 22:46:54,2019-06-26 18:51:58,references,36c35e23-8757-4a9d-aacf-345e9b7eb50d,https://creativecommons.org/publicdomain/zero/1.0/,https://doi.org/10.13003/CED-terms-of-use,,,https://evidence.eventdata.crossref.org/evidence/20190626-wikipedia-7fde4b5e-f1d0-4326-83bf-10803701ea72,add,https://en.wikipedia.org/wiki/Evolution_of_human_intelligence,Evolution of human intelligence,https://en.wikipedia.org/w/index.php?title=Evolution_of_human_intelligence&oldid=903640062,https://en.wikipedia.org/api/rest_v1/page/html/Evolution_of_human_intelligence/903640062,https://doi.org/10.1016/s0149-7634(97)00052-3,https://doi.org/10.1016/s0149-7634(97)00052-3
40176,wikipedia,https://doi.org/10.1016/s0149-7634(97)00052-3,https://en.wikipedia.org/api/rest_v1/page/html/Evolution_of_human_intelligence/905100818,c4eb89ab-fb0d-4a55-9503-9193b15c0a58,2019-07-06 21:07:50,2019-07-06 17:11:42,references,36c35e23-8757-4a9d-aacf-345e9b7eb50d,https://creativecommons.org/publicdomain/zero/1.0/,https://doi.org/10.13003/CED-terms-of-use,,,https://evidence.eventdata.crossref.org/evidence/20190706-wikipedia-3c1d51da-4152-40b0-9a16-7598a444f36e,add,https://en.wikipedia.org/wiki/Evolution_of_human_intelligence,Evolution of human intelligence,https://en.wikipedia.org/w/index.php?title=Evolution_of_human_intelligence&oldid=905100818,https://en.wikipedia.org/api/rest_v1/page/html/Evolution_of_human_intelligence/905100818,https://doi.org/10.1016/s0149-7634(97)00052-3,https://doi.org/10.1016/s0149-7634(97)00052-3
40177,wikipedia,https://doi.org/10.1016/s0149-7634(97)00052-3,https://en.wikipedia.org/api/rest_v1/page/html/Evolution_of_human_intelligence/912654167,0ece8c57-05f4-4a62-b081-9aa2921b11d0,2019-08-27 01:04:13,2019-08-26 21:10:09,references,36c35e23-8757-4a9d-aacf-345e9b7eb50d,https://creativecommons.org/publicdomain/zero/1.0/,https://doi.org/10.13003/CED-terms-of-use,,,https://evidence.eventdata.crossref.org/evidence/20190827-wikipedia-820156c1-dfe4-4c1e-98fe-fbe733754c65,add,https://en.wikipedia.org/wiki/Evolution_of_human_intelligence,Evolution of human intelligence,https://en.wikipedia.org/w/index.php?title=Evolution_of_human_intelligence&oldid=912654167,https://en.wikipedia.org/api/rest_v1/page/html/Evolution_of_human_intelligence/912654167,https://doi.org/10.1016/s0149-7634(97)00052-3,https://doi.org/10.1016/s0149-7634(97)00052-3
40178,wikipedia,https://doi.org/10.1016/s0149-7634(97)00052-3,https://en.wikipedia.org/api/rest_v1/page/html/Evolution_of_human_intelligence/913509510,258bed17-78f7-4d17-9ec6-0aa110146189,2019-09-01 14:34:53,2019-09-01 10:44:36,references,36c35e23-8757-4a9d-aacf-345e9b7eb50d,https://creativecommons.org/publicdomain/zero/1.0/,https://doi.org/10.13003/CED-terms-of-use,,,https://evidence.eventdata.crossref.org/evidence/20190901-wikipedia-4a1c6825-661c-46ff-8456-505b88fff577,add,https://en.wikipedia.org/wiki/Evolution_of_human_intelligence,Evolution of human intelligence,https://en.wikipedia.org/w/index.php?title=Evolution_of_human_intelligence&oldid=913509510,https://en.wikipedia.org/api/rest_v1/page/html/Evolution_of_human_intelligence/913509510,https://doi.org/10.1016/s0149-7634(97)00052-3,https://doi.org/10.1016/s0149-7634(97)00052-3
40179,wikipedia,https://doi.org/10.1016/s0149-7634(97)00052-3,https://en.wikipedia.org/api/rest_v1/page/html/Evolution_of_human_intelligence/916704089,cadfa755-c31b-43f2-aa28-0aa1731095bc,2019-09-20 05:44:28,2019-09-20 01:51:27,references,36c35e23-8757-4a9d-aacf-345e9b7eb50d,https://creativecommons.org/publicdomain/zero/1.0/,https://doi.org/10.13003/CED-terms-of-use,,,https://evidence.eventdata.crossref.org/evidence/20190920-wikipedia-0c2d32eb-80e8-43a9-a4b7-14c20b234556,add,https://en.wikipedia.org/wiki/Evolution_of_human_intelligence,Evolution of human intelligence,https://en.wikipedia.org/w/index.php?title=Evolution_of_human_intelligence&oldid=916704089,https://en.wikipedia.org/api/rest_v1/page/html/Evolution_of_human_intelligence/916704089,https://doi.org/10.1016/s0149-7634(97)00052-3,https://doi.org/10.1016/s0149-7634(97)00052-3
40180,wikipedia,https://doi.org/10.1016/s0149-7634(97)00052-3,https://en.wikipedia.org/api/rest_v1/page/html/Evolution_of_human_intelligence/924264287,f1b18cd9-26bb-4935-8e90-c97dd25d2ff0,2019-11-02 20:14:52,2019-11-02 16:26:13,references,36c35e23-8757-4a9d-aacf-345e9b7eb50d,https://creativecommons.org/publicdomain/zero/1.0/,https://doi.org/10.13003/CED-terms-of-use,,,https://evidence.eventdata.crossref.org/evidence/20191102-wikipedia-1476f261-a5ea-4070-baac-2a64e7bf9e98,add,https://en.wikipedia.org/wiki/Evolution_of_human_intelligence,Evolution of human intelligence,https://en.wikipedia.org/w/index.php?title=Evolution_of_human_intelligence&oldid=924264287,https://en.wikipedia.org/api/rest_v1/page/html/Evolution_of_human_intelligence/924264287,https://doi.org/10.1016/s0149-7634(97)00052-3,https://doi.org/10.1016/s0149-7634(97)00052-3
40181,wikipedia,https://doi.org/10.1016/s0149-7634(97)00052-3,https://en.wikipedia.org/api/rest_v1/page/html/Evolution_of_human_intelligence/924375953,d2ebee98-3991-4af0-9843-c9158301b6f4,2019-11-03 13:47:14,2019-11-03 08:54:30,references,36c35e23-8757-4a9d-aacf-345e9b7eb50d,https://creativecommons.org/publicdomain/zero/1.0/,https://doi.org/10.13003/CED-terms-of-use,,,https://evidence.eventdata.crossref.org/evidence/20191103-wikipedia-79c061a6-dab6-4473-8afe-e4e22e54ed78,add,https://en.wikipedia.org/wiki/Evolution_of_human_intelligence,Evolution of human intelligence,https://en.wikipedia.org/w/index.php?title=Evolution_of_human_intelligence&oldid=924375953,https://en.wikipedia.org/api/rest_v1/page/html/Evolution_of_human_intelligence/924375953,https://doi.org/10.1016/s0149-7634(97)00052-3,https://doi.org/10.1016/s0149-7634(97)00052-3
40182,wikipedia,https://doi.org/10.1016/s0149-7634(97)00052-3,https://en.wikipedia.org/api/rest_v1/page/html/Evolution_of_human_intelligence/924375892,7b869fd8-1b25-46e4-a326-bcb3338181b4,2019-11-03 13:46:44,2019-11-03 08:55:27,references,36c35e23-8757-4a9d-aacf-345e9b7eb50d,https://creativecommons.org/publicdomain/zero/1.0/,https://doi.org/10.13003/CED-terms-of-use,,,https://evidence.eventdata.crossref.org/evidence/20191103-wikipedia-1a2cffb1-b382-4afb-8178-cbfe0f2d2866,add,https://en.wikipedia.org/wiki/Evolution_of_human_intelligence,Evolution of human intelligence,https://en.wikipedia.org/w/index.php?title=Evolution_of_human_intelligence&oldid=924375892,https://en.wikipedia.org/api/rest_v1/page/html/Evolution_of_human_intelligence/924375892,https://doi.org/10.1016/s0149-7634(97)00052-3,https://doi.org/10.1016/s0149-7634(97)00052-3
40183,wikipedia,https://doi.org/10.1016/s0149-7634(97)00052-3,https://en.wikipedia.org/api/rest_v1/page/html/Evolution_of_human_intelligence/927793707,cd14f36c-639f-41c2-92c2-794a347efbea,2019-11-24 21:01:24,2019-11-24 16:08:37,references,36c35e23-8757-4a9d-aacf-345e9b7eb50d,https://creativecommons.org/publicdomain/zero/1.0/,https://doi.org/10.13003/CED-terms-of-use,,,https://evidence.eventdata.crossref.org/evidence/20191124-wikipedia-57be5440-a078-4df5-91fd-c986879a168e,add,https://en.wikipedia.org/wiki/Evolution_of_human_intelligence,Evolution of human intelligence,https://en.wikipedia.org/w/index.php?title=Evolution_of_human_intelligence&oldid=927793707,https://en.wikipedia.org/api/rest_v1/page/html/Evolution_of_human_intelligence/927793707,https://doi.org/10.1016/s0149-7634(97)00052-3,https://doi.org/10.1016/s0149-7634(97)00052-3
40184,wikipedia,https://doi.org/10.1016/s0149-7634(97)00052-3,https://en.wikipedia.org/api/rest_v1/page/html/Evolution_of_human_intelligence/928329230,6478befe-f668-4b4a-b16d-9945986292af,2019-11-28 10:20:31,2019-11-28 05:31:25,references,36c35e23-8757-4a9d-aacf-345e9b7eb50d,https://creativecommons.org/publicdomain/zero/1.0/,https://doi.org/10.13003/CED-terms-of-use,,,https://evidence.eventdata.crossref.org/evidence/20191128-wikipedia-c4a88570-58ba-405b-8bf7-05e370be9491,add,https://en.wikipedia.org/wiki/Evolution_of_human_intelligence,Evolution of human intelligence,https://en.wikipedia.org/w/index.php?title=Evolution_of_human_intelligence&oldid=928329230,https://en.wikipedia.org/api/rest_v1/page/html/Evolution_of_human_intelligence/928329230,https://doi.org/10.1016/s0149-7634(97)00052-3,https://doi.org/10.1016/s0149-7634(97)00052-3
40185,wikipedia,https://doi.org/10.1016/s0149-7634(97)00052-3,https://en.wikipedia.org/api/rest_v1/page/html/Evolution_of_human_intelligence/928332539,b40c1329-ff9b-4585-8c6b-83f952e5ab14,2019-11-28 10:59:03,2019-11-28 06:05:24,references,36c35e23-8757-4a9d-aacf-345e9b7eb50d,https://creativecommons.org/publicdomain/zero/1.0/,https://doi.org/10.13003/CED-terms-of-use,,,https://evidence.eventdata.crossref.org/evidence/20191128-wikipedia-792f429e-5d83-4c2a-b837-915c7f32ff79,add,https://en.wikipedia.org/wiki/Evolution_of_human_intelligence,Evolution of human intelligence,https://en.wikipedia.org/w/index.php?title=Evolution_of_human_intelligence&oldid=928332539,https://en.wikipedia.org/api/rest_v1/page/html/Evolution_of_human_intelligence/928332539,https://doi.org/10.1016/s0149-7634(97)00052-3,https://doi.org/10.1016/s0149-7634(97)00052-3
40186,wikipedia,https://doi.org/10.1016/s0149-7634(97)00052-3,https://en.wikipedia.org/api/rest_v1/page/html/Evolution_of_human_intelligence/928342749,7de283b7-c867-4fe3-8feb-5acd14a58e7e,2019-11-28 12:59:55,2019-11-28 08:08:45,references,36c35e23-8757-4a9d-aacf-345e9b7eb50d,https://creativecommons.org/publicdomain/zero/1.0/,https://doi.org/10.13003/CED-terms-of-use,,,https://evidence.eventdata.crossref.org/evidence/20191128-wikipedia-80d80bdd-657b-44bf-815f-168f06ff6908,add,https://en.wikipedia.org/wiki/Evolution_of_human_intelligence,Evolution of human intelligence,https://en.wikipedia.org/w/index.php?title=Evolution_of_human_intelligence&oldid=928342749,https://en.wikipedia.org/api/rest_v1/page/html/Evolution_of_human_intelligence/928342749,https://doi.org/10.1016/s0149-7634(97)00052-3,https://doi.org/10.1016/s0149-7634(97)00052-3
40187,wikipedia,https://doi.org/10.1016/s0149-7634(97)00052-3,https://en.wikipedia.org/api/rest_v1/page/html/Evolution_of_human_intelligence/929597252,b58d389d-6204-4538-8afb-00137eab5492,2019-12-06 21:55:30,2019-12-06 18:42:49,references,36c35e23-8757-4a9d-aacf-345e9b7eb50d,https://creativecommons.org/publicdomain/zero/1.0/,https://doi.org/10.13003/CED-terms-of-use,,,https://evidence.eventdata.crossref.org/evidence/20191206-wikipedia-e679fbf0-e415-4e7c-99eb-88c8588bee2f,add,https://en.wikipedia.org/wiki/Evolution_of_human_intelligence,Evolution of human intelligence,https://en.wikipedia.org/w/index.php?title=Evolution_of_human_intelligence&oldid=929597252,https://en.wikipedia.org/api/rest_v1/page/html/Evolution_of_human_intelligence/929597252,https://doi.org/10.1016/s0149-7634(97)00052-3,https://doi.org/10.1016/s0149-7634(97)00052-3
40188,wikipedia,https://doi.org/10.1016/s0149-7634(97)00052-3,https://en.wikipedia.org/api/rest_v1/page/html/Evolution_of_human_intelligence/930540200,7f39356b-86b3-416d-be5b-807de665ca16,2019-12-13 05:11:54,2019-12-16 17:18:57,references,36c35e23-8757-4a9d-aacf-345e9b7eb50d,https://creativecommons.org/publicdomain/zero/1.0/,https://doi.org/10.13003/CED-terms-of-use,,,https://evidence.eventdata.crossref.org/evidence/20191213-wikipedia-f0ea4d21-1fef-4ce4-b447-6504067d8553,add,https://en.wikipedia.org/wiki/Evolution_of_human_intelligence,Evolution of human intelligence,https://en.wikipedia.org/w/index.php?title=Evolution_of_human_intelligence&oldid=930540200,https://en.wikipedia.org/api/rest_v1/page/html/Evolution_of_human_intelligence/930540200,https://doi.org/10.1016/s0149-7634(97)00052-3,https://doi.org/10.1016/s0149-7634(97)00052-3
40189,wikipedia,https://doi.org/10.1016/s0149-7634(97)00052-3,https://en.wikipedia.org/api/rest_v1/page/html/Evolution_of_human_intelligence/930540098,2c2c37e2-2789-4fdc-8de2-17b523e8d5a5,2019-12-13 05:10:48,2019-12-16 17:32:13,references,36c35e23-8757-4a9d-aacf-345e9b7eb50d,https://creativecommons.org/publicdomain/zero/1.0/,https://doi.org/10.13003/CED-terms-of-use,,,https://evidence.eventdata.crossref.org/evidence/20191213-wikipedia-2046667e-3832-43c6-bb4a-a24948f76ca7,add,https://en.wikipedia.org/wiki/Evolution_of_human_intelligence,Evolution of human intelligence,https://en.wikipedia.org/w/index.php?title=Evolution_of_human_intelligence&oldid=930540098,https://en.wikipedia.org/api/rest_v1/page/html/Evolution_of_human_intelligence/930540098,https://doi.org/10.1016/s0149-7634(97)00052-3,https://doi.org/10.1016/s0149-7634(97)00052-3
40190,wikipedia,https://doi.org/10.1016/s0149-7634(97)00052-3,https://en.wikipedia.org/api/rest_v1/page/html/Evolution_of_human_intelligence/933271439,7cbe39bf-d4ef-4bb9-963e-6412e16825be,2019-12-30 23:18:05,2019-12-30 18:59:04,references,36c35e23-8757-4a9d-aacf-345e9b7eb50d,https://creativecommons.org/publicdomain/zero/1.0/,https://doi.org/10.13003/CED-terms-of-use,,,https://evidence.eventdata.crossref.org/evidence/20191230-wikipedia-eebbb7ba-8f2d-4793-a0db-eb6729106ec1,add,https://en.wikipedia.org/wiki/Evolution_of_human_intelligence,Evolution of human intelligence,https://en.wikipedia.org/w/index.php?title=Evolution_of_human_intelligence&oldid=933271439,https://en.wikipedia.org/api/rest_v1/page/html/Evolution_of_human_intelligence/933271439,https://doi.org/10.1016/s0149-7634(97)00052-3,https://doi.org/10.1016/s0149-7634(97)00052-3
40191,wikipedia,https://doi.org/10.1016/s0149-7634(97)00052-3,https://en.wikipedia.org/api/rest_v1/page/html/Evolution_of_human_intelligence/942631769,cf92d47f-0e5d-4672-be8e-6caac49bb1ac,2020-02-25 21:26:46,2020-02-25 16:29:36,references,36c35e23-8757-4a9d-aacf-345e9b7eb50d,https://creativecommons.org/publicdomain/zero/1.0/,https://doi.org/10.13003/CED-terms-of-use,,,https://evidence.eventdata.crossref.org/evidence/20200225-wikipedia-7bd93789-4556-4bdf-b179-2e1302635182,add,https://en.wikipedia.org/wiki/Evolution_of_human_intelligence,Evolution of human intelligence,https://en.wikipedia.org/w/index.php?title=Evolution_of_human_intelligence&oldid=942631769,https://en.wikipedia.org/api/rest_v1/page/html/Evolution_of_human_intelligence/942631769,https://doi.org/10.1016/s0149-7634(97)00052-3,https://doi.org/10.1016/s0149-7634(97)00052-3
40192,wikipedia,https://doi.org/10.1016/s0149-7634(97)00052-3,https://en.wikipedia.org/api/rest_v1/page/html/Evolution_of_human_intelligence/942630934,206ec0bf-0e25-461d-9ec2-93c424ca8212,2020-02-25 21:20:55,2020-02-25 16:31:12,references,36c35e23-8757-4a9d-aacf-345e9b7eb50d,https://creativecommons.org/publicdomain/zero/1.0/,https://doi.org/10.13003/CED-terms-of-use,,,https://evidence.eventdata.crossref.org/evidence/20200225-wikipedia-5aa78f86-a7a0-446c-a1e4-1a544084b29e,add,https://en.wikipedia.org/wiki/Evolution_of_human_intelligence,Evolution of human intelligence,https://en.wikipedia.org/w/index.php?title=Evolution_of_human_intelligence&oldid=942630934,https://en.wikipedia.org/api/rest_v1/page/html/Evolution_of_human_intelligence/942630934,https://doi.org/10.1016/s0149-7634(97)00052-3,https://doi.org/10.1016/s0149-7634(97)00052-3
40193,wikipedia,https://doi.org/10.1016/s0149-7634(97)00052-3,https://en.wikipedia.org/api/rest_v1/page/html/Evolution_of_human_intelligence/942631571,6206b643-5331-4f30-b871-959fdc6d7a61,2020-02-25 21:25:21,2020-02-25 16:31:32,references,36c35e23-8757-4a9d-aacf-345e9b7eb50d,https://creativecommons.org/publicdomain/zero/1.0/,https://doi.org/10.13003/CED-terms-of-use,,,https://evidence.eventdata.crossref.org/evidence/20200225-wikipedia-12dfe678-513b-4d24-a1f7-87d2c83b4f2f,add,https://en.wikipedia.org/wiki/Evolution_of_human_intelligence,Evolution of human intelligence,https://en.wikipedia.org/w/index.php?title=Evolution_of_human_intelligence&oldid=942631571,https://en.wikipedia.org/api/rest_v1/page/html/Evolution_of_human_intelligence/942631571,https://doi.org/10.1016/s0149-7634(97)00052-3,https://doi.org/10.1016/s0149-7634(97)00052-3
40194,wikipedia,https://doi.org/10.1016/s0149-7634(97)00052-3,https://en.wikipedia.org/api/rest_v1/page/html/Evolution_of_human_intelligence/942631353,c940eedd-964e-4f86-bba6-69fd3d412724,2020-02-25 21:23:53,2020-02-25 16:32:05,references,36c35e23-8757-4a9d-aacf-345e9b7eb50d,https://creativecommons.org/publicdomain/zero/1.0/,https://doi.org/10.13003/CED-terms-of-use,,,https://evidence.eventdata.crossref.org/evidence/20200225-wikipedia-333693f2-8c7b-4d1f-b544-ec415007cab9,add,https://en.wikipedia.org/wiki/Evolution_of_human_intelligence,Evolution of human intelligence,https://en.wikipedia.org/w/index.php?title=Evolution_of_human_intelligence&oldid=942631353,https://en.wikipedia.org/api/rest_v1/page/html/Evolution_of_human_intelligence/942631353,https://doi.org/10.1016/s0149-7634(97)00052-3,https://doi.org/10.1016/s0149-7634(97)00052-3
40195,wikipedia,https://doi.org/10.1016/s0149-7634(97)00052-3,https://en.wikipedia.org/api/rest_v1/page/html/Evolution_of_human_intelligence/942630868,16f77141-0f66-4a1e-9e7d-ac9f6e745dca,2020-02-25 21:20:27,2020-02-25 16:33:01,references,36c35e23-8757-4a9d-aacf-345e9b7eb50d,https://creativecommons.org/publicdomain/zero/1.0/,https://doi.org/10.13003/CED-terms-of-use,,,https://evidence.eventdata.crossref.org/evidence/20200225-wikipedia-75512c73-0c95-41d3-af74-d57946d1719c,add,https://en.wikipedia.org/wiki/Evolution_of_human_intelligence,Evolution of human intelligence,https://en.wikipedia.org/w/index.php?title=Evolution_of_human_intelligence&oldid=942630868,https://en.wikipedia.org/api/rest_v1/page/html/Evolution_of_human_intelligence/942630868,https://doi.org/10.1016/s0149-7634(97)00052-3,https://doi.org/10.1016/s0149-7634(97)00052-3
40196,wikipedia,https://doi.org/10.1016/s0149-7634(97)00052-3,https://en.wikipedia.org/api/rest_v1/page/html/Evolution_of_human_intelligence/942631843,7cf54f8e-fbcf-489d-99b9-26aa4d6b0f28,2020-02-25 21:27:21,2020-02-25 16:34:20,references,36c35e23-8757-4a9d-aacf-345e9b7eb50d,https://creativecommons.org/publicdomain/zero/1.0/,https://doi.org/10.13003/CED-terms-of-use,,,https://evidence.eventdata.crossref.org/evidence/20200225-wikipedia-4425a49f-90a2-4a73-9e63-360cf87c5467,add,https://en.wikipedia.org/wiki/Evolution_of_human_intelligence,Evolution of human intelligence,https://en.wikipedia.org/w/index.php?title=Evolution_of_human_intelligence&oldid=942631843,https://en.wikipedia.org/api/rest_v1/page/html/Evolution_of_human_intelligence/942631843,https://doi.org/10.1016/s0149-7634(97)00052-3,https://doi.org/10.1016/s0149-7634(97)00052-3
40197,wikipedia,https://doi.org/10.1016/s0149-7634(97)00052-3,https://en.wikipedia.org/api/rest_v1/page/html/Evolution_of_human_intelligence/942631460,dc58fcaa-d1ed-41c8-b5c1-014541050cf7,2020-02-25 21:24:41,2020-02-25 16:37:20,references,36c35e23-8757-4a9d-aacf-345e9b7eb50d,https://creativecommons.org/publicdomain/zero/1.0/,https://doi.org/10.13003/CED-terms-of-use,,,https://evidence.eventdata.crossref.org/evidence/20200225-wikipedia-0fb83586-312e-493d-9cdf-d22f20c7a625,add,https://en.wikipedia.org/wiki/Evolution_of_human_intelligence,Evolution of human intelligence,https://en.wikipedia.org/w/index.php?title=Evolution_of_human_intelligence&oldid=942631460,https://en.wikipedia.org/api/rest_v1/page/html/Evolution_of_human_intelligence/942631460,https://doi.org/10.1016/s0149-7634(97)00052-3,https://doi.org/10.1016/s0149-7634(97)00052-3
40198,wikipedia,https://doi.org/10.1016/s0149-7634(97)00052-3,https://en.wikipedia.org/api/rest_v1/page/html/Evolution_of_human_intelligence/943087557,51b22768-01d3-40cd-ac86-289cd3427eac,2020-02-28 19:16:24,2020-02-28 14:22:57,references,36c35e23-8757-4a9d-aacf-345e9b7eb50d,https://creativecommons.org/publicdomain/zero/1.0/,https://doi.org/10.13003/CED-terms-of-use,,,https://evidence.eventdata.crossref.org/evidence/20200228-wikipedia-3399cfcd-377f-4718-a4a6-64594ea31e2c,add,https://en.wikipedia.org/wiki/Evolution_of_human_intelligence,Evolution of human intelligence,https://en.wikipedia.org/w/index.php?title=Evolution_of_human_intelligence&oldid=943087557,https://en.wikipedia.org/api/rest_v1/page/html/Evolution_of_human_intelligence/943087557,https://doi.org/10.1016/s0149-7634(97)00052-3,https://doi.org/10.1016/s0149-7634(97)00052-3
40199,wikipedia,https://doi.org/10.1016/s0149-7634(97)00052-3,https://en.wikipedia.org/api/rest_v1/page/html/Evolution_of_human_intelligence/943089085,81fe47c2-2aba-4183-b430-e60a68a7d379,2020-02-28 19:26:30,2020-02-28 14:34:04,references,36c35e23-8757-4a9d-aacf-345e9b7eb50d,https://creativecommons.org/publicdomain/zero/1.0/,https://doi.org/10.13003/CED-terms-of-use,,,https://evidence.eventdata.crossref.org/evidence/20200228-wikipedia-d73d0c1b-770a-4cd8-8fe5-fcc96fb7bee8,add,https://en.wikipedia.org/wiki/Evolution_of_human_intelligence,Evolution of human intelligence,https://en.wikipedia.org/w/index.php?title=Evolution_of_human_intelligence&oldid=943089085,https://en.wikipedia.org/api/rest_v1/page/html/Evolution_of_human_intelligence/943089085,https://doi.org/10.1016/s0149-7634(97)00052-3,https://doi.org/10.1016/s0149-7634(97)00052-3
40200,wikipedia,https://doi.org/10.1016/s0149-7634(97)00052-3,https://en.wikipedia.org/api/rest_v1/page/html/Evolution_of_human_intelligence/976730973,500fcc10-2405-43c4-8e26-7adbd4a68606,2020-09-04 17:15:09,2020-09-08 23:04:34,references,36c35e23-8757-4a9d-aacf-345e9b7eb50d,https://creativecommons.org/publicdomain/zero/1.0/,https://doi.org/10.13003/CED-terms-of-use,,,https://evidence.eventdata.crossref.org/evidence/20200904-wikipedia-39b5fa20-77ac-4dc5-8b90-6c1c00cac1dc,add,https://en.wikipedia.org/wiki/Evolution_of_human_intelligence,Evolution of human intelligence,https://en.wikipedia.org/w/index.php?title=Evolution_of_human_intelligence&oldid=976730973,https://en.wikipedia.org/api/rest_v1/page/html/Evolution_of_human_intelligence/976730973,https://doi.org/10.1016/s0149-7634(97)00052-3,https://doi.org/10.1016/s0149-7634(97)00052-3
40201,wikipedia,https://doi.org/10.1016/s0149-7634(97)00052-3,https://en.wikipedia.org/api/rest_v1/page/html/Evolution_of_human_intelligence/980314329,49d3512f-6612-47b3-bfd9-769ffd391e3d,2020-09-25 20:14:33,2020-09-25 16:29:37,references,36c35e23-8757-4a9d-aacf-345e9b7eb50d,https://creativecommons.org/publicdomain/zero/1.0/,https://doi.org/10.13003/CED-terms-of-use,,,https://evidence.eventdata.crossref.org/evidence/20200925-wikipedia-d2a5318f-3447-445f-99e3-d6895f2b67bd,add,https://en.wikipedia.org/wiki/Evolution_of_human_intelligence,Evolution of human intelligence,https://en.wikipedia.org/w/index.php?title=Evolution_of_human_intelligence&oldid=980314329,https://en.wikipedia.org/api/rest_v1/page/html/Evolution_of_human_intelligence/980314329,https://doi.org/10.1016/s0149-7634(97)00052-3,https://doi.org/10.1016/s0149-7634(97)00052-3
40202,wikipedia,https://doi.org/10.1016/s0149-7634(97)00052-3,https://en.wikipedia.org/api/rest_v1/page/html/Evolution_of_human_intelligence/980880565,24b0a441-664f-4d2e-b630-f936b7d3253c,2020-09-29 01:04:37,2020-09-28 21:11:31,references,36c35e23-8757-4a9d-aacf-345e9b7eb50d,https://creativecommons.org/publicdomain/zero/1.0/,https://doi.org/10.13003/CED-terms-of-use,,,https://evidence.eventdata.crossref.org/evidence/20200929-wikipedia-70fa3203-a449-4048-99c7-f3b6c1cf18c3,add,https://en.wikipedia.org/wiki/Evolution_of_human_intelligence,Evolution of human intelligence,https://en.wikipedia.org/w/index.php?title=Evolution_of_human_intelligence&oldid=980880565,https://en.wikipedia.org/api/rest_v1/page/html/Evolution_of_human_intelligence/980880565,https://doi.org/10.1016/s0149-7634(97)00052-3,https://doi.org/10.1016/s0149-7634(97)00052-3
40203,wikipedia,https://doi.org/10.1016/s0149-7634(97)00052-3,https://en.wikipedia.org/api/rest_v1/page/html/Evolution_of_human_intelligence/983137000,d775aa39-33d4-4abe-8f1c-e45c4b21b072,2020-10-12 13:20:49,2020-10-12 09:50:24,references,36c35e23-8757-4a9d-aacf-345e9b7eb50d,https://creativecommons.org/publicdomain/zero/1.0/,https://doi.org/10.13003/CED-terms-of-use,,,https://evidence.eventdata.crossref.org/evidence/20201012-wikipedia-aa2debb0-9392-4ed0-8849-93fdf4221534,add,https://en.wikipedia.org/wiki/Evolution_of_human_intelligence,Evolution of human intelligence,https://en.wikipedia.org/w/index.php?title=Evolution_of_human_intelligence&oldid=983137000,https://en.wikipedia.org/api/rest_v1/page/html/Evolution_of_human_intelligence/983137000,https://doi.org/10.1016/s0149-7634(97)00052-3,https://doi.org/10.1016/s0149-7634(97)00052-3
40204,wikipedia,https://doi.org/10.1016/s0149-7634(97)00052-3,https://en.wikipedia.org/api/rest_v1/page/html/Evolution_of_human_intelligence/949644260,89e63933-e34c-4c1b-8bfe-65b0c7d905cd,2020-04-07 17:56:01,2020-10-14 00:36:17,references,36c35e23-8757-4a9d-aacf-345e9b7eb50d,https://creativecommons.org/publicdomain/zero/1.0/,https://doi.org/10.13003/CED-terms-of-use,,,https://evidence.eventdata.crossref.org/evidence/20200407-wikipedia-45e78109-f564-4f69-8774-f804d72a83d0,add,https://en.wikipedia.org/wiki/Evolution_of_human_intelligence,Evolution of human intelligence,https://en.wikipedia.org/w/index.php?title=Evolution_of_human_intelligence&oldid=949644260,https://en.wikipedia.org/api/rest_v1/page/html/Evolution_of_human_intelligence/949644260,https://doi.org/10.1016/s0149-7634(97)00052-3,https://doi.org/10.1016/s0149-7634(97)00052-3
40205,wikipedia,https://doi.org/10.1016/s0149-7634(97)00052-3,https://en.wikipedia.org/api/rest_v1/page/html/Evolution_of_human_intelligence/949650315,52ff9e10-7a83-4bbf-b76b-bb7efbb7acc8,2020-04-07 18:33:09,2020-10-14 00:37:51,references,36c35e23-8757-4a9d-aacf-345e9b7eb50d,https://creativecommons.org/publicdomain/zero/1.0/,https://doi.org/10.13003/CED-terms-of-use,,,https://evidence.eventdata.crossref.org/evidence/20200407-wikipedia-54f48f65-edab-4848-b746-04961e84bb9d,add,https://en.wikipedia.org/wiki/Evolution_of_human_intelligence,Evolution of human intelligence,https://en.wikipedia.org/w/index.php?title=Evolution_of_human_intelligence&oldid=949650315,https://en.wikipedia.org/api/rest_v1/page/html/Evolution_of_human_intelligence/949650315,https://doi.org/10.1016/s0149-7634(97)00052-3,https://doi.org/10.1016/s0149-7634(97)00052-3
40206,wikipedia,https://doi.org/10.1016/s0149-7634(97)00052-3,https://en.wikipedia.org/api/rest_v1/page/html/Evolution_of_human_intelligence/950080241,3b964c19-5ef4-446e-b918-57146fcba7e9,2020-04-10 03:47:46,2020-10-14 02:09:44,references,36c35e23-8757-4a9d-aacf-345e9b7eb50d,https://creativecommons.org/publicdomain/zero/1.0/,https://doi.org/10.13003/CED-terms-of-use,,,https://evidence.eventdata.crossref.org/evidence/20200410-wikipedia-5103a68d-2c1b-4d05-add3-a84b4eb3420c,add,https://en.wikipedia.org/wiki/Evolution_of_human_intelligence,Evolution of human intelligence,https://en.wikipedia.org/w/index.php?title=Evolution_of_human_intelligence&oldid=950080241,https://en.wikipedia.org/api/rest_v1/page/html/Evolution_of_human_intelligence/950080241,https://doi.org/10.1016/s0149-7634(97)00052-3,https://doi.org/10.1016/s0149-7634(97)00052-3
40207,wikipedia,https://doi.org/10.1016/s0149-7634(97)00052-3,https://en.wikipedia.org/api/rest_v1/page/html/Evolution_of_human_intelligence/950328082,86679fb3-e2f1-4d35-83a9-f08736b4a9d8,2020-04-11 14:02:33,2020-10-14 02:49:40,references,36c35e23-8757-4a9d-aacf-345e9b7eb50d,https://creativecommons.org/publicdomain/zero/1.0/,https://doi.org/10.13003/CED-terms-of-use,,,https://evidence.eventdata.crossref.org/evidence/20200411-wikipedia-8596176e-e9a4-49dd-8450-27131657f1db,add,https://en.wikipedia.org/wiki/Evolution_of_human_intelligence,Evolution of human intelligence,https://en.wikipedia.org/w/index.php?title=Evolution_of_human_intelligence&oldid=950328082,https://en.wikipedia.org/api/rest_v1/page/html/Evolution_of_human_intelligence/950328082,https://doi.org/10.1016/s0149-7634(97)00052-3,https://doi.org/10.1016/s0149-7634(97)00052-3
40208,wikipedia,https://doi.org/10.1016/s0149-7634(97)00052-3,https://en.wikipedia.org/api/rest_v1/page/html/Evolution_of_human_intelligence/950587926,edf077ff-9676-4dde-a7a1-838d1eff66c1,2020-04-12 21:27:27,2020-10-14 03:16:59,references,36c35e23-8757-4a9d-aacf-345e9b7eb50d,https://creativecommons.org/publicdomain/zero/1.0/,https://doi.org/10.13003/CED-terms-of-use,,,https://evidence.eventdata.crossref.org/evidence/20200412-wikipedia-4e21a396-ac02-4855-b94d-3329d5ecbbd8,add,https://en.wikipedia.org/wiki/Evolution_of_human_intelligence,Evolution of human intelligence,https://en.wikipedia.org/w/index.php?title=Evolution_of_human_intelligence&oldid=950587926,https://en.wikipedia.org/api/rest_v1/page/html/Evolution_of_human_intelligence/950587926,https://doi.org/10.1016/s0149-7634(97)00052-3,https://doi.org/10.1016/s0149-7634(97)00052-3
40209,wikipedia,https://doi.org/10.1016/s0149-7634(97)00052-3,https://en.wikipedia.org/api/rest_v1/page/html/Evolution_of_human_intelligence/950651183,67f60987-9f21-4906-b573-9219ebf59c5b,2020-04-13 05:05:00,2020-10-14 03:50:16,references,36c35e23-8757-4a9d-aacf-345e9b7eb50d,https://creativecommons.org/publicdomain/zero/1.0/,https://doi.org/10.13003/CED-terms-of-use,,,https://evidence.eventdata.crossref.org/evidence/20200413-wikipedia-3710fcf8-109f-44ff-9315-c8b0d5562abe,add,https://en.wikipedia.org/wiki/Evolution_of_human_intelligence,Evolution of human intelligence,https://en.wikipedia.org/w/index.php?title=Evolution_of_human_intelligence&oldid=950651183,https://en.wikipedia.org/api/rest_v1/page/html/Evolution_of_human_intelligence/950651183,https://doi.org/10.1016/s0149-7634(97)00052-3,https://doi.org/10.1016/s0149-7634(97)00052-3
40210,wikipedia,https://doi.org/10.1016/s0149-7634(97)00052-3,https://en.wikipedia.org/api/rest_v1/page/html/Evolution_of_human_intelligence/951020023,9ab276e8-40ed-4105-ac13-ed7907b6a9d5,2020-04-15 02:12:15,2020-10-14 05:04:54,references,36c35e23-8757-4a9d-aacf-345e9b7eb50d,https://creativecommons.org/publicdomain/zero/1.0/,https://doi.org/10.13003/CED-terms-of-use,,,https://evidence.eventdata.crossref.org/evidence/20200415-wikipedia-4534e6c2-cc05-45d0-be9e-9726014ad558,add,https://en.wikipedia.org/wiki/Evolution_of_human_intelligence,Evolution of human intelligence,https://en.wikipedia.org/w/index.php?title=Evolution_of_human_intelligence&oldid=951020023,https://en.wikipedia.org/api/rest_v1/page/html/Evolution_of_human_intelligence/951020023,https://doi.org/10.1016/s0149-7634(97)00052-3,https://doi.org/10.1016/s0149-7634(97)00052-3
40211,wikipedia,https://doi.org/10.1016/s0149-7634(97)00052-3,https://en.wikipedia.org/api/rest_v1/page/html/Evolution_of_human_intelligence/956223847,add1402d-b390-4c94-9f0e-f8c20f815159,2020-05-12 05:17:12,2020-10-14 17:58:14,references,36c35e23-8757-4a9d-aacf-345e9b7eb50d,https://creativecommons.org/publicdomain/zero/1.0/,https://doi.org/10.13003/CED-terms-of-use,,,https://evidence.eventdata.crossref.org/evidence/20200512-wikipedia-77e667ec-58af-42c5-9a02-87378fba1341,add,https://en.wikipedia.org/wiki/Evolution_of_human_intelligence,Evolution of human intelligence,https://en.wikipedia.org/w/index.php?title=Evolution_of_human_intelligence&oldid=956223847,https://en.wikipedia.org/api/rest_v1/page/html/Evolution_of_human_intelligence/956223847,https://doi.org/10.1016/s0149-7634(97)00052-3,https://doi.org/10.1016/s0149-7634(97)00052-3
40212,wikipedia,https://doi.org/10.1016/s0149-7634(97)00052-3,https://en.wikipedia.org/api/rest_v1/page/html/Evolution_of_human_intelligence/960450278,4437e2dd-d770-40e7-b781-04bc7504cb48,2020-06-03 01:33:30,2020-10-15 04:54:01,references,36c35e23-8757-4a9d-aacf-345e9b7eb50d,https://creativecommons.org/publicdomain/zero/1.0/,https://doi.org/10.13003/CED-terms-of-use,,,https://evidence.eventdata.crossref.org/evidence/20200603-wikipedia-b35dbc97-2c73-4ca9-91f7-59fa8d368523,add,https://en.wikipedia.org/wiki/Evolution_of_human_intelligence,Evolution of human intelligence,https://en.wikipedia.org/w/index.php?title=Evolution_of_human_intelligence&oldid=960450278,https://en.wikipedia.org/api/rest_v1/page/html/Evolution_of_human_intelligence/960450278,https://doi.org/10.1016/s0149-7634(97)00052-3,https://doi.org/10.1016/s0149-7634(97)00052-3
40213,wikipedia,https://doi.org/10.1016/s0149-7634(97)00052-3,https://en.wikipedia.org/api/rest_v1/page/html/Evolution_of_human_intelligence/961502615,f770ecf3-8e3c-471e-91d6-87656a16eaa7,2020-06-08 21:10:10,2020-10-15 07:30:00,references,36c35e23-8757-4a9d-aacf-345e9b7eb50d,https://creativecommons.org/publicdomain/zero/1.0/,https://doi.org/10.13003/CED-terms-of-use,,,https://evidence.eventdata.crossref.org/evidence/20200608-wikipedia-c2cdb378-a603-4988-8087-3db9a68e3624,add,https://en.wikipedia.org/wiki/Evolution_of_human_intelligence,Evolution of human intelligence,https://en.wikipedia.org/w/index.php?title=Evolution_of_human_intelligence&oldid=961502615,https://en.wikipedia.org/api/rest_v1/page/html/Evolution_of_human_intelligence/961502615,https://doi.org/10.1016/s0149-7634(97)00052-3,https://doi.org/10.1016/s0149-7634(97)00052-3
40214,wikipedia,https://doi.org/10.1016/s0149-7634(97)00052-3,https://en.wikipedia.org/api/rest_v1/page/html/Evolution_of_human_intelligence/971838750,39bb75ec-d4a1-4d8f-aa24-b2832a83a4ed,2020-08-08 15:03:28,2020-10-16 16:15:50,references,36c35e23-8757-4a9d-aacf-345e9b7eb50d,https://creativecommons.org/publicdomain/zero/1.0/,https://doi.org/10.13003/CED-terms-of-use,,,https://evidence.eventdata.crossref.org/evidence/20200808-wikipedia-11d977a6-712f-43fc-901b-56463dc41b63,add,https://en.wikipedia.org/wiki/Evolution_of_human_intelligence,Evolution of human intelligence,https://en.wikipedia.org/w/index.php?title=Evolution_of_human_intelligence&oldid=971838750,https://en.wikipedia.org/api/rest_v1/page/html/Evolution_of_human_intelligence/971838750,https://doi.org/10.1016/s0149-7634(97)00052-3,https://doi.org/10.1016/s0149-7634(97)00052-3
40215,wikipedia,https://doi.org/10.1016/s0149-7634(97)00052-3,https://en.wikipedia.org/api/rest_v1/page/html/Evolution_of_human_intelligence/973478594,18b10aa6-191c-4562-bfb6-765dc88c7ea6,2020-08-17 12:42:51,2020-10-16 23:47:55,references,36c35e23-8757-4a9d-aacf-345e9b7eb50d,https://creativecommons.org/publicdomain/zero/1.0/,https://doi.org/10.13003/CED-terms-of-use,,,https://evidence.eventdata.crossref.org/evidence/20200817-wikipedia-02911bbf-cd10-4637-af04-699a3b3b7e6f,add,https://en.wikipedia.org/wiki/Evolution_of_human_intelligence,Evolution of human intelligence,https://en.wikipedia.org/w/index.php?title=Evolution_of_human_intelligence&oldid=973478594,https://en.wikipedia.org/api/rest_v1/page/html/Evolution_of_human_intelligence/973478594,https://doi.org/10.1016/s0149-7634(97)00052-3,https://doi.org/10.1016/s0149-7634(97)00052-3
40216,wikipedia,https://doi.org/10.1016/s0149-7634(97)00052-3,https://en.wikipedia.org/api/rest_v1/page/html/Evolution_of_human_intelligence/975041700,874e2ce3-ff09-43c8-900c-0d499670a45e,2020-08-26 11:41:46,2020-10-17 03:26:31,references,36c35e23-8757-4a9d-aacf-345e9b7eb50d,https://creativecommons.org/publicdomain/zero/1.0/,https://doi.org/10.13003/CED-terms-of-use,,,https://evidence.eventdata.crossref.org/evidence/20200826-wikipedia-406494c9-4c58-4ce9-b8e5-b0038670fd22,add,https://en.wikipedia.org/wiki/Evolution_of_human_intelligence,Evolution of human intelligence,https://en.wikipedia.org/w/index.php?title=Evolution_of_human_intelligence&oldid=975041700,https://en.wikipedia.org/api/rest_v1/page/html/Evolution_of_human_intelligence/975041700,https://doi.org/10.1016/s0149-7634(97)00052-3,https://doi.org/10.1016/s0149-7634(97)00052-3
40217,wikipedia,https://doi.org/10.1016/s0149-7634(97)00052-3,https://en.wikipedia.org/api/rest_v1/page/html/Evolution_of_human_intelligence/984356599,77ed2ced-c16f-4dd2-9e0e-7ace11e81569,2020-10-19 17:59:57,2020-10-19 17:51:45,references,36c35e23-8757-4a9d-aacf-345e9b7eb50d,https://creativecommons.org/publicdomain/zero/1.0/,https://doi.org/10.13003/CED-terms-of-use,,,https://evidence.eventdata.crossref.org/evidence/20201019-wikipedia-eaee708b-b6e7-44ca-a8c8-020d4ca5fa69,add,https://en.wikipedia.org/wiki/Evolution_of_human_intelligence,Evolution of human intelligence,https://en.wikipedia.org/w/index.php?title=Evolution_of_human_intelligence&oldid=984356599,https://en.wikipedia.org/api/rest_v1/page/html/Evolution_of_human_intelligence/984356599,https://doi.org/10.1016/s0149-7634(97)00052-3,https://doi.org/10.1016/s0149-7634(97)00052-3
40218,wikipedia,https://doi.org/10.1016/s0149-7634(97)00052-3,https://en.wikipedia.org/api/rest_v1/page/html/Evolution_of_human_intelligence/984603114,7586a237-01cf-4209-915c-97d08330b72d,2020-10-21 01:03:06,2020-10-21 03:29:34,references,36c35e23-8757-4a9d-aacf-345e9b7eb50d,https://creativecommons.org/publicdomain/zero/1.0/,https://doi.org/10.13003/CED-terms-of-use,,,https://evidence.eventdata.crossref.org/evidence/20201021-wikipedia-5b1f794b-3fd5-4358-b3cd-fd274753e5b5,add,https://en.wikipedia.org/wiki/Evolution_of_human_intelligence,Evolution of human intelligence,https://en.wikipedia.org/w/index.php?title=Evolution_of_human_intelligence&oldid=984603114,https://en.wikipedia.org/api/rest_v1/page/html/Evolution_of_human_intelligence/984603114,https://doi.org/10.1016/s0149-7634(97)00052-3,https://doi.org/10.1016/s0149-7634(97)00052-3
40219,wikipedia,https://doi.org/10.1016/s0149-7634(97)00052-3,https://en.wikipedia.org/api/rest_v1/page/html/Evolution_of_human_intelligence/984613843,77f3bb14-ce27-474e-bbdb-6b674f414b87,2020-10-21 02:36:51,2020-10-21 04:05:46,references,36c35e23-8757-4a9d-aacf-345e9b7eb50d,https://creativecommons.org/publicdomain/zero/1.0/,https://doi.org/10.13003/CED-terms-of-use,,,https://evidence.eventdata.crossref.org/evidence/20201021-wikipedia-57aed3f5-c6bf-43fd-b898-812c18ac5c35,add,https://en.wikipedia.org/wiki/Evolution_of_human_intelligence,Evolution of human intelligence,https://en.wikipedia.org/w/index.php?title=Evolution_of_human_intelligence&oldid=984613843,https://en.wikipedia.org/api/rest_v1/page/html/Evolution_of_human_intelligence/984613843,https://doi.org/10.1016/s0149-7634(97)00052-3,https://doi.org/10.1016/s0149-7634(97)00052-3
40220,wikipedia,https://doi.org/10.1016/s0149-7634(97)00052-3,https://en.wikipedia.org/api/rest_v1/page/html/Evolution_of_human_intelligence/985774044,dcf517c5-0d5d-45de-a42c-98eddc81ef73,2020-10-27 21:39:45,2020-10-27 18:23:03,references,36c35e23-8757-4a9d-aacf-345e9b7eb50d,https://creativecommons.org/publicdomain/zero/1.0/,https://doi.org/10.13003/CED-terms-of-use,,,https://evidence.eventdata.crossref.org/evidence/20201027-wikipedia-eb0ac076-71b6-438a-a630-2459a3c4d439,add,https://en.wikipedia.org/wiki/Evolution_of_human_intelligence,Evolution of human intelligence,https://en.wikipedia.org/w/index.php?title=Evolution_of_human_intelligence&oldid=985774044,https://en.wikipedia.org/api/rest_v1/page/html/Evolution_of_human_intelligence/985774044,https://doi.org/10.1016/s0149-7634(97)00052-3,https://doi.org/10.1016/s0149-7634(97)00052-3
40221,wikipedia,https://doi.org/10.1016/s0149-7634(97)00052-3,https://en.wikipedia.org/api/rest_v1/page/html/Evolution_of_human_intelligence/989247392,b7316085-f82d-420e-abb7-e84d6a9ad0b4,2020-11-17 21:59:02,2020-11-18 09:06:48,references,36c35e23-8757-4a9d-aacf-345e9b7eb50d,https://creativecommons.org/publicdomain/zero/1.0/,https://doi.org/10.13003/CED-terms-of-use,,,https://evidence.eventdata.crossref.org/evidence/20201117-wikipedia-76f97efa-60be-43af-884c-4abd19968c3f,add,https://en.wikipedia.org/wiki/Evolution_of_human_intelligence,Evolution of human intelligence,https://en.wikipedia.org/w/index.php?title=Evolution_of_human_intelligence&oldid=989247392,https://en.wikipedia.org/api/rest_v1/page/html/Evolution_of_human_intelligence/989247392,https://doi.org/10.1016/s0149-7634(97)00052-3,https://doi.org/10.1016/s0149-7634(97)00052-3
40222,wikipedia,https://doi.org/10.1016/s0149-7634(97)00052-3,https://en.wikipedia.org/api/rest_v1/page/html/Evolution_of_human_intelligence/992202090,0a28a6e4-b14e-468d-b69b-5319e59126a2,2020-12-04 01:24:03,2020-12-03 20:52:11,references,36c35e23-8757-4a9d-aacf-345e9b7eb50d,https://creativecommons.org/publicdomain/zero/1.0/,https://doi.org/10.13003/CED-terms-of-use,,,https://evidence.eventdata.crossref.org/evidence/20201204-wikipedia-76d58f4d-07cd-4958-b7e9-39138dc34fab,add,https://en.wikipedia.org/wiki/Evolution_of_human_intelligence,Evolution of human intelligence,https://en.wikipedia.org/w/index.php?title=Evolution_of_human_intelligence&oldid=992202090,https://en.wikipedia.org/api/rest_v1/page/html/Evolution_of_human_intelligence/992202090,https://doi.org/10.1016/s0149-7634(97)00052-3,https://doi.org/10.1016/s0149-7634(97)00052-3
40223,wikipedia,https://doi.org/10.1016/s0149-7634(97)00052-3,https://en.wikipedia.org/api/rest_v1/page/html/Evolution_of_human_intelligence/992207413,668a85d7-a716-4271-a006-6fc446ac200b,2020-12-04 02:00:14,2020-12-03 21:20:12,references,36c35e23-8757-4a9d-aacf-345e9b7eb50d,https://creativecommons.org/publicdomain/zero/1.0/,https://doi.org/10.13003/CED-terms-of-use,,,https://evidence.eventdata.crossref.org/evidence/20201204-wikipedia-abda0c2c-557f-4dfe-819b-a2419267b2b4,add,https://en.wikipedia.org/wiki/Evolution_of_human_intelligence,Evolution of human intelligence,https://en.wikipedia.org/w/index.php?title=Evolution_of_human_intelligence&oldid=992207413,https://en.wikipedia.org/api/rest_v1/page/html/Evolution_of_human_intelligence/992207413,https://doi.org/10.1016/s0149-7634(97)00052-3,https://doi.org/10.1016/s0149-7634(97)00052-3
40224,wikipedia,https://doi.org/10.1016/s0149-7634(97)00052-3,https://en.wikipedia.org/api/rest_v1/page/html/Evolution_of_human_intelligence/992208053,bf952457-2578-46ce-9b3d-562a588c8cd1,2020-12-04 02:03:17,2020-12-03 21:21:03,references,36c35e23-8757-4a9d-aacf-345e9b7eb50d,https://creativecommons.org/publicdomain/zero/1.0/,https://doi.org/10.13003/CED-terms-of-use,,,https://evidence.eventdata.crossref.org/evidence/20201204-wikipedia-fdf58675-3089-475f-987f-92d23f5463e1,add,https://en.wikipedia.org/wiki/Evolution_of_human_intelligence,Evolution of human intelligence,https://en.wikipedia.org/w/index.php?title=Evolution_of_human_intelligence&oldid=992208053,https://en.wikipedia.org/api/rest_v1/page/html/Evolution_of_human_intelligence/992208053,https://doi.org/10.1016/s0149-7634(97)00052-3,https://doi.org/10.1016/s0149-7634(97)00052-3
40225,wikipedia,https://doi.org/10.1016/s0149-7634(97)00052-3,https://en.wikipedia.org/api/rest_v1/page/html/Evolution_of_human_intelligence/992563177,5d1a3e26-15df-4313-8416-e27ac3422d15,2020-12-05 22:55:23,2020-12-05 18:40:35,references,36c35e23-8757-4a9d-aacf-345e9b7eb50d,https://creativecommons.org/publicdomain/zero/1.0/,https://doi.org/10.13003/CED-terms-of-use,,,https://evidence.eventdata.crossref.org/evidence/20201205-wikipedia-4eb3fe0c-d6d8-4a91-88e1-c6dbbe1de11e,add,https://en.wikipedia.org/wiki/Evolution_of_human_intelligence,Evolution of human intelligence,https://en.wikipedia.org/w/index.php?title=Evolution_of_human_intelligence&oldid=992563177,https://en.wikipedia.org/api/rest_v1/page/html/Evolution_of_human_intelligence/992563177,https://doi.org/10.1016/s0149-7634(97)00052-3,https://doi.org/10.1016/s0149-7634(97)00052-3
40226,wikipedia,https://doi.org/10.1016/s0149-7634(97)00052-3,https://en.wikipedia.org/api/rest_v1/page/html/Evolution_of_human_intelligence/995991634,50f8bd2f-9053-4078-860a-f7471d24c67e,2020-12-23 23:26:43,2020-12-23 18:33:10,references,36c35e23-8757-4a9d-aacf-345e9b7eb50d,https://creativecommons.org/publicdomain/zero/1.0/,https://doi.org/10.13003/CED-terms-of-use,,,https://evidence.eventdata.crossref.org/evidence/20201223-wikipedia-76ec3cd3-7e85-4d28-87c1-8750e43910fd,add,https://en.wikipedia.org/wiki/Evolution_of_human_intelligence,Evolution of human intelligence,https://en.wikipedia.org/w/index.php?title=Evolution_of_human_intelligence&oldid=995991634,https://en.wikipedia.org/api/rest_v1/page/html/Evolution_of_human_intelligence/995991634,https://doi.org/10.1016/s0149-7634(97)00052-3,https://doi.org/10.1016/s0149-7634(97)00052-3
40227,wikipedia,https://doi.org/10.1016/s0149-7634(97)00052-3,https://en.wikipedia.org/api/rest_v1/page/html/Evolution_of_human_intelligence/996022436,9eef813a-05c2-4d78-b7fd-009158a74ea0,2020-12-24 02:45:47,2020-12-23 21:56:29,references,36c35e23-8757-4a9d-aacf-345e9b7eb50d,https://creativecommons.org/publicdomain/zero/1.0/,https://doi.org/10.13003/CED-terms-of-use,,,https://evidence.eventdata.crossref.org/evidence/20201224-wikipedia-933679f7-8d31-469b-a2f8-d5e598512d4b,add,https://en.wikipedia.org/wiki/Evolution_of_human_intelligence,Evolution of human intelligence,https://en.wikipedia.org/w/index.php?title=Evolution_of_human_intelligence&oldid=996022436,https://en.wikipedia.org/api/rest_v1/page/html/Evolution_of_human_intelligence/996022436,https://doi.org/10.1016/s0149-7634(97)00052-3,https://doi.org/10.1016/s0149-7634(97)00052-3
40228,wikipedia,https://doi.org/10.1016/s0149-7634(97)00052-3,https://en.wikipedia.org/api/rest_v1/page/html/Evolution_of_human_intelligence/996796438,12ca3af3-0a2e-443e-a91a-6edae067488b,2020-12-28 17:33:41,2020-12-28 15:32:09,references,36c35e23-8757-4a9d-aacf-345e9b7eb50d,https://creativecommons.org/publicdomain/zero/1.0/,https://doi.org/10.13003/CED-terms-of-use,,,https://evidence.eventdata.crossref.org/evidence/20201228-wikipedia-38db42d5-5d58-469b-b0fd-3169dce9cb2f,add,https://en.wikipedia.org/wiki/Evolution_of_human_intelligence,Evolution of human intelligence,https://en.wikipedia.org/w/index.php?title=Evolution_of_human_intelligence&oldid=996796438,https://en.wikipedia.org/api/rest_v1/page/html/Evolution_of_human_intelligence/996796438,https://doi.org/10.1016/s0149-7634(97)00052-3,https://doi.org/10.1016/s0149-7634(97)00052-3
40229,wikipedia,https://doi.org/10.1016/s0149-7634(97)00052-3,https://en.wikipedia.org/api/rest_v1/page/html/Evolution_of_human_intelligence/996892976,21b78147-741e-4bb6-98b0-72f90867404b,2020-12-29 02:35:06,2020-12-29 00:37:59,references,36c35e23-8757-4a9d-aacf-345e9b7eb50d,https://creativecommons.org/publicdomain/zero/1.0/,https://doi.org/10.13003/CED-terms-of-use,,,https://evidence.eventdata.crossref.org/evidence/20201229-wikipedia-1707b998-1ec4-4a61-b45b-4193f31b3b90,add,https://en.wikipedia.org/wiki/Evolution_of_human_intelligence,Evolution of human intelligence,https://en.wikipedia.org/w/index.php?title=Evolution_of_human_intelligence&oldid=996892976,https://en.wikipedia.org/api/rest_v1/page/html/Evolution_of_human_intelligence/996892976,https://doi.org/10.1016/s0149-7634(97)00052-3,https://doi.org/10.1016/s0149-7634(97)00052-3
40230,wikipedia,https://doi.org/10.1016/s0149-7634(97)00052-3,https://en.wikipedia.org/api/rest_v1/page/html/Evolution_of_human_intelligence/997498955,d4d629f9-4ec0-44cb-b270-1ce2cb53ee40,2020-12-31 20:24:15,2020-12-31 20:41:35,references,36c35e23-8757-4a9d-aacf-345e9b7eb50d,https://creativecommons.org/publicdomain/zero/1.0/,https://doi.org/10.13003/CED-terms-of-use,,,https://evidence.eventdata.crossref.org/evidence/20201231-wikipedia-c37198cd-4dcf-4919-bf38-7cc605c0ecee,add,https://en.wikipedia.org/wiki/Evolution_of_human_intelligence,Evolution of human intelligence,https://en.wikipedia.org/w/index.php?title=Evolution_of_human_intelligence&oldid=997498955,https://en.wikipedia.org/api/rest_v1/page/html/Evolution_of_human_intelligence/997498955,https://doi.org/10.1016/s0149-7634(97)00052-3,https://doi.org/10.1016/s0149-7634(97)00052-3
40231,wikipedia,https://doi.org/10.1016/s0149-7634(97)00052-3,https://en.wikipedia.org/api/rest_v1/page/html/Evolution_of_human_intelligence/997907128,8d230f29-c24c-43e5-8f36-b105760d8875,2021-01-02 20:41:45,2021-01-02 20:02:02,references,36c35e23-8757-4a9d-aacf-345e9b7eb50d,https://creativecommons.org/publicdomain/zero/1.0/,https://doi.org/10.13003/CED-terms-of-use,,,https://evidence.eventdata.crossref.org/evidence/20210102-wikipedia-55e597d4-44c4-48fd-bba3-928520549a5c,add,https://en.wikipedia.org/wiki/Evolution_of_human_intelligence,Evolution of human intelligence,https://en.wikipedia.org/w/index.php?title=Evolution_of_human_intelligence&oldid=997907128,https://en.wikipedia.org/api/rest_v1/page/html/Evolution_of_human_intelligence/997907128,https://doi.org/10.1016/s0149-7634(97)00052-3,https://doi.org/10.1016/s0149-7634(97)00052-3
40232,wikipedia,https://doi.org/10.1016/s0149-7634(97)00052-3,https://en.wikipedia.org/api/rest_v1/page/html/Evolution_of_human_intelligence/998426623,3e2cce80-21b3-4a0f-966a-2c2fd2ca7c7f,2021-01-05 09:34:02,2021-01-05 04:43:28,references,36c35e23-8757-4a9d-aacf-345e9b7eb50d,https://creativecommons.org/publicdomain/zero/1.0/,https://doi.org/10.13003/CED-terms-of-use,,,https://evidence.eventdata.crossref.org/evidence/20210105-wikipedia-6622f6e6-b3f3-4d3b-9f9b-fd19453a9773,add,https://en.wikipedia.org/wiki/Evolution_of_human_intelligence,Evolution of human intelligence,https://en.wikipedia.org/w/index.php?title=Evolution_of_human_intelligence&oldid=998426623,https://en.wikipedia.org/api/rest_v1/page/html/Evolution_of_human_intelligence/998426623,https://doi.org/10.1016/s0149-7634(97)00052-3,https://doi.org/10.1016/s0149-7634(97)00052-3
40233,wikipedia,https://doi.org/10.1016/s0149-7634(97)00052-3,https://en.wikipedia.org/api/rest_v1/page/html/Evolution_of_human_intelligence/999835176,e1e69f9f-7ae4-426d-9005-cf9f29a550f4,2021-01-12 05:22:40,2021-01-12 00:30:16,references,36c35e23-8757-4a9d-aacf-345e9b7eb50d,https://creativecommons.org/publicdomain/zero/1.0/,https://doi.org/10.13003/CED-terms-of-use,,,https://evidence.eventdata.crossref.org/evidence/20210112-wikipedia-eb2ee0ac-3810-4cd1-a037-2d725e082f50,add,https://en.wikipedia.org/wiki/Evolution_of_human_intelligence,Evolution of human intelligence,https://en.wikipedia.org/w/index.php?title=Evolution_of_human_intelligence&oldid=999835176,https://en.wikipedia.org/api/rest_v1/page/html/Evolution_of_human_intelligence/999835176,https://doi.org/10.1016/s0149-7634(97)00052-3,https://doi.org/10.1016/s0149-7634(97)00052-3
40234,wikipedia,https://doi.org/10.1016/s0149-7634(97)00052-3,https://en.wikipedia.org/api/rest_v1/page/html/Evolution_of_human_intelligence/1001690329,e6a2921b-a7cb-4a89-be4b-4db8fa89019c,2021-01-20 21:13:45,2021-01-20 16:53:04,references,36c35e23-8757-4a9d-aacf-345e9b7eb50d,https://creativecommons.org/publicdomain/zero/1.0/,https://doi.org/10.13003/CED-terms-of-use,,,https://evidence.eventdata.crossref.org/evidence/20210120-wikipedia-a40dd327-a964-4187-a903-7ea23340192b,add,https://en.wikipedia.org/wiki/Evolution_of_human_intelligence,Evolution of human intelligence,https://en.wikipedia.org/w/index.php?title=Evolution_of_human_intelligence&oldid=1001690329,https://en.wikipedia.org/api/rest_v1/page/html/Evolution_of_human_intelligence/1001690329,https://doi.org/10.1016/s0149-7634(97)00052-3,https://doi.org/10.1016/s0149-7634(97)00052-3
40235,wikipedia,https://doi.org/10.1016/S0149-7634(97)00052-3,https://en.wikipedia.org/api/rest_v1/page/html/Evolution_of_human_intelligence/1008158932,f2b75cdc-743d-43ca-8ca3-b4a22b040bb2,2021-02-21 21:44:14,2021-02-21 17:43:58,references,36c35e23-8757-4a9d-aacf-345e9b7eb50d,https://creativecommons.org/publicdomain/zero/1.0/,https://doi.org/10.13003/CED-terms-of-use,,,https://evidence.eventdata.crossref.org/evidence/20210221-wikipedia-a3d89a74-eb1a-4979-b1e6-e82f9530c401,add,https://en.wikipedia.org/wiki/Evolution_of_human_intelligence,Evolution of human intelligence,https://en.wikipedia.org/w/index.php?title=Evolution_of_human_intelligence&oldid=1008158932,https://en.wikipedia.org/api/rest_v1/page/html/Evolution_of_human_intelligence/1008158932,https://doi.org/10.1016/S0149-7634(97)00052-3,https://doi.org/10.1016/S0149-7634(97)00052-3
40236,wikipedia,https://doi.org/10.1016/S0149-7634(97)00052-3,https://en.wikipedia.org/api/rest_v1/page/html/Evolution_of_human_intelligence/1008159631,cec622d0-ba8f-4181-9a36-fbd4da3776c6,2021-02-21 21:48:46,2021-02-21 17:51:46,references,36c35e23-8757-4a9d-aacf-345e9b7eb50d,https://creativecommons.org/publicdomain/zero/1.0/,https://doi.org/10.13003/CED-terms-of-use,,,https://evidence.eventdata.crossref.org/evidence/20210221-wikipedia-9be23dbd-1c61-4031-bab8-663186bd6b4a,add,https://en.wikipedia.org/wiki/Evolution_of_human_intelligence,Evolution of human intelligence,https://en.wikipedia.org/w/index.php?title=Evolution_of_human_intelligence&oldid=1008159631,https://en.wikipedia.org/api/rest_v1/page/html/Evolution_of_human_intelligence/1008159631,https://doi.org/10.1016/S0149-7634(97)00052-3,https://doi.org/10.1016/S0149-7634(97)00052-3
