{
  "0":{
    "DOI":"10.1044\/jslhr.4006.1245",
    "URL":"http:\/\/dx.doi.org\/10.1044\/jslhr.4006.1245",
    "title":"Prevalence of Specific Language Impairment in Kindergarten Children",
    "container_title":"Journal of Speech, Language, and Hearing Research",
    "author":"Elaine Smith",
    "page":"1245-1260",
    "publisher":"American Speech Language Hearing Association",
    "language":"en",
    "alternative_id":"10.1044\/jslhr.4006.1245",
    "created_date_time":1406667568000,
    "deposited_date_time":1577113265000,
    "is_referenced_by_count":1004,
    "issue":"6",
    "issued_date_parts":"1997\/12",
    "prefix":"10.1044",
    "published_online_date_parts":null,
    "published_print_date_parts":"1997\/12"
  },
  "1":{
    "DOI":"10.1111\/j.1475-2743.1997.tb00594.x",
    "URL":"http:\/\/dx.doi.org\/10.1111\/j.1475-2743.1997.tb00594.x",
    "title":"Agricultural soils as a sink to mitigate CO2emissions",
    "container_title":"Soil Use and Management",
    "author":"P. Smith",
    "page":"230-244",
    "publisher":"Wiley",
    "language":"en",
    "alternative_id":"10.1111\/j.1475-2743.1997.tb00594.x",
    "created_date_time":1170453432000,
    "deposited_date_time":1587337917000,
    "is_referenced_by_count":534,
    "issue":"s4",
    "issued_date_parts":"1997\/12",
    "prefix":"10.1111",
    "published_online_date_parts":null,
    "published_print_date_parts":"1997\/12"
  },
  "2":{
    "DOI":"10.1046\/j.1523-1755.1999.00786.x",
    "URL":"http:\/\/dx.doi.org\/10.1046\/j.1523-1755.1999.00786.x",
    "title":"Echocardiography overestimates left ventricular mass in hemodialysis patients relative to magnetic resonance imaging",
    "container_title":"Kidney International",
    "author":"George Davey Smith",
    "page":"2248-2253",
    "publisher":"Elsevier BV",
    "language":"en",
    "alternative_id":"S0085253815465639",
    "created_date_time":1027677683000,
    "deposited_date_time":1555039633000,
    "is_referenced_by_count":92,
    "issue":"6",
    "issued_date_parts":"1999\/12",
    "prefix":"10.1016",
    "published_online_date_parts":null,
    "published_print_date_parts":"1999\/12"
  },
  "3":{
    "DOI":"10.1136\/bmj.319.7223.1462",
    "URL":"http:\/\/dx.doi.org\/10.1136\/bmj.319.7223.1462",
    "title":"Increase in congenital rubella occurrence after immunisation in Greece: retrospective survey and systematic review \u00a0 How does herd immunity work?",
    "container_title":"BMJ",
    "author":"John A. Walker-Smith",
    "page":"1462-1467",
    "publisher":"BMJ",
    "language":"en",
    "alternative_id":null,
    "created_date_time":1319760119000,
    "deposited_date_time":1482578709000,
    "is_referenced_by_count":138,
    "issue":"7223",
    "issued_date_parts":"1999\/12\/4",
    "prefix":"10.1136",
    "published_online_date_parts":null,
    "published_print_date_parts":"1999\/12\/4"
  },
  "4":{
    "DOI":"10.1037\/0012-1649.36.1.25",
    "URL":"http:\/\/dx.doi.org\/10.1037\/0012-1649.36.1.25",
    "title":"Acquisition of mental state language in Mandarin- and Cantonese-speaking children.",
    "container_title":"Developmental Psychology",
    "author":"W. K. Smith",
    "page":"25-43",
    "publisher":"American Psychological Association (APA)",
    "language":"en",
    "alternative_id":"1999-15929-003 | 10645742",
    "created_date_time":1127490395000,
    "deposited_date_time":1586468208000,
    "is_referenced_by_count":86,
    "issue":"1",
    "issued_date_parts":"2000",
    "prefix":"10.1037",
    "published_online_date_parts":"2000",
    "published_print_date_parts":null
  },
  "5":{
    "DOI":"10.1177\/016344300022001003",
    "URL":"http:\/\/dx.doi.org\/10.1177\/016344300022001003",
    "title":"Public relations, news production and changing patterns of source access in the British national media",
    "container_title":"Media, Culture & Society",
    "author":"Brian E. Smith",
    "page":"39-59",
    "publisher":"SAGE Publications",
    "language":"en",
    "alternative_id":"10.1177\/016344300022001003",
    "created_date_time":1173589876000,
    "deposited_date_time":1515341207000,
    "is_referenced_by_count":101,
    "issue":"1",
    "issued_date_parts":"2000\/1",
    "prefix":"10.1177",
    "published_online_date_parts":"2016\/6\/30",
    "published_print_date_parts":"2000\/1"
  },
  "6":{
    "DOI":"10.1016\/s0747-5632(99)00049-7",
    "URL":"http:\/\/dx.doi.org\/10.1016\/s0747-5632(99)00049-7",
    "title":"Incidence and correlates of pathological Internet use among college students",
    "container_title":"Computers in Human Behavior",
    "author":"R. Smith",
    "page":"13-29",
    "publisher":"Elsevier BV",
    "language":"en",
    "alternative_id":"S0747563299000497",
    "created_date_time":1027652476000,
    "deposited_date_time":1555203355000,
    "is_referenced_by_count":581,
    "issue":"1",
    "issued_date_parts":"2000\/1",
    "prefix":"10.1016",
    "published_online_date_parts":null,
    "published_print_date_parts":"2000\/1"
  },
  "7":{
    "DOI":"10.1046\/j.1525-1497.2000.07228.x",
    "URL":"http:\/\/dx.doi.org\/10.1046\/j.1525-1497.2000.07228.x",
    "title":"A physician\u2019s guide to talking about end-of-life care",
    "container_title":"Journal of General Internal Medicine",
    "author":"Benjamin Smith",
    "page":"195-200",
    "publisher":"Springer Science and Business Media LLC",
    "language":"en",
    "alternative_id":"1503195",
    "created_date_time":1047446947000,
    "deposited_date_time":1497503548000,
    "is_referenced_by_count":74,
    "issue":"3",
    "issued_date_parts":"2000\/3",
    "prefix":"10.1007",
    "published_online_date_parts":null,
    "published_print_date_parts":"2000\/3"
  },
  "8":{
    "DOI":"10.1093\/brain\/123.4.665",
    "URL":"http:\/\/dx.doi.org\/10.1093\/brain\/123.4.665",
    "title":"The incidence and lifetime prevalence of neurological disorders in a prospective community-based study in the UK",
    "container_title":"Brain",
    "author":"Frank Smithuis",
    "page":"665-676",
    "publisher":"Oxford University Press (OUP)",
    "language":null,
    "alternative_id":null,
    "created_date_time":1027723555000,
    "deposited_date_time":1503441613000,
    "is_referenced_by_count":429,
    "issue":"4",
    "issued_date_parts":"2000\/4\/1",
    "prefix":"10.1093",
    "published_online_date_parts":null,
    "published_print_date_parts":"2000\/4\/1"
  },
  "9":{
    "DOI":"10.1016\/s0378-1119(00)00064-0",
    "URL":"http:\/\/dx.doi.org\/10.1016\/s0378-1119(00)00064-0",
    "title":"Genomic organisation and characterisation of the neural sex-determination gene fruitless (fru) in the Hawaiian species Drosophila heteroneura",
    "container_title":"Gene",
    "author":"S. Smith",
    "page":"143-149",
    "publisher":"Elsevier BV",
    "language":"en",
    "alternative_id":"S0378111900000640",
    "created_date_time":1027649914000,
    "deposited_date_time":1555271555000,
    "is_referenced_by_count":10,
    "issue":"1-2",
    "issued_date_parts":"2000\/4",
    "prefix":"10.1016",
    "published_online_date_parts":null,
    "published_print_date_parts":"2000\/4"
  },
  "10":{
    "DOI":"10.1016\/s0272-6386(00)70249-6",
    "URL":"http:\/\/dx.doi.org\/10.1016\/s0272-6386(00)70249-6",
    "title":"Seasonal variations of blood pressure and overhydration in patients on chronic hemodialysis",
    "container_title":"American Journal of Kidney Diseases",
    "author":"Hannah M. Buchanan-Smith",
    "page":"812-818",
    "publisher":"Elsevier BV",
    "language":"en",
    "alternative_id":"S0272638600702496",
    "created_date_time":1205845379000,
    "deposited_date_time":1557382872000,
    "is_referenced_by_count":16,
    "issue":"5",
    "issued_date_parts":"2000\/5",
    "prefix":"10.1016",
    "published_online_date_parts":null,
    "published_print_date_parts":"2000\/5"
  }
}