cambiaIncrement,sourceID,objectID,subjectID,eventID,occurredAt,timeObserved,relationType,sourceToken,license,termsOfUse,updatedReason,updated,eventAction,workSubtypeID,workTypeID,subjectTitle,subjectPID,jurisdiction,updatedDate
501,cambia-lens,https://doi.org/10.1016/s0092-8674(00)81205-2,https://lens.org/104-494-666-636-86X,90f719fd-fc8b-6f3d-bd1e-0864443d0369,2016-01-26 00:00:00,2017-11-09 20:31:10,cites,1ad0b713-78ed-4bb9-8d5d-a3c2d163d46f,https://creativecommons.org/licenses/by-sa/4.0/,https://doi.org/10.13003/CED-terms-of-use,,,add,Granted Patent,patent,Phosphodiesesterase 4 Inhibitors For The Treatment Of A Cognitive Deficit,https://lens.org/104-494-666-636-86X,US,
502,cambia-lens,https://doi.org/10.1016/s0092-8674(00)81205-2,https://lens.org/125-111-529-159-308,d1fab387-3c2d-c7d7-5699-a90a144528fc,2012-01-17 00:00:00,2017-11-10 01:49:56,cites,1ad0b713-78ed-4bb9-8d5d-a3c2d163d46f,https://creativecommons.org/licenses/by-sa/4.0/,https://doi.org/10.13003/CED-terms-of-use,,,add,Granted Patent,patent,Augmented Cognitive Training,https://lens.org/125-111-529-159-308,US,
503,cambia-lens,https://doi.org/10.1016/s0092-8674(00)81205-2,https://lens.org/125-716-511-311-932,246fb985-96eb-4c08-5f7a-eefadacc0ef8,2011-01-11 00:00:00,2017-11-10 01:59:36,cites,1ad0b713-78ed-4bb9-8d5d-a3c2d163d46f,https://creativecommons.org/licenses/by-sa/4.0/,https://doi.org/10.13003/CED-terms-of-use,,,add,Granted Patent,patent,Phosphodiesesterase 4 Inhibitors For The Treatment Of A Cognitive Deficit,https://lens.org/125-716-511-311-932,US,
504,cambia-lens,https://doi.org/10.1016/s0092-8674(00)81205-2,https://lens.org/133-950-941-603-498,31d60f6a-9a4a-212b-4d4d-be50379be77f,2011-07-06 00:00:00,2017-11-10 04:06:58,cites,1ad0b713-78ed-4bb9-8d5d-a3c2d163d46f,https://creativecommons.org/licenses/by-sa/4.0/,https://doi.org/10.13003/CED-terms-of-use,,,add,Patent Application,patent,Ht0712 For The Treatment Of A Cognitive Deficit,https://lens.org/133-950-941-603-498,EP,
505,cambia-lens,https://doi.org/10.1016/s0092-8674(00)81205-2,https://lens.org/148-140-666-653-019,6478745a-4a56-dfa7-4be6-ce752649c9e3,2004-02-19 00:00:00,2017-11-10 07:47:28,cites,1ad0b713-78ed-4bb9-8d5d-a3c2d163d46f,https://creativecommons.org/licenses/by-sa/4.0/,https://doi.org/10.13003/CED-terms-of-use,,,add,Search report,patent,Methods For Identifying Compounds That Modulate Disorders Related To Nitric Oxide/Cgmp-Dependent Protein Kinase Signaling,https://lens.org/148-140-666-653-019,WO,
506,cambia-lens,https://doi.org/10.1016/s0092-8674(00)81205-2,https://lens.org/015-145-377-532-560,ba1dace0-0e1f-2802-b252-53f61202fa95,2011-04-06 00:00:00,2017-11-10 08:38:44,cites,1ad0b713-78ed-4bb9-8d5d-a3c2d163d46f,https://creativecommons.org/licenses/by-sa/4.0/,https://doi.org/10.13003/CED-terms-of-use,,,add,Patent Application,patent,Augmented Cognitive Training,https://lens.org/015-145-377-532-560,EP,
507,cambia-lens,https://doi.org/10.1016/s0092-8674(00)81205-2,https://lens.org/164-915-790-707-740,0e73b379-d107-1c18-4b63-f3cf6b5df979,2008-05-27 00:00:00,2017-11-10 12:12:08,cites,1ad0b713-78ed-4bb9-8d5d-a3c2d163d46f,https://creativecommons.org/licenses/by-sa/4.0/,https://doi.org/10.13003/CED-terms-of-use,,,add,Granted Patent,patent,"Methods For Identifying Compounds For Motion Sickness, Vertigo And Other Disorders Related To Balance And The Perception Of Gravity",https://lens.org/164-915-790-707-740,US,
508,cambia-lens,https://doi.org/10.1016/s0092-8674(00)81205-2,https://lens.org/186-430-447-292-106,20f7c218-fd4b-0f0c-2865-b37fdb8c5f4c,2016-02-09 00:00:00,2017-11-10 18:18:33,cites,1ad0b713-78ed-4bb9-8d5d-a3c2d163d46f,https://creativecommons.org/licenses/by-sa/4.0/,https://doi.org/10.13003/CED-terms-of-use,,,add,Granted Patent,patent,Phosphodiesesterase 4 Inhibitors For The Treatment Of A Cognitive Deficit,https://lens.org/186-430-447-292-106,US,
509,cambia-lens,https://doi.org/10.1016/s0092-8674(00)81205-2,https://lens.org/030-751-544-856-794,381beea3-9bf9-7ec2-d7db-7fa3bbf9519f,2011-10-19 00:00:00,2017-11-11 00:56:59,cites,1ad0b713-78ed-4bb9-8d5d-a3c2d163d46f,https://creativecommons.org/licenses/by-sa/4.0/,https://doi.org/10.13003/CED-terms-of-use,,,add,Patent Application,patent,Phosphodiesterase 4 Inhibitors For Cognitive And Motor Rehabilitation,https://lens.org/030-751-544-856-794,EP,
510,cambia-lens,https://doi.org/10.1016/s0092-8674(00)81205-2,https://lens.org/036-830-232-703-688,590559c3-10ec-b58e-179e-ddad8c4372cc,2003-04-22 00:00:00,2017-11-11 02:30:39,cites,1ad0b713-78ed-4bb9-8d5d-a3c2d163d46f,https://creativecommons.org/licenses/by-sa/4.0/,https://doi.org/10.13003/CED-terms-of-use,,,add,Granted Patent,patent,"Methods For Identifying Compounds For Motion Sickness, Vertigo And Other Disorders Related To Balance And The Perception Of Gravity",https://lens.org/036-830-232-703-688,US,
511,cambia-lens,https://doi.org/10.1016/s0092-8674(00)81205-2,https://lens.org/052-280-756-282-446,5e3192e9-9040-1b56-cbb1-023d98ef30a7,2009-11-11 00:00:00,2017-11-11 06:31:17,cites,1ad0b713-78ed-4bb9-8d5d-a3c2d163d46f,https://creativecommons.org/licenses/by-sa/4.0/,https://doi.org/10.13003/CED-terms-of-use,,,add,Patent Application,patent,Augmented Cognitive Training With Ht0712,https://lens.org/052-280-756-282-446,EP,
512,cambia-lens,https://doi.org/10.1016/s0092-8674(00)81205-2,https://lens.org/053-731-351-036-593,aa97fe0f-d2dc-1c13-314c-8a0073d86879,2011-05-04 00:00:00,2017-11-11 06:54:20,cites,1ad0b713-78ed-4bb9-8d5d-a3c2d163d46f,https://creativecommons.org/licenses/by-sa/4.0/,https://doi.org/10.13003/CED-terms-of-use,,,add,Patent Application,patent,Augmented Cognitive Training,https://lens.org/053-731-351-036-593,EP,
513,cambia-lens,https://doi.org/10.1016/s0092-8674(00)81205-2,https://lens.org/063-367-820-820-431,9e788036-dd1c-75cc-3f42-c62963035819,2007-11-29 00:00:00,2017-11-11 09:24:25,cites,1ad0b713-78ed-4bb9-8d5d-a3c2d163d46f,https://creativecommons.org/licenses/by-sa/4.0/,https://doi.org/10.13003/CED-terms-of-use,,,add,Patent Application,patent,Phosphodiesterase 4 Inhibitors For Cognitive And Motor Rehabilitation,https://lens.org/063-367-820-820-431,WO,
514,cambia-lens,https://doi.org/10.1016/s0092-8674(00)81205-2,https://lens.org/078-617-010-723-588,a4aec240-d9e1-9461-0d97-36ead72187c8,2016-08-09 00:00:00,2017-11-11 13:32:34,cites,1ad0b713-78ed-4bb9-8d5d-a3c2d163d46f,https://creativecommons.org/licenses/by-sa/4.0/,https://doi.org/10.13003/CED-terms-of-use,,,add,Granted Patent,patent,Phosphodiesesterase 4 Inhibitors For The Treatment Of A Cognitive Deficit,https://lens.org/078-617-010-723-588,US,
