crossRefIncrement,sourceID,objectID,subjectID,eventID,occurredAt,timeObserved,relationType,sourceToken,license,crossrefTermsOfUse,messageAction
2012,crossref,https://doi.org/10.1016/S0092-8674(00)81205-2,https://doi.org/10.1007/s11515-011-1144-4,c5efacb0-9cff-486b-869e-e319480a9b6d,2011-10-01 00:00:00,2019-06-17 09:08:02,references,8676e950-8ac5-4074-8ac3-c0a18ada7e99,https://doi.org/10.13003/CED-terms-of-use,https://doi.org/10.13003/CED-terms-of-use,create
2013,crossref,https://doi.org/10.1016/S0092-8674(00)81205-2,https://doi.org/10.3109/07420528.2011.635236,8d9b05a6-45a9-4aae-87a7-15ed33780c4a,,2019-06-22 11:26:06,references,8676e950-8ac5-4074-8ac3-c0a18ada7e99,https://doi.org/10.13003/CED-terms-of-use,https://doi.org/10.13003/CED-terms-of-use,create
2014,crossref,https://doi.org/10.1016/S0092-8674(00)81205-2,https://doi.org/10.1007/s11515-011-1177-8,e9a328c9-92dc-465a-bb54-2a3c2e0a4268,2012-01-08 00:00:00,2019-06-22 20:43:41,references,8676e950-8ac5-4074-8ac3-c0a18ada7e99,https://doi.org/10.13003/CED-terms-of-use,https://doi.org/10.13003/CED-terms-of-use,create
2015,crossref,https://doi.org/10.1016/S0092-8674(00)81205-2,https://doi.org/10.1007/s10522-019-09812-7,4288d89b-1c99-4b75-bf3f-14ac0c70eee6,2019-05-03 00:00:00,2019-06-26 20:46:02,references,8676e950-8ac5-4074-8ac3-c0a18ada7e99,https://doi.org/10.13003/CED-terms-of-use,https://doi.org/10.13003/CED-terms-of-use,create
2016,crossref,https://doi.org/10.1016/S0092-8674(00)81205-2,https://doi.org/10.1371/journal.pone.0037394,7d0055d5-f845-4427-9d3e-7e620669c96d,2012-05-18 00:00:00,2019-06-30 03:41:37,references,8676e950-8ac5-4074-8ac3-c0a18ada7e99,https://doi.org/10.13003/CED-terms-of-use,https://doi.org/10.13003/CED-terms-of-use,create
2017,crossref,https://doi.org/10.1016/S0092-8674(00)81205-2,https://doi.org/10.1111/j.1601-183X.2012.00810.x,e375b5e8-447e-4622-b08c-19524d900a64,2012-06-15 00:00:00,2019-07-01 11:32:00,references,8676e950-8ac5-4074-8ac3-c0a18ada7e99,https://doi.org/10.13003/CED-terms-of-use,https://doi.org/10.13003/CED-terms-of-use,create
2018,crossref,https://doi.org/10.1016/S0092-8674(00)81205-2,https://doi.org/10.1187/cbe.07-10-0091,9483d936-c260-4915-9af9-60e3becf1488,2008-03-01 00:00:00,2019-07-19 00:56:29,references,8676e950-8ac5-4074-8ac3-c0a18ada7e99,https://doi.org/10.13003/CED-terms-of-use,https://doi.org/10.13003/CED-terms-of-use,create
2019,crossref,https://doi.org/10.1016/S0092-8674(00)81205-2,https://doi.org/10.1371/journal.pone.0048967,44ff4b90-cf98-44d9-922b-d3ea81fc7c20,2012-11-07 00:00:00,2019-10-27 15:50:07,references,8676e950-8ac5-4074-8ac3-c0a18ada7e99,https://doi.org/10.13003/CED-terms-of-use,https://doi.org/10.13003/CED-terms-of-use,create
2020,crossref,https://doi.org/10.1016/S0092-8674(00)81205-2,https://doi.org/10.1111/j.1530-0277.2012.01817.x,a30d44f0-9e3d-4ee4-97a2-f0ca2b16e7d5,2012-05-02 00:00:00,2019-11-02 10:44:54,references,8676e950-8ac5-4074-8ac3-c0a18ada7e99,https://doi.org/10.13003/CED-terms-of-use,https://doi.org/10.13003/CED-terms-of-use,create
