twitterIncrement,sourceID,subjectID,objectID,eventID,occurredAt,timeObserved,relationType,sourceToken,license,termsOfUse,tweetAuthor,originalTweetAuthor,updatedReason,updated,evidenceRecord,eventAction,subjectPID,originalTweetURL,alternativeID,title,issued,objectPID,objectURL,updatedDate
12936,twitter,twitter://status?id=1100779871188463616,https://doi.org/10.1016/s0092-8674(00)81205-2,36c5db49-7248-4cb2-8420-f0b8e9513743,2019-02-27 15:29:07,2019-02-27 10:59:52,discusses,45a1ef76-4f43-4cdc-9ba8-5a6ad01cc231,https://creativecommons.org/publicdomain/zero/1.0/,https://doi.org/10.13003/CED-terms-of-use,twitter://user?screen_name=rpkimyip,,,,https://evidence.eventdata.crossref.org/evidence/20190227-twitter-97fe849c-ead2-42c2-a5b8-ce734e86fe,add,twitter://status?id=1100779871188463616,twitter://status?id=1100779871188463616,1100779871188463616,Tweet 1100779871188463616,2019-02-27 15:29:07,https://doi.org/10.1016/s0092-8674(00)81205-2,https://www.sciencedirect.com/science/article/pii/S0092867400812052?via%3Dihub,
12937,twitter,twitter://status?id=1164224589725085696,https://doi.org/10.1016/s0092-8674(00)81205-2,12265548-b53d-4947-843a-847fc54a4f48,2019-08-21 17:15:47,2019-08-21 13:28:11,discusses,45a1ef76-4f43-4cdc-9ba8-5a6ad01cc231,https://creativecommons.org/publicdomain/zero/1.0/,https://doi.org/10.13003/CED-terms-of-use,twitter://user?screen_name=dn_mason,,,,https://evidence.eventdata.crossref.org/evidence/20190821-twitter-336cd4c9-8e55-44ea-9c42-21fc7530d9,add,twitter://status?id=1164224589725085696,twitter://status?id=1164224589725085696,1164224589725085696,Tweet 1164224589725085696,2019-08-21 17:15:47,https://doi.org/10.1016/s0092-8674(00)81205-2,https://linkinghub.elsevier.com/retrieve/pii/S0092867400812052,
12938,twitter,twitter://status?id=1164298268374904833,https://doi.org/10.1016/s0092-8674(00)81205-2,01a9ac0e-dd4f-46d6-aab3-cd121a1791ec,2019-08-21 22:08:33,2019-08-21 18:30:48,discusses,45a1ef76-4f43-4cdc-9ba8-5a6ad01cc231,https://creativecommons.org/publicdomain/zero/1.0/,https://doi.org/10.13003/CED-terms-of-use,twitter://user?screen_name=raphavisses,twitter://user?screen_name=dn_mason,,,https://evidence.eventdata.crossref.org/evidence/20190821-twitter-16de8f11-ac14-421c-b720-bc23fff357,add,twitter://status?id=1164298268374904833,twitter://status?id=1164224589725085696,1164298268374904833,Tweet 1164298268374904833,2019-08-21 22:08:33,https://doi.org/10.1016/s0092-8674(00)81205-2,https://linkinghub.elsevier.com/retrieve/pii/S0092867400812052,
12939,twitter,twitter://status?id=1364250306700341255,https://doi.org/10.1016/s0092-8674(00)81205-2,35b1da25-8776-45c5-b0bd-51e549235de7,2021-02-23 16:26:34,2021-02-23 13:42:31,discusses,45a1ef76-4f43-4cdc-9ba8-5a6ad01cc231,https://creativecommons.org/publicdomain/zero/1.0/,https://doi.org/10.13003/CED-terms-of-use,twitter://user?screen_name=emmabell42,,,,https://evidence.eventdata.crossref.org/evidence/20210223-twitter-a4fa3bee-614b-41d3-a044-4b00df347a,add,twitter://status?id=1364250306700341255,twitter://status?id=1364250306700341255,1364250306700341255,Tweet 1364250306700341255,2021-02-23 16:26:34,https://doi.org/10.1016/s0092-8674(00)81205-2,https://www.sciencedirect.com/science/article/pii/S0092867400812052,
