crossRefIncrement,sourceID,objectID,subjectID,eventID,occurredAt,timeObserved,relationType,sourceToken,license,crossrefTermsOfUse,messageAction
1711,crossref,https://doi.org/10.1016/S0048-7333(98)00026-2,https://doi.org/10.1080/19460171.2017.1398673,923e8cb1-9683-4ace-a302-3cdcf9c1e503,2017-11-11 00:00:00,2019-06-30 22:42:13,references,8676e950-8ac5-4074-8ac3-c0a18ada7e99,https://doi.org/10.13003/CED-terms-of-use,https://doi.org/10.13003/CED-terms-of-use,create
1712,crossref,https://doi.org/10.1016/S0048-7333(98)00026-2,https://doi.org/10.1007/s11192-013-0974-z,f8d2303d-de90-494a-bf19-d8b0a53e9df3,2013-02-24 00:00:00,2019-07-10 15:02:03,references,8676e950-8ac5-4074-8ac3-c0a18ada7e99,https://doi.org/10.13003/CED-terms-of-use,https://doi.org/10.13003/CED-terms-of-use,create
1713,crossref,https://doi.org/10.1016/S0048-7333(98)00026-2,https://doi.org/10.1007/s11192-019-03184-y,9becc7fe-96c0-4daa-8a61-6d5b533f874a,2019-07-11 00:00:00,2019-07-13 03:40:37,references,8676e950-8ac5-4074-8ac3-c0a18ada7e99,https://doi.org/10.13003/CED-terms-of-use,https://doi.org/10.13003/CED-terms-of-use,create
1714,crossref,https://doi.org/10.1016/S0048-7333(98)00026-2,https://doi.org/10.1007/s11192-012-0841-3,d7dd6c89-0ebd-4fa6-9e60-eeff4f4e9e29,2012-09-09 00:00:00,2019-07-22 02:13:09,references,8676e950-8ac5-4074-8ac3-c0a18ada7e99,https://doi.org/10.13003/CED-terms-of-use,https://doi.org/10.13003/CED-terms-of-use,create
