redditIncrement,sourceID,objectID,subjectID,eventID,occurredAt,timeObserved,relationType,sourceToken,license,termsOfUse,updatedReason,updated,updatedDate,objectPID,objectURL,evidenceRecord,eventAction,subjectPID,subjectType,subjectTitle,subjectIssuedDate
82,reddit,https://doi.org/10.1001/jama.279.13.1005,https://reddit.com/r/atheism/comments/hn8g6/9year_old_girl_designs_test_disproves/,c906c08a-2a37-423a-be49-402084a3bf75,2011-05-30 03:51:31,2017-02-22 12:08:14,discusses,a6c9d511-9239-4de8-a266-b013f5bd8764,https://creativecommons.org/publicdomain/zero/1.0/,https://doi.org/10.13003/CED-terms-of-use,,,,https://doi.org/10.1001/jama.279.13.1005,http://jama.ama-assn.org/content/279/13/1005.full,https://evidence.eventdata.crossref.org/evidence/20170222ef2d24a8-bb9a-4137-a7a6-f46d4a32cbb9,add,https://reddit.com/r/atheism/comments/hn8g6/9year_old_girl_designs_test_disproves/,post,"

9-year old girl designs test, disproves 
supernaturalist claims. Published in JAMA. ""Not 
being a credulous doofus""  isn't rocket science, 
people. ",2011-05-30 03:51:31
83,reddit,https://doi.org/10.1001/jama.279.13.1005,https://reddit.com/r/skeptic/comments/hmzdz/xpost_from_science_9_year_old_debunks_healing/,67d0c17d-f361-420b-8d4c-82d6c8fa0385,2011-05-29 19:43:15,2017-02-22 12:08:14,discusses,a6c9d511-9239-4de8-a266-b013f5bd8764,https://creativecommons.org/publicdomain/zero/1.0/,https://doi.org/10.13003/CED-terms-of-use,,,,https://doi.org/10.1001/jama.279.13.1005,http://jama.ama-assn.org/content/279/13/1005.full,https://evidence.eventdata.crossref.org/evidence/20170222ef2d24a8-bb9a-4137-a7a6-f46d4a32cbb9,add,https://reddit.com/r/skeptic/comments/hmzdz/xpost_from_science_9_year_old_debunks_healing/,post,"xpost from science - 9 year old debunks ""healing touch""",2011-05-29 19:43:15
84,reddit,https://doi.org/10.1001/jama.279.13.1005,https://reddit.com/r/science/comments/hmrod/a_research_by_9yrold_emily_rosa_the_youngest/,4d828733-7501-40ff-a408-ddd87aacb26e,2011-05-29 10:49:32,2017-02-22 12:08:15,discusses,a6c9d511-9239-4de8-a266-b013f5bd8764,https://creativecommons.org/publicdomain/zero/1.0/,https://doi.org/10.13003/CED-terms-of-use,,,,https://doi.org/10.1001/jama.279.13.1005,http://jama.ama-assn.org/content/279/13/1005.full,https://evidence.eventdata.crossref.org/evidence/20170222ef2d24a8-bb9a-4137-a7a6-f46d4a32cbb9,add,https://reddit.com/r/science/comments/hmrod/a_research_by_9yrold_emily_rosa_the_youngest/,post,A research by 9-yr-old Emily Rosa - the youngest person ever to have a paper published in JAMA - after she saw a video of Therapeutic Touch where practitioners claim to treat many diseases by manipula,2011-05-29 10:49:32
