twitterIncrement,sourceID,subjectID,objectID,eventID,occurredAt,timeObserved,relationType,sourceToken,license,termsOfUse,tweetAuthor,originalTweetAuthor,updatedReason,updated,evidenceRecord,eventAction,subjectPID,originalTweetURL,alternativeID,title,issued,objectPID,objectURL,updatedDate
19321,twitter,twitter://status?id=1227890482757414912,https://doi.org/10.1002/(sici)1521-3765(19980416)4:4<745::aid-chem745>3.0.co;2-4,a71bd078-971d-433e-af6b-46b88e2a4c4a,2020-02-13 09:41:18,2020-02-13 04:54:59,discusses,45a1ef76-4f43-4cdc-9ba8-5a6ad01cc231,https://creativecommons.org/publicdomain/zero/1.0/,https://doi.org/10.13003/CED-terms-of-use,twitter://user?screen_name=professor_dave,,,,https://evidence.eventdata.crossref.org/evidence/20200213-twitter-246880b0-1e68-428d-961a-e360f17ed9,add,twitter://status?id=1227890482757414912,twitter://status?id=1227890482757414912,1227890482757414912,Tweet 1227890482757414912,2020-02-13 09:41:18,https://doi.org/10.1002/(sici)1521-3765(19980416)4:4<745::aid-chem745>3.0.co;2-4,https://onlinelibrary.wiley.com/doi/abs/10.1002/%28SICI%291521-3765%2819980416%294%3A4%3C745%3A%3AAI,
19322,twitter,twitter://status?id=1227906010368659456,https://doi.org/10.1002/(sici)1521-3765(19980416)4:4<745::aid-chem745>3.0.co;2-4,5cfafa4d-eb5f-489a-b3eb-118fd1cd8348,2020-02-13 10:43:00,2020-02-13 05:49:55,discusses,45a1ef76-4f43-4cdc-9ba8-5a6ad01cc231,https://creativecommons.org/publicdomain/zero/1.0/,https://doi.org/10.13003/CED-terms-of-use,twitter://user?screen_name=wbgleason,twitter://user?screen_name=professor_dave,,,https://evidence.eventdata.crossref.org/evidence/20200213-twitter-3dd3b380-d8ef-4b3d-b7f6-7d5bd1336d,add,twitter://status?id=1227906010368659456,twitter://status?id=1227890482757414912,1227906010368659456,Tweet 1227906010368659456,2020-02-13 10:43:00,https://doi.org/10.1002/(sici)1521-3765(19980416)4:4<745::aid-chem745>3.0.co;2-4,https://onlinelibrary.wiley.com/doi/abs/10.1002/%28SICI%291521-3765%2819980416%294%3A4%3C745%3A%3AAI,
19323,twitter,twitter://status?id=1227928923671027713,https://doi.org/10.1002/(sici)1521-3765(19980416)4:4<745::aid-chem745>3.0.co;2-4,5244a257-212e-4452-a052-de98c14a57b6,2020-02-13 12:14:03,2020-02-13 07:25:59,discusses,45a1ef76-4f43-4cdc-9ba8-5a6ad01cc231,https://creativecommons.org/publicdomain/zero/1.0/,https://doi.org/10.13003/CED-terms-of-use,twitter://user?screen_name=Stephen_Curry,twitter://user?screen_name=professor_dave,,,https://evidence.eventdata.crossref.org/evidence/20200213-twitter-c5f16af0-181e-4db9-ac3e-204b75a61d,add,twitter://status?id=1227928923671027713,twitter://status?id=1227890482757414912,1227928923671027713,Tweet 1227928923671027713,2020-02-13 12:14:03,https://doi.org/10.1002/(sici)1521-3765(19980416)4:4<745::aid-chem745>3.0.co;2-4,https://onlinelibrary.wiley.com/doi/abs/10.1002/%28SICI%291521-3765%2819980416%294%3A4%3C745%3A%3AAI,
19324,twitter,twitter://status?id=1227938057334161410,https://doi.org/10.1002/(sici)1521-3765(19980416)4:4<745::aid-chem745>3.0.co;2-4,61c14be8-3f8b-4384-831e-7e31bd285545,2020-02-13 12:50:21,2020-02-13 07:54:31,discusses,45a1ef76-4f43-4cdc-9ba8-5a6ad01cc231,https://creativecommons.org/publicdomain/zero/1.0/,https://doi.org/10.13003/CED-terms-of-use,twitter://user?screen_name=mrchristian99,,,,https://evidence.eventdata.crossref.org/evidence/20200213-twitter-0e4dfd66-149b-481b-b5a4-5186e66eb5,add,twitter://status?id=1227938057334161410,twitter://status?id=1227938057334161410,1227938057334161410,Tweet 1227938057334161410,2020-02-13 12:50:21,https://doi.org/10.1002/(sici)1521-3765(19980416)4:4<745::aid-chem745>3.0.co;2-4,https://onlinelibrary.wiley.com/doi/abs/10.1002/%28SICI%291521-3765%2819980416%294%3A4%3C745%3A%3AAI,
