{
  "0":{
    "DOI":"10.1136\/bjsm.31.4.269",
    "URL":"http:\/\/dx.doi.org\/10.1136\/bjsm.31.4.269",
    "title":"Sudden death from cardiovascular disease in young athletes: fact or fiction?",
    "container_title":"British Journal of Sports Medicine",
    "authors":"S Sharma",
    "page":"269-276",
    "publisher":"BMJ",
    "language":"en",
    "alternative_id":null,
    "created_date_time":1229388924000,
    "deposited_date_time":1549110553000,
    "is_referenced_by_count":23,
    "issue":"4",
    "issued_date_parts":"1997\/12\/1",
    "prefix":"10.1136",
    "published_online_date_parts":null,
    "published_print_date_parts":"1997\/12\/1"
  },
  "1":{
    "DOI":"10.1136\/bjsm.31.4.269",
    "URL":"http:\/\/dx.doi.org\/10.1136\/bjsm.31.4.269",
    "title":"Sudden death from cardiovascular disease in young athletes: fact or fiction?",
    "container_title":"British Journal of Sports Medicine",
    "authors":"G Whyte",
    "page":"269-276",
    "publisher":"BMJ",
    "language":"en",
    "alternative_id":null,
    "created_date_time":1229388924000,
    "deposited_date_time":1549110553000,
    "is_referenced_by_count":23,
    "issue":"4",
    "issued_date_parts":"1997\/12\/1",
    "prefix":"10.1136",
    "published_online_date_parts":null,
    "published_print_date_parts":"1997\/12\/1"
  },
  "2":{
    "DOI":"10.1136\/bjsm.31.4.269",
    "URL":"http:\/\/dx.doi.org\/10.1136\/bjsm.31.4.269",
    "title":"Sudden death from cardiovascular disease in young athletes: fact or fiction?",
    "container_title":"British Journal of Sports Medicine",
    "authors":"W J McKenna",
    "page":"269-276",
    "publisher":"BMJ",
    "language":"en",
    "alternative_id":null,
    "created_date_time":1229388924000,
    "deposited_date_time":1549110553000,
    "is_referenced_by_count":23,
    "issue":"4",
    "issued_date_parts":"1997\/12\/1",
    "prefix":"10.1136",
    "published_online_date_parts":null,
    "published_print_date_parts":"1997\/12\/1"
  }
}