wikipediaIncrement,sourceID,objectID,subjectID,eventID,occurredAt,timeObserved,relationType,sourceToken,license,termsOfUse,updatedDate,updatedReason,evidenceRecord,eventAction,subjectPID,subjectTitle,subjectURL,subjectAPIURL,objectPID,objectURL
4450,wikipedia,https://doi.org/10.1001/jama.280.23.1995,https://de.wikipedia.org/wiki/Biofeedback,35e5adf1-d196-4aca-808b-d91cd54c8e0c,2017-04-26 09:18:49,2017-04-26 05:19:35,references,36c35e23-8757-4a9d-aacf-345e9b7eb50d,https://creativecommons.org/publicdomain/zero/1.0/,https://doi.org/10.13003/CED-terms-of-use,2018-01-31 17:30:00,https://evidence.eventdata.crossref.org/announcements/2018-01-19T00-00-00Z-ED-15.json,https://evidence.eventdata.crossref.org/evidence/20170426-wikipedia-b103f591-f066-4fab-a16b-932a78a7d765,add,https://de.wikipedia.org/wiki/Biofeedback,Biofeedback,https://de.wikipedia.org/w/index.php?title=Biofeedback&oldid=164928638,https://de.wikipedia.org/api/rest_v1/page/html/Biofeedback/164928638,https://doi.org/10.1001/jama.280.23.1995,https://doi.org/10.1001/jama.280.23.1995
4451,wikipedia,https://doi.org/10.1001/jama.280.23.1995,https://de.wikipedia.org/api/rest_v1/page/html/Biofeedback/177216963,db5e9f67-0d4e-46c8-9893-f19bfe405290,2018-05-07 07:36:49,2018-05-07 03:38:41,references,36c35e23-8757-4a9d-aacf-345e9b7eb50d,https://creativecommons.org/publicdomain/zero/1.0/,https://doi.org/10.13003/CED-terms-of-use,,,https://evidence.eventdata.crossref.org/evidence/20180507-wikipedia-9690127a-3486-4a59-a853-0e1bfd941110,add,https://de.wikipedia.org/wiki/Biofeedback,Biofeedback,https://de.wikipedia.org/w/index.php?title=Biofeedback&oldid=177216963,https://de.wikipedia.org/api/rest_v1/page/html/Biofeedback/177216963,https://doi.org/10.1001/jama.280.23.1995,https://doi.org/10.1001/jama.280.23.1995
4452,wikipedia,https://doi.org/10.1001/jama.280.23.1995,https://de.wikipedia.org/api/rest_v1/page/html/Biofeedback/177851255,30e02a0a-1732-4053-9141-fdfc27767aec,2018-05-29 13:22:32,2018-05-29 09:23:53,references,36c35e23-8757-4a9d-aacf-345e9b7eb50d,https://creativecommons.org/publicdomain/zero/1.0/,https://doi.org/10.13003/CED-terms-of-use,,,https://evidence.eventdata.crossref.org/evidence/20180529-wikipedia-d50a9e9f-abf6-471d-8603-2956660a1ddc,add,https://de.wikipedia.org/wiki/Biofeedback,Biofeedback,https://de.wikipedia.org/w/index.php?title=Biofeedback&oldid=177851255,https://de.wikipedia.org/api/rest_v1/page/html/Biofeedback/177851255,https://doi.org/10.1001/jama.280.23.1995,https://doi.org/10.1001/jama.280.23.1995
4453,wikipedia,https://doi.org/10.1001/jama.280.23.1995,https://de.wikipedia.org/api/rest_v1/page/html/Biofeedback/178050667,6af492c8-57bd-41f3-b766-2e62fb2dc3d5,2018-06-05 09:28:25,2018-06-05 05:29:58,references,36c35e23-8757-4a9d-aacf-345e9b7eb50d,https://creativecommons.org/publicdomain/zero/1.0/,https://doi.org/10.13003/CED-terms-of-use,,,https://evidence.eventdata.crossref.org/evidence/20180605-wikipedia-23ffda76-1747-4424-bf17-555c50c66e3b,add,https://de.wikipedia.org/wiki/Biofeedback,Biofeedback,https://de.wikipedia.org/w/index.php?title=Biofeedback&oldid=178050667,https://de.wikipedia.org/api/rest_v1/page/html/Biofeedback/178050667,https://doi.org/10.1001/jama.280.23.1995,https://doi.org/10.1001/jama.280.23.1995
4454,wikipedia,https://doi.org/10.1001/jama.280.23.1995,https://de.wikipedia.org/api/rest_v1/page/html/Biofeedback/178054892,50c80f36-f7f7-48f1-84e0-435a0ea0dded,2018-06-05 12:22:27,2018-06-05 08:24:24,references,36c35e23-8757-4a9d-aacf-345e9b7eb50d,https://creativecommons.org/publicdomain/zero/1.0/,https://doi.org/10.13003/CED-terms-of-use,,,https://evidence.eventdata.crossref.org/evidence/20180605-wikipedia-0303bd80-68e3-4b9b-922c-c6d62278b10f,add,https://de.wikipedia.org/wiki/Biofeedback,Biofeedback,https://de.wikipedia.org/w/index.php?title=Biofeedback&oldid=178054892,https://de.wikipedia.org/api/rest_v1/page/html/Biofeedback/178054892,https://doi.org/10.1001/jama.280.23.1995,https://doi.org/10.1001/jama.280.23.1995
4455,wikipedia,https://doi.org/10.1001/jama.280.23.1995,https://de.wikipedia.org/api/rest_v1/page/html/Biofeedback/178055017,04be3f13-26ab-4b5b-9340-8effdc3fa2f9,2018-06-05 12:28:47,2018-06-05 08:30:35,references,36c35e23-8757-4a9d-aacf-345e9b7eb50d,https://creativecommons.org/publicdomain/zero/1.0/,https://doi.org/10.13003/CED-terms-of-use,,,https://evidence.eventdata.crossref.org/evidence/20180605-wikipedia-9d95be53-87d3-415a-bfe2-f2161ebb3e05,add,https://de.wikipedia.org/wiki/Biofeedback,Biofeedback,https://de.wikipedia.org/w/index.php?title=Biofeedback&oldid=178055017,https://de.wikipedia.org/api/rest_v1/page/html/Biofeedback/178055017,https://doi.org/10.1001/jama.280.23.1995,https://doi.org/10.1001/jama.280.23.1995
4456,wikipedia,https://doi.org/10.1001/jama.280.23.1995,https://sr.wikipedia.org/api/rest_v1/page/html/Urinarna_inkontinencija/20888413,231ff546-fd4f-42b6-a0ad-5fc347b519d1,2018-09-20 06:14:58,2018-09-22 07:44:21,references,36c35e23-8757-4a9d-aacf-345e9b7eb50d,https://creativecommons.org/publicdomain/zero/1.0/,https://doi.org/10.13003/CED-terms-of-use,,,https://evidence.eventdata.crossref.org/evidence/20180920-wikipedia-5490fbc3-4453-4df2-b7ff-46da65f9aa1d,add,https://sr.wikipedia.org/wiki/Urinarna_inkontinencija,Urinarna inkontinencija,https://sr.wikipedia.org/w/index.php?title=Urinarna_inkontinencija&oldid=20888413,https://sr.wikipedia.org/api/rest_v1/page/html/Urinarna_inkontinencija/20888413,https://doi.org/10.1001/jama.280.23.1995,https://jamanetwork.com/journals/jama/fullarticle/188273
4457,wikipedia,https://doi.org/10.1001/jama.280.23.1995,https://de.wikipedia.org/api/rest_v1/page/html/Biofeedback/181880121,1a8ab9c3-f5ab-494a-9967-4ebd84f347eb,2018-10-17 13:51:23,2018-10-17 09:56:46,references,36c35e23-8757-4a9d-aacf-345e9b7eb50d,https://creativecommons.org/publicdomain/zero/1.0/,https://doi.org/10.13003/CED-terms-of-use,,,https://evidence.eventdata.crossref.org/evidence/20181017-wikipedia-09ca47a6-0370-47ac-9520-2bf65711a6f3,add,https://de.wikipedia.org/wiki/Biofeedback,Biofeedback,https://de.wikipedia.org/w/index.php?title=Biofeedback&oldid=181880121,https://de.wikipedia.org/api/rest_v1/page/html/Biofeedback/181880121,https://doi.org/10.1001/jama.280.23.1995,https://doi.org/10.1001/jama.280.23.1995
4458,wikipedia,https://doi.org/10.1001/jama.280.23.1995,https://de.wikipedia.org/api/rest_v1/page/html/Biofeedback/181897081,8e2fc738-4c94-4b6b-a43c-e98c18647f48,2018-10-18 04:44:20,2018-10-18 00:49:46,references,36c35e23-8757-4a9d-aacf-345e9b7eb50d,https://creativecommons.org/publicdomain/zero/1.0/,https://doi.org/10.13003/CED-terms-of-use,,,https://evidence.eventdata.crossref.org/evidence/20181018-wikipedia-59b9a4ac-e0e9-42dc-823f-ab8dc0e00e58,add,https://de.wikipedia.org/wiki/Biofeedback,Biofeedback,https://de.wikipedia.org/w/index.php?title=Biofeedback&oldid=181897081,https://de.wikipedia.org/api/rest_v1/page/html/Biofeedback/181897081,https://doi.org/10.1001/jama.280.23.1995,https://doi.org/10.1001/jama.280.23.1995
4459,wikipedia,https://doi.org/10.1001/jama.280.23.1995,https://de.wikipedia.org/api/rest_v1/page/html/Biofeedback/182035829,0c253fd0-6727-40cb-ba33-4581c8117542,2018-10-22 16:39:14,2018-10-22 12:46:00,references,36c35e23-8757-4a9d-aacf-345e9b7eb50d,https://creativecommons.org/publicdomain/zero/1.0/,https://doi.org/10.13003/CED-terms-of-use,,,https://evidence.eventdata.crossref.org/evidence/20181022-wikipedia-7b1fdb60-dac4-4724-a37c-c3b7ba0df508,add,https://de.wikipedia.org/wiki/Biofeedback,Biofeedback,https://de.wikipedia.org/w/index.php?title=Biofeedback&oldid=182035829,https://de.wikipedia.org/api/rest_v1/page/html/Biofeedback/182035829,https://doi.org/10.1001/jama.280.23.1995,https://doi.org/10.1001/jama.280.23.1995
4460,wikipedia,https://doi.org/10.1001/jama.280.23.1995,https://de.wikipedia.org/api/rest_v1/page/html/Biofeedback/182267739,6770ae9e-27ff-46d7-8985-79ad886bf6f8,2018-10-29 17:24:29,2018-10-29 13:27:38,references,36c35e23-8757-4a9d-aacf-345e9b7eb50d,https://creativecommons.org/publicdomain/zero/1.0/,https://doi.org/10.13003/CED-terms-of-use,,,https://evidence.eventdata.crossref.org/evidence/20181029-wikipedia-5a73f50b-0f23-47b4-b088-4f5d728b0a14,add,https://de.wikipedia.org/wiki/Biofeedback,Biofeedback,https://de.wikipedia.org/w/index.php?title=Biofeedback&oldid=182267739,https://de.wikipedia.org/api/rest_v1/page/html/Biofeedback/182267739,https://doi.org/10.1001/jama.280.23.1995,https://doi.org/10.1001/jama.280.23.1995
4461,wikipedia,https://doi.org/10.1001/jama.280.23.1995,https://de.wikipedia.org/api/rest_v1/page/html/Biofeedback/183498017,8a8e3e60-864a-4a22-8a44-39d066addbc7,2018-12-07 22:13:03,2018-12-07 17:15:48,references,36c35e23-8757-4a9d-aacf-345e9b7eb50d,https://creativecommons.org/publicdomain/zero/1.0/,https://doi.org/10.13003/CED-terms-of-use,,,https://evidence.eventdata.crossref.org/evidence/20181207-wikipedia-b226d6f4-7d23-48de-a386-f0d9006e3d15,add,https://de.wikipedia.org/wiki/Biofeedback,Biofeedback,https://de.wikipedia.org/w/index.php?title=Biofeedback&oldid=183498017,https://de.wikipedia.org/api/rest_v1/page/html/Biofeedback/183498017,https://doi.org/10.1001/jama.280.23.1995,https://doi.org/10.1001/jama.280.23.1995
4462,wikipedia,https://doi.org/10.1001/jama.280.23.1995,https://de.wikipedia.org/api/rest_v1/page/html/Biofeedback/184987417,cde32e8c-7d1d-4272-a6d8-5c6d21e26cd8,2019-01-23 06:14:03,2019-01-23 01:15:25,references,36c35e23-8757-4a9d-aacf-345e9b7eb50d,https://creativecommons.org/publicdomain/zero/1.0/,https://doi.org/10.13003/CED-terms-of-use,,,https://evidence.eventdata.crossref.org/evidence/20190123-wikipedia-8b5efae6-cb4b-43ba-bace-ebd0a7bc8a36,add,https://de.wikipedia.org/wiki/Biofeedback,Biofeedback,https://de.wikipedia.org/w/index.php?title=Biofeedback&oldid=184987417,https://de.wikipedia.org/api/rest_v1/page/html/Biofeedback/184987417,https://doi.org/10.1001/jama.280.23.1995,https://doi.org/10.1001/jama.280.23.1995
4463,wikipedia,https://doi.org/10.1001/jama.280.23.1995,https://de.wikipedia.org/api/rest_v1/page/html/Biofeedback/187171049,1e21a18a-ac92-4e55-b33b-fa5ec8ebb33a,2019-04-02 20:19:04,2019-04-02 16:25:29,references,36c35e23-8757-4a9d-aacf-345e9b7eb50d,https://creativecommons.org/publicdomain/zero/1.0/,https://doi.org/10.13003/CED-terms-of-use,,,https://evidence.eventdata.crossref.org/evidence/20190402-wikipedia-f4c292aa-61a9-4c98-a7ca-083f49dc0d72,add,https://de.wikipedia.org/wiki/Biofeedback,Biofeedback,https://de.wikipedia.org/w/index.php?title=Biofeedback&oldid=187171049,https://de.wikipedia.org/api/rest_v1/page/html/Biofeedback/187171049,https://doi.org/10.1001/jama.280.23.1995,https://doi.org/10.1001/jama.280.23.1995
4464,wikipedia,https://doi.org/10.1001/jama.280.23.1995,https://sr.wikipedia.org/api/rest_v1/page/html/Urinarna_inkontinencija/21865874,c0b4b57d-6597-4f32-a66f-a6e58cb46383,2019-05-08 08:13:57,2019-05-08 04:18:21,references,36c35e23-8757-4a9d-aacf-345e9b7eb50d,https://creativecommons.org/publicdomain/zero/1.0/,https://doi.org/10.13003/CED-terms-of-use,,,https://evidence.eventdata.crossref.org/evidence/20190508-wikipedia-3e92298c-0e3c-4107-95d2-915a8d325436,add,https://sr.wikipedia.org/wiki/Urinarna_inkontinencija,Urinarna inkontinencija,https://sr.wikipedia.org/w/index.php?title=Urinarna_inkontinencija&oldid=21865874,https://sr.wikipedia.org/api/rest_v1/page/html/Urinarna_inkontinencija/21865874,https://doi.org/10.1001/jama.280.23.1995,https://jamanetwork.com/journals/jama/fullarticle/188273
4465,wikipedia,https://doi.org/10.1001/jama.280.23.1995,https://sr.wikipedia.org/api/rest_v1/page/html/Urinarna_inkontinencija/21865878,c6be7c10-1944-4af6-b0f4-03182d7b6d78,2019-05-08 08:17:11,2019-05-08 04:23:56,references,36c35e23-8757-4a9d-aacf-345e9b7eb50d,https://creativecommons.org/publicdomain/zero/1.0/,https://doi.org/10.13003/CED-terms-of-use,,,https://evidence.eventdata.crossref.org/evidence/20190508-wikipedia-93fbbdbb-8166-4f4f-9a3b-707ddf73f7c1,add,https://sr.wikipedia.org/wiki/Urinarna_inkontinencija,Urinarna inkontinencija,https://sr.wikipedia.org/w/index.php?title=Urinarna_inkontinencija&oldid=21865878,https://sr.wikipedia.org/api/rest_v1/page/html/Urinarna_inkontinencija/21865878,https://doi.org/10.1001/jama.280.23.1995,https://jamanetwork.com/journals/jama/fullarticle/188273
4466,wikipedia,https://doi.org/10.1001/jama.280.23.1995,https://sr.wikipedia.org/api/rest_v1/page/html/Urinarna_inkontinencija/21865876,2150fcd2-a2d0-451a-a618-a2a427e910aa,2019-05-08 08:16:04,2019-05-08 04:26:44,references,36c35e23-8757-4a9d-aacf-345e9b7eb50d,https://creativecommons.org/publicdomain/zero/1.0/,https://doi.org/10.13003/CED-terms-of-use,,,https://evidence.eventdata.crossref.org/evidence/20190508-wikipedia-acec37be-8f3c-4531-a850-94e4d9938fba,add,https://sr.wikipedia.org/wiki/Urinarna_inkontinencija,Urinarna inkontinencija,https://sr.wikipedia.org/w/index.php?title=Urinarna_inkontinencija&oldid=21865876,https://sr.wikipedia.org/api/rest_v1/page/html/Urinarna_inkontinencija/21865876,https://doi.org/10.1001/jama.280.23.1995,https://jamanetwork.com/journals/jama/fullarticle/188273
4467,wikipedia,https://doi.org/10.1001/jama.280.23.1995,https://de.wikipedia.org/api/rest_v1/page/html/Biofeedback/191616685,c0ee1f1b-3aca-441a-9fe4-176c007c9c02,2019-08-23 19:37:08,2019-08-23 15:48:48,references,36c35e23-8757-4a9d-aacf-345e9b7eb50d,https://creativecommons.org/publicdomain/zero/1.0/,https://doi.org/10.13003/CED-terms-of-use,,,https://evidence.eventdata.crossref.org/evidence/20190823-wikipedia-260b926b-cefc-4313-87a1-c1a194c72299,add,https://de.wikipedia.org/wiki/Biofeedback,Biofeedback,https://de.wikipedia.org/w/index.php?title=Biofeedback&oldid=191616685,https://de.wikipedia.org/api/rest_v1/page/html/Biofeedback/191616685,https://doi.org/10.1001/jama.280.23.1995,https://doi.org/10.1001/jama.280.23.1995
4468,wikipedia,https://doi.org/10.1001/jama.280.23.1995,https://de.wikipedia.org/api/rest_v1/page/html/Biofeedback/192072082,a49bd067-04cc-4ca6-91f7-5b74bc541c08,2019-09-08 06:49:06,2019-09-08 02:54:39,references,36c35e23-8757-4a9d-aacf-345e9b7eb50d,https://creativecommons.org/publicdomain/zero/1.0/,https://doi.org/10.13003/CED-terms-of-use,,,https://evidence.eventdata.crossref.org/evidence/20190908-wikipedia-4b02f2a3-30c5-47ae-93ac-c1e22b198085,add,https://de.wikipedia.org/wiki/Biofeedback,Biofeedback,https://de.wikipedia.org/w/index.php?title=Biofeedback&oldid=192072082,https://de.wikipedia.org/api/rest_v1/page/html/Biofeedback/192072082,https://doi.org/10.1001/jama.280.23.1995,https://doi.org/10.1001/jama.280.23.1995
4469,wikipedia,https://doi.org/10.1001/jama.280.23.1995,https://sr.wikipedia.org/api/rest_v1/page/html/Urinarna_inkontinencija/22740276,12578dc7-2d70-4715-8938-9b9ae1a3329d,2019-12-26 11:20:59,2019-12-26 06:27:34,references,36c35e23-8757-4a9d-aacf-345e9b7eb50d,https://creativecommons.org/publicdomain/zero/1.0/,https://doi.org/10.13003/CED-terms-of-use,,,https://evidence.eventdata.crossref.org/evidence/20191226-wikipedia-522672ab-2e25-4daa-8b83-2fdb26330c52,add,https://sr.wikipedia.org/wiki/Urinarna_inkontinencija,Urinarna inkontinencija,https://sr.wikipedia.org/w/index.php?title=Urinarna_inkontinencija&oldid=22740276,https://sr.wikipedia.org/api/rest_v1/page/html/Urinarna_inkontinencija/22740276,https://doi.org/10.1001/jama.280.23.1995,https://jamanetwork.com/journals/jama/fullarticle/188273
4470,wikipedia,https://doi.org/10.1001/jama.280.23.1995,https://de.wikipedia.org/api/rest_v1/page/html/Biofeedback/195660636,778b1203-3e97-41cc-b1f5-c94bbd7c74c8,2020-01-09 18:15:06,2020-01-09 13:25:20,references,36c35e23-8757-4a9d-aacf-345e9b7eb50d,https://creativecommons.org/publicdomain/zero/1.0/,https://doi.org/10.13003/CED-terms-of-use,,,https://evidence.eventdata.crossref.org/evidence/20200109-wikipedia-9e005171-40aa-4849-af9f-733e72c48990,add,https://de.wikipedia.org/wiki/Biofeedback,Biofeedback,https://de.wikipedia.org/w/index.php?title=Biofeedback&oldid=195660636,https://de.wikipedia.org/api/rest_v1/page/html/Biofeedback/195660636,https://doi.org/10.1001/jama.280.23.1995,https://doi.org/10.1001/jama.280.23.1995
4471,wikipedia,https://doi.org/10.1001/jama.280.23.1995,https://de.wikipedia.org/api/rest_v1/page/html/Biofeedback/195724758,1a844df1-8f35-44fa-aaed-f165375535c9,2020-01-12 01:13:11,2020-01-11 20:20:47,references,36c35e23-8757-4a9d-aacf-345e9b7eb50d,https://creativecommons.org/publicdomain/zero/1.0/,https://doi.org/10.13003/CED-terms-of-use,,,https://evidence.eventdata.crossref.org/evidence/20200112-wikipedia-67e1911c-636f-4c5f-b385-5508810aa11a,add,https://de.wikipedia.org/wiki/Biofeedback,Biofeedback,https://de.wikipedia.org/w/index.php?title=Biofeedback&oldid=195724758,https://de.wikipedia.org/api/rest_v1/page/html/Biofeedback/195724758,https://doi.org/10.1001/jama.280.23.1995,https://doi.org/10.1001/jama.280.23.1995
4472,wikipedia,https://doi.org/10.1001/jama.280.23.1995,https://de.wikipedia.org/api/rest_v1/page/html/Biofeedback/195767111,f85e4bfc-cb7f-4550-b2b9-12f52b49de78,2020-01-13 08:40:03,2020-01-13 03:55:44,references,36c35e23-8757-4a9d-aacf-345e9b7eb50d,https://creativecommons.org/publicdomain/zero/1.0/,https://doi.org/10.13003/CED-terms-of-use,,,https://evidence.eventdata.crossref.org/evidence/20200113-wikipedia-f2b07b66-356a-4bb8-9858-0dac6c647d29,add,https://de.wikipedia.org/wiki/Biofeedback,Biofeedback,https://de.wikipedia.org/w/index.php?title=Biofeedback&oldid=195767111,https://de.wikipedia.org/api/rest_v1/page/html/Biofeedback/195767111,https://doi.org/10.1001/jama.280.23.1995,https://doi.org/10.1001/jama.280.23.1995
4473,wikipedia,https://doi.org/10.1001/jama.280.23.1995,https://de.wikipedia.org/api/rest_v1/page/html/Biofeedback/195866946,50c329b9-0baf-4ab6-ba83-10216622c2ca,2020-01-15 17:36:05,2020-01-15 12:49:09,references,36c35e23-8757-4a9d-aacf-345e9b7eb50d,https://creativecommons.org/publicdomain/zero/1.0/,https://doi.org/10.13003/CED-terms-of-use,,,https://evidence.eventdata.crossref.org/evidence/20200115-wikipedia-6f387e0f-28ea-456c-bc9d-40ccbdfade14,add,https://de.wikipedia.org/wiki/Biofeedback,Biofeedback,https://de.wikipedia.org/w/index.php?title=Biofeedback&oldid=195866946,https://de.wikipedia.org/api/rest_v1/page/html/Biofeedback/195866946,https://doi.org/10.1001/jama.280.23.1995,https://doi.org/10.1001/jama.280.23.1995
4474,wikipedia,https://doi.org/10.1001/jama.280.23.1995,https://de.wikipedia.org/api/rest_v1/page/html/Biofeedback/196066429,56282a42-2b5a-4ff4-b701-f6fc6744f219,2020-01-22 13:30:51,2020-01-22 08:38:23,references,36c35e23-8757-4a9d-aacf-345e9b7eb50d,https://creativecommons.org/publicdomain/zero/1.0/,https://doi.org/10.13003/CED-terms-of-use,,,https://evidence.eventdata.crossref.org/evidence/20200122-wikipedia-69a927bb-f826-4918-aa53-a6fd8c7bf652,add,https://de.wikipedia.org/wiki/Biofeedback,Biofeedback,https://de.wikipedia.org/w/index.php?title=Biofeedback&oldid=196066429,https://de.wikipedia.org/api/rest_v1/page/html/Biofeedback/196066429,https://doi.org/10.1001/jama.280.23.1995,https://doi.org/10.1001/jama.280.23.1995
4475,wikipedia,https://doi.org/10.1001/jama.280.23.1995,https://sr.wikipedia.org/api/rest_v1/page/html/Urinarna_inkontinencija/22843404,1e7c62ff-5d8a-4fb4-a654-ca9b15a5f40d,2020-01-24 01:25:59,2020-01-23 20:33:16,references,36c35e23-8757-4a9d-aacf-345e9b7eb50d,https://creativecommons.org/publicdomain/zero/1.0/,https://doi.org/10.13003/CED-terms-of-use,,,https://evidence.eventdata.crossref.org/evidence/20200124-wikipedia-a3f6a5cf-888f-487d-abc9-8c602bcf63f5,add,https://sr.wikipedia.org/wiki/Urinarna_inkontinencija,Urinarna inkontinencija,https://sr.wikipedia.org/w/index.php?title=Urinarna_inkontinencija&oldid=22843404,https://sr.wikipedia.org/api/rest_v1/page/html/Urinarna_inkontinencija/22843404,https://doi.org/10.1001/jama.280.23.1995,https://jamanetwork.com/journals/jama/fullarticle/188273
4476,wikipedia,https://doi.org/10.1001/jama.280.23.1995,https://sr.wikipedia.org/api/rest_v1/page/html/Urinarna_inkontinencija/22843949,74427bc7-c197-4454-936d-642b2d1a5fbe,2020-01-24 08:02:09,2020-01-24 03:06:38,references,36c35e23-8757-4a9d-aacf-345e9b7eb50d,https://creativecommons.org/publicdomain/zero/1.0/,https://doi.org/10.13003/CED-terms-of-use,,,https://evidence.eventdata.crossref.org/evidence/20200124-wikipedia-0656180e-7cd7-4632-a708-a9d1efa2676f,add,https://sr.wikipedia.org/wiki/Urinarna_inkontinencija,Urinarna inkontinencija,https://sr.wikipedia.org/w/index.php?title=Urinarna_inkontinencija&oldid=22843949,https://sr.wikipedia.org/api/rest_v1/page/html/Urinarna_inkontinencija/22843949,https://doi.org/10.1001/jama.280.23.1995,https://jamanetwork.com/journals/jama/fullarticle/188273
4477,wikipedia,https://doi.org/10.1001/jama.280.23.1995,https://sr.wikipedia.org/api/rest_v1/page/html/Urinarna_inkontinencija/22843951,fe84da9d-4e36-4853-9840-604a4a074366,2020-01-24 08:04:48,2020-01-24 03:08:17,references,36c35e23-8757-4a9d-aacf-345e9b7eb50d,https://creativecommons.org/publicdomain/zero/1.0/,https://doi.org/10.13003/CED-terms-of-use,,,https://evidence.eventdata.crossref.org/evidence/20200124-wikipedia-cc582fa5-23aa-47d9-8265-6d41cdfa5309,add,https://sr.wikipedia.org/wiki/Urinarna_inkontinencija,Urinarna inkontinencija,https://sr.wikipedia.org/w/index.php?title=Urinarna_inkontinencija&oldid=22843951,https://sr.wikipedia.org/api/rest_v1/page/html/Urinarna_inkontinencija/22843951,https://doi.org/10.1001/jama.280.23.1995,https://jamanetwork.com/journals/jama/fullarticle/188273
4478,wikipedia,https://doi.org/10.1001/jama.280.23.1995,https://sr.wikipedia.org/api/rest_v1/page/html/Urinarna_inkontinencija/22843954,7de8b4a6-e954-45d8-b2a5-f32cdbd51364,2020-01-24 08:08:13,2020-01-24 03:12:59,references,36c35e23-8757-4a9d-aacf-345e9b7eb50d,https://creativecommons.org/publicdomain/zero/1.0/,https://doi.org/10.13003/CED-terms-of-use,,,https://evidence.eventdata.crossref.org/evidence/20200124-wikipedia-e3f183f9-c24c-4ec4-b7f4-e1955b357f7b,add,https://sr.wikipedia.org/wiki/Urinarna_inkontinencija,Urinarna inkontinencija,https://sr.wikipedia.org/w/index.php?title=Urinarna_inkontinencija&oldid=22843954,https://sr.wikipedia.org/api/rest_v1/page/html/Urinarna_inkontinencija/22843954,https://doi.org/10.1001/jama.280.23.1995,https://jamanetwork.com/journals/jama/fullarticle/188273
4479,wikipedia,https://doi.org/10.1001/jama.280.23.1995,https://sr.wikipedia.org/api/rest_v1/page/html/Urinarna_inkontinencija/22843968,3c997d0e-7525-4fea-865a-d765caea6417,2020-01-24 08:19:44,2020-01-24 03:23:44,references,36c35e23-8757-4a9d-aacf-345e9b7eb50d,https://creativecommons.org/publicdomain/zero/1.0/,https://doi.org/10.13003/CED-terms-of-use,,,https://evidence.eventdata.crossref.org/evidence/20200124-wikipedia-1bb7d0fb-4cca-4d25-82fa-ac8b770ae9a2,add,https://sr.wikipedia.org/wiki/Urinarna_inkontinencija,Urinarna inkontinencija,https://sr.wikipedia.org/w/index.php?title=Urinarna_inkontinencija&oldid=22843968,https://sr.wikipedia.org/api/rest_v1/page/html/Urinarna_inkontinencija/22843968,https://doi.org/10.1001/jama.280.23.1995,https://jamanetwork.com/journals/jama/fullarticle/188273
4480,wikipedia,https://doi.org/10.1001/jama.280.23.1995,https://sr.wikipedia.org/api/rest_v1/page/html/Urinarna_inkontinencija/22843966,d74cd11b-c483-4854-9bdf-11d64065d5bf,2020-01-24 08:19:26,2020-01-24 03:24:00,references,36c35e23-8757-4a9d-aacf-345e9b7eb50d,https://creativecommons.org/publicdomain/zero/1.0/,https://doi.org/10.13003/CED-terms-of-use,,,https://evidence.eventdata.crossref.org/evidence/20200124-wikipedia-1bb7d0fb-4cca-4d25-82fa-ac8b770ae9a2,add,https://sr.wikipedia.org/wiki/Urinarna_inkontinencija,Urinarna inkontinencija,https://sr.wikipedia.org/w/index.php?title=Urinarna_inkontinencija&oldid=22843966,https://sr.wikipedia.org/api/rest_v1/page/html/Urinarna_inkontinencija/22843966,https://doi.org/10.1001/jama.280.23.1995,https://jamanetwork.com/journals/jama/fullarticle/188273
4481,wikipedia,https://doi.org/10.1001/jama.280.23.1995,https://sr.wikipedia.org/api/rest_v1/page/html/Urinarna_inkontinencija/22843962,9a7ac849-49ce-4eca-828d-830818cc052b,2020-01-24 08:16:24,2020-01-24 03:24:31,references,36c35e23-8757-4a9d-aacf-345e9b7eb50d,https://creativecommons.org/publicdomain/zero/1.0/,https://doi.org/10.13003/CED-terms-of-use,,,https://evidence.eventdata.crossref.org/evidence/20200124-wikipedia-a85f23a2-8bc2-4ed2-89a5-8e9787000233,add,https://sr.wikipedia.org/wiki/Urinarna_inkontinencija,Urinarna inkontinencija,https://sr.wikipedia.org/w/index.php?title=Urinarna_inkontinencija&oldid=22843962,https://sr.wikipedia.org/api/rest_v1/page/html/Urinarna_inkontinencija/22843962,https://doi.org/10.1001/jama.280.23.1995,https://jamanetwork.com/journals/jama/fullarticle/188273
4482,wikipedia,https://doi.org/10.1001/jama.280.23.1995,https://sr.wikipedia.org/api/rest_v1/page/html/Urinarna_inkontinencija/22843963,a85d4546-d0a0-413c-94d2-6050a79eb56f,2020-01-24 08:16:46,2020-01-24 03:24:46,references,36c35e23-8757-4a9d-aacf-345e9b7eb50d,https://creativecommons.org/publicdomain/zero/1.0/,https://doi.org/10.13003/CED-terms-of-use,,,https://evidence.eventdata.crossref.org/evidence/20200124-wikipedia-cd1a844c-a69f-4167-8d69-4923430beb51,add,https://sr.wikipedia.org/wiki/Urinarna_inkontinencija,Urinarna inkontinencija,https://sr.wikipedia.org/w/index.php?title=Urinarna_inkontinencija&oldid=22843963,https://sr.wikipedia.org/api/rest_v1/page/html/Urinarna_inkontinencija/22843963,https://doi.org/10.1001/jama.280.23.1995,https://jamanetwork.com/journals/jama/fullarticle/188273
4483,wikipedia,https://doi.org/10.1001/jama.280.23.1995,https://sr.wikipedia.org/api/rest_v1/page/html/Urinarna_inkontinencija/22843961,1dda28ec-5bda-42d3-a78a-9b2a2ea9acf1,2020-01-24 08:16:06,2020-01-24 03:25:24,references,36c35e23-8757-4a9d-aacf-345e9b7eb50d,https://creativecommons.org/publicdomain/zero/1.0/,https://doi.org/10.13003/CED-terms-of-use,,,https://evidence.eventdata.crossref.org/evidence/20200124-wikipedia-4962fcc1-fb7c-4e9f-a163-9eb710c6e40e,add,https://sr.wikipedia.org/wiki/Urinarna_inkontinencija,Urinarna inkontinencija,https://sr.wikipedia.org/w/index.php?title=Urinarna_inkontinencija&oldid=22843961,https://sr.wikipedia.org/api/rest_v1/page/html/Urinarna_inkontinencija/22843961,https://doi.org/10.1001/jama.280.23.1995,https://jamanetwork.com/journals/jama/fullarticle/188273
4484,wikipedia,https://doi.org/10.1001/jama.280.23.1995,https://sr.wikipedia.org/api/rest_v1/page/html/Urinarna_inkontinencija/22843970,80dcb071-f297-4f15-949b-af6909603870,2020-01-24 08:21:49,2020-01-24 03:27:50,references,36c35e23-8757-4a9d-aacf-345e9b7eb50d,https://creativecommons.org/publicdomain/zero/1.0/,https://doi.org/10.13003/CED-terms-of-use,,,https://evidence.eventdata.crossref.org/evidence/20200124-wikipedia-72347906-39b0-45e4-86f0-fcedef898281,add,https://sr.wikipedia.org/wiki/Urinarna_inkontinencija,Urinarna inkontinencija,https://sr.wikipedia.org/w/index.php?title=Urinarna_inkontinencija&oldid=22843970,https://sr.wikipedia.org/api/rest_v1/page/html/Urinarna_inkontinencija/22843970,https://doi.org/10.1001/jama.280.23.1995,https://jamanetwork.com/journals/jama/fullarticle/188273
4485,wikipedia,https://doi.org/10.1001/jama.280.23.1995,https://sr.wikipedia.org/api/rest_v1/page/html/Urinarna_inkontinencija/22843971,e6d89d1f-4319-49c6-ba6d-7384d33aa170,2020-01-24 08:24:13,2020-01-24 03:30:24,references,36c35e23-8757-4a9d-aacf-345e9b7eb50d,https://creativecommons.org/publicdomain/zero/1.0/,https://doi.org/10.13003/CED-terms-of-use,,,https://evidence.eventdata.crossref.org/evidence/20200124-wikipedia-873182a1-bf41-439a-8ab0-6759aa2188d6,add,https://sr.wikipedia.org/wiki/Urinarna_inkontinencija,Urinarna inkontinencija,https://sr.wikipedia.org/w/index.php?title=Urinarna_inkontinencija&oldid=22843971,https://sr.wikipedia.org/api/rest_v1/page/html/Urinarna_inkontinencija/22843971,https://doi.org/10.1001/jama.280.23.1995,https://jamanetwork.com/journals/jama/fullarticle/188273
4486,wikipedia,https://doi.org/10.1001/jama.280.23.1995,https://de.wikipedia.org/api/rest_v1/page/html/Biofeedback/196493758,efb7ae66-36bd-4fff-81fb-bc94f192398e,2020-02-04 15:33:42,2020-02-04 10:47:28,references,36c35e23-8757-4a9d-aacf-345e9b7eb50d,https://creativecommons.org/publicdomain/zero/1.0/,https://doi.org/10.13003/CED-terms-of-use,,,https://evidence.eventdata.crossref.org/evidence/20200204-wikipedia-eba6f992-3e64-4e7c-8dba-ed61c4be19c6,add,https://de.wikipedia.org/wiki/Biofeedback,Biofeedback,https://de.wikipedia.org/w/index.php?title=Biofeedback&oldid=196493758,https://de.wikipedia.org/api/rest_v1/page/html/Biofeedback/196493758,https://doi.org/10.1001/jama.280.23.1995,https://doi.org/10.1001/jama.280.23.1995
4487,wikipedia,https://doi.org/10.1001/jama.280.23.1995,https://de.wikipedia.org/api/rest_v1/page/html/Biofeedback/196504963,6f3d2faf-bd03-4641-8fa2-7aee7651cde5,2020-02-04 21:21:58,2020-02-04 16:23:42,references,36c35e23-8757-4a9d-aacf-345e9b7eb50d,https://creativecommons.org/publicdomain/zero/1.0/,https://doi.org/10.13003/CED-terms-of-use,,,https://evidence.eventdata.crossref.org/evidence/20200204-wikipedia-8ab85b56-ef3c-4089-96f5-6633efbd9ea5,add,https://de.wikipedia.org/wiki/Biofeedback,Biofeedback,https://de.wikipedia.org/w/index.php?title=Biofeedback&oldid=196504963,https://de.wikipedia.org/api/rest_v1/page/html/Biofeedback/196504963,https://doi.org/10.1001/jama.280.23.1995,https://doi.org/10.1001/jama.280.23.1995
4488,wikipedia,https://doi.org/10.1001/jama.280.23.1995,https://de.wikipedia.org/api/rest_v1/page/html/Biofeedback/196905229,1804d989-223a-4895-94ab-ea0aeb730902,2020-02-17 16:08:04,2020-02-17 11:15:33,references,36c35e23-8757-4a9d-aacf-345e9b7eb50d,https://creativecommons.org/publicdomain/zero/1.0/,https://doi.org/10.13003/CED-terms-of-use,,,https://evidence.eventdata.crossref.org/evidence/20200217-wikipedia-fc63f2cd-efda-428a-af8f-41834300ad5d,add,https://de.wikipedia.org/wiki/Biofeedback,Biofeedback,https://de.wikipedia.org/w/index.php?title=Biofeedback&oldid=196905229,https://de.wikipedia.org/api/rest_v1/page/html/Biofeedback/196905229,https://doi.org/10.1001/jama.280.23.1995,https://doi.org/10.1001/jama.280.23.1995
4489,wikipedia,https://doi.org/10.1001/jama.280.23.1995,https://de.wikipedia.org/api/rest_v1/page/html/Biofeedback/196968408,9ab7827a-a25e-4ccc-adc4-25e4449e528a,2020-02-19 18:10:43,2020-02-19 13:17:54,references,36c35e23-8757-4a9d-aacf-345e9b7eb50d,https://creativecommons.org/publicdomain/zero/1.0/,https://doi.org/10.13003/CED-terms-of-use,,,https://evidence.eventdata.crossref.org/evidence/20200219-wikipedia-2c581eb3-c3c9-44aa-86aa-1fdeaf9dc0f4,add,https://de.wikipedia.org/wiki/Biofeedback,Biofeedback,https://de.wikipedia.org/w/index.php?title=Biofeedback&oldid=196968408,https://de.wikipedia.org/api/rest_v1/page/html/Biofeedback/196968408,https://doi.org/10.1001/jama.280.23.1995,https://doi.org/10.1001/jama.280.23.1995
4490,wikipedia,https://doi.org/10.1001/jama.280.23.1995,https://de.wikipedia.org/api/rest_v1/page/html/Biofeedback/203647494,c2fefe86-32c0-4cba-8dc8-df91073cb770,2020-09-13 22:21:00,2020-09-15 10:53:46,references,36c35e23-8757-4a9d-aacf-345e9b7eb50d,https://creativecommons.org/publicdomain/zero/1.0/,https://doi.org/10.13003/CED-terms-of-use,,,https://evidence.eventdata.crossref.org/evidence/20200913-wikipedia-33b63412-00f9-4048-928c-b8720b9a1310,add,https://de.wikipedia.org/wiki/Biofeedback,Biofeedback,https://de.wikipedia.org/w/index.php?title=Biofeedback&oldid=203647494,https://de.wikipedia.org/api/rest_v1/page/html/Biofeedback/203647494,https://doi.org/10.1001/jama.280.23.1995,https://doi.org/10.1001/jama.280.23.1995
4491,wikipedia,https://doi.org/10.1001/jama.280.23.1995,https://de.wikipedia.org/api/rest_v1/page/html/Biofeedback/198906194,e6753b49-c479-4fc3-9493-b5abe3e6401d,2020-04-15 19:23:28,2020-10-14 05:14:14,references,36c35e23-8757-4a9d-aacf-345e9b7eb50d,https://creativecommons.org/publicdomain/zero/1.0/,https://doi.org/10.13003/CED-terms-of-use,,,https://evidence.eventdata.crossref.org/evidence/20200415-wikipedia-8d028dd6-1cd7-4466-b736-724022ad7e7f,add,https://de.wikipedia.org/wiki/Biofeedback,Biofeedback,https://de.wikipedia.org/w/index.php?title=Biofeedback&oldid=198906194,https://de.wikipedia.org/api/rest_v1/page/html/Biofeedback/198906194,https://doi.org/10.1001/jama.280.23.1995,https://doi.org/10.1001/jama.280.23.1995
4492,wikipedia,https://doi.org/10.1001/jama.280.23.1995,https://de.wikipedia.org/api/rest_v1/page/html/Biofeedback/198942414,3b0d4e07-b97b-4d0d-8026-2e029f7b4efe,2020-04-16 14:32:30,2020-10-14 05:42:13,references,36c35e23-8757-4a9d-aacf-345e9b7eb50d,https://creativecommons.org/publicdomain/zero/1.0/,https://doi.org/10.13003/CED-terms-of-use,,,https://evidence.eventdata.crossref.org/evidence/20200416-wikipedia-3ef922a1-3944-45da-a842-f1fc215907a7,add,https://de.wikipedia.org/wiki/Biofeedback,Biofeedback,https://de.wikipedia.org/w/index.php?title=Biofeedback&oldid=198942414,https://de.wikipedia.org/api/rest_v1/page/html/Biofeedback/198942414,https://doi.org/10.1001/jama.280.23.1995,https://doi.org/10.1001/jama.280.23.1995
4493,wikipedia,https://doi.org/10.1001/jama.280.23.1995,https://de.wikipedia.org/api/rest_v1/page/html/Biofeedback/204649055,9cad42f8-09c3-4f4a-ba9e-e437a59e368d,2020-10-18 05:30:42,2020-10-18 01:38:24,references,36c35e23-8757-4a9d-aacf-345e9b7eb50d,https://creativecommons.org/publicdomain/zero/1.0/,https://doi.org/10.13003/CED-terms-of-use,,,https://evidence.eventdata.crossref.org/evidence/20201018-wikipedia-e6b4c65e-a48f-426e-a60d-f3a9304add55,add,https://de.wikipedia.org/wiki/Biofeedback,Biofeedback,https://de.wikipedia.org/w/index.php?title=Biofeedback&oldid=204649055,https://de.wikipedia.org/api/rest_v1/page/html/Biofeedback/204649055,https://doi.org/10.1001/jama.280.23.1995,https://doi.org/10.1001/jama.280.23.1995
4494,wikipedia,https://doi.org/10.1001/jama.280.23.1995,https://de.wikipedia.org/api/rest_v1/page/html/Biofeedback/204649042,9b2b1bd2-c845-4a65-91fd-66e0028c3606,2020-10-18 05:29:25,2020-10-18 01:39:21,references,36c35e23-8757-4a9d-aacf-345e9b7eb50d,https://creativecommons.org/publicdomain/zero/1.0/,https://doi.org/10.13003/CED-terms-of-use,,,https://evidence.eventdata.crossref.org/evidence/20201018-wikipedia-a08e8444-3014-4b12-a6e1-020751d04d58,add,https://de.wikipedia.org/wiki/Biofeedback,Biofeedback,https://de.wikipedia.org/w/index.php?title=Biofeedback&oldid=204649042,https://de.wikipedia.org/api/rest_v1/page/html/Biofeedback/204649042,https://doi.org/10.1001/jama.280.23.1995,https://doi.org/10.1001/jama.280.23.1995
4495,wikipedia,https://doi.org/10.1001/jama.280.23.1995,https://de.wikipedia.org/api/rest_v1/page/html/Biofeedback/206351061,dd422d43-40fb-40d0-93db-d63f6daaba7c,2020-12-08 15:09:59,2020-12-08 10:42:49,references,36c35e23-8757-4a9d-aacf-345e9b7eb50d,https://creativecommons.org/publicdomain/zero/1.0/,https://doi.org/10.13003/CED-terms-of-use,,,https://evidence.eventdata.crossref.org/evidence/20201208-wikipedia-a771fc4e-518c-469a-b168-7d66f0ad9fc0,add,https://de.wikipedia.org/wiki/Biofeedback,Biofeedback,https://de.wikipedia.org/w/index.php?title=Biofeedback&oldid=206351061,https://de.wikipedia.org/api/rest_v1/page/html/Biofeedback/206351061,https://doi.org/10.1001/jama.280.23.1995,https://doi.org/10.1001/jama.280.23.1995
4496,wikipedia,https://doi.org/10.1001/jama.280.23.1995,https://de.wikipedia.org/api/rest_v1/page/html/Biofeedback/206659709,d4e6eef1-7ab4-414f-9056-cf3e23e752b9,2020-12-18 13:17:28,2020-12-18 08:46:39,references,36c35e23-8757-4a9d-aacf-345e9b7eb50d,https://creativecommons.org/publicdomain/zero/1.0/,https://doi.org/10.13003/CED-terms-of-use,,,https://evidence.eventdata.crossref.org/evidence/20201218-wikipedia-68b0ccd4-6edf-4332-8300-d1db740b2fb3,add,https://de.wikipedia.org/wiki/Biofeedback,Biofeedback,https://de.wikipedia.org/w/index.php?title=Biofeedback&oldid=206659709,https://de.wikipedia.org/api/rest_v1/page/html/Biofeedback/206659709,https://doi.org/10.1001/jama.280.23.1995,https://doi.org/10.1001/jama.280.23.1995
4497,wikipedia,https://doi.org/10.1001/jama.280.23.1995,https://de.wikipedia.org/api/rest_v1/page/html/Biofeedback/206792616,e68db506-e8cb-4b29-9622-0332c650b0bf,2020-12-22 14:18:41,2020-12-22 09:23:17,references,36c35e23-8757-4a9d-aacf-345e9b7eb50d,https://creativecommons.org/publicdomain/zero/1.0/,https://doi.org/10.13003/CED-terms-of-use,,,https://evidence.eventdata.crossref.org/evidence/20201222-wikipedia-9bf145e3-c07d-450f-8f86-768065d39f98,add,https://de.wikipedia.org/wiki/Biofeedback,Biofeedback,https://de.wikipedia.org/w/index.php?title=Biofeedback&oldid=206792616,https://de.wikipedia.org/api/rest_v1/page/html/Biofeedback/206792616,https://doi.org/10.1001/jama.280.23.1995,https://doi.org/10.1001/jama.280.23.1995
