cambiaIncrement,sourceID,objectID,subjectID,eventID,occurredAt,timeObserved,relationType,sourceToken,license,termsOfUse,updatedReason,updated,eventAction,workSubtypeID,workTypeID,subjectTitle,subjectPID,jurisdiction,updatedDate
382,cambia-lens,https://doi.org/10.1016/s0022-5347(01)63188-4,https://lens.org/118-495-504-412-006,10cef752-f80e-8084-aeb3-2b3aea62c037,2016-08-09 00:00:00,2017-11-10 00:08:05,cites,1ad0b713-78ed-4bb9-8d5d-a3c2d163d46f,https://creativecommons.org/licenses/by-sa/4.0/,https://doi.org/10.13003/CED-terms-of-use,,,add,Granted Patent,patent,Method And Device For Female Urinary Incontinence,https://lens.org/118-495-504-412-006,US,
383,cambia-lens,https://doi.org/10.1016/s0022-5347(01)63188-4,https://lens.org/015-199-766-447-996,701186f9-a932-f19c-aad6-69bd60a6e1ea,2007-05-30 00:00:00,2017-11-10 08:47:11,cites,1ad0b713-78ed-4bb9-8d5d-a3c2d163d46f,https://creativecommons.org/licenses/by-sa/4.0/,https://doi.org/10.13003/CED-terms-of-use,,,add,Patent Application,patent,Pharmaceuticals Formulations And Uses Thereof In The Treatment Of Female Sexual Dysfunction,https://lens.org/015-199-766-447-996,EP,
384,cambia-lens,https://doi.org/10.1016/s0022-5347(01)63188-4,https://lens.org/182-939-142-337-98X,53ff3546-26e5-1ba7-86f1-54e06d825ff2,2014-04-01 00:00:00,2017-11-10 17:18:37,cites,1ad0b713-78ed-4bb9-8d5d-a3c2d163d46f,https://creativecommons.org/licenses/by-sa/4.0/,https://doi.org/10.13003/CED-terms-of-use,,,add,Granted Patent,patent,Method And Device For Female Urinary Incontinence,https://lens.org/182-939-142-337-98X,US,
385,cambia-lens,https://doi.org/10.1016/s0022-5347(01)63188-4,https://lens.org/061-289-054-013-53X,ff99a037-22a2-d6d5-0422-5961804fab5c,2016-11-15 00:00:00,2017-11-11 08:51:51,cites,1ad0b713-78ed-4bb9-8d5d-a3c2d163d46f,https://creativecommons.org/licenses/by-sa/4.0/,https://doi.org/10.13003/CED-terms-of-use,,,add,Granted Patent,patent,Systems And Methods For Treating Female Incontinence And Pelvic Nerve Dysfunction,https://lens.org/061-289-054-013-53X,US,
386,cambia-lens,https://doi.org/10.1016/s0022-5347(01)63188-4,https://lens.org/069-493-679-469-931,d1f078d6-4d0d-d4f0-3daa-9a057ac408f9,2016-11-07 00:00:00,2017-11-11 10:59:06,cites,1ad0b713-78ed-4bb9-8d5d-a3c2d163d46f,https://creativecommons.org/licenses/by-sa/4.0/,https://doi.org/10.13003/CED-terms-of-use,,,add,Patent Application,patent,Pharmaceutical Formulations And Uses Thereof In The Treatment Of Female Sexual Dysfunction,https://lens.org/069-493-679-469-931,KR,
387,cambia-lens,https://doi.org/10.1016/s0022-5347(01)63188-4,https://lens.org/080-355-254-270-516,c1684497-721f-a2bf-0c10-ec487ab7dbc8,2016-08-09 00:00:00,2017-11-11 14:01:22,cites,1ad0b713-78ed-4bb9-8d5d-a3c2d163d46f,https://creativecommons.org/licenses/by-sa/4.0/,https://doi.org/10.13003/CED-terms-of-use,,,add,Granted Patent,patent,Method And Device For Treating Female Pelvic Nerve Dysfunction,https://lens.org/080-355-254-270-516,US,
