crossRefIncrement,sourceID,objectID,subjectID,eventID,occurredAt,timeObserved,relationType,sourceToken,license,crossrefTermsOfUse,messageAction
1197,crossref,https://doi.org/10.1016/S0022-5347(01)63188-4,https://doi.org/10.13104/jksmrm.2011.15.2.146,0ea4aeac-0248-4393-adfa-90c3bb866de6,2011-01-01 00:00:00,2019-07-02 18:59:05,references,8676e950-8ac5-4074-8ac3-c0a18ada7e99,https://doi.org/10.13003/CED-terms-of-use,https://doi.org/10.13003/CED-terms-of-use,create
1198,crossref,https://doi.org/10.1016/S0022-5347(01)63188-4,https://doi.org/10.1002/cne.23079,4d6c832f-5904-4e53-9dcc-4cc2c13e87d5,2012-08-10 00:00:00,2019-07-05 08:02:21,references,8676e950-8ac5-4074-8ac3-c0a18ada7e99,https://doi.org/10.13003/CED-terms-of-use,https://doi.org/10.13003/CED-terms-of-use,create
1199,crossref,https://doi.org/10.1016/S0022-5347(01)63188-4,https://doi.org/10.1002/ca.22177,82182d68-674f-4489-9dcd-1bfd65e57056,2012-11-21 00:00:00,2019-07-24 02:15:39,references,8676e950-8ac5-4074-8ac3-c0a18ada7e99,https://doi.org/10.13003/CED-terms-of-use,https://doi.org/10.13003/CED-terms-of-use,create
1200,crossref,https://doi.org/10.1016/S0022-5347(01)63188-4,https://doi.org/10.1007/s10508-012-0001-0,5ac130a9-ad78-42d6-8d11-1cdfea8765b8,2012-10-01 00:00:00,2019-11-25 21:09:31,references,8676e950-8ac5-4074-8ac3-c0a18ada7e99,https://doi.org/10.13003/CED-terms-of-use,https://doi.org/10.13003/CED-terms-of-use,create
