{
  "0":{
    "twitterIncrement":43192,
    "sourceID":"twitter",
    "subjectID":"twitter:\/\/status?id=1150144880250957824",
    "objectID":"https:\/\/doi.org\/10.1177\/070674379704200909",
    "eventID":"86f5f3c8-78f8-4513-b0c0-1a191fd92b85",
    "occurredAt":1563050882000,
    "timeObserved":1563036703000,
    "relationType":"discusses",
    "sourceToken":"45a1ef76-4f43-4cdc-9ba8-5a6ad01cc231",
    "license":"https:\/\/creativecommons.org\/publicdomain\/zero\/1.0\/",
    "termsOfUse":"https:\/\/doi.org\/10.13003\/CED-terms-of-use",
    "tweetAuthor":"twitter:\/\/user?screen_name=CoyneoftheRealm",
    "originalTweetAuthor":null,
    "updatedReason":null,
    "updated":null,
    "evidenceRecord":"https:\/\/evidence.eventdata.crossref.org\/evidence\/20190713-twitter-b37f479d-c0ed-4222-ad4b-47571b3236",
    "eventAction":"add",
    "subjectPID":"twitter:\/\/status?id=1150144880250957824",
    "originalTweetURL":"twitter:\/\/status?id=1150144880250957824",
    "alternativeID":"1150144880250957824",
    "title":"Tweet 1150144880250957824",
    "issued":1563050882000,
    "objectPID":"https:\/\/doi.org\/10.1177\/070674379704200909",
    "objectURL":"https:\/\/journals.sagepub.com\/doi\/abs\/10.1177\/070674379704200909",
    "updatedDate":null
  },
  "1":{
    "twitterIncrement":43193,
    "sourceID":"twitter",
    "subjectID":"twitter:\/\/status?id=1150275892393992192",
    "objectID":"https:\/\/doi.org\/10.1177\/070674379704200909",
    "eventID":"d569dcce-8cfb-4f07-ad46-590d9cc1edf8",
    "occurredAt":1563082118000,
    "timeObserved":1563067806000,
    "relationType":"discusses",
    "sourceToken":"45a1ef76-4f43-4cdc-9ba8-5a6ad01cc231",
    "license":"https:\/\/creativecommons.org\/publicdomain\/zero\/1.0\/",
    "termsOfUse":"https:\/\/doi.org\/10.13003\/CED-terms-of-use",
    "tweetAuthor":"twitter:\/\/user?screen_name=CoyneoftheRealm",
    "originalTweetAuthor":"twitter:\/\/user?screen_name=CoyneoftheRealm",
    "updatedReason":null,
    "updated":null,
    "evidenceRecord":"https:\/\/evidence.eventdata.crossref.org\/evidence\/20190714-twitter-63e62a5e-8b87-482b-b337-c641c9bdd1",
    "eventAction":"add",
    "subjectPID":"twitter:\/\/status?id=1150275892393992192",
    "originalTweetURL":"twitter:\/\/status?id=1150144880250957824",
    "alternativeID":"1150275892393992192",
    "title":"Tweet 1150275892393992192",
    "issued":1563082118000,
    "objectPID":"https:\/\/doi.org\/10.1177\/070674379704200909",
    "objectURL":"https:\/\/journals.sagepub.com\/doi\/abs\/10.1177\/070674379704200909",
    "updatedDate":null
  }
}