affiliation,authenticated_orcid,family,given,name,orcid,sequence,suffix
The University of Iowa Iowa City,,Tomblin,J. Bruce,J. Bruce Tomblin,,first,
The University of Iowa Iowa City,,Records,Nancy L.,Nancy L. Records,,additional,
The University of Iowa Iowa City,,Buckwalter,Paula,Paula Buckwalter,,additional,
The University of Iowa Iowa City,,Zhang,Xuyang,Xuyang Zhang,,additional,
The University of Iowa Iowa City,,Smith,Elaine,Elaine Smith,,additional,
The University of Iowa Iowa City,,Oâ€™Brien,Marlea,Marlea Oâ€™Brien,,additional,
"Department of Physiology and Biophysics, The University of Iowa, BSB 5‐660, Iowa City, IA 52242, USA",,Hoshi,Toshinori,Toshinori Hoshi,,first,
"UNIVERSITY OF IOWA, IOWA CITY, USA",,Peters,John Durham,John Durham Peters,,first,
University of Iowa,,Segura,Gary M.,Gary M. Segura,,additional,
University of Iowa,,Samuelson,Larissa,Larissa Samuelson,,additional,
"From the Departments of Anatomy and Cell Biology (R.L.D., D.S.H., G.M.B.), Anesthesia (G.A., J.N.B.), Pathology (S.S.), and Internal Medicine and Veterans Affairs (R.M.W.), University of Iowa College of Medicine, Iowa City; the Department of Biological Sciences (G.S.), University of Kansas, Lawrence; and the Department of Obstetrics and Gynecology (D.C.M.), Wake Forest School of Medicine, Wake Forest, NC.",,Davisson,Robin L.,Robin L. Davisson,,first,
"From the Departments of Anatomy and Cell Biology (R.L.D., D.S.H., G.M.B.), Anesthesia (G.A., J.N.B.), Pathology (S.S.), and Internal Medicine and Veterans Affairs (R.M.W.), University of Iowa College of Medicine, Iowa City; the Department of Biological Sciences (G.S.), University of Kansas, Lawrence; and the Department of Obstetrics and Gynecology (D.C.M.), Wake Forest School of Medicine, Wake Forest, NC.",,Hoffmann,Darren S.,Darren S. Hoffmann,,additional,
"From the Departments of Anatomy and Cell Biology (R.L.D., D.S.H., G.M.B.), Anesthesia (G.A., J.N.B.), Pathology (S.S.), and Internal Medicine and Veterans Affairs (R.M.W.), University of Iowa College of Medicine, Iowa City; the Department of Biological Sciences (G.S.), University of Kansas, Lawrence; and the Department of Obstetrics and Gynecology (D.C.M.), Wake Forest School of Medicine, Wake Forest, NC.",,Butz,Genelle M.,Genelle M. Butz,,additional,
"From the Departments of Anatomy and Cell Biology (R.L.D., D.S.H., G.M.B.), Anesthesia (G.A., J.N.B.), Pathology (S.S.), and Internal Medicine and Veterans Affairs (R.M.W.), University of Iowa College of Medicine, Iowa City; the Department of Biological Sciences (G.S.), University of Kansas, Lawrence; and the Department of Obstetrics and Gynecology (D.C.M.), Wake Forest School of Medicine, Wake Forest, NC.",,Aldape,Gilbert,Gilbert Aldape,,additional,
"From the Departments of Anatomy and Cell Biology (R.L.D., D.S.H., G.M.B.), Anesthesia (G.A., J.N.B.), Pathology (S.S.), and Internal Medicine and Veterans Affairs (R.M.W.), University of Iowa College of Medicine, Iowa City; the Department of Biological Sciences (G.S.), University of Kansas, Lawrence; and the Department of Obstetrics and Gynecology (D.C.M.), Wake Forest School of Medicine, Wake Forest, NC.",,Schlager,Gunther,Gunther Schlager,,additional,
"From the Departments of Anatomy and Cell Biology (R.L.D., D.S.H., G.M.B.), Anesthesia (G.A., J.N.B.), Pathology (S.S.), and Internal Medicine and Veterans Affairs (R.M.W.), University of Iowa College of Medicine, Iowa City; the Department of Biological Sciences (G.S.), University of Kansas, Lawrence; and the Department of Obstetrics and Gynecology (D.C.M.), Wake Forest School of Medicine, Wake Forest, NC.",,Merrill,David C.,David C. Merrill,,additional,
"From the Departments of Anatomy and Cell Biology (R.L.D., D.S.H., G.M.B.), Anesthesia (G.A., J.N.B.), Pathology (S.S.), and Internal Medicine and Veterans Affairs (R.M.W.), University of Iowa College of Medicine, Iowa City; the Department of Biological Sciences (G.S.), University of Kansas, Lawrence; and the Department of Obstetrics and Gynecology (D.C.M.), Wake Forest School of Medicine, Wake Forest, NC.",,Sethi,Sanjeev,Sanjeev Sethi,,additional,
"From the Departments of Anatomy and Cell Biology (R.L.D., D.S.H., G.M.B.), Anesthesia (G.A., J.N.B.), Pathology (S.S.), and Internal Medicine and Veterans Affairs (R.M.W.), University of Iowa College of Medicine, Iowa City; the Department of Biological Sciences (G.S.), University of Kansas, Lawrence; and the Department of Obstetrics and Gynecology (D.C.M.), Wake Forest School of Medicine, Wake Forest, NC.",,Weiss,Robert M.,Robert M. Weiss,,additional,
"From the Departments of Anatomy and Cell Biology (R.L.D., D.S.H., G.M.B.), Anesthesia (G.A., J.N.B.), Pathology (S.S.), and Internal Medicine and Veterans Affairs (R.M.W.), University of Iowa College of Medicine, Iowa City; the Department of Biological Sciences (G.S.), University of Kansas, Lawrence; and the Department of Obstetrics and Gynecology (D.C.M.), Wake Forest School of Medicine, Wake Forest, NC.",,Bates,James N.,James N. Bates,,additional,
"From the University of Padova (V.A., M.P., P. Palatini, P. Pauletto), Padova, Italy; the University of Iowa (B.G.P.), Iowa City; the Medical University Gdansk (M.W.), Gdansk, Poland; and the Mayo Clinic (M.W., V.K.S., V.A.), Rochester, Minn.",,Winnicki,Mikolaj,Mikolaj Winnicki,,first,
"From the University of Padova (V.A., M.P., P. Palatini, P. Pauletto), Padova, Italy; the University of Iowa (B.G.P.), Iowa City; the Medical University Gdansk (M.W.), Gdansk, Poland; and the Mayo Clinic (M.W., V.K.S., V.A.), Rochester, Minn.",,Somers,Virend K.,Virend K. Somers,,additional,
"From the University of Padova (V.A., M.P., P. Palatini, P. Pauletto), Padova, Italy; the University of Iowa (B.G.P.), Iowa City; the Medical University Gdansk (M.W.), Gdansk, Poland; and the Mayo Clinic (M.W., V.K.S., V.A.), Rochester, Minn.",,Accurso,Valentina,Valentina Accurso,,additional,
"From the University of Padova (V.A., M.P., P. Palatini, P. Pauletto), Padova, Italy; the University of Iowa (B.G.P.), Iowa City; the Medical University Gdansk (M.W.), Gdansk, Poland; and the Mayo Clinic (M.W., V.K.S., V.A.), Rochester, Minn.",,Phillips,Bradley G.,Bradley G. Phillips,,additional,
"From the University of Padova (V.A., M.P., P. Palatini, P. Pauletto), Padova, Italy; the University of Iowa (B.G.P.), Iowa City; the Medical University Gdansk (M.W.), Gdansk, Poland; and the Mayo Clinic (M.W., V.K.S., V.A.), Rochester, Minn.",,Puato,Massimo,Massimo Puato,,additional,
"From the University of Padova (V.A., M.P., P. Palatini, P. Pauletto), Padova, Italy; the University of Iowa (B.G.P.), Iowa City; the Medical University Gdansk (M.W.), Gdansk, Poland; and the Mayo Clinic (M.W., V.K.S., V.A.), Rochester, Minn.",,Palatini,Paolo,Paolo Palatini,,additional,
"From the University of Padova (V.A., M.P., P. Palatini, P. Pauletto), Padova, Italy; the University of Iowa (B.G.P.), Iowa City; the Medical University Gdansk (M.W.), Gdansk, Poland; and the Mayo Clinic (M.W., V.K.S., V.A.), Rochester, Minn.",,Pauletto,Paolo,Paolo Pauletto,,additional,
