cambiaIncrement,sourceID,objectID,subjectID,eventID,occurredAt,timeObserved,relationType,sourceToken,license,termsOfUse,updatedReason,updated,eventAction,workSubtypeID,workTypeID,subjectTitle,subjectPID,jurisdiction,updatedDate
3049,cambia-lens,https://doi.org/10.1002/(sici)1096-9136(199807)15:7<539::aid-dia668>3.0.co;2-s,https://lens.org/010-759-123-661-121,8ad87022-0112-3649-6f74-dc66a2c5f6d9,2010-10-12 00:00:00,2017-11-09 21:18:56,cites,1ad0b713-78ed-4bb9-8d5d-a3c2d163d46f,https://creativecommons.org/licenses/by-sa/4.0/,https://doi.org/10.13003/CED-terms-of-use,,,add,Granted Patent,patent,"Ppar Ligands That Do Not Cause Fluid Retention, Edema Or Congestive Heart Failure",https://lens.org/010-759-123-661-121,US,
3050,cambia-lens,https://doi.org/10.1002/(sici)1096-9136(199807)15:7<539::aid-dia668>3.0.co;2-s,https://lens.org/118-460-695-888-866,313a23b1-4afc-f576-6bbc-1221778460c0,2015-09-01 00:00:00,2017-11-10 00:07:36,cites,1ad0b713-78ed-4bb9-8d5d-a3c2d163d46f,https://creativecommons.org/licenses/by-sa/4.0/,https://doi.org/10.13003/CED-terms-of-use,,,add,Granted Patent,patent,Methods And Compositions For The Sustained Release Of Chromium,https://lens.org/118-460-695-888-866,US,
3051,cambia-lens,https://doi.org/10.1002/(sici)1096-9136(199807)15:7<539::aid-dia668>3.0.co;2-s,https://lens.org/119-293-170-378-709,041fda0e-0aba-1145-6e80-6a08a5f70f0e,2010-02-04 00:00:00,2017-11-10 00:20:46,cites,1ad0b713-78ed-4bb9-8d5d-a3c2d163d46f,https://creativecommons.org/licenses/by-sa/4.0/,https://doi.org/10.13003/CED-terms-of-use,,,add,Patent Application,patent,Biomechanical Treatment For Obesity And Diabetes,https://lens.org/119-293-170-378-709,US,
3052,cambia-lens,https://doi.org/10.1002/(sici)1096-9136(199807)15:7<539::aid-dia668>3.0.co;2-s,https://lens.org/128-320-850-703-795,0fa6c905-16fe-358b-1066-87d33103503e,2009-08-13 00:00:00,2017-11-10 02:39:40,cites,1ad0b713-78ed-4bb9-8d5d-a3c2d163d46f,https://creativecommons.org/licenses/by-sa/4.0/,https://doi.org/10.13003/CED-terms-of-use,,,add,Patent Application,patent,Novel Phenylpyrrole Derivative,https://lens.org/128-320-850-703-795,WO,
3053,cambia-lens,https://doi.org/10.1002/(sici)1096-9136(199807)15:7<539::aid-dia668>3.0.co;2-s,https://lens.org/134-581-750-565-877,10fdac4b-6cc3-22b4-d970-2c8b8f1468f5,2013-06-12 00:00:00,2017-11-10 04:16:54,cites,1ad0b713-78ed-4bb9-8d5d-a3c2d163d46f,https://creativecommons.org/licenses/by-sa/4.0/,https://doi.org/10.13003/CED-terms-of-use,,,add,Patent Application,patent,Treatment And Prevention Of Diseases Related To Oxidative Stress,https://lens.org/134-581-750-565-877,EP,
3054,cambia-lens,https://doi.org/10.1002/(sici)1096-9136(199807)15:7<539::aid-dia668>3.0.co;2-s,https://lens.org/144-636-658-160-12X,10355c70-1cc6-7e70-7c01-4e0745e86ea1,2007-01-24 00:00:00,2017-11-10 06:53:01,cites,1ad0b713-78ed-4bb9-8d5d-a3c2d163d46f,https://creativecommons.org/licenses/by-sa/4.0/,https://doi.org/10.13003/CED-terms-of-use,,,add,Patent Application,patent,Use Of Substitued Pyrazoline Compounds For The Preparation Of Medicaments For The Treatment Of Metabolic Syndrome,https://lens.org/144-636-658-160-12X,EP,
3055,cambia-lens,https://doi.org/10.1002/(sici)1096-9136(199807)15:7<539::aid-dia668>3.0.co;2-s,https://lens.org/168-890-568-537-450,f3e16207-a39a-3d3a-bffb-bbd04198e757,2012-09-13 00:00:00,2017-11-10 13:19:05,cites,1ad0b713-78ed-4bb9-8d5d-a3c2d163d46f,https://creativecommons.org/licenses/by-sa/4.0/,https://doi.org/10.13003/CED-terms-of-use,,,add,Patent Application,patent,Dipyridylamine Derivative,https://lens.org/168-890-568-537-450,WO,
3056,cambia-lens,https://doi.org/10.1002/(sici)1096-9136(199807)15:7<539::aid-dia668>3.0.co;2-s,https://lens.org/172-489-440-839-517,9c929c5a-47ee-b0ec-6a58-9f58fddce743,2014-04-24 00:00:00,2017-11-10 14:20:41,cites,1ad0b713-78ed-4bb9-8d5d-a3c2d163d46f,https://creativecommons.org/licenses/by-sa/4.0/,https://doi.org/10.13003/CED-terms-of-use,,,add,Patent Application,patent,2-Phenyl-5-Heterocyclyl-Tetrahydro-2H-Pyran-3-Amine Compounds For Use In The Treatment Of Diabetes And Its Associated Disorders,https://lens.org/172-489-440-839-517,WO,
3057,cambia-lens,https://doi.org/10.1002/(sici)1096-9136(199807)15:7<539::aid-dia668>3.0.co;2-s,https://lens.org/174-431-322-026-305,60ed5729-cc01-5a88-120f-da83b5e8d082,2007-01-17 00:00:00,2017-11-10 14:54:25,cites,1ad0b713-78ed-4bb9-8d5d-a3c2d163d46f,https://creativecommons.org/licenses/by-sa/4.0/,https://doi.org/10.13003/CED-terms-of-use,,,add,Patent Application,patent,Combination Of A Substituted Pyrazoline Compound And A Drug Used In Food-Related Disorders,https://lens.org/174-431-322-026-305,EP,
3058,cambia-lens,https://doi.org/10.1002/(sici)1096-9136(199807)15:7<539::aid-dia668>3.0.co;2-s,https://lens.org/180-744-508-537-79X,6b70f936-4eec-1de6-6d59-d551046f32ac,2010-12-02 00:00:00,2017-11-10 16:41:26,cites,1ad0b713-78ed-4bb9-8d5d-a3c2d163d46f,https://creativecommons.org/licenses/by-sa/4.0/,https://doi.org/10.13003/CED-terms-of-use,,,add,Patent Application,patent,"Substituted Imidazo[1,5-A]Quinoxalines As Inhibitors Of Phosphodiesterase 10",https://lens.org/180-744-508-537-79X,WO,
3059,cambia-lens,https://doi.org/10.1002/(sici)1096-9136(199807)15:7<539::aid-dia668>3.0.co;2-s,https://lens.org/183-315-765-066-603,33035236-7111-cf7d-a2c2-97863c238109,2013-01-08 00:00:00,2017-11-10 17:24:56,cites,1ad0b713-78ed-4bb9-8d5d-a3c2d163d46f,https://creativecommons.org/licenses/by-sa/4.0/,https://doi.org/10.13003/CED-terms-of-use,,,add,Granted Patent,patent,Method Of Treating And/Or Preventing Type Ii Diabetes Using Actinomycetales,https://lens.org/183-315-765-066-603,US,
3060,cambia-lens,https://doi.org/10.1002/(sici)1096-9136(199807)15:7<539::aid-dia668>3.0.co;2-s,https://lens.org/191-799-498-555-456,9a8697df-7100-6bac-a637-c422c8a1df8a,2007-01-17 00:00:00,2017-11-10 19:49:08,cites,1ad0b713-78ed-4bb9-8d5d-a3c2d163d46f,https://creativecommons.org/licenses/by-sa/4.0/,https://doi.org/10.13003/CED-terms-of-use,,,add,Patent Application,patent,"Substituted Pyrazoline Compounds, Their Preparation And Use As Medicaments",https://lens.org/191-799-498-555-456,EP,
3061,cambia-lens,https://doi.org/10.1002/(sici)1096-9136(199807)15:7<539::aid-dia668>3.0.co;2-s,https://lens.org/193-023-265-356-071,8d8a50f5-ab1d-9ca4-0480-99fd12f0480c,2015-04-14 00:00:00,2017-11-10 20:09:56,cites,1ad0b713-78ed-4bb9-8d5d-a3c2d163d46f,https://creativecommons.org/licenses/by-sa/4.0/,https://doi.org/10.13003/CED-terms-of-use,,,add,Granted Patent,patent,Multiple Unit Dosage Form Having A Therapeutic Agent In Combination With A Nutritional Supplement,https://lens.org/193-023-265-356-071,US,
3062,cambia-lens,https://doi.org/10.1002/(sici)1096-9136(199807)15:7<539::aid-dia668>3.0.co;2-s,https://lens.org/197-117-914-724-86X,6cf087b1-3044-0017-0d57-feeb94a356f7,2016-08-23 00:00:00,2017-11-10 21:19:21,cites,1ad0b713-78ed-4bb9-8d5d-a3c2d163d46f,https://creativecommons.org/licenses/by-sa/4.0/,https://doi.org/10.13003/CED-terms-of-use,,,add,Granted Patent,patent,Multiple Unit Dosage Form Having A Therapeutic Agent In Combination With A Nutritional Supplement,https://lens.org/197-117-914-724-86X,US,
3063,cambia-lens,https://doi.org/10.1002/(sici)1096-9136(199807)15:7<539::aid-dia668>3.0.co;2-s,https://lens.org/026-296-761-956-63X,486071f9-7350-927e-b864-2923b59d32b4,2007-09-05 00:00:00,2017-11-10 23:47:44,cites,1ad0b713-78ed-4bb9-8d5d-a3c2d163d46f,https://creativecommons.org/licenses/by-sa/4.0/,https://doi.org/10.13003/CED-terms-of-use,,,add,Patent Application,patent,Use Of Compounds Binding To The Sigma Receptor For The Treatment Of Metabolic Syndrome,https://lens.org/026-296-761-956-63X,EP,
3064,cambia-lens,https://doi.org/10.1002/(sici)1096-9136(199807)15:7<539::aid-dia668>3.0.co;2-s,https://lens.org/027-510-189-575-414,533592db-fd0d-cc3c-a17a-dc357db3d027,2009-03-04 00:00:00,2017-11-11 00:06:24,cites,1ad0b713-78ed-4bb9-8d5d-a3c2d163d46f,https://creativecommons.org/licenses/by-sa/4.0/,https://doi.org/10.13003/CED-terms-of-use,,,add,Patent Application,patent,Use Of Actimomycetales For The Treatment Of Diabetes Type Ii,https://lens.org/027-510-189-575-414,EP,
3065,cambia-lens,https://doi.org/10.1002/(sici)1096-9136(199807)15:7<539::aid-dia668>3.0.co;2-s,https://lens.org/042-024-463-481-147,35c0def5-1e16-d578-8e9b-9da9261bc5f2,2011-02-08 00:00:00,2017-11-11 03:50:59,cites,1ad0b713-78ed-4bb9-8d5d-a3c2d163d46f,https://creativecommons.org/licenses/by-sa/4.0/,https://doi.org/10.13003/CED-terms-of-use,,,add,Granted Patent,patent,Carboxyltransferase Domain Of Acetyl-Coa Carboxylase,https://lens.org/042-024-463-481-147,US,
3066,cambia-lens,https://doi.org/10.1002/(sici)1096-9136(199807)15:7<539::aid-dia668>3.0.co;2-s,https://lens.org/048-261-112-347-867,661eaad9-3dc7-7b92-6a7a-8d79ad0af851,2006-11-09 00:00:00,2017-11-11 05:27:53,cites,1ad0b713-78ed-4bb9-8d5d-a3c2d163d46f,https://creativecommons.org/licenses/by-sa/4.0/,https://doi.org/10.13003/CED-terms-of-use,,,add,Patent Application,patent,Prophylactic/Therapeutic Agent For Abnormalities Of Sugar/Lipid Metabolism,https://lens.org/048-261-112-347-867,WO,
3067,cambia-lens,https://doi.org/10.1002/(sici)1096-9136(199807)15:7<539::aid-dia668>3.0.co;2-s,https://lens.org/049-226-554-794-835,f415aade-5ca3-0720-a0af-f6c70069f400,2011-01-25 00:00:00,2017-11-11 05:42:37,cites,1ad0b713-78ed-4bb9-8d5d-a3c2d163d46f,https://creativecommons.org/licenses/by-sa/4.0/,https://doi.org/10.13003/CED-terms-of-use,,,add,Granted Patent,patent,"Substituted Imidazo[1,5-A]Quinoxalines Useful As Inhibitors Of Phosphodiesterase 10 For The Treatment Of Neurological And Other Disorders",https://lens.org/049-226-554-794-835,US,
3068,cambia-lens,https://doi.org/10.1002/(sici)1096-9136(199807)15:7<539::aid-dia668>3.0.co;2-s,https://lens.org/005-507-988-377-419,3491bc7c-f87e-8b69-453e-3d6e829eef9c,2007-06-19 00:00:00,2017-11-11 07:15:42,cites,1ad0b713-78ed-4bb9-8d5d-a3c2d163d46f,https://creativecommons.org/licenses/by-sa/4.0/,https://doi.org/10.13003/CED-terms-of-use,,,add,Granted Patent,patent,"Ppar Ligands That Do Not Cause Fluid Retention, Edema Or Congestive Heart Failure",https://lens.org/005-507-988-377-419,US,
3069,cambia-lens,https://doi.org/10.1002/(sici)1096-9136(199807)15:7<539::aid-dia668>3.0.co;2-s,https://lens.org/056-864-711-549-236,2ec709de-45d6-28cf-860b-97f5103aa622,2016-05-06 00:00:00,2017-11-11 07:43:37,cites,1ad0b713-78ed-4bb9-8d5d-a3c2d163d46f,https://creativecommons.org/licenses/by-sa/4.0/,https://doi.org/10.13003/CED-terms-of-use,,,add,Patent Application,patent,A Method For Predicting The Risk Of Obesity In A Subject,https://lens.org/056-864-711-549-236,WO,
3070,cambia-lens,https://doi.org/10.1002/(sici)1096-9136(199807)15:7<539::aid-dia668>3.0.co;2-s,https://lens.org/057-924-769-462-887,e51031e7-d199-f1b9-3ed8-d3a200731475,2012-01-03 00:00:00,2017-11-11 08:00:04,cites,1ad0b713-78ed-4bb9-8d5d-a3c2d163d46f,https://creativecommons.org/licenses/by-sa/4.0/,https://doi.org/10.13003/CED-terms-of-use,,,add,Granted Patent,patent,Use Of Glp-1 Compound For Treatment Of Critically Ill Patients,https://lens.org/057-924-769-462-887,US,
3071,cambia-lens,https://doi.org/10.1002/(sici)1096-9136(199807)15:7<539::aid-dia668>3.0.co;2-s,https://lens.org/061-628-195-210-346,5ade8b7a-8af1-1c7c-57ce-fe04cb8672d6,2012-10-26 00:00:00,2017-11-11 08:57:30,cites,1ad0b713-78ed-4bb9-8d5d-a3c2d163d46f,https://creativecommons.org/licenses/by-sa/4.0/,https://doi.org/10.13003/CED-terms-of-use,,,add,Patent Application,patent,Tetrahydrothiazepine Derivative,https://lens.org/061-628-195-210-346,WO,
3072,cambia-lens,https://doi.org/10.1002/(sici)1096-9136(199807)15:7<539::aid-dia668>3.0.co;2-s,https://lens.org/066-332-282-886-095,6aefb389-8a95-bb5c-97a6-673c8254f954,2007-02-28 00:00:00,2017-11-11 10:09:35,cites,1ad0b713-78ed-4bb9-8d5d-a3c2d163d46f,https://creativecommons.org/licenses/by-sa/4.0/,https://doi.org/10.13003/CED-terms-of-use,,,add,Patent Application,patent,"Substituted Pyrazoline Compounds, Their Preparation And Use As Medicaments",https://lens.org/066-332-282-886-095,EP,
3073,cambia-lens,https://doi.org/10.1002/(sici)1096-9136(199807)15:7<539::aid-dia668>3.0.co;2-s,https://lens.org/080-121-997-263-69X,0e85bb37-45bf-363a-33d1-6a133bab61a5,2008-02-13 00:00:00,2017-11-11 13:57:32,cites,1ad0b713-78ed-4bb9-8d5d-a3c2d163d46f,https://creativecommons.org/licenses/by-sa/4.0/,https://doi.org/10.13003/CED-terms-of-use,,,add,Patent Application,patent,Novel Ppar Ligands That Do Not Cause Fluid Retention Edema Or Congestive Heart Failure,https://lens.org/080-121-997-263-69X,EP,
3074,cambia-lens,https://doi.org/10.1002/(sici)1096-9136(199807)15:7<539::aid-dia668>3.0.co;2-s,https://lens.org/082-380-472-493-571,1131eee8-5f3f-1c83-a16f-36dd38e0fe78,2015-01-13 00:00:00,2017-11-11 14:35:57,cites,1ad0b713-78ed-4bb9-8d5d-a3c2d163d46f,https://creativecommons.org/licenses/by-sa/4.0/,https://doi.org/10.13003/CED-terms-of-use,,,add,Granted Patent,patent,Methods And Compositions For The Treatment And Prevention Hypoglycemia And Related Disorders,https://lens.org/082-380-472-493-571,US,
3075,cambia-lens,https://doi.org/10.1002/(sici)1096-9136(199807)15:7<539::aid-dia668>3.0.co;2-s,https://lens.org/008-255-117-411-15X,df746a0c-dfbb-838a-28f3-6d45b5e26386,2012-12-27 00:00:00,2017-11-11 14:38:38,cites,1ad0b713-78ed-4bb9-8d5d-a3c2d163d46f,https://creativecommons.org/licenses/by-sa/4.0/,https://doi.org/10.13003/CED-terms-of-use,,,add,Patent Application,patent,Treatment And Prevention Of Diseases Related To Oxidative Stress,https://lens.org/008-255-117-411-15X,WO,
3076,cambia-lens,https://doi.org/10.1002/(sici)1096-9136(199807)15:7<539::aid-dia668>3.0.co;2-s,https://lens.org/087-312-003-295-107,35829873-1946-147a-a284-fd804b310b27,2008-11-04 00:00:00,2017-11-11 15:59:07,cites,1ad0b713-78ed-4bb9-8d5d-a3c2d163d46f,https://creativecommons.org/licenses/by-sa/4.0/,https://doi.org/10.13003/CED-terms-of-use,,,add,Granted Patent,patent,Methods And Preparations For Curing Clinically Ill Patients,https://lens.org/087-312-003-295-107,US,
3077,cambia-lens,https://doi.org/10.1002/(sici)1096-9136(199807)15:7<539::aid-dia668>3.0.co;2-s,https://lens.org/099-172-626-245-249,c122c3ae-4aa2-1749-383f-2352f3267ba1,2012-09-07 00:00:00,2017-11-11 19:23:20,cites,1ad0b713-78ed-4bb9-8d5d-a3c2d163d46f,https://creativecommons.org/licenses/by-sa/4.0/,https://doi.org/10.13003/CED-terms-of-use,,,add,Patent Application,patent,"Compositions Of Insulin And Chromium For The Treatment And Prevention Of Diabetes, Hypoglycemia And Related Disorders",https://lens.org/099-172-626-245-249,WO,
3078,cambia-lens,https://doi.org/10.1002/(sici)1096-9136(199807)15:7<539::aid-dia668>3.0.co;2-s,https://lens.org/099-269-266-872-214,c1203681-21b8-2cd0-c185-ab5ddf39c708,2011-01-11 00:00:00,2017-11-11 19:25:07,cites,1ad0b713-78ed-4bb9-8d5d-a3c2d163d46f,https://creativecommons.org/licenses/by-sa/4.0/,https://doi.org/10.13003/CED-terms-of-use,,,add,Granted Patent,patent,Compositions Comprising Novel Ppar Ligands And Anti-Hyperlipemic Agents,https://lens.org/099-269-266-872-214,US,
