crossRefIncrement,sourceID,objectID,subjectID,eventID,occurredAt,timeObserved,relationType,sourceToken,license,crossrefTermsOfUse,messageAction
10242,crossref,https://doi.org/10.1002/(SICI)1096-9136(199807)15:7<539::AID-DIA668>3.0.CO;2-S,https://doi.org/10.1002/jsfa.4615,3972f7ff-4140-48f8-89af-632aed4088c2,2011-09-23 00:00:00,2019-06-17 09:13:02,references,8676e950-8ac5-4074-8ac3-c0a18ada7e99,https://doi.org/10.13003/CED-terms-of-use,https://doi.org/10.13003/CED-terms-of-use,create
10243,crossref,https://doi.org/10.1002/(SICI)1096-9136(199807)15:7<539::AID-DIA668>3.0.CO;2-S,https://doi.org/10.5530/ax.2011.3.13,22656946-2091-4d15-9575-04e28ded76a0,2011-07-01 00:00:00,2019-06-19 06:37:01,references,8676e950-8ac5-4074-8ac3-c0a18ada7e99,https://doi.org/10.13003/CED-terms-of-use,https://doi.org/10.13003/CED-terms-of-use,create
10244,crossref,https://doi.org/10.1002/(SICI)1096-9136(199807)15:7<539::AID-DIA668>3.0.CO;2-S,https://doi.org/10.1007/s10096-011-1443-3,162a88b7-fada-421a-b5b4-9adebd6779f9,2011-10-25 00:00:00,2019-06-19 12:09:09,references,8676e950-8ac5-4074-8ac3-c0a18ada7e99,https://doi.org/10.13003/CED-terms-of-use,https://doi.org/10.13003/CED-terms-of-use,create
10245,crossref,https://doi.org/10.1002/(SICI)1096-9136(199807)15:7<539::AID-DIA668>3.0.CO;2-S,https://doi.org/10.1097/TP.0b013e3182398058,cf9dd41a-d094-4dcc-879c-4194284f884a,2012-01-01 00:00:00,2019-06-20 22:44:21,references,8676e950-8ac5-4074-8ac3-c0a18ada7e99,https://doi.org/10.13003/CED-terms-of-use,https://doi.org/10.13003/CED-terms-of-use,create
10246,crossref,https://doi.org/10.1002/(sici)1096-9136(199807)15:7<539::aid-dia668>3.0.co;2-s,https://doi.org/10.1007/s40618-018-0985-y,937d0b01-ff6d-44ea-8b7c-e3b7ab971fcc,2018-11-21 00:00:00,2019-06-20 23:27:38,references,8676e950-8ac5-4074-8ac3-c0a18ada7e99,https://doi.org/10.13003/CED-terms-of-use,https://doi.org/10.13003/CED-terms-of-use,create
10247,crossref,https://doi.org/10.1002/(SICI)1096-9136(199807)15:7<539::AID-DIA668>3.0.CO;2-S,https://doi.org/10.1586/eem.11.89,e491c365-3a8b-44a5-aef6-d612755b9c49,2012-01-01 00:00:00,2019-06-21 06:55:46,references,8676e950-8ac5-4074-8ac3-c0a18ada7e99,https://doi.org/10.13003/CED-terms-of-use,https://doi.org/10.13003/CED-terms-of-use,create
10248,crossref,https://doi.org/10.1002/(SICI)1096-9136(199807)15:7<539::AID-DIA668>3.0.CO;2-S,https://doi.org/10.3109/01443615.2011.618893,b1713e50-97c6-4b0e-8a11-1c388cbf2cb6,2011-12-20 00:00:00,2019-06-21 08:54:23,references,8676e950-8ac5-4074-8ac3-c0a18ada7e99,https://doi.org/10.13003/CED-terms-of-use,https://doi.org/10.13003/CED-terms-of-use,create
10249,crossref,https://doi.org/10.1002/(SICI)1096-9136(199807)15:7<539::AID-DIA668>3.0.CO;2-S,https://doi.org/10.1016/S0020-7292(11)60013-1,a00c4c1f-44b3-4518-9f15-43793d2c8ff0,2011-11-01 00:00:00,2019-06-21 14:23:19,references,8676e950-8ac5-4074-8ac3-c0a18ada7e99,https://doi.org/10.13003/CED-terms-of-use,https://doi.org/10.13003/CED-terms-of-use,create
10250,crossref,https://doi.org/10.1002/(SICI)1096-9136(199807)15:7<539::AID-DIA668>3.0.CO;2-S,https://doi.org/10.2337/dc18-2549,82f75163-d670-4954-b83f-2302890eaf7a,2019-05-10 00:00:00,2019-06-21 16:25:47,references,8676e950-8ac5-4074-8ac3-c0a18ada7e99,https://doi.org/10.13003/CED-terms-of-use,https://doi.org/10.13003/CED-terms-of-use,create
10251,crossref,https://doi.org/10.1002/(SICI)1096-9136(199807)15:7<539::AID-DIA668>3.0.CO;2-S,https://doi.org/10.2337/dc18-2655,1f227c59-34bc-4364-8a39-280766032c29,2019-05-10 00:00:00,2019-06-21 16:50:28,references,8676e950-8ac5-4074-8ac3-c0a18ada7e99,https://doi.org/10.13003/CED-terms-of-use,https://doi.org/10.13003/CED-terms-of-use,create
10252,crossref,https://doi.org/10.1002/(SICI)1096-9136(199807)15:7<539::AID-DIA668>3.0.CO;2-S,https://doi.org/10.1159/000334070,98fed3aa-fc84-4a7c-982c-e7feced8e91a,2011-01-01 00:00:00,2019-06-22 06:02:16,references,8676e950-8ac5-4074-8ac3-c0a18ada7e99,https://doi.org/10.13003/CED-terms-of-use,https://doi.org/10.13003/CED-terms-of-use,create
10253,crossref,https://doi.org/10.1002/(SICI)1096-9136(199807)15:7<539::AID-DIA668>3.0.CO;2-S,https://doi.org/10.1007/s10441-011-9143-z,a36651d2-f369-405d-9425-a74624c2a6a1,2011-12-27 00:00:00,2019-06-22 16:19:37,references,8676e950-8ac5-4074-8ac3-c0a18ada7e99,https://doi.org/10.13003/CED-terms-of-use,https://doi.org/10.13003/CED-terms-of-use,create
10254,crossref,https://doi.org/10.1002/(SICI)1096-9136(199807)15:7<539::AID-DIA668>3.0.CO;2-S,https://doi.org/10.1093/ehjci/jey217,976df60c-c6e2-4378-9eb8-e8a57e28210b,2019-01-09 00:00:00,2019-06-22 17:19:44,references,8676e950-8ac5-4074-8ac3-c0a18ada7e99,https://doi.org/10.13003/CED-terms-of-use,https://doi.org/10.13003/CED-terms-of-use,create
10255,crossref,https://doi.org/10.1002/(SICI)1096-9136(199807)15:7<539::AID-DIA668>3.0.CO;2-S,https://doi.org/10.1002/14651858.CD008101.pub2,116ffbd8-794e-43bb-992f-1a3a63e1aa40,2012-01-18 00:00:00,2019-06-23 11:12:46,references,8676e950-8ac5-4074-8ac3-c0a18ada7e99,https://doi.org/10.13003/CED-terms-of-use,https://doi.org/10.13003/CED-terms-of-use,create
10256,crossref,https://doi.org/10.1002/(SICI)1096-9136(199807)15:7<539::AID-DIA668>3.0.CO;2-S,https://doi.org/10.1002/14651858.CD005060.pub3,e790bcc0-90a0-4de8-9970-270f6b0d83a9,2012-01-18 00:00:00,2019-06-23 12:02:02,references,8676e950-8ac5-4074-8ac3-c0a18ada7e99,https://doi.org/10.13003/CED-terms-of-use,https://doi.org/10.13003/CED-terms-of-use,create
10257,crossref,https://doi.org/10.1002/(SICI)1096-9136(199807)15:7<539::AID-DIA668>3.0.CO;2-S,https://doi.org/10.1002/14651858.CD008489.pub2,65564ddd-9341-44dc-be98-85a088df7aa8,2011-12-07 00:00:00,2019-06-23 14:51:40,references,8676e950-8ac5-4074-8ac3-c0a18ada7e99,https://doi.org/10.13003/CED-terms-of-use,https://doi.org/10.13003/CED-terms-of-use,create
10258,crossref,https://doi.org/10.1002/(SICI)1096-9136(199807)15:7<539::AID-DIA668>3.0.CO;2-S,https://doi.org/10.1007/s11239-011-0669-3,7d742e42-db7a-4b39-af3d-1e8d6cbc9c09,2011-12-29 00:00:00,2019-06-23 21:15:06,references,8676e950-8ac5-4074-8ac3-c0a18ada7e99,https://doi.org/10.13003/CED-terms-of-use,https://doi.org/10.13003/CED-terms-of-use,create
10259,crossref,https://doi.org/10.1002/(SICI)1096-9136(199807)15:7<539::AID-DIA668>3.0.CO;2-S,https://doi.org/10.6118/jksm.2011.17.3.127,cc56b2bd-d036-4cea-82d3-eb5b14551bc6,2011-01-01 00:00:00,2019-06-23 21:49:09,references,8676e950-8ac5-4074-8ac3-c0a18ada7e99,https://doi.org/10.13003/CED-terms-of-use,https://doi.org/10.13003/CED-terms-of-use,create
10260,crossref,https://doi.org/10.1002/(SICI)1096-9136(199807)15:7<539::AID-DIA668>3.0.CO;2-S,https://doi.org/10.6009/jjrt.63.276,fd83b1d3-d878-4235-99c8-67e95034a02a,2007-01-01 00:00:00,2019-06-24 04:48:25,references,8676e950-8ac5-4074-8ac3-c0a18ada7e99,https://doi.org/10.13003/CED-terms-of-use,https://doi.org/10.13003/CED-terms-of-use,create
10261,crossref,https://doi.org/10.1002/(SICI)1096-9136(199807)15:7<539::AID-DIA668>3.0.CO;2-S,https://doi.org/10.1111/j.1463-1326.2012.01582.x,781530fe-0eb0-4dba-bf91-a2347040d319,2012-03-08 00:00:00,2019-06-25 04:40:34,references,8676e950-8ac5-4074-8ac3-c0a18ada7e99,https://doi.org/10.13003/CED-terms-of-use,https://doi.org/10.13003/CED-terms-of-use,create
10262,crossref,https://doi.org/10.1002/(SICI)1096-9136(199807)15:7<539::AID-DIA668>3.0.CO;2-S,https://doi.org/10.1007/s10654-012-9667-9,3f9d7ae4-ca5e-41ab-8580-2901290e0c7f,2012-03-01 00:00:00,2019-06-25 20:38:24,references,8676e950-8ac5-4074-8ac3-c0a18ada7e99,https://doi.org/10.13003/CED-terms-of-use,https://doi.org/10.13003/CED-terms-of-use,create
10263,crossref,https://doi.org/10.1002/(SICI)1096-9136(199807)15:7<539::AID-DIA668>3.0.CO;2-S,https://doi.org/10.1007/s11010-012-1276-0,4edf675b-7a36-4c69-ba3c-843c598e47cc,2012-03-13 00:00:00,2019-06-25 23:45:04,references,8676e950-8ac5-4074-8ac3-c0a18ada7e99,https://doi.org/10.13003/CED-terms-of-use,https://doi.org/10.13003/CED-terms-of-use,create
10264,crossref,https://doi.org/10.1002/(SICI)1096-9136(199807)15:7<539::AID-DIA668>3.0.CO;2-S,https://doi.org/10.1201/b11775-8,e56110bd-d61c-45cc-928c-8f3914498d0b,2012-03-08 00:00:00,2019-06-26 04:37:05,references,8676e950-8ac5-4074-8ac3-c0a18ada7e99,https://doi.org/10.13003/CED-terms-of-use,https://doi.org/10.13003/CED-terms-of-use,create
10265,crossref,https://doi.org/10.1002/(SICI)1096-9136(199807)15:7<539::AID-DIA668>3.0.CO;2-S,https://doi.org/10.1186/s40816-018-0076-9,7142ac3e-8641-44bf-aa99-ce2aaee14233,2018-06-26 00:00:00,2019-06-26 10:21:10,references,8676e950-8ac5-4074-8ac3-c0a18ada7e99,https://doi.org/10.13003/CED-terms-of-use,https://doi.org/10.13003/CED-terms-of-use,create
10266,crossref,https://doi.org/10.1002/(SICI)1096-9136(199807)15:7<539::AID-DIA668>3.0.CO;2-S,https://doi.org/10.1007/s00223-018-0446-9,406877bb-d91c-448c-8e5c-d63c78c519e4,2018-06-26 00:00:00,2019-06-26 15:51:13,references,8676e950-8ac5-4074-8ac3-c0a18ada7e99,https://doi.org/10.13003/CED-terms-of-use,https://doi.org/10.13003/CED-terms-of-use,create
10267,crossref,https://doi.org/10.1002/(SICI)1096-9136(199807)15:7<539::AID-DIA668>3.0.CO;2-S,https://doi.org/10.1590/S0103-05822012000100008,5f305a47-a926-4acf-bd78-fec9b09bce0a,2012-01-01 00:00:00,2019-06-27 00:28:19,references,8676e950-8ac5-4074-8ac3-c0a18ada7e99,https://doi.org/10.13003/CED-terms-of-use,https://doi.org/10.13003/CED-terms-of-use,create
10268,crossref,https://doi.org/10.1002/(SICI)1096-9136(199807)15:7<539::AID-DIA668>3.0.CO;2-S,https://doi.org/10.1007/s00125-012-2533-1,d409e3be-8d81-4858-82bd-2279d411d8a1,2012-03-27 00:00:00,2019-06-27 03:38:03,references,8676e950-8ac5-4074-8ac3-c0a18ada7e99,https://doi.org/10.13003/CED-terms-of-use,https://doi.org/10.13003/CED-terms-of-use,create
10269,crossref,https://doi.org/10.1002/(SICI)1096-9136(199807)15:7<539::AID-DIA668>3.0.CO;2-S,https://doi.org/10.3390/nu11050998,4da4832a-d66c-488d-b024-8e174b16caeb,2019-05-01 00:00:00,2019-06-27 07:44:14,references,8676e950-8ac5-4074-8ac3-c0a18ada7e99,https://doi.org/10.13003/CED-terms-of-use,https://doi.org/10.13003/CED-terms-of-use,create
10270,crossref,https://doi.org/10.1002/(SICI)1096-9136(199807)15:7<539::AID-DIA668>3.0.CO;2-S,https://doi.org/10.4082/kjfm.2012.33.2.70,1098cf7b-46fa-4efd-9df5-4357c96d46b9,2012-01-01 00:00:00,2019-06-27 16:26:57,references,8676e950-8ac5-4074-8ac3-c0a18ada7e99,https://doi.org/10.13003/CED-terms-of-use,https://doi.org/10.13003/CED-terms-of-use,create
10271,crossref,https://doi.org/10.1002/(SICI)1096-9136(199807)15:7<539::AID-DIA668>3.0.CO;2-S,https://doi.org/10.1371/journal.pone.0218875,2c1b09ab-ddbc-4162-889d-5961351caea2,2019-06-27 00:00:00,2019-06-29 04:20:59,references,8676e950-8ac5-4074-8ac3-c0a18ada7e99,https://doi.org/10.13003/CED-terms-of-use,https://doi.org/10.13003/CED-terms-of-use,create
10272,crossref,https://doi.org/10.1002/(SICI)1096-9136(199807)15:7<539::AID-DIA668>3.0.CO;2-S,https://doi.org/10.2174/1874192401004010014,c518d5f9-4ae7-4ad6-b805-87192faa1bad,2010-01-29 00:00:00,2019-06-29 04:24:37,references,8676e950-8ac5-4074-8ac3-c0a18ada7e99,https://doi.org/10.13003/CED-terms-of-use,https://doi.org/10.13003/CED-terms-of-use,create
10273,crossref,https://doi.org/10.1002/(SICI)1096-9136(199807)15:7<539::AID-DIA668>3.0.CO;2-S,https://doi.org/10.3349/ymj.2010.51.4.511,3f922291-bb41-4a86-b785-7333d00b5bff,2010-01-01 00:00:00,2019-06-29 10:22:31,references,8676e950-8ac5-4074-8ac3-c0a18ada7e99,https://doi.org/10.13003/CED-terms-of-use,https://doi.org/10.13003/CED-terms-of-use,create
10274,crossref,https://doi.org/10.1002/(SICI)1096-9136(199807)15:7<539::AID-DIA668>3.0.CO;2-S,https://doi.org/10.3349/ymj.2011.52.2.220,f0d4ebf8-03ed-4b45-a3d2-bb3e3e7998d9,2011-01-01 00:00:00,2019-06-29 10:34:25,references,8676e950-8ac5-4074-8ac3-c0a18ada7e99,https://doi.org/10.13003/CED-terms-of-use,https://doi.org/10.13003/CED-terms-of-use,create
10275,crossref,https://doi.org/10.1002/(SICI)1096-9136(199807)15:7<539::AID-DIA668>3.0.CO;2-S,https://doi.org/10.1002/14651858.CD012161,002b9e31-c84a-4a9d-88b8-296a688088cc,2016-06-30 00:00:00,2019-06-29 11:19:51,references,8676e950-8ac5-4074-8ac3-c0a18ada7e99,https://doi.org/10.13003/CED-terms-of-use,https://doi.org/10.13003/CED-terms-of-use,create
10276,crossref,https://doi.org/10.1002/(SICI)1096-9136(199807)15:7<539::AID-DIA668>3.0.CO;2-S,https://doi.org/10.3349/ymj.2017.58.2.326,c260316d-2c83-42d7-9867-b2f7c4d55770,2017-01-01 00:00:00,2019-06-29 14:12:26,references,8676e950-8ac5-4074-8ac3-c0a18ada7e99,https://doi.org/10.13003/CED-terms-of-use,https://doi.org/10.13003/CED-terms-of-use,create
10277,crossref,https://doi.org/10.1002/(SICI)1096-9136(199807)15:7<539::AID-DIA668>3.0.CO;2-S,https://doi.org/10.3171/2015.7.JNS15218,02376664-0375-4762-9e4c-6848ec24751e,2016-08-01 00:00:00,2019-06-29 19:14:07,references,8676e950-8ac5-4074-8ac3-c0a18ada7e99,https://doi.org/10.13003/CED-terms-of-use,https://doi.org/10.13003/CED-terms-of-use,create
10278,crossref,https://doi.org/10.1002/(SICI)1096-9136(199807)15:7<539::AID-DIA668>3.0.CO;2-S,https://doi.org/10.1093/ajcn/nqz120,ff9f86a3-51e2-4f62-b251-411dd2ec2407,2019-06-28 00:00:00,2019-06-29 21:20:48,references,8676e950-8ac5-4074-8ac3-c0a18ada7e99,https://doi.org/10.13003/CED-terms-of-use,https://doi.org/10.13003/CED-terms-of-use,create
10279,crossref,https://doi.org/10.1002/(SICI)1096-9136(199807)15:7<539::AID-DIA668>3.0.CO;2-S,https://doi.org/10.1177/2515690X18781519,b96660ac-2ba2-4605-9462-7755ba75b3a6,2018-01-01 00:00:00,2019-06-29 21:36:46,references,8676e950-8ac5-4074-8ac3-c0a18ada7e99,https://doi.org/10.13003/CED-terms-of-use,https://doi.org/10.13003/CED-terms-of-use,create
10280,crossref,https://doi.org/10.1002/(SICI)1096-9136(199807)15:7<539::AID-DIA668>3.0.CO;2-S,https://doi.org/10.3171/2013.9.SPINE12671,d297e610-5c8b-4830-a830-8de76c86908e,2014-01-01 00:00:00,2019-06-30 07:02:48,references,8676e950-8ac5-4074-8ac3-c0a18ada7e99,https://doi.org/10.13003/CED-terms-of-use,https://doi.org/10.13003/CED-terms-of-use,create
10281,crossref,https://doi.org/10.1002/(SICI)1096-9136(199807)15:7<539::AID-DIA668>3.0.CO;2-S,https://doi.org/10.3945/ajcn.111.011858,4830bec6-655c-4d0e-a3ce-9f5313f9737f,2012-05-30 00:00:00,2019-06-30 08:08:07,references,8676e950-8ac5-4074-8ac3-c0a18ada7e99,https://doi.org/10.13003/CED-terms-of-use,https://doi.org/10.13003/CED-terms-of-use,create
10282,crossref,https://doi.org/10.1002/(SICI)1096-9136(199807)15:7<539::AID-DIA668>3.0.CO;2-S,https://doi.org/10.4254/wjh.v4.i4.129,3bd32a9c-fad4-4b85-9516-03eff34dffbf,2012-01-01 00:00:00,2019-06-30 16:34:35,references,8676e950-8ac5-4074-8ac3-c0a18ada7e99,https://doi.org/10.13003/CED-terms-of-use,https://doi.org/10.13003/CED-terms-of-use,create
10283,crossref,https://doi.org/10.1002/(SICI)1096-9136(199807)15:7<539::AID-DIA668>3.0.CO;2-S,https://doi.org/10.1111/j.1440-1843.2012.02184.x,7a1e3c3c-44c1-4dbd-80db-5fb1a5fe0bc4,2012-06-26 00:00:00,2019-07-01 09:17:20,references,8676e950-8ac5-4074-8ac3-c0a18ada7e99,https://doi.org/10.13003/CED-terms-of-use,https://doi.org/10.13003/CED-terms-of-use,create
10284,crossref,https://doi.org/10.1002/(SICI)1096-9136(199807)15:7<539::AID-DIA668>3.0.CO;2-S,https://doi.org/10.1038/oby.2012.173,53c1a52f-2969-4e98-b72e-fbcd1a83e204,2012-06-20 00:00:00,2019-07-01 12:28:32,references,8676e950-8ac5-4074-8ac3-c0a18ada7e99,https://doi.org/10.13003/CED-terms-of-use,https://doi.org/10.13003/CED-terms-of-use,create
10285,crossref,https://doi.org/10.1002/(SICI)1096-9136(199807)15:7<539::AID-DIA668>3.0.CO;2-S,https://doi.org/10.7717/peerj.7164,22349274-f723-43ac-a0ee-ce21e47f6750,2019-06-28 00:00:00,2019-07-02 00:27:48,references,8676e950-8ac5-4074-8ac3-c0a18ada7e99,https://doi.org/10.13003/CED-terms-of-use,https://doi.org/10.13003/CED-terms-of-use,create
10286,crossref,https://doi.org/10.1002/(SICI)1096-9136(199807)15:7<539::AID-DIA668>3.0.CO;2-S,https://doi.org/10.5720/kjcn.2017.22.1.63,2e3842c3-fef4-4e4c-80e7-5d7356f9c037,2017-01-01 00:00:00,2019-07-02 03:37:48,references,8676e950-8ac5-4074-8ac3-c0a18ada7e99,https://doi.org/10.13003/CED-terms-of-use,https://doi.org/10.13003/CED-terms-of-use,create
10287,crossref,https://doi.org/10.1002/(SICI)1096-9136(199807)15:7<539::AID-DIA668>3.0.CO;2-S,https://doi.org/10.4093/kdj.2008.32.2.157,426852fd-8868-4d6a-b52d-d71e70a64a37,2008-01-01 00:00:00,2019-07-02 06:58:50,references,8676e950-8ac5-4074-8ac3-c0a18ada7e99,https://doi.org/10.13003/CED-terms-of-use,https://doi.org/10.13003/CED-terms-of-use,create
10288,crossref,https://doi.org/10.1002/(SICI)1096-9136(199807)15:7<539::AID-DIA668>3.0.CO;2-S,https://doi.org/10.4163/jnh.2014.47.5.313,a682b22a-50a0-4ba4-83c5-d88cf0850745,2014-01-01 00:00:00,2019-07-02 16:58:36,references,8676e950-8ac5-4074-8ac3-c0a18ada7e99,https://doi.org/10.13003/CED-terms-of-use,https://doi.org/10.13003/CED-terms-of-use,create
10289,crossref,https://doi.org/10.1002/(SICI)1096-9136(199807)15:7<539::AID-DIA668>3.0.CO;2-S,https://doi.org/10.4093/jkda.2006.30.1.10,cc704b35-613e-42bf-9774-2eeac5896352,2006-01-01 00:00:00,2019-07-02 20:11:36,references,8676e950-8ac5-4074-8ac3-c0a18ada7e99,https://doi.org/10.13003/CED-terms-of-use,https://doi.org/10.13003/CED-terms-of-use,create
10290,crossref,https://doi.org/10.1002/(SICI)1096-9136(199807)15:7<539::AID-DIA668>3.0.CO;2-S,https://doi.org/10.1002/14651858.CD011507.pub2,fc411543-1d74-4d34-bb3c-1a9a871af424,2015-12-17 00:00:00,2019-07-02 21:13:29,references,8676e950-8ac5-4074-8ac3-c0a18ada7e99,https://doi.org/10.13003/CED-terms-of-use,https://doi.org/10.13003/CED-terms-of-use,create
10291,crossref,https://doi.org/10.1002/(SICI)1096-9136(199807)15:7<539::AID-DIA668>3.0.CO;2-S,https://doi.org/10.4093/dmj.2011.35.3.264,1f38b40a-ef73-462c-bc6e-6014471fb87c,2011-01-01 00:00:00,2019-07-02 23:18:42,references,8676e950-8ac5-4074-8ac3-c0a18ada7e99,https://doi.org/10.13003/CED-terms-of-use,https://doi.org/10.13003/CED-terms-of-use,create
10292,crossref,https://doi.org/10.1002/(SICI)1096-9136(199807)15:7<539::AID-DIA668>3.0.CO;2-S,https://doi.org/10.4093/dmj.2014.38.1.44,f491ded8-b41a-4360-8f68-0b1efef406c3,2014-01-01 00:00:00,2019-07-03 00:22:15,references,8676e950-8ac5-4074-8ac3-c0a18ada7e99,https://doi.org/10.13003/CED-terms-of-use,https://doi.org/10.13003/CED-terms-of-use,create
10293,crossref,https://doi.org/10.1002/(SICI)1096-9136(199807)15:7<539::AID-DIA668>3.0.CO;2-S,https://doi.org/10.1002/art.34530,88baeaba-04b5-4181-8cae-78d0322ca7a4,2012-08-27 00:00:00,2019-07-03 05:10:31,references,8676e950-8ac5-4074-8ac3-c0a18ada7e99,https://doi.org/10.13003/CED-terms-of-use,https://doi.org/10.13003/CED-terms-of-use,create
10294,crossref,https://doi.org/10.1002/(SICI)1096-9136(199807)15:7<539::AID-DIA668>3.0.CO;2-S,https://doi.org/10.1007/s00592-012-0405-2,cf81dafe-d285-49a5-a0d8-3b5bb26c14a9,2012-06-10 00:00:00,2019-07-03 22:24:04,references,8676e950-8ac5-4074-8ac3-c0a18ada7e99,https://doi.org/10.13003/CED-terms-of-use,https://doi.org/10.13003/CED-terms-of-use,create
10295,crossref,https://doi.org/10.1002/(SICI)1096-9136(199807)15:7<539::AID-DIA668>3.0.CO;2-S,https://doi.org/10.1111/j.1440-1681.2012.05746.x,24fc78e8-8aea-4804-927b-1a6166d10b12,2012-10-29 00:00:00,2019-07-04 14:03:44,references,8676e950-8ac5-4074-8ac3-c0a18ada7e99,https://doi.org/10.13003/CED-terms-of-use,https://doi.org/10.13003/CED-terms-of-use,create
10296,crossref,https://doi.org/10.1002/(SICI)1096-9136(199807)15:7<539::AID-DIA668>3.0.CO;2-S,https://doi.org/10.1007/s10903-012-9717-0,4268e36d-4564-4616-ac00-8eb670c09b58,2012-09-09 00:00:00,2019-07-05 01:07:30,references,8676e950-8ac5-4074-8ac3-c0a18ada7e99,https://doi.org/10.13003/CED-terms-of-use,https://doi.org/10.13003/CED-terms-of-use,create
10297,crossref,https://doi.org/10.1002/(SICI)1096-9136(199807)15:7<539::AID-DIA668>3.0.CO;2-S,https://doi.org/10.1007/s11695-012-0775-0,ddc9c6be-c5c7-4781-9fbd-28cf60e6da34,2012-09-26 00:00:00,2019-07-05 05:05:36,references,8676e950-8ac5-4074-8ac3-c0a18ada7e99,https://doi.org/10.13003/CED-terms-of-use,https://doi.org/10.13003/CED-terms-of-use,create
10298,crossref,https://doi.org/10.1002/(SICI)1096-9136(199807)15:7<539::AID-DIA668>3.0.CO;2-S,https://doi.org/10.1007/s12126-012-9177-9,8dc89933-618e-45db-9b59-e550f80ba2d5,2012-10-19 00:00:00,2019-07-05 13:56:39,references,8676e950-8ac5-4074-8ac3-c0a18ada7e99,https://doi.org/10.13003/CED-terms-of-use,https://doi.org/10.13003/CED-terms-of-use,create
10299,crossref,https://doi.org/10.1002/(SICI)1096-9136(199807)15:7<539::AID-DIA668>3.0.CO;2-S,https://doi.org/10.1142/S0219519412400155,4ce0ccc5-ff82-4854-a0cb-e710d6650545,2012-09-01 00:00:00,2019-07-05 15:03:03,references,8676e950-8ac5-4074-8ac3-c0a18ada7e99,https://doi.org/10.13003/CED-terms-of-use,https://doi.org/10.13003/CED-terms-of-use,create
10300,crossref,https://doi.org/10.1002/(SICI)1096-9136(199807)15:7<539::AID-DIA668>3.0.CO;2-S,https://doi.org/10.1007/s10237-012-0436-1,7ea101b1-2836-4ef3-938e-9dbc2543acd1,2012-09-07 00:00:00,2019-07-05 23:19:25,references,8676e950-8ac5-4074-8ac3-c0a18ada7e99,https://doi.org/10.13003/CED-terms-of-use,https://doi.org/10.13003/CED-terms-of-use,create
10301,crossref,https://doi.org/10.1002/(SICI)1096-9136(199807)15:7<539::AID-DIA668>3.0.CO;2-S,https://doi.org/10.1097/MCG.0b013e3182688c15,8e706ccc-b333-4903-8975-3048a067a8b2,2013-01-01 00:00:00,2019-07-06 00:38:48,references,8676e950-8ac5-4074-8ac3-c0a18ada7e99,https://doi.org/10.13003/CED-terms-of-use,https://doi.org/10.13003/CED-terms-of-use,create
10302,crossref,https://doi.org/10.1002/(SICI)1096-9136(199807)15:7<539::AID-DIA668>3.0.CO;2-S,https://doi.org/10.3233/JAD-190269,18715d96-1672-4161-842a-3f3bdbd546e9,2019-07-02 00:00:00,2019-07-06 05:13:17,references,8676e950-8ac5-4074-8ac3-c0a18ada7e99,https://doi.org/10.13003/CED-terms-of-use,https://doi.org/10.13003/CED-terms-of-use,create
10303,crossref,https://doi.org/10.1002/(SICI)1096-9136(199807)15:7<539::AID-DIA668>3.0.CO;2-S,https://doi.org/10.1507/endocrj.EJ12-0324,59f72eba-be06-440e-a294-5d1c6eb2f81b,2013-01-01 00:00:00,2019-07-06 09:00:52,references,8676e950-8ac5-4074-8ac3-c0a18ada7e99,https://doi.org/10.13003/CED-terms-of-use,https://doi.org/10.13003/CED-terms-of-use,create
10304,crossref,https://doi.org/10.1002/(SICI)1096-9136(199807)15:7<539::AID-DIA668>3.0.CO;2-S,https://doi.org/10.1042/CS20120261,f95b15b8-24d4-4587-8bd4-1a78a171c71a,2013-02-01 00:00:00,2019-07-06 17:43:32,references,8676e950-8ac5-4074-8ac3-c0a18ada7e99,https://doi.org/10.13003/CED-terms-of-use,https://doi.org/10.13003/CED-terms-of-use,create
10305,crossref,https://doi.org/10.1002/(SICI)1096-9136(199807)15:7<539::AID-DIA668>3.0.CO;2-S,https://doi.org/10.1007/s11239-012-0846-z,ecebd8c2-bc56-4e16-8ea8-68e64f837c48,2012-11-25 00:00:00,2019-07-06 20:36:50,references,8676e950-8ac5-4074-8ac3-c0a18ada7e99,https://doi.org/10.13003/CED-terms-of-use,https://doi.org/10.13003/CED-terms-of-use,create
10306,crossref,https://doi.org/10.1002/(SICI)1096-9136(199807)15:7<539::AID-DIA668>3.0.CO;2-S,https://doi.org/10.4093/jkda.2007.31.3.253,3c95784f-d051-4f8e-971e-1800a09cb1c5,2007-01-01 00:00:00,2019-07-06 21:23:46,references,8676e950-8ac5-4074-8ac3-c0a18ada7e99,https://doi.org/10.13003/CED-terms-of-use,https://doi.org/10.13003/CED-terms-of-use,create
10307,crossref,https://doi.org/10.1002/(SICI)1096-9136(199807)15:7<539::AID-DIA668>3.0.CO;2-S,https://doi.org/10.1186/1758-5996-4-22,a3df4a84-4ad7-492a-8227-3a1ecf4cfa21,2012-05-31 00:00:00,2019-07-07 15:25:22,references,8676e950-8ac5-4074-8ac3-c0a18ada7e99,https://doi.org/10.13003/CED-terms-of-use,https://doi.org/10.13003/CED-terms-of-use,create
10308,crossref,https://doi.org/10.1002/(SICI)1096-9136(199807)15:7<539::AID-DIA668>3.0.CO;2-S,https://doi.org/10.1016/S0120-3347(12)70022-9,998e0766-7872-434d-b580-7a30aedecfe3,2012-05-01 00:00:00,2019-07-07 16:52:54,references,8676e950-8ac5-4074-8ac3-c0a18ada7e99,https://doi.org/10.13003/CED-terms-of-use,https://doi.org/10.13003/CED-terms-of-use,create
10309,crossref,https://doi.org/10.1002/(SICI)1096-9136(199807)15:7<539::AID-DIA668>3.0.CO;2-S,https://doi.org/10.1007/s40279-012-0003-z,6b0ade68-f55d-4be5-a022-123cdb44fe93,2012-12-19 00:00:00,2019-07-07 22:14:37,references,8676e950-8ac5-4074-8ac3-c0a18ada7e99,https://doi.org/10.13003/CED-terms-of-use,https://doi.org/10.13003/CED-terms-of-use,create
10310,crossref,https://doi.org/10.1002/(SICI)1096-9136(199807)15:7<539::AID-DIA668>3.0.CO;2-S,https://doi.org/10.1080/03639045.2018.1496448,5fa53439-6bff-4af4-a017-34b65db1cf18,2018-08-31 00:00:00,2019-07-08 01:09:26,references,8676e950-8ac5-4074-8ac3-c0a18ada7e99,https://doi.org/10.13003/CED-terms-of-use,https://doi.org/10.13003/CED-terms-of-use,create
10311,crossref,https://doi.org/10.1002/(SICI)1096-9136(199807)15:7<539::AID-DIA668>3.0.CO;2-S,https://doi.org/10.5812/ijem.6535,175d5030-9110-4eba-b8eb-0116cef3fc5d,2012-12-21 00:00:00,2019-07-08 06:33:54,references,8676e950-8ac5-4074-8ac3-c0a18ada7e99,https://doi.org/10.13003/CED-terms-of-use,https://doi.org/10.13003/CED-terms-of-use,create
10312,crossref,https://doi.org/10.1002/(SICI)1096-9136(199807)15:7<539::AID-DIA668>3.0.CO;2-S,https://doi.org/10.1111/cen.12079,c77a4c45-ca05-4904-b25d-8c5517a82f46,2013-04-06 00:00:00,2019-07-08 09:09:45,references,8676e950-8ac5-4074-8ac3-c0a18ada7e99,https://doi.org/10.13003/CED-terms-of-use,https://doi.org/10.13003/CED-terms-of-use,create
10313,crossref,https://doi.org/10.1002/(SICI)1096-9136(199807)15:7<539::AID-DIA668>3.0.CO;2-S,https://doi.org/10.1007/s40291-013-0017-8,b8807d9f-8afa-4a6f-9f27-c401cb7a8aed,2013-01-23 00:00:00,2019-07-09 09:15:31,references,8676e950-8ac5-4074-8ac3-c0a18ada7e99,https://doi.org/10.13003/CED-terms-of-use,https://doi.org/10.13003/CED-terms-of-use,create
10314,crossref,https://doi.org/10.1002/(sici)1096-9136(199807)15:7<539::aid-dia668>3.0.co;2-s,https://doi.org/10.29105/respyn18.2-4,47dd902c-fee7-4427-a810-da823033db94,2019-07-08 00:00:00,2019-07-09 15:18:39,references,8676e950-8ac5-4074-8ac3-c0a18ada7e99,https://doi.org/10.13003/CED-terms-of-use,https://doi.org/10.13003/CED-terms-of-use,create
10315,crossref,https://doi.org/10.1002/(SICI)1096-9136(199807)15:7<539::AID-DIA668>3.0.CO;2-S,https://doi.org/10.1007/s00038-012-0414-5,d546d6fd-e657-481c-9eab-fefb621c8af9,2012-10-02 00:00:00,2019-07-09 16:48:48,references,8676e950-8ac5-4074-8ac3-c0a18ada7e99,https://doi.org/10.13003/CED-terms-of-use,https://doi.org/10.13003/CED-terms-of-use,create
10316,crossref,https://doi.org/10.1002/(SICI)1096-9136(199807)15:7<539::AID-DIA668>3.0.CO;2-S,https://doi.org/10.1093/humrep/dez069,7c44dda8-efed-4dd6-a914-c641e2ebd66a,2019-06-19 00:00:00,2019-07-09 18:04:45,references,8676e950-8ac5-4074-8ac3-c0a18ada7e99,https://doi.org/10.13003/CED-terms-of-use,https://doi.org/10.13003/CED-terms-of-use,create
10317,crossref,https://doi.org/10.1002/(SICI)1096-9136(199807)15:7<539::AID-DIA668>3.0.CO;2-S,https://doi.org/10.1007/s00213-012-2942-3,0b064d80-4644-47cd-bb0f-c841f3bb91cc,2012-12-22 00:00:00,2019-07-09 20:22:08,references,8676e950-8ac5-4074-8ac3-c0a18ada7e99,https://doi.org/10.13003/CED-terms-of-use,https://doi.org/10.13003/CED-terms-of-use,create
10318,crossref,https://doi.org/10.1002/(SICI)1096-9136(199807)15:7<539::AID-DIA668>3.0.CO;2-S,https://doi.org/10.1038/ejcn.2013.24,847b1cd0-6261-4cac-a211-65683d705a6f,2013-02-13 00:00:00,2019-07-10 08:27:29,references,8676e950-8ac5-4074-8ac3-c0a18ada7e99,https://doi.org/10.13003/CED-terms-of-use,https://doi.org/10.13003/CED-terms-of-use,create
10319,crossref,https://doi.org/10.1002/(SICI)1096-9136(199807)15:7<539::AID-DIA668>3.0.CO;2-S,https://doi.org/10.1155/2013/986462,edd047ab-cbdc-442b-92ab-45f4beb5d28e,2013-01-01 00:00:00,2019-07-10 22:13:14,references,8676e950-8ac5-4074-8ac3-c0a18ada7e99,https://doi.org/10.13003/CED-terms-of-use,https://doi.org/10.13003/CED-terms-of-use,create
10320,crossref,https://doi.org/10.1002/(SICI)1096-9136(199807)15:7<539::AID-DIA668>3.0.CO;2-S,https://doi.org/10.1177/147323001103900627,e3bb7214-6500-4e4b-90a3-154180f8163d,2011-12-01 00:00:00,2019-07-10 23:02:18,references,8676e950-8ac5-4074-8ac3-c0a18ada7e99,https://doi.org/10.13003/CED-terms-of-use,https://doi.org/10.13003/CED-terms-of-use,create
10321,crossref,https://doi.org/10.1002/(SICI)1096-9136(199807)15:7<539::AID-DIA668>3.0.CO;2-S,https://doi.org/10.1177/147323000903700525,dbc7aa4a-a400-4964-a658-82f9f1f81465,2009-10-01 00:00:00,2019-07-11 01:49:44,references,8676e950-8ac5-4074-8ac3-c0a18ada7e99,https://doi.org/10.13003/CED-terms-of-use,https://doi.org/10.13003/CED-terms-of-use,create
10322,crossref,https://doi.org/10.1002/(SICI)1096-9136(199807)15:7<539::AID-DIA668>3.0.CO;2-S,https://doi.org/10.1093/sleep/zsz090,22446244-d285-4b97-a4d2-0c0067648cb0,2019-04-17 00:00:00,2019-07-11 03:32:07,references,8676e950-8ac5-4074-8ac3-c0a18ada7e99,https://doi.org/10.13003/CED-terms-of-use,https://doi.org/10.13003/CED-terms-of-use,create
10323,crossref,https://doi.org/10.1002/(SICI)1096-9136(199807)15:7<539::AID-DIA668>3.0.CO;2-S,https://doi.org/10.1371/journal.pone.0057964,7049e0b8-c3c9-463f-b6b2-31085f272b00,2013-03-06 00:00:00,2019-07-11 07:43:47,references,8676e950-8ac5-4074-8ac3-c0a18ada7e99,https://doi.org/10.13003/CED-terms-of-use,https://doi.org/10.13003/CED-terms-of-use,create
10324,crossref,https://doi.org/10.1002/(SICI)1096-9136(199807)15:7<539::AID-DIA668>3.0.CO;2-S,https://doi.org/10.1093/ckj/sfs176,139a8cdf-2ba6-4209-9518-a576a79163e6,2013-01-30 00:00:00,2019-07-11 11:23:44,references,8676e950-8ac5-4074-8ac3-c0a18ada7e99,https://doi.org/10.13003/CED-terms-of-use,https://doi.org/10.13003/CED-terms-of-use,create
10325,crossref,https://doi.org/10.1002/(SICI)1096-9136(199807)15:7<539::AID-DIA668>3.0.CO;2-S,https://doi.org/10.1002/14651858.CD008381.pub2,3a1743c5-fc17-4940-95f3-ec15ba3829d8,2012-12-12 00:00:00,2019-07-12 01:47:45,references,8676e950-8ac5-4074-8ac3-c0a18ada7e99,https://doi.org/10.13003/CED-terms-of-use,https://doi.org/10.13003/CED-terms-of-use,create
10326,crossref,https://doi.org/10.1002/(SICI)1096-9136(199807)15:7<539::AID-DIA668>3.0.CO;2-S,https://doi.org/10.1371/journal.pone.0058272,3a567bd7-ef7c-4838-99dc-23798f1e05ae,2013-04-01 00:00:00,2019-07-12 13:16:48,references,8676e950-8ac5-4074-8ac3-c0a18ada7e99,https://doi.org/10.13003/CED-terms-of-use,https://doi.org/10.13003/CED-terms-of-use,create
10327,crossref,https://doi.org/10.1002/(SICI)1096-9136(199807)15:7<539::AID-DIA668>3.0.CO;2-S,https://doi.org/10.1371/journal.pone.0058412,d68b5ec1-1813-4c56-80b1-8a8c39c05935,2013-04-04 00:00:00,2019-07-12 13:38:40,references,8676e950-8ac5-4074-8ac3-c0a18ada7e99,https://doi.org/10.13003/CED-terms-of-use,https://doi.org/10.13003/CED-terms-of-use,create
10328,crossref,https://doi.org/10.1002/(SICI)1096-9136(199807)15:7<539::AID-DIA668>3.0.CO;2-S,https://doi.org/10.1002/oby.20445,4ae5751a-8dde-4765-934c-0ea8724bb4f0,2013-06-13 00:00:00,2019-07-12 15:27:14,references,8676e950-8ac5-4074-8ac3-c0a18ada7e99,https://doi.org/10.13003/CED-terms-of-use,https://doi.org/10.13003/CED-terms-of-use,create
10329,crossref,https://doi.org/10.1002/(SICI)1096-9136(199807)15:7<539::AID-DIA668>3.0.CO;2-S,https://doi.org/10.1097/HJH.0b013e32836037fb,80438311-74a7-4f1a-8778-ac4ecb6922dc,2013-06-01 00:00:00,2019-07-12 19:16:38,references,8676e950-8ac5-4074-8ac3-c0a18ada7e99,https://doi.org/10.13003/CED-terms-of-use,https://doi.org/10.13003/CED-terms-of-use,create
10330,crossref,https://doi.org/10.1002/(SICI)1096-9136(199807)15:7<539::AID-DIA668>3.0.CO;2-S,https://doi.org/10.3390/s19143053,822f12b2-d6a9-4732-a44a-345a6395c0f6,2019-07-11 00:00:00,2019-07-12 21:10:34,references,8676e950-8ac5-4074-8ac3-c0a18ada7e99,https://doi.org/10.13003/CED-terms-of-use,https://doi.org/10.13003/CED-terms-of-use,create
10331,crossref,https://doi.org/10.1002/(SICI)1096-9136(199807)15:7<539::AID-DIA668>3.0.CO;2-S,https://doi.org/10.1097/01720610-200711000-00007,6e3b482b-3fdf-4f0f-846f-5816aac8d5f4,,2019-07-13 09:52:52,references,8676e950-8ac5-4074-8ac3-c0a18ada7e99,https://doi.org/10.13003/CED-terms-of-use,https://doi.org/10.13003/CED-terms-of-use,create
10332,crossref,https://doi.org/10.1002/(SICI)1096-9136(199807)15:7<539::AID-DIA668>3.0.CO;2-S,https://doi.org/10.1080/02648725.2000.10648002,15347e74-bd52-4c8f-8a03-c9147ee4e0c7,2000-08-01 00:00:00,2019-07-13 13:55:17,references,8676e950-8ac5-4074-8ac3-c0a18ada7e99,https://doi.org/10.13003/CED-terms-of-use,https://doi.org/10.13003/CED-terms-of-use,create
10333,crossref,https://doi.org/10.1002/(SICI)1096-9136(199807)15:7<539::AID-DIA668>3.0.CO;2-S,https://doi.org/10.1080/01612840.2019.1609636,c1df8dba-fedc-43bd-a561-8064be537967,2019-07-11 00:00:00,2019-07-13 22:11:39,references,8676e950-8ac5-4074-8ac3-c0a18ada7e99,https://doi.org/10.13003/CED-terms-of-use,https://doi.org/10.13003/CED-terms-of-use,create
10334,crossref,https://doi.org/10.1002/(SICI)1096-9136(199807)15:7<539::AID-DIA668>3.0.CO;2-S,https://doi.org/10.1210/jc.2012-4253,0d6b7c8d-a576-4896-8064-7967d5e5d4e8,2013-06-01 00:00:00,2019-07-14 03:12:11,references,8676e950-8ac5-4074-8ac3-c0a18ada7e99,https://doi.org/10.13003/CED-terms-of-use,https://doi.org/10.13003/CED-terms-of-use,create
10335,crossref,https://doi.org/10.1002/(SICI)1096-9136(199807)15:7<539::AID-DIA668>3.0.CO;2-S,https://doi.org/10.1089/gtmb.2018.0248,6d4a9337-47d8-4a2b-9f5a-8c1aa0b4984e,2019-07-01 00:00:00,2019-07-14 10:21:59,references,8676e950-8ac5-4074-8ac3-c0a18ada7e99,https://doi.org/10.13003/CED-terms-of-use,https://doi.org/10.13003/CED-terms-of-use,create
10336,crossref,https://doi.org/10.1002/(SICI)1096-9136(199807)15:7<539::AID-DIA668>3.0.CO;2-S,https://doi.org/10.4093/jkda.2006.30.6.442,0bd1de69-b6a4-4320-8716-6fd58b7dfbd1,2006-01-01 00:00:00,2019-07-14 16:11:31,references,8676e950-8ac5-4074-8ac3-c0a18ada7e99,https://doi.org/10.13003/CED-terms-of-use,https://doi.org/10.13003/CED-terms-of-use,create
10337,crossref,https://doi.org/10.1002/(SICI)1096-9136(199807)15:7<539::AID-DIA668>3.0.CO;2-S,https://doi.org/10.3349/ymj.2011.52.5.746,d08fc871-822e-400c-ad3c-6018a81731f6,2011-01-01 00:00:00,2019-07-15 06:55:55,references,8676e950-8ac5-4074-8ac3-c0a18ada7e99,https://doi.org/10.13003/CED-terms-of-use,https://doi.org/10.13003/CED-terms-of-use,create
10338,crossref,https://doi.org/10.1002/(SICI)1096-9136(199807)15:7<539::AID-DIA668>3.0.CO;2-S,https://doi.org/10.1096/fj.12-213728,50e1134f-0eb9-4f7f-bc71-e1189d0f44be,2013-01-01 00:00:00,2019-07-15 21:41:19,references,8676e950-8ac5-4074-8ac3-c0a18ada7e99,https://doi.org/10.13003/CED-terms-of-use,https://doi.org/10.13003/CED-terms-of-use,create
10339,crossref,https://doi.org/10.1002/(SICI)1096-9136(199807)15:7<539::AID-DIA668>3.0.CO;2-S,https://doi.org/10.1142/S0192415X1350002X,04ffa887-5b8f-4766-bff4-a44ffe6900b9,2013-01-01 00:00:00,2019-07-17 00:03:59,references,8676e950-8ac5-4074-8ac3-c0a18ada7e99,https://doi.org/10.13003/CED-terms-of-use,https://doi.org/10.13003/CED-terms-of-use,create
10340,crossref,https://doi.org/10.1002/(SICI)1096-9136(199807)15:7<539::AID-DIA668>3.0.CO;2-S,https://doi.org/10.1142/S0192415X18500131,a783e98d-4d72-4f41-a88b-6645793248b7,2018-01-01 00:00:00,2019-07-17 08:02:37,references,8676e950-8ac5-4074-8ac3-c0a18ada7e99,https://doi.org/10.13003/CED-terms-of-use,https://doi.org/10.13003/CED-terms-of-use,create
10341,crossref,https://doi.org/10.1002/(SICI)1096-9136(199807)15:7<539::AID-DIA668>3.0.CO;2-S,https://doi.org/10.1097/00005082-200607000-00011,ff23abfe-4094-405c-8510-b3a360a41615,2006-07-01 00:00:00,2019-07-18 23:26:01,references,8676e950-8ac5-4074-8ac3-c0a18ada7e99,https://doi.org/10.13003/CED-terms-of-use,https://doi.org/10.13003/CED-terms-of-use,create
10342,crossref,https://doi.org/10.1002/(SICI)1096-9136(199807)15:7<539::AID-DIA668>3.0.CO;2-S,https://doi.org/10.1177/147323001003800116,bb6f9e9d-07e0-4fd0-8d2a-3cd57896bc6b,2010-02-01 00:00:00,2019-07-20 17:41:15,references,8676e950-8ac5-4074-8ac3-c0a18ada7e99,https://doi.org/10.13003/CED-terms-of-use,https://doi.org/10.13003/CED-terms-of-use,create
10343,crossref,https://doi.org/10.1002/(SICI)1096-9136(199807)15:7<539::AID-DIA668>3.0.CO;2-S,https://doi.org/10.1002/dmrr.3202,b5ea8f74-81ac-4427-89f5-ffd1967271b6,2019-07-18 00:00:00,2019-07-21 03:25:20,references,8676e950-8ac5-4074-8ac3-c0a18ada7e99,https://doi.org/10.13003/CED-terms-of-use,https://doi.org/10.13003/CED-terms-of-use,create
10344,crossref,https://doi.org/10.1002/(SICI)1096-9136(199807)15:7<539::AID-DIA668>3.0.CO;2-S,https://doi.org/10.3961/jpmph.2008.41.4.249,5d2c3d17-6b8a-4eaa-9c32-d60fa2261e64,2008-01-01 00:00:00,2019-07-21 07:54:12,references,8676e950-8ac5-4074-8ac3-c0a18ada7e99,https://doi.org/10.13003/CED-terms-of-use,https://doi.org/10.13003/CED-terms-of-use,create
10345,crossref,https://doi.org/10.1002/(SICI)1096-9136(199807)15:7<539::AID-DIA668>3.0.CO;2-S,https://doi.org/10.3961/jpmph.16.021,aba02a59-ecf4-457d-87c1-835e6a6564cf,2016-05-31 00:00:00,2019-07-21 09:23:34,references,8676e950-8ac5-4074-8ac3-c0a18ada7e99,https://doi.org/10.13003/CED-terms-of-use,https://doi.org/10.13003/CED-terms-of-use,create
10346,crossref,https://doi.org/10.1002/(SICI)1096-9136(199807)15:7<539::AID-DIA668>3.0.CO;2-S,https://doi.org/10.1097/MCG.0b013e3182a030c4,bfb65033-2a43-42e8-a2bd-117ffa108b1c,2014-02-01 00:00:00,2019-07-21 11:18:59,references,8676e950-8ac5-4074-8ac3-c0a18ada7e99,https://doi.org/10.13003/CED-terms-of-use,https://doi.org/10.13003/CED-terms-of-use,create
10347,crossref,https://doi.org/10.1002/(SICI)1096-9136(199807)15:7<539::AID-DIA668>3.0.CO;2-S,https://doi.org/10.1002/uog.20126,adb85f57-69f4-4e07-8a3a-9be50562b850,2019-07-01 00:00:00,2019-07-21 11:29:08,references,8676e950-8ac5-4074-8ac3-c0a18ada7e99,https://doi.org/10.13003/CED-terms-of-use,https://doi.org/10.13003/CED-terms-of-use,create
10348,crossref,https://doi.org/10.1002/(SICI)1096-9136(199807)15:7<539::AID-DIA668>3.0.CO;2-S,https://doi.org/10.1038/ejcn.2013.144,bc84ed0e-e829-4271-bbab-078fbdebc182,2013-08-14 00:00:00,2019-07-21 17:21:07,references,8676e950-8ac5-4074-8ac3-c0a18ada7e99,https://doi.org/10.13003/CED-terms-of-use,https://doi.org/10.13003/CED-terms-of-use,create
10349,crossref,https://doi.org/10.1002/(SICI)1096-9136(199807)15:7<539::AID-DIA668>3.0.CO;2-S,https://doi.org/10.1007/s11239-013-0979-8,d8d9f0cf-8068-4588-aac5-bd6fff44cbe6,2013-08-14 00:00:00,2019-07-22 00:31:53,references,8676e950-8ac5-4074-8ac3-c0a18ada7e99,https://doi.org/10.13003/CED-terms-of-use,https://doi.org/10.13003/CED-terms-of-use,create
10350,crossref,https://doi.org/10.1002/(SICI)1096-9136(199807)15:7<539::AID-DIA668>3.0.CO;2-S,https://doi.org/10.1007/s00246-019-02158-4,2c3317fd-b8cc-4042-b5e7-1a02f0b2cd6a,2019-07-19 00:00:00,2019-07-22 01:05:58,references,8676e950-8ac5-4074-8ac3-c0a18ada7e99,https://doi.org/10.13003/CED-terms-of-use,https://doi.org/10.13003/CED-terms-of-use,create
10351,crossref,https://doi.org/10.1002/(SICI)1096-9136(199807)15:7<539::AID-DIA668>3.0.CO;2-S,https://doi.org/10.5551/jat.13532,c8390845-528d-48d6-b0bc-29d1d7097cc3,2013-01-01 00:00:00,2019-07-22 21:22:06,references,8676e950-8ac5-4074-8ac3-c0a18ada7e99,https://doi.org/10.13003/CED-terms-of-use,https://doi.org/10.13003/CED-terms-of-use,create
10352,crossref,https://doi.org/10.1002/(SICI)1096-9136(199807)15:7<539::AID-DIA668>3.0.CO;2-S,https://doi.org/10.5482/HAMO-13-07-0035,3b0656e4-9879-412c-bf87-01e626fb69b4,2013-01-01 00:00:00,2019-07-22 22:07:32,references,8676e950-8ac5-4074-8ac3-c0a18ada7e99,https://doi.org/10.13003/CED-terms-of-use,https://doi.org/10.13003/CED-terms-of-use,create
10353,crossref,https://doi.org/10.1002/(SICI)1096-9136(199807)15:7<539::AID-DIA668>3.0.CO;2-S,https://doi.org/10.1371/journal.pone.0071108,c38f9fd7-17a0-4c4e-9a22-8958dc77f967,2013-08-27 00:00:00,2019-07-23 05:17:06,references,8676e950-8ac5-4074-8ac3-c0a18ada7e99,https://doi.org/10.13003/CED-terms-of-use,https://doi.org/10.13003/CED-terms-of-use,create
10354,crossref,https://doi.org/10.1002/(SICI)1096-9136(199807)15:7<539::AID-DIA668>3.0.CO;2-S,https://doi.org/10.1002/jssc.201300758,1119e291-87ec-47c7-915a-3bfef1937eaa,2013-09-25 00:00:00,2019-07-23 15:59:26,references,8676e950-8ac5-4074-8ac3-c0a18ada7e99,https://doi.org/10.13003/CED-terms-of-use,https://doi.org/10.13003/CED-terms-of-use,create
10355,crossref,https://doi.org/10.1002/(SICI)1096-9136(199807)15:7<539::AID-DIA668>3.0.CO;2-S,https://doi.org/10.1007/s11357-019-00086-y,62e7f81f-c51a-4be8-95cf-3aba3b7cbd3a,2019-07-22 00:00:00,2019-07-23 20:22:55,references,8676e950-8ac5-4074-8ac3-c0a18ada7e99,https://doi.org/10.13003/CED-terms-of-use,https://doi.org/10.13003/CED-terms-of-use,create
10356,crossref,https://doi.org/10.1002/(SICI)1096-9136(199807)15:7<539::AID-DIA668>3.0.CO;2-S,https://doi.org/10.3389/fgene.2019.00615,09f7a2b2-3a1d-40c8-a33c-416bfc142abe,2019-07-23 00:00:00,2019-07-23 22:33:08,references,8676e950-8ac5-4074-8ac3-c0a18ada7e99,https://doi.org/10.13003/CED-terms-of-use,https://doi.org/10.13003/CED-terms-of-use,create
10357,crossref,https://doi.org/10.1002/(SICI)1096-9136(199807)15:7<539::AID-DIA668>3.0.CO;2-S,https://doi.org/10.1007/s00592-012-0445-7,96ea04e8-9891-4072-a7f2-9161bfaea072,2012-11-28 00:00:00,2019-07-24 05:27:34,references,8676e950-8ac5-4074-8ac3-c0a18ada7e99,https://doi.org/10.13003/CED-terms-of-use,https://doi.org/10.13003/CED-terms-of-use,create
10358,crossref,https://doi.org/10.1002/(SICI)1096-9136(199807)15:7<539::AID-DIA668>3.0.CO;2-S,https://doi.org/10.2337/dc12-0235,359ee8af-5734-4077-9a90-82d15f72b5c3,2012-06-29 00:00:00,2019-07-25 00:40:06,references,8676e950-8ac5-4074-8ac3-c0a18ada7e99,https://doi.org/10.13003/CED-terms-of-use,https://doi.org/10.13003/CED-terms-of-use,create
10359,crossref,https://doi.org/10.1002/(SICI)1096-9136(199807)15:7<539::AID-DIA668>3.0.CO;2-S,https://doi.org/10.9758/cpn.2013.11.2.80,b286dad0-bc46-4a2b-b4c0-0b85a5bb4335,2013-08-28 00:00:00,2019-07-26 00:19:38,references,8676e950-8ac5-4074-8ac3-c0a18ada7e99,https://doi.org/10.13003/CED-terms-of-use,https://doi.org/10.13003/CED-terms-of-use,create
10360,crossref,https://doi.org/10.1002/(SICI)1096-9136(199807)15:7<539::AID-DIA668>3.0.CO;2-S,https://doi.org/10.1186/1472-6823-12-25,97bbb993-6b2a-40a0-85e7-b42efebde7ba,2012-10-30 00:00:00,2019-07-26 08:14:44,references,8676e950-8ac5-4074-8ac3-c0a18ada7e99,https://doi.org/10.13003/CED-terms-of-use,https://doi.org/10.13003/CED-terms-of-use,create
10361,crossref,https://doi.org/10.1002/(SICI)1096-9136(199807)15:7<539::AID-DIA668>3.0.CO;2-S,https://doi.org/10.7570/jomes.2019.28.2.118,8124b459-8640-47df-a513-48fb25febd57,2019-06-30 00:00:00,2019-07-27 03:09:01,references,8676e950-8ac5-4074-8ac3-c0a18ada7e99,https://doi.org/10.13003/CED-terms-of-use,https://doi.org/10.13003/CED-terms-of-use,create
10362,crossref,https://doi.org/10.1002/(SICI)1096-9136(199807)15:7<539::AID-DIA668>3.0.CO;2-S,https://doi.org/10.1177/147323001003800342,d314fb85-40cf-4504-ab59-0fa846160b7b,2010-06-01 00:00:00,2019-07-27 12:42:09,references,8676e950-8ac5-4074-8ac3-c0a18ada7e99,https://doi.org/10.13003/CED-terms-of-use,https://doi.org/10.13003/CED-terms-of-use,create
10363,crossref,https://doi.org/10.1002/(SICI)1096-9136(199807)15:7<539::AID-DIA668>3.0.CO;2-S,https://doi.org/10.4093/kdj.2009.33.1.40,90d70846-7058-4c5e-af2f-4817e9f1eb99,2009-01-01 00:00:00,2019-07-27 13:08:16,references,8676e950-8ac5-4074-8ac3-c0a18ada7e99,https://doi.org/10.13003/CED-terms-of-use,https://doi.org/10.13003/CED-terms-of-use,create
10364,crossref,https://doi.org/10.1002/(SICI)1096-9136(199807)15:7<539::AID-DIA668>3.0.CO;2-S,https://doi.org/10.1177/2156587217753004,fc4b293d-f31e-4b82-97ce-7cbe4d79d310,2018-01-01 00:00:00,2019-07-28 22:38:24,references,8676e950-8ac5-4074-8ac3-c0a18ada7e99,https://doi.org/10.13003/CED-terms-of-use,https://doi.org/10.13003/CED-terms-of-use,create
10365,crossref,https://doi.org/10.1002/(SICI)1096-9136(199807)15:7<539::AID-DIA668>3.0.CO;2-S,https://doi.org/10.3945/jn.111.155325,1bd1a938-5e2a-4445-a5c0-cd55ad711225,2012-05-30 00:00:00,2019-07-28 23:03:12,references,8676e950-8ac5-4074-8ac3-c0a18ada7e99,https://doi.org/10.13003/CED-terms-of-use,https://doi.org/10.13003/CED-terms-of-use,create
10366,crossref,https://doi.org/10.1002/(SICI)1096-9136(199807)15:7<539::AID-DIA668>3.0.CO;2-S,https://doi.org/10.4103/0970-0218.116349,1bc15cfb-361f-4842-a5d6-bd91e10e1f51,2013-01-01 00:00:00,2019-07-29 06:26:01,references,8676e950-8ac5-4074-8ac3-c0a18ada7e99,https://doi.org/10.13003/CED-terms-of-use,https://doi.org/10.13003/CED-terms-of-use,create
10367,crossref,https://doi.org/10.1002/(SICI)1096-9136(199807)15:7<539::AID-DIA668>3.0.CO;2-S,https://doi.org/10.1177/030006051204000629,403663ec-2979-46a2-af2a-921fd35123dd,2012-12-01 00:00:00,2019-07-29 23:53:32,references,8676e950-8ac5-4074-8ac3-c0a18ada7e99,https://doi.org/10.13003/CED-terms-of-use,https://doi.org/10.13003/CED-terms-of-use,create
10368,crossref,https://doi.org/10.1002/(SICI)1096-9136(199807)15:7<539::AID-DIA668>3.0.CO;2-S,https://doi.org/10.5402/2012/910905,c8321393-da76-4124-9132-3e8bed9658ff,2012-01-01 00:00:00,2019-08-01 10:43:00,references,8676e950-8ac5-4074-8ac3-c0a18ada7e99,https://doi.org/10.13003/CED-terms-of-use,https://doi.org/10.13003/CED-terms-of-use,create
10369,crossref,https://doi.org/10.1002/(SICI)1096-9136(199807)15:7<539::AID-DIA668>3.0.CO;2-S,https://doi.org/10.1123/jpah.2018-0609,b4cd0e77-7e27-47fe-9da3-c5fd3a65faa9,2019-07-30 00:00:00,2019-08-02 06:29:03,references,8676e950-8ac5-4074-8ac3-c0a18ada7e99,https://doi.org/10.13003/CED-terms-of-use,https://doi.org/10.13003/CED-terms-of-use,create
10370,crossref,https://doi.org/10.1002/(SICI)1096-9136(199807)15:7<539::AID-DIA668>3.0.CO;2-S,https://doi.org/10.1007/s00592-019-01387-6,e6add188-2d58-4ee6-b5b3-03b06731e4d3,2019-08-01 00:00:00,2019-08-02 07:45:30,references,8676e950-8ac5-4074-8ac3-c0a18ada7e99,https://doi.org/10.13003/CED-terms-of-use,https://doi.org/10.13003/CED-terms-of-use,create
10371,crossref,https://doi.org/10.1002/(SICI)1096-9136(199807)15:7<539::AID-DIA668>3.0.CO;2-S,https://doi.org/10.1093/gerona/gls213,be558397-b83e-4afa-a0cf-e27f7536585f,2012-10-29 00:00:00,2019-08-03 09:33:45,references,8676e950-8ac5-4074-8ac3-c0a18ada7e99,https://doi.org/10.13003/CED-terms-of-use,https://doi.org/10.13003/CED-terms-of-use,create
10372,crossref,https://doi.org/10.1002/(SICI)1096-9136(199807)15:7<539::AID-DIA668>3.0.CO;2-S,https://doi.org/10.1210/jc.2018-00004,5fdd8dd7-8138-44a4-bea0-431f425f298e,,2019-10-13 09:58:16,references,8676e950-8ac5-4074-8ac3-c0a18ada7e99,https://doi.org/10.13003/CED-terms-of-use,https://doi.org/10.13003/CED-terms-of-use,create
10373,crossref,https://doi.org/10.1002/(SICI)1096-9136(199807)15:7<539::AID-DIA668>3.0.CO;2-S,https://doi.org/10.1002/9781118480045.ch15,477d892c-812d-49cd-a239-84b6ec17e085,2012-08-06 00:00:00,2019-10-13 23:07:43,references,8676e950-8ac5-4074-8ac3-c0a18ada7e99,https://doi.org/10.13003/CED-terms-of-use,https://doi.org/10.13003/CED-terms-of-use,create
10374,crossref,https://doi.org/10.1002/(SICI)1096-9136(199807)15:7<539::AID-DIA668>3.0.CO;2-S,https://doi.org/10.1007/978-3-319-71135-5_2,bdbb4514-1847-43ec-8c46-8ad530003fbe,,2019-10-14 02:18:15,references,8676e950-8ac5-4074-8ac3-c0a18ada7e99,https://doi.org/10.13003/CED-terms-of-use,https://doi.org/10.13003/CED-terms-of-use,create
10375,crossref,https://doi.org/10.1002/(SICI)1096-9136(199807)15:7<539::AID-DIA668>3.0.CO;2-S,https://doi.org/10.2169/internalmedicine.51.7284,10382606-7fca-42bd-b709-68f8392ca812,2012-01-01 00:00:00,2019-10-14 13:14:31,references,8676e950-8ac5-4074-8ac3-c0a18ada7e99,https://doi.org/10.13003/CED-terms-of-use,https://doi.org/10.13003/CED-terms-of-use,create
10376,crossref,https://doi.org/10.1002/(SICI)1096-9136(199807)15:7<539::AID-DIA668>3.0.CO;2-S,https://doi.org/10.4093/kdj.2009.33.5.392,ed03de93-0986-4a4a-8b6c-d0d404f9974b,2009-01-01 00:00:00,2019-10-16 03:07:50,references,8676e950-8ac5-4074-8ac3-c0a18ada7e99,https://doi.org/10.13003/CED-terms-of-use,https://doi.org/10.13003/CED-terms-of-use,create
10377,crossref,https://doi.org/10.1002/(SICI)1096-9136(199807)15:7<539::AID-DIA668>3.0.CO;2-S,https://doi.org/10.3389/fendo.2019.00684,09956e8c-2bcc-47df-90ab-5c440dc54382,2019-10-16 00:00:00,2019-10-16 23:12:51,references,8676e950-8ac5-4074-8ac3-c0a18ada7e99,https://doi.org/10.13003/CED-terms-of-use,https://doi.org/10.13003/CED-terms-of-use,create
10378,crossref,https://doi.org/10.1002/(SICI)1096-9136(199807)15:7<539::AID-DIA668>3.0.CO;2-S,https://doi.org/10.1080/17446651.2018.1471354,f55110e8-de61-4dfd-bb6d-f5de7695487a,2018-05-04 00:00:00,2019-10-17 21:49:33,references,8676e950-8ac5-4074-8ac3-c0a18ada7e99,https://doi.org/10.13003/CED-terms-of-use,https://doi.org/10.13003/CED-terms-of-use,create
10379,crossref,https://doi.org/10.1002/(SICI)1096-9136(199807)15:7<539::AID-DIA668>3.0.CO;2-S,https://doi.org/10.4093/jkda.2006.30.3.177,797e70c6-ab36-4f84-8c65-c3d617bba0e9,2006-01-01 00:00:00,2019-10-19 15:40:42,references,8676e950-8ac5-4074-8ac3-c0a18ada7e99,https://doi.org/10.13003/CED-terms-of-use,https://doi.org/10.13003/CED-terms-of-use,create
10380,crossref,https://doi.org/10.1002/(SICI)1096-9136(199807)15:7<539::AID-DIA668>3.0.CO;2-S,https://doi.org/10.1080/10920277.2006.10597399,82200f40-5201-421b-a034-2b1aa1d007d7,2006-07-01 00:00:00,2019-10-20 11:57:44,references,8676e950-8ac5-4074-8ac3-c0a18ada7e99,https://doi.org/10.13003/CED-terms-of-use,https://doi.org/10.13003/CED-terms-of-use,create
10381,crossref,https://doi.org/10.1002/(SICI)1096-9136(199807)15:7<539::AID-DIA668>3.0.CO;2-S,https://doi.org/10.3390/jcm7020034,60cee620-c66c-416f-afa7-57b010a79335,2018-02-20 00:00:00,2019-10-25 01:34:14,references,8676e950-8ac5-4074-8ac3-c0a18ada7e99,https://doi.org/10.13003/CED-terms-of-use,https://doi.org/10.13003/CED-terms-of-use,create
10382,crossref,https://doi.org/10.1002/(SICI)1096-9136(199807)15:7<539::AID-DIA668>3.0.CO;2-S,https://doi.org/10.1002/ana.23738,bfbb4e47-ad21-4e80-a42b-055fd4e80f12,2012-12-07 00:00:00,2019-10-25 10:01:47,references,8676e950-8ac5-4074-8ac3-c0a18ada7e99,https://doi.org/10.13003/CED-terms-of-use,https://doi.org/10.13003/CED-terms-of-use,create
10383,crossref,https://doi.org/10.1002/(SICI)1096-9136(199807)15:7<539::AID-DIA668>3.0.CO;2-S,https://doi.org/10.5812/asjsm.68943,2f4478ea-b194-4c4b-8d69-1b7e04937107,2019-06-09 00:00:00,2019-10-25 10:13:53,references,8676e950-8ac5-4074-8ac3-c0a18ada7e99,https://doi.org/10.13003/CED-terms-of-use,https://doi.org/10.13003/CED-terms-of-use,create
10384,crossref,https://doi.org/10.1002/(SICI)1096-9136(199807)15:7<539::AID-DIA668>3.0.CO;2-S,https://doi.org/10.3390/molecules23040877,f580e4b2-c3b9-424a-9893-96335acaa515,2018-04-11 00:00:00,2019-10-27 04:45:12,references,8676e950-8ac5-4074-8ac3-c0a18ada7e99,https://doi.org/10.13003/CED-terms-of-use,https://doi.org/10.13003/CED-terms-of-use,create
10385,crossref,https://doi.org/10.1002/(SICI)1096-9136(199807)15:7<539::AID-DIA668>3.0.CO;2-S,https://doi.org/10.2174/1874192401206010081,b72a0684-0b7e-444a-93f4-d5eb2852d304,2012-07-13 00:00:00,2019-10-28 08:37:27,references,8676e950-8ac5-4074-8ac3-c0a18ada7e99,https://doi.org/10.13003/CED-terms-of-use,https://doi.org/10.13003/CED-terms-of-use,create
10386,crossref,https://doi.org/10.1002/(SICI)1096-9136(199807)15:7<539::AID-DIA668>3.0.CO;2-S,https://doi.org/10.1007/s10103-013-1418-y,c890a963-93c7-4019-aaac-2f529b2de2ab,2013-08-29 00:00:00,2019-10-29 15:35:04,references,8676e950-8ac5-4074-8ac3-c0a18ada7e99,https://doi.org/10.13003/CED-terms-of-use,https://doi.org/10.13003/CED-terms-of-use,create
10387,crossref,https://doi.org/10.1002/(SICI)1096-9136(199807)15:7<539::AID-DIA668>3.0.CO;2-S,https://doi.org/10.1007/s10044-018-0754-8,f5ba512d-97af-43ad-a7b4-e163ccec455e,2018-10-05 00:00:00,2019-10-29 15:46:44,references,8676e950-8ac5-4074-8ac3-c0a18ada7e99,https://doi.org/10.13003/CED-terms-of-use,https://doi.org/10.13003/CED-terms-of-use,create
10388,crossref,https://doi.org/10.1002/(SICI)1096-9136(199807)15:7<539::AID-DIA668>3.0.CO;2-S,https://doi.org/10.3390/nu5010032,83b12dfb-f0b5-4ef4-a5b1-68a06fe877f4,2013-01-10 00:00:00,2019-10-29 20:55:18,references,8676e950-8ac5-4074-8ac3-c0a18ada7e99,https://doi.org/10.13003/CED-terms-of-use,https://doi.org/10.13003/CED-terms-of-use,create
10389,crossref,https://doi.org/10.1002/(SICI)1096-9136(199807)15:7<539::AID-DIA668>3.0.CO;2-S,https://doi.org/10.1258/vasc.2011.201201,f9413734-fb99-4b9c-b64f-bb788c1b5ccc,,2019-10-29 22:14:54,references,8676e950-8ac5-4074-8ac3-c0a18ada7e99,https://doi.org/10.13003/CED-terms-of-use,https://doi.org/10.13003/CED-terms-of-use,create
10390,crossref,https://doi.org/10.1002/(SICI)1096-9136(199807)15:7<539::AID-DIA668>3.0.CO;2-S,https://doi.org/10.1007/s00394-013-0584-9,58f3989d-e9af-43ba-a3ea-f858a107c957,2013-09-18 00:00:00,2019-10-30 14:06:46,references,8676e950-8ac5-4074-8ac3-c0a18ada7e99,https://doi.org/10.13003/CED-terms-of-use,https://doi.org/10.13003/CED-terms-of-use,create
10391,crossref,https://doi.org/10.1002/(SICI)1096-9136(199807)15:7<539::AID-DIA668>3.0.CO;2-S,https://doi.org/10.1507/endocrj.EJ11-0310,f2bc3f27-f01c-4ceb-8e2a-87ca08975f7c,,2019-10-31 07:31:22,references,8676e950-8ac5-4074-8ac3-c0a18ada7e99,https://doi.org/10.13003/CED-terms-of-use,https://doi.org/10.13003/CED-terms-of-use,create
10392,crossref,https://doi.org/10.1002/(SICI)1096-9136(199807)15:7<539::AID-DIA668>3.0.CO;2-S,https://doi.org/10.1111/bjd.13777,d4cab9df-a686-4379-b894-ba2b5ed21caf,2015-06-11 00:00:00,2019-11-03 01:19:48,references,8676e950-8ac5-4074-8ac3-c0a18ada7e99,https://doi.org/10.13003/CED-terms-of-use,https://doi.org/10.13003/CED-terms-of-use,create
10393,crossref,https://doi.org/10.1002/(SICI)1096-9136(199807)15:7<539::AID-DIA668>3.0.CO;2-S,https://doi.org/10.1530/EJE-13-0166,2b3cc0d5-dc6d-4bbb-9106-59971ba2f15d,2013-09-01 00:00:00,2019-11-23 11:24:06,references,8676e950-8ac5-4074-8ac3-c0a18ada7e99,https://doi.org/10.13003/CED-terms-of-use,https://doi.org/10.13003/CED-terms-of-use,create
10394,crossref,https://doi.org/10.1002/(SICI)1096-9136(199807)15:7<539::AID-DIA668>3.0.CO;2-S,https://doi.org/10.1186/s12889-019-7921-8,7bbe6b86-27d3-4f54-9e5c-d571e770afc6,2019-11-21 00:00:00,2019-11-23 18:46:35,references,8676e950-8ac5-4074-8ac3-c0a18ada7e99,https://doi.org/10.13003/CED-terms-of-use,https://doi.org/10.13003/CED-terms-of-use,create
10395,crossref,https://doi.org/10.1002/(SICI)1096-9136(199807)15:7<539::AID-DIA668>3.0.CO;2-S,https://doi.org/10.17925/USE.2019.15.1.27,b66c4d91-655e-4d44-bf66-774d6f2def47,2019-01-01 00:00:00,2019-11-25 14:31:41,references,8676e950-8ac5-4074-8ac3-c0a18ada7e99,https://doi.org/10.13003/CED-terms-of-use,https://doi.org/10.13003/CED-terms-of-use,create
10396,crossref,https://doi.org/10.1002/(SICI)1096-9136(199807)15:7<539::AID-DIA668>3.0.CO;2-S,https://doi.org/10.1097/TIN.0000000000000188,39f4de61-39e7-49fe-b7bf-c07f4e22cffa,2019-01-01 00:00:00,2019-11-25 21:33:05,references,8676e950-8ac5-4074-8ac3-c0a18ada7e99,https://doi.org/10.13003/CED-terms-of-use,https://doi.org/10.13003/CED-terms-of-use,create
10397,crossref,https://doi.org/10.1002/(SICI)1096-9136(199807)15:7<539::AID-DIA668>3.0.CO;2-S,https://doi.org/10.1097/MEG.0000000000001452,9b518b9b-c833-4fa1-a76b-7c2b52829453,2019-10-01 00:00:00,2019-11-25 22:07:48,references,8676e950-8ac5-4074-8ac3-c0a18ada7e99,https://doi.org/10.13003/CED-terms-of-use,https://doi.org/10.13003/CED-terms-of-use,create
10398,crossref,https://doi.org/10.1002/(SICI)1096-9136(199807)15:7<539::AID-DIA668>3.0.CO;2-S,https://doi.org/10.1519/JSC.0000000000003354,81ba0a37-1084-4cbf-9ccc-c5b28a904ae6,2019-08-01 00:00:00,2019-11-25 23:40:19,references,8676e950-8ac5-4074-8ac3-c0a18ada7e99,https://doi.org/10.13003/CED-terms-of-use,https://doi.org/10.13003/CED-terms-of-use,create
10399,crossref,https://doi.org/10.1002/(SICI)1096-9136(199807)15:7<539::AID-DIA668>3.0.CO;2-S,https://doi.org/10.4103/0975-3583.98895,7f7cc606-2e18-4ae3-b088-2ed756fc9a53,2012-07-01 00:00:00,2019-11-26 18:31:49,references,8676e950-8ac5-4074-8ac3-c0a18ada7e99,https://doi.org/10.13003/CED-terms-of-use,https://doi.org/10.13003/CED-terms-of-use,create
10400,crossref,https://doi.org/10.1002/(SICI)1096-9136(199807)15:7<539::AID-DIA668>3.0.CO;2-S,https://doi.org/10.4158/EP.13.6.583,bb62b17b-2f2c-4fdb-925c-77b247bfa4b0,2007-10-01 00:00:00,2019-11-26 18:58:12,references,8676e950-8ac5-4074-8ac3-c0a18ada7e99,https://doi.org/10.13003/CED-terms-of-use,https://doi.org/10.13003/CED-terms-of-use,create
10401,crossref,https://doi.org/10.1002/(sici)1096-9136(199807)15:7<539::aid-dia668>3.0.co;2-s,https://doi.org/10.33889/IJMEMS.2019.4.3-057,b85ae488-a4c1-4ba3-99fd-3edd734442be,2019-06-01 00:00:00,2019-11-27 02:39:47,references,8676e950-8ac5-4074-8ac3-c0a18ada7e99,https://doi.org/10.13003/CED-terms-of-use,https://doi.org/10.13003/CED-terms-of-use,create
10402,crossref,https://doi.org/10.1002/(SICI)1096-9136(199807)15:7<539::AID-DIA668>3.0.CO;2-S,https://doi.org/10.1007/s00394-018-1738-6,69edfc89-0b1c-4e88-b03d-bbf15471505c,2018-06-05 00:00:00,2019-11-27 11:29:07,references,8676e950-8ac5-4074-8ac3-c0a18ada7e99,https://doi.org/10.13003/CED-terms-of-use,https://doi.org/10.13003/CED-terms-of-use,create
10403,crossref,https://doi.org/10.1002/(SICI)1096-9136(199807)15:7<539::AID-DIA668>3.0.CO;2-S,https://doi.org/10.3109/09513590.2012.683058,b2d19129-182a-4fad-9082-212917604db5,2012-05-10 00:00:00,2019-11-28 05:42:40,references,8676e950-8ac5-4074-8ac3-c0a18ada7e99,https://doi.org/10.13003/CED-terms-of-use,https://doi.org/10.13003/CED-terms-of-use,create
10404,crossref,https://doi.org/10.1002/(SICI)1096-9136(199807)15:7<539::AID-DIA668>3.0.CO;2-S,https://doi.org/10.1007/s10067-013-2388-y,94f74779-73df-489f-b4b2-70e294e586c8,2013-09-20 00:00:00,2019-11-28 06:03:05,references,8676e950-8ac5-4074-8ac3-c0a18ada7e99,https://doi.org/10.13003/CED-terms-of-use,https://doi.org/10.13003/CED-terms-of-use,create
10405,crossref,https://doi.org/10.1002/(SICI)1096-9136(199807)15:7<539::AID-DIA668>3.0.CO;2-S,https://doi.org/10.1002/14651858.CD008288.pub2,3dc47b47-0310-4c86-b38a-b3f96ab50f9e,2011-12-07 00:00:00,2019-11-28 23:41:56,references,8676e950-8ac5-4074-8ac3-c0a18ada7e99,https://doi.org/10.13003/CED-terms-of-use,https://doi.org/10.13003/CED-terms-of-use,create
10406,crossref,https://doi.org/10.1002/(SICI)1096-9136(199807)15:7<539::AID-DIA668>3.0.CO;2-S,https://doi.org/10.3390/ijerph16101750,99753556-542d-47cb-957a-5ef0e0d2e3f5,2019-05-17 00:00:00,2019-11-30 00:53:30,references,8676e950-8ac5-4074-8ac3-c0a18ada7e99,https://doi.org/10.13003/CED-terms-of-use,https://doi.org/10.13003/CED-terms-of-use,create
10407,crossref,https://doi.org/10.1002/(SICI)1096-9136(199807)15:7<539::AID-DIA668>3.0.CO;2-S,https://doi.org/10.1155/2012/783696,cf5242df-8b72-43a7-ad51-c2db3ef321c2,2012-01-01 00:00:00,2019-11-30 12:56:06,references,8676e950-8ac5-4074-8ac3-c0a18ada7e99,https://doi.org/10.13003/CED-terms-of-use,https://doi.org/10.13003/CED-terms-of-use,create
10408,crossref,https://doi.org/10.1002/(SICI)1096-9136(199807)15:7<539::AID-DIA668>3.0.CO;2-S,https://doi.org/10.1097/01.XME.0000415560.24359.ea,d78bea37-c920-4503-a364-20153ced0c0d,2012-07-01 00:00:00,2019-11-30 15:36:43,references,8676e950-8ac5-4074-8ac3-c0a18ada7e99,https://doi.org/10.13003/CED-terms-of-use,https://doi.org/10.13003/CED-terms-of-use,create
10409,crossref,https://doi.org/10.1002/(SICI)1096-9136(199807)15:7<539::AID-DIA668>3.0.CO;2-S,https://doi.org/10.1007/s12349-011-0087-2,c4e6c095-3c9c-4163-8d64-a50ebc4ceb73,2011-12-11 00:00:00,2019-11-30 21:56:57,references,8676e950-8ac5-4074-8ac3-c0a18ada7e99,https://doi.org/10.13003/CED-terms-of-use,https://doi.org/10.13003/CED-terms-of-use,create
10410,crossref,https://doi.org/10.1002/(SICI)1096-9136(199807)15:7<539::AID-DIA668>3.0.CO;2-S,https://doi.org/10.1097/MPA.0b013e31826dc2d7,0f636cff-acf3-4627-8ecb-988be3197d2f,2013-05-01 00:00:00,2019-12-01 13:54:51,references,8676e950-8ac5-4074-8ac3-c0a18ada7e99,https://doi.org/10.13003/CED-terms-of-use,https://doi.org/10.13003/CED-terms-of-use,create
10411,crossref,https://doi.org/10.1002/(SICI)1096-9136(199807)15:7<539::AID-DIA668>3.0.CO;2-S,https://doi.org/10.1002/dmrr.2304,e31902ff-f297-49f7-a396-1ba594e7a046,2012-07-01 00:00:00,2019-12-02 00:53:23,references,8676e950-8ac5-4074-8ac3-c0a18ada7e99,https://doi.org/10.13003/CED-terms-of-use,https://doi.org/10.13003/CED-terms-of-use,create
10412,crossref,https://doi.org/10.1002/(SICI)1096-9136(199807)15:7<539::AID-DIA668>3.0.CO;2-S,https://doi.org/10.1111/1753-0407.13000,be00fdd1-439e-4155-b618-e1a285c7f426,2019-12-02 00:00:00,2019-12-04 03:42:02,references,8676e950-8ac5-4074-8ac3-c0a18ada7e99,https://doi.org/10.13003/CED-terms-of-use,https://doi.org/10.13003/CED-terms-of-use,create
10413,crossref,https://doi.org/10.1002/(SICI)1096-9136(199807)15:7<539::AID-DIA668>3.0.CO;2-S,https://doi.org/10.1007/s13300-019-00693-0,0fe2bb00-6fcb-45a6-81ad-e23252984b40,2019-09-24 00:00:00,2019-12-05 10:16:12,references,8676e950-8ac5-4074-8ac3-c0a18ada7e99,https://doi.org/10.13003/CED-terms-of-use,https://doi.org/10.13003/CED-terms-of-use,create
10414,crossref,https://doi.org/10.1002/(SICI)1096-9136(199807)15:7<539::AID-DIA668>3.0.CO;2-S,https://doi.org/10.1042/BSR20190315,2b20eaa0-b66d-4f40-9a8c-1059e370ff3b,2019-06-01 00:00:00,2019-12-09 13:20:59,references,8676e950-8ac5-4074-8ac3-c0a18ada7e99,https://doi.org/10.13003/CED-terms-of-use,https://doi.org/10.13003/CED-terms-of-use,create
10415,crossref,https://doi.org/10.1002/(SICI)1096-9136(199807)15:7<539::AID-DIA668>3.0.CO;2-S,https://doi.org/10.1177/1403494819875012,98b84b78-5589-44f6-bfa2-697d7e69a52f,2019-12-08 00:00:00,2019-12-10 01:13:46,references,8676e950-8ac5-4074-8ac3-c0a18ada7e99,https://doi.org/10.13003/CED-terms-of-use,https://doi.org/10.13003/CED-terms-of-use,create
10416,crossref,https://doi.org/10.1002/(SICI)1096-9136(199807)15:7<539::AID-DIA668>3.0.CO;2-S,https://doi.org/10.1002/dmrr.3197,84f872d4-d1e5-4f03-a004-e9ac535cb0c7,2019-07-11 00:00:00,2019-12-10 20:05:11,references,8676e950-8ac5-4074-8ac3-c0a18ada7e99,https://doi.org/10.13003/CED-terms-of-use,https://doi.org/10.13003/CED-terms-of-use,create
10417,crossref,https://doi.org/10.1002/(SICI)1096-9136(199807)15:7<539::AID-DIA668>3.0.CO;2-S,https://doi.org/10.1016/S2256-2087(12)70022-6,1156b24c-cf96-42d7-b89f-586a308e6446,2012-05-01 00:00:00,2019-12-11 18:46:40,references,8676e950-8ac5-4074-8ac3-c0a18ada7e99,https://doi.org/10.13003/CED-terms-of-use,https://doi.org/10.13003/CED-terms-of-use,create
10418,crossref,https://doi.org/10.1002/(SICI)1096-9136(199807)15:7<539::AID-DIA668>3.0.CO;2-S,https://doi.org/10.1152/ajpheart.00796.2011,31a44185-92ba-4d4d-aac0-92bafcf16591,2012-03-15 00:00:00,2019-12-12 01:44:31,references,8676e950-8ac5-4074-8ac3-c0a18ada7e99,https://doi.org/10.13003/CED-terms-of-use,https://doi.org/10.13003/CED-terms-of-use,create
10419,crossref,https://doi.org/10.1002/(SICI)1096-9136(199807)15:7<539::AID-DIA668>3.0.CO;2-S,https://doi.org/10.4093/dmj.2011.35.2.107,e819d903-4f5e-4be9-be6f-ac178dd7ad6b,2011-01-01 00:00:00,2019-12-14 00:47:19,references,8676e950-8ac5-4074-8ac3-c0a18ada7e99,https://doi.org/10.13003/CED-terms-of-use,https://doi.org/10.13003/CED-terms-of-use,create
10420,crossref,https://doi.org/10.1002/(SICI)1096-9136(199807)15:7<539::AID-DIA668>3.0.CO;2-S,https://doi.org/10.2174/1874192401206010147,248e36f2-0e93-41b9-80dc-881bf26daae7,2012-12-28 00:00:00,2019-12-14 02:09:20,references,8676e950-8ac5-4074-8ac3-c0a18ada7e99,https://doi.org/10.13003/CED-terms-of-use,https://doi.org/10.13003/CED-terms-of-use,create
10421,crossref,https://doi.org/10.1002/(SICI)1096-9136(199807)15:7<539::AID-DIA668>3.0.CO;2-S,https://doi.org/10.1007/s10571-013-9924-9,591ed0ec-3b4c-45da-84e7-288360ab353c,2013-03-19 00:00:00,2019-12-14 18:43:32,references,8676e950-8ac5-4074-8ac3-c0a18ada7e99,https://doi.org/10.13003/CED-terms-of-use,https://doi.org/10.13003/CED-terms-of-use,create
10422,crossref,https://doi.org/10.1002/(SICI)1096-9136(199807)15:7<539::AID-DIA668>3.0.CO;2-S,https://doi.org/10.1007/s00592-012-0406-1,6dbcd466-4060-4962-8a10-931a5afc2294,2012-06-09 00:00:00,2019-12-14 20:37:43,references,8676e950-8ac5-4074-8ac3-c0a18ada7e99,https://doi.org/10.13003/CED-terms-of-use,https://doi.org/10.13003/CED-terms-of-use,create
10423,crossref,https://doi.org/10.1002/(SICI)1096-9136(199807)15:7<539::AID-DIA668>3.0.CO;2-S,https://doi.org/10.1111/luts.12005,95c7b529-175c-4b1d-b1e1-927b778bf55a,2012-10-22 00:00:00,2019-12-15 15:46:39,references,8676e950-8ac5-4074-8ac3-c0a18ada7e99,https://doi.org/10.13003/CED-terms-of-use,https://doi.org/10.13003/CED-terms-of-use,create
10424,crossref,https://doi.org/10.1002/(SICI)1096-9136(199807)15:7<539::AID-DIA668>3.0.CO;2-S,https://doi.org/10.4093/kdj.2008.32.5.409,31412c58-f682-4964-988a-6c01a0a26b6e,2008-01-01 00:00:00,2019-12-15 19:43:55,references,8676e950-8ac5-4074-8ac3-c0a18ada7e99,https://doi.org/10.13003/CED-terms-of-use,https://doi.org/10.13003/CED-terms-of-use,create
10425,crossref,https://doi.org/10.1002/(SICI)1096-9136(199807)15:7<539::AID-DIA668>3.0.CO;2-S,https://doi.org/10.3349/ymj.2005.46.2.198,21e092d1-6b3a-457c-8131-0b88db16347c,2005-01-01 00:00:00,2019-12-16 01:19:45,references,8676e950-8ac5-4074-8ac3-c0a18ada7e99,https://doi.org/10.13003/CED-terms-of-use,https://doi.org/10.13003/CED-terms-of-use,create
10426,crossref,https://doi.org/10.1002/(SICI)1096-9136(199807)15:7<539::AID-DIA668>3.0.CO;2-S,https://doi.org/10.3904/kjim.2005.20.4.310,5f30c6af-611f-4424-a27c-b14e4ae374c7,2005-01-01 00:00:00,2019-12-17 07:42:28,references,8676e950-8ac5-4074-8ac3-c0a18ada7e99,https://doi.org/10.13003/CED-terms-of-use,https://doi.org/10.13003/CED-terms-of-use,create
10427,crossref,https://doi.org/10.1002/(SICI)1096-9136(199807)15:7<539::AID-DIA668>3.0.CO;2-S,https://doi.org/10.1155/2013/760963,2706a713-4dcd-4f3a-ad38-e6646d57f435,2013-01-01 00:00:00,2019-12-17 12:27:01,references,8676e950-8ac5-4074-8ac3-c0a18ada7e99,https://doi.org/10.13003/CED-terms-of-use,https://doi.org/10.13003/CED-terms-of-use,create
10428,crossref,https://doi.org/10.1002/(SICI)1096-9136(199807)15:7<539::AID-DIA668>3.0.CO;2-S,https://doi.org/10.1007/s13410-012-0102-2,ec0c2102-475c-4da3-8817-1f92eece998b,2012-12-07 00:00:00,2019-12-18 01:28:54,references,8676e950-8ac5-4074-8ac3-c0a18ada7e99,https://doi.org/10.13003/CED-terms-of-use,https://doi.org/10.13003/CED-terms-of-use,create
10429,crossref,https://doi.org/10.1002/(SICI)1096-9136(199807)15:7<539::AID-DIA668>3.0.CO;2-S,https://doi.org/10.12659/MSM.881445,0bba6683-1153-4306-9049-d3f6c84e20bf,2011-01-01 00:00:00,2019-12-21 07:24:17,references,8676e950-8ac5-4074-8ac3-c0a18ada7e99,https://doi.org/10.13003/CED-terms-of-use,https://doi.org/10.13003/CED-terms-of-use,create
10430,crossref,https://doi.org/10.1002/(SICI)1096-9136(199807)15:7<539::AID-DIA668>3.0.CO;2-S,https://doi.org/10.1111/jdi.12017,c2ecc279-e836-4ac0-b9bb-be04fee2f208,2012-11-28 00:00:00,2019-12-21 10:23:55,references,8676e950-8ac5-4074-8ac3-c0a18ada7e99,https://doi.org/10.13003/CED-terms-of-use,https://doi.org/10.13003/CED-terms-of-use,create
10431,crossref,https://doi.org/10.1002/(SICI)1096-9136(199807)15:7<539::AID-DIA668>3.0.CO;2-S,https://doi.org/10.1007/s10620-013-2591-3,5c50d7a0-6eca-47d9-98b8-18c2532aa25f,2013-02-20 00:00:00,2019-12-22 15:31:26,references,8676e950-8ac5-4074-8ac3-c0a18ada7e99,https://doi.org/10.13003/CED-terms-of-use,https://doi.org/10.13003/CED-terms-of-use,create
10432,crossref,https://doi.org/10.1002/(SICI)1096-9136(199807)15:7<539::AID-DIA668>3.0.CO;2-S,https://doi.org/10.1007/s00296-013-2847-4,c700c2d2-9950-49fa-ba4e-de601fcb7b10,2013-08-15 00:00:00,2019-12-22 16:06:54,references,8676e950-8ac5-4074-8ac3-c0a18ada7e99,https://doi.org/10.13003/CED-terms-of-use,https://doi.org/10.13003/CED-terms-of-use,create
10433,crossref,https://doi.org/10.1002/(SICI)1096-9136(199807)15:7<539::AID-DIA668>3.0.CO;2-S,https://doi.org/10.2169/internalmedicine.52.9430,2326b8e9-b671-4439-889e-7345e2bc1229,2013-01-01 00:00:00,2019-12-24 08:20:25,references,8676e950-8ac5-4074-8ac3-c0a18ada7e99,https://doi.org/10.13003/CED-terms-of-use,https://doi.org/10.13003/CED-terms-of-use,create
10434,crossref,https://doi.org/10.1002/(SICI)1096-9136(199807)15:7<539::AID-DIA668>3.0.CO;2-S,https://doi.org/10.1139/cjpp-2012-0173,dd29f01e-8b8e-459d-ac31-b543c4e8a536,2013-02-01 00:00:00,2019-12-24 22:18:45,references,8676e950-8ac5-4074-8ac3-c0a18ada7e99,https://doi.org/10.13003/CED-terms-of-use,https://doi.org/10.13003/CED-terms-of-use,create
10435,crossref,https://doi.org/10.1002/(SICI)1096-9136(199807)15:7<539::AID-DIA668>3.0.CO;2-S,https://doi.org/10.7600/jpfsm.1.457,f185e0a5-7a95-47cb-9762-fc20c6e99ce3,2012-01-01 00:00:00,2019-12-25 19:43:38,references,8676e950-8ac5-4074-8ac3-c0a18ada7e99,https://doi.org/10.13003/CED-terms-of-use,https://doi.org/10.13003/CED-terms-of-use,create
10436,crossref,https://doi.org/10.1002/(SICI)1096-9136(199807)15:7<539::AID-DIA668>3.0.CO;2-S,https://doi.org/10.4093/dmj.2014.38.6.472,6774b0c1-43f6-4ae7-a70d-18d3998c1686,2014-01-01 00:00:00,2019-12-26 00:12:23,references,8676e950-8ac5-4074-8ac3-c0a18ada7e99,https://doi.org/10.13003/CED-terms-of-use,https://doi.org/10.13003/CED-terms-of-use,create
10437,crossref,https://doi.org/10.1002/(SICI)1096-9136(199807)15:7<539::AID-DIA668>3.0.CO;2-S,https://doi.org/10.3402/fnr.v57i0.18889,362eb95d-a92c-4d20-b5fc-a0ff4720f4fc,2013-01-01 00:00:00,2019-12-26 17:30:24,references,8676e950-8ac5-4074-8ac3-c0a18ada7e99,https://doi.org/10.13003/CED-terms-of-use,https://doi.org/10.13003/CED-terms-of-use,create
10438,crossref,https://doi.org/10.1002/(SICI)1096-9136(199807)15:7<539::AID-DIA668>3.0.CO;2-S,https://doi.org/10.1002/ame2.12084,021a2423-ae63-4691-b1a5-9b7a613858cf,2019-09-25 00:00:00,2019-12-26 20:48:16,references,8676e950-8ac5-4074-8ac3-c0a18ada7e99,https://doi.org/10.13003/CED-terms-of-use,https://doi.org/10.13003/CED-terms-of-use,create
10439,crossref,https://doi.org/10.1002/(SICI)1096-9136(199807)15:7<539::AID-DIA668>3.0.CO;2-S,https://doi.org/10.3961/jpmph.2007.40.5.397,f7f270d1-ba88-4e9f-8e7e-334a3269a779,2007-01-01 00:00:00,2019-12-26 22:09:35,references,8676e950-8ac5-4074-8ac3-c0a18ada7e99,https://doi.org/10.13003/CED-terms-of-use,https://doi.org/10.13003/CED-terms-of-use,create
10440,crossref,https://doi.org/10.1002/(SICI)1096-9136(199807)15:7<539::AID-DIA668>3.0.CO;2-S,https://doi.org/10.1039/c3fo60081e,92d57efc-99c7-4940-8cb0-2a573474ec3c,2013-01-01 00:00:00,2019-12-27 02:52:07,references,8676e950-8ac5-4074-8ac3-c0a18ada7e99,https://doi.org/10.13003/CED-terms-of-use,https://doi.org/10.13003/CED-terms-of-use,create
10441,crossref,https://doi.org/10.1002/(SICI)1096-9136(199807)15:7<539::AID-DIA668>3.0.CO;2-S,https://doi.org/10.1002/14651858.CD009361.pub2,c61fd7f0-333f-439c-a2cd-88f604ebcba7,2012-12-12 00:00:00,2019-12-27 08:06:08,references,8676e950-8ac5-4074-8ac3-c0a18ada7e99,https://doi.org/10.13003/CED-terms-of-use,https://doi.org/10.13003/CED-terms-of-use,create
10442,crossref,https://doi.org/10.1002/(SICI)1096-9136(199807)15:7<539::AID-DIA668>3.0.CO;2-S,https://doi.org/10.2337/dc11-2263,b2a74361-dfe5-431e-baf7-99a1a553364c,2012-08-28 00:00:00,2019-12-27 09:38:54,references,8676e950-8ac5-4074-8ac3-c0a18ada7e99,https://doi.org/10.13003/CED-terms-of-use,https://doi.org/10.13003/CED-terms-of-use,create
10443,crossref,https://doi.org/10.1002/(SICI)1096-9136(199807)15:7<539::AID-DIA668>3.0.CO;2-S,https://doi.org/10.4093/kdj.2010.34.4.229,a62d73e7-5414-4a85-ba0e-bdaad0307cc8,2010-01-01 00:00:00,2019-12-28 15:49:01,references,8676e950-8ac5-4074-8ac3-c0a18ada7e99,https://doi.org/10.13003/CED-terms-of-use,https://doi.org/10.13003/CED-terms-of-use,create
10444,crossref,https://doi.org/10.1002/(SICI)1096-9136(199807)15:7<539::AID-DIA668>3.0.CO;2-S,https://doi.org/10.1002/pd.3937,7fd5f4ba-e3be-4594-ae04-32b324d64ca9,2012-07-24 00:00:00,2019-12-28 16:04:27,references,8676e950-8ac5-4074-8ac3-c0a18ada7e99,https://doi.org/10.13003/CED-terms-of-use,https://doi.org/10.13003/CED-terms-of-use,create
10445,crossref,https://doi.org/10.1002/(SICI)1096-9136(199807)15:7<539::AID-DIA668>3.0.CO;2-S,https://doi.org/10.4093/dmj.2011.35.1.41,64f80cd2-cff0-4d79-ba2c-c9296a91d1ec,2011-01-01 00:00:00,2019-12-29 00:36:34,references,8676e950-8ac5-4074-8ac3-c0a18ada7e99,https://doi.org/10.13003/CED-terms-of-use,https://doi.org/10.13003/CED-terms-of-use,create
10446,crossref,https://doi.org/10.1002/(SICI)1096-9136(199807)15:7<539::AID-DIA668>3.0.CO;2-S,https://doi.org/10.1371/journal.pone.0057319,f0973567-4ba1-4d82-ac19-56b22ebba7f7,2013-03-08 00:00:00,2019-12-29 07:02:58,references,8676e950-8ac5-4074-8ac3-c0a18ada7e99,https://doi.org/10.13003/CED-terms-of-use,https://doi.org/10.13003/CED-terms-of-use,create
10447,crossref,https://doi.org/10.1002/(SICI)1096-9136(199807)15:7<539::AID-DIA668>3.0.CO;2-S,https://doi.org/10.1111/1750-3841.14945,83d7272c-a4e3-42d5-9758-5bbe1fc59703,2019-11-24 00:00:00,2019-12-29 12:05:48,references,8676e950-8ac5-4074-8ac3-c0a18ada7e99,https://doi.org/10.13003/CED-terms-of-use,https://doi.org/10.13003/CED-terms-of-use,create
10448,crossref,https://doi.org/10.1002/(SICI)1096-9136(199807)15:7<539::AID-DIA668>3.0.CO;2-S,https://doi.org/10.1038/hr.2015.38,07d6a0e9-523d-4f12-8dcd-6f2eb85c3375,2015-03-19 00:00:00,2020-01-01 19:47:49,references,8676e950-8ac5-4074-8ac3-c0a18ada7e99,https://doi.org/10.13003/CED-terms-of-use,https://doi.org/10.13003/CED-terms-of-use,create
10449,crossref,https://doi.org/10.1002/(SICI)1096-9136(199807)15:7<539::AID-DIA668>3.0.CO;2-S,https://doi.org/10.1038/jhh.2014.59,5c33242f-1461-4283-a283-c5b9397713d9,2014-07-17 00:00:00,2020-01-01 22:28:27,references,8676e950-8ac5-4074-8ac3-c0a18ada7e99,https://doi.org/10.13003/CED-terms-of-use,https://doi.org/10.13003/CED-terms-of-use,create
10450,crossref,https://doi.org/10.1002/(SICI)1096-9136(199807)15:7<539::AID-DIA668>3.0.CO;2-S,https://doi.org/10.1038/ijo.2015.100,a92d4680-be85-4de0-bda6-c863e51c225d,2015-06-01 00:00:00,2020-01-02 00:18:48,references,8676e950-8ac5-4074-8ac3-c0a18ada7e99,https://doi.org/10.13003/CED-terms-of-use,https://doi.org/10.13003/CED-terms-of-use,create
10451,crossref,https://doi.org/10.1002/(SICI)1096-9136(199807)15:7<539::AID-DIA668>3.0.CO;2-S,https://doi.org/10.1038/ejcn.2014.293,89a44a71-42d0-4420-975b-87a07fce1004,2015-01-28 00:00:00,2020-01-02 02:52:56,references,8676e950-8ac5-4074-8ac3-c0a18ada7e99,https://doi.org/10.13003/CED-terms-of-use,https://doi.org/10.13003/CED-terms-of-use,create
10452,crossref,https://doi.org/10.1002/(SICI)1096-9136(199807)15:7<539::AID-DIA668>3.0.CO;2-S,https://doi.org/10.1038/jhh.2014.54,c181088c-1ab7-4b67-9f6a-4c5624d51cd4,2014-07-03 00:00:00,2020-01-02 05:14:17,references,8676e950-8ac5-4074-8ac3-c0a18ada7e99,https://doi.org/10.13003/CED-terms-of-use,https://doi.org/10.13003/CED-terms-of-use,create
10453,crossref,https://doi.org/10.1002/(SICI)1096-9136(199807)15:7<539::AID-DIA668>3.0.CO;2-S,https://doi.org/10.1007/978-1-59745-310-3_30,9ced3d20-27bf-44c4-9a68-e925028765a5,2007-01-01 00:00:00,2020-01-09 23:35:17,references,8676e950-8ac5-4074-8ac3-c0a18ada7e99,https://doi.org/10.13003/CED-terms-of-use,https://doi.org/10.13003/CED-terms-of-use,create
10454,crossref,https://doi.org/10.1002/(SICI)1096-9136(199807)15:7<539::AID-DIA668>3.0.CO;2-S,https://doi.org/10.1007/978-1-4615-0427-6_11,87cbae19-89bd-49c0-8a30-214b096192aa,2003-01-01 00:00:00,2020-01-10 00:56:17,references,8676e950-8ac5-4074-8ac3-c0a18ada7e99,https://doi.org/10.13003/CED-terms-of-use,https://doi.org/10.13003/CED-terms-of-use,create
10455,crossref,https://doi.org/10.1002/(SICI)1096-9136(199807)15:7<539::AID-DIA668>3.0.CO;2-S,https://doi.org/10.1089/rej.2019.2228,f325df5f-3cf9-4af0-8110-f9d1923f231f,2020-01-15 00:00:00,2020-01-16 23:24:04,references,8676e950-8ac5-4074-8ac3-c0a18ada7e99,https://doi.org/10.13003/CED-terms-of-use,https://doi.org/10.13003/CED-terms-of-use,create
