{
  "0":{
    "DOI":"10.1192\/bjp.171.6.519",
    "URL":"http:\/\/dx.doi.org\/10.1192\/bjp.171.6.519",
    "title":"Minor psychiatric disorder in NHS trust staff: Occupational and gender differences",
    "container_title":"British Journal of Psychiatry",
    "author":"D.A. Golya",
    "page":"519-523",
    "publisher":"Royal College of Psychiatrists",
    "language":"en",
    "alternative_id":"S0007125000148573",
    "created_date_time":1224049016000,
    "deposited_date_time":1557604263000,
    "is_referenced_by_count":179,
    "issue":"6",
    "issued_date_parts":"1997\/12",
    "prefix":"10.1192",
    "published_online_date_parts":"2018\/1\/2",
    "published_print_date_parts":"1997\/12"
  }
}