{
  "0":{
    "affiliation":"The University of Iowa Iowa City",
    "authenticated_orcid":null,
    "family":"Zhang",
    "given":"Xuyang",
    "name":"Xuyang Zhang",
    "orcid":null,
    "sequence":"additional",
    "suffix":null
  },
  "1":{
    "affiliation":"",
    "authenticated_orcid":null,
    "family":"Zhang",
    "given":"Q",
    "name":"Q Zhang",
    "orcid":null,
    "sequence":"first",
    "suffix":null
  },
  "2":{
    "affiliation":"",
    "authenticated_orcid":null,
    "family":"Zhang",
    "given":"Jianzhong",
    "name":"Jianzhong Zhang",
    "orcid":null,
    "sequence":"additional",
    "suffix":null
  },
  "3":{
    "affiliation":"",
    "authenticated_orcid":null,
    "family":"Zhang",
    "given":"Tao",
    "name":"Tao Zhang",
    "orcid":null,
    "sequence":"additional",
    "suffix":null
  },
  "4":{
    "affiliation":"",
    "authenticated_orcid":null,
    "family":"Zhang",
    "given":"De-Xing",
    "name":"De-Xing Zhang",
    "orcid":null,
    "sequence":"additional",
    "suffix":null
  },
  "5":{
    "affiliation":"",
    "authenticated_orcid":null,
    "family":"Zhang",
    "given":"Qing",
    "name":"Qing Zhang",
    "orcid":null,
    "sequence":"additional",
    "suffix":null
  },
  "6":{
    "affiliation":"",
    "authenticated_orcid":null,
    "family":"Zhang",
    "given":"Jinghui",
    "name":"Jinghui Zhang",
    "orcid":null,
    "sequence":"additional",
    "suffix":null
  },
  "7":{
    "affiliation":"",
    "authenticated_orcid":null,
    "family":"Zhang",
    "given":"Weiqing",
    "name":"Weiqing Zhang",
    "orcid":null,
    "sequence":"additional",
    "suffix":null
  },
  "8":{
    "affiliation":"",
    "authenticated_orcid":null,
    "family":"Zhang",
    "given":"Hongyu",
    "name":"Hongyu Zhang",
    "orcid":null,
    "sequence":"additional",
    "suffix":null
  },
  "9":{
    "affiliation":"",
    "authenticated_orcid":null,
    "family":"Zhang",
    "given":"Yixin",
    "name":"Yixin Zhang",
    "orcid":null,
    "sequence":"additional",
    "suffix":null
  },
  "10":{
    "affiliation":"",
    "authenticated_orcid":null,
    "family":"Zhang",
    "given":"Y.",
    "name":"Y. Zhang",
    "orcid":null,
    "sequence":"first",
    "suffix":null
  },
  "11":{
    "affiliation":"",
    "authenticated_orcid":null,
    "family":"Peizhen",
    "given":"Zhang",
    "name":"Zhang Peizhen",
    "orcid":null,
    "sequence":"first",
    "suffix":null
  },
  "12":{
    "affiliation":"",
    "authenticated_orcid":null,
    "family":"Zhang",
    "given":"Shaowu",
    "name":"Shaowu Zhang",
    "orcid":null,
    "sequence":"additional",
    "suffix":null
  },
  "13":{
    "affiliation":"",
    "authenticated_orcid":null,
    "family":"Zhang",
    "given":"S. M.",
    "name":"S. M. Zhang",
    "orcid":null,
    "sequence":"first",
    "suffix":null
  },
  "14":{
    "affiliation":"",
    "authenticated_orcid":null,
    "family":"Zhang",
    "given":"C. C.",
    "name":"C. C. Zhang",
    "orcid":null,
    "sequence":"additional",
    "suffix":null
  },
  "15":{
    "affiliation":"",
    "authenticated_orcid":null,
    "family":"Zhang",
    "given":"J.",
    "name":"J. Zhang",
    "orcid":null,
    "sequence":"additional",
    "suffix":null
  },
  "16":{
    "affiliation":"",
    "authenticated_orcid":null,
    "family":"Zhang",
    "given":"Zhonxin",
    "name":"Zhonxin Zhang",
    "orcid":null,
    "sequence":"additional",
    "suffix":null
  },
  "17":{
    "affiliation":"",
    "authenticated_orcid":null,
    "family":"Zhang",
    "given":"Y.",
    "name":"Y. Zhang",
    "orcid":null,
    "sequence":"additional",
    "suffix":null
  },
  "18":{
    "affiliation":"",
    "authenticated_orcid":null,
    "family":"Zhang",
    "given":"W.",
    "name":"W. Zhang",
    "orcid":null,
    "sequence":"additional",
    "suffix":null
  },
  "19":{
    "affiliation":"",
    "authenticated_orcid":null,
    "family":"Zhang",
    "given":"Yanping",
    "name":"Yanping Zhang",
    "orcid":null,
    "sequence":"additional",
    "suffix":null
  },
  "20":{
    "affiliation":"",
    "authenticated_orcid":null,
    "family":"Zhang",
    "given":"Mingmin",
    "name":"Mingmin Zhang",
    "orcid":null,
    "sequence":"additional",
    "suffix":null
  },
  "21":{
    "affiliation":"",
    "authenticated_orcid":null,
    "family":"Zhang",
    "given":"Jian",
    "name":"Jian Zhang",
    "orcid":null,
    "sequence":"additional",
    "suffix":null
  }
}