{
  "0":{
    "redditLinksIncrement":16,
    "sourceID":"reddit-links",
    "objectID":"https:\/\/doi.org\/10.1001\/jama.280.3.237",
    "subjectID":"https:\/\/www.vox.com\/2015\/5\/13\/8591837\/how-science-is-broken",
    "eventID":"99e5159a-970e-4a83-9c28-28d83d8a1de2",
    "occurredAt":1431731592000,
    "timeObserved":1491831410000,
    "relationType":"discusses",
    "sourceToken":"93df90e8-1881-40fc-b19d-49d78cc9ee24",
    "license":"https:\/\/creativecommons.org\/publicdomain\/zero\/1.0\/",
    "termsOfUse":"https:\/\/doi.org\/10.13003\/CED-terms-of-use",
    "updatedReason":"https:\/\/evidence.eventdata.crossref.org\/announcements\/2017-10-06T00-00-00Z-ED-12.json",
    "updated":"edited",
    "evidenceRecord":"https:\/\/evidence.eventdata.crossref.org\/evidence\/20170410-reddit-links-a5b8b42e-9fbb-47f6-b8f5-e7d62364d905",
    "eventAction":"add",
    "subjectPID":"https:\/\/www.vox.com\/2015\/5\/13\/8591837\/how-science-is-broken",
    "subjectURL":"http:\/\/www.vox.com\/2015\/5\/13\/8591837\/how-science-is-broken",
    "objectPID":"https:\/\/doi.org\/10.1001\/jama.280.3.237",
    "objectURL":"http:\/\/jama.jamanetwork.com\/article.aspx?articleid=187748#COMMENT",
    "updatedDate":1507915313000
  },
  "1":{
    "redditLinksIncrement":17,
    "sourceID":"reddit-links",
    "objectID":"https:\/\/doi.org\/10.1001\/jama.280.3.237",
    "subjectID":"http:\/\/theconversation.com\/what-counts-as-an-academic-publication-34549",
    "eventID":"3b893182-e608-4a39-90bb-e65be9771d85",
    "occurredAt":1416840351000,
    "timeObserved":1491831526000,
    "relationType":"discusses",
    "sourceToken":"93df90e8-1881-40fc-b19d-49d78cc9ee24",
    "license":"https:\/\/creativecommons.org\/publicdomain\/zero\/1.0\/",
    "termsOfUse":"https:\/\/doi.org\/10.13003\/CED-terms-of-use",
    "updatedReason":"https:\/\/evidence.eventdata.crossref.org\/announcements\/2017-10-06T00-00-00Z-ED-12.json",
    "updated":"edited",
    "evidenceRecord":"https:\/\/evidence.eventdata.crossref.org\/evidence\/20170410-reddit-links-bae0da45-e24d-4fa3-8abd-b56324bdaafe",
    "eventAction":"add",
    "subjectPID":"http:\/\/theconversation.com\/what-counts-as-an-academic-publication-34549",
    "subjectURL":"http:\/\/theconversation.com\/what-counts-as-an-academic-publication-34549",
    "objectPID":"https:\/\/doi.org\/10.1001\/jama.280.3.237",
    "objectURL":"http:\/\/dx.doi.org\/10.1001\/jama.280.3.237",
    "updatedDate":1507915432000
  }
}