{
  "0":{
    "crossRefIncrement":60111,
    "sourceID":"crossref",
    "objectID":"https:\/\/doi.org\/10.1007\/s004210050268",
    "subjectID":"https:\/\/doi.org\/10.7600\/jspfsm.58.395",
    "eventID":"7e783955-1815-47a2-924d-c7e32a781346",
    "occurredAt":1230768000000,
    "timeObserved":1563746929000,
    "relationType":"references",
    "sourceToken":"8676e950-8ac5-4074-8ac3-c0a18ada7e99",
    "license":"https:\/\/doi.org\/10.13003\/CED-terms-of-use",
    "crossrefTermsOfUse":"https:\/\/doi.org\/10.13003\/CED-terms-of-use",
    "messageAction":"create"
  },
  "1":{
    "crossRefIncrement":60112,
    "sourceID":"crossref",
    "objectID":"https:\/\/doi.org\/10.1007\/s004210050268",
    "subjectID":"https:\/\/doi.org\/10.1080\/07303084.1999.10605682",
    "eventID":"811abff0-98c6-4f23-8b0e-b85bb278c014",
    "occurredAt":936144000000,
    "timeObserved":1572773024000,
    "relationType":"references",
    "sourceToken":"8676e950-8ac5-4074-8ac3-c0a18ada7e99",
    "license":"https:\/\/doi.org\/10.13003\/CED-terms-of-use",
    "crossrefTermsOfUse":"https:\/\/doi.org\/10.13003\/CED-terms-of-use",
    "messageAction":"create"
  },
  "2":{
    "crossRefIncrement":60113,
    "sourceID":"crossref",
    "objectID":"https:\/\/doi.org\/10.1007\/s004210050268",
    "subjectID":"https:\/\/doi.org\/10.1590\/S1809-29502008000400004",
    "eventID":"7cfc788c-55b4-4751-8d61-fca519d6c06e",
    "occurredAt":1228089600000,
    "timeObserved":1576320210000,
    "relationType":"references",
    "sourceToken":"8676e950-8ac5-4074-8ac3-c0a18ada7e99",
    "license":"https:\/\/doi.org\/10.13003\/CED-terms-of-use",
    "crossrefTermsOfUse":"https:\/\/doi.org\/10.13003\/CED-terms-of-use",
    "messageAction":"create"
  }
}