{
  "0":{
    "redditLinksIncrement":15,
    "sourceID":"reddit-links",
    "objectID":"https:\/\/doi.org\/10.1001\/jama.280.2.147",
    "subjectID":"https:\/\/link.springer.com\/article\/10.1007\/s11136-017-1541-5",
    "eventID":"dc44852c-e7dd-45a1-9efd-511529e5f8b1",
    "occurredAt":1499956087000,
    "timeObserved":1500019426000,
    "relationType":"discusses",
    "sourceToken":"93df90e8-1881-40fc-b19d-49d78cc9ee24",
    "license":"https:\/\/creativecommons.org\/publicdomain\/zero\/1.0\/",
    "termsOfUse":"https:\/\/doi.org\/10.13003\/CED-terms-of-use",
    "updatedReason":"https:\/\/evidence.eventdata.crossref.org\/announcements\/2017-10-06T00-00-00Z-ED-12.json",
    "updated":"edited",
    "evidenceRecord":"https:\/\/evidence.eventdata.crossref.org\/evidence\/20170714-reddit-links-239cc5ed-e920-4cf5-9b1d-42defdb7543b",
    "eventAction":"add",
    "subjectPID":"https:\/\/link.springer.com\/article\/10.1007\/s11136-017-1541-5",
    "subjectURL":"https:\/\/rd.springer.com\/article\/10.1007%2Fs11136-017-1541-5",
    "objectPID":"https:\/\/doi.org\/10.1001\/jama.280.2.147",
    "objectURL":"http:\/\/dx.doi.org\/10.1001\/jama.280.2.147",
    "updatedDate":1507929583000
  }
}