crossRefIncrement,sourceID,objectID,subjectID,eventID,occurredAt,timeObserved,relationType,sourceToken,license,crossrefTermsOfUse,messageAction
12544,crossref,https://doi.org/10.1002/(SICI)1521-3773(19980302)37:4<388::AID-ANIE388>3.0.CO;2-V,https://doi.org/10.1002/adsc.201100379,35eeca35-4820-4e69-8010-b8e8904948fb,2011-11-01 00:00:00,2019-06-20 06:27:37,references,8676e950-8ac5-4074-8ac3-c0a18ada7e99,https://doi.org/10.13003/CED-terms-of-use,https://doi.org/10.13003/CED-terms-of-use,create
12545,crossref,https://doi.org/10.1002/(SICI)1521-3773(19980302)37:4<388::AID-ANIE388>3.0.CO;2-V,https://doi.org/10.1002/ange.201201278,be4bb269-0379-4764-97da-d29415c0c6df,2012-04-04 00:00:00,2019-06-27 09:00:33,references,8676e950-8ac5-4074-8ac3-c0a18ada7e99,https://doi.org/10.13003/CED-terms-of-use,https://doi.org/10.13003/CED-terms-of-use,create
12546,crossref,https://doi.org/10.1002/(SICI)1521-3773(19980302)37:4<388::AID-ANIE388>3.0.CO;2-V,https://doi.org/10.1002/chem.201200478,bc8db7fa-2f63-4224-aeb9-de3ab3550aa8,2012-04-20 00:00:00,2019-06-28 21:50:13,references,8676e950-8ac5-4074-8ac3-c0a18ada7e99,https://doi.org/10.13003/CED-terms-of-use,https://doi.org/10.13003/CED-terms-of-use,create
12547,crossref,https://doi.org/10.1002/(SICI)1521-3773(19980302)37:4<388::AID-ANIE388>3.0.CO;2-V,https://doi.org/10.1002/anie.201204594,36aa7e1a-e473-4e78-a1c7-19cc0372d097,2012-07-23 00:00:00,2019-07-02 10:02:14,references,8676e950-8ac5-4074-8ac3-c0a18ada7e99,https://doi.org/10.13003/CED-terms-of-use,https://doi.org/10.13003/CED-terms-of-use,create
12548,crossref,https://doi.org/10.1002/(SICI)1521-3773(19980302)37:4<388::AID-ANIE388>3.0.CO;2-V,https://doi.org/10.1351/pac200678020477,6f527cd3-413c-40b4-b0e6-35634a437561,2006-01-01 00:00:00,2019-07-04 06:20:46,references,8676e950-8ac5-4074-8ac3-c0a18ada7e99,https://doi.org/10.13003/CED-terms-of-use,https://doi.org/10.13003/CED-terms-of-use,create
12549,crossref,https://doi.org/10.1002/(SICI)1521-3773(19980302)37:4<388::AID-ANIE388>3.0.CO;2-V,https://doi.org/10.1002/chem.201203221,97def02f-3adc-45d7-9125-9379dfa3392d,2012-12-18 00:00:00,2019-07-07 17:20:24,references,8676e950-8ac5-4074-8ac3-c0a18ada7e99,https://doi.org/10.13003/CED-terms-of-use,https://doi.org/10.13003/CED-terms-of-use,create
12550,crossref,https://doi.org/10.1002/(SICI)1521-3773(19980302)37:4<388::AID-ANIE388>3.0.CO;2-V,https://doi.org/10.1002/anie.201206582,7ee7993f-7dd6-4d13-bdde-4408e2dc9de9,2012-11-23 00:00:00,2019-07-07 22:25:34,references,8676e950-8ac5-4074-8ac3-c0a18ada7e99,https://doi.org/10.13003/CED-terms-of-use,https://doi.org/10.13003/CED-terms-of-use,create
12551,crossref,https://doi.org/10.1002/(SICI)1521-3773(19980302)37:4<388::AID-ANIE388>3.0.CO;2-V,https://doi.org/10.1002/adsc.201200808,acf8417b-056e-45ec-95c9-03160064a9bd,2013-02-22 00:00:00,2019-07-11 09:39:49,references,8676e950-8ac5-4074-8ac3-c0a18ada7e99,https://doi.org/10.13003/CED-terms-of-use,https://doi.org/10.13003/CED-terms-of-use,create
12552,crossref,https://doi.org/10.1002/(SICI)1521-3773(19980302)37:4<388::AID-ANIE388>3.0.CO;2-V,https://doi.org/10.1002/anie.201209443,c0210932-a3c8-4a1d-991f-a2a5c2615a3f,2013-01-22 00:00:00,2019-07-12 00:21:44,references,8676e950-8ac5-4074-8ac3-c0a18ada7e99,https://doi.org/10.13003/CED-terms-of-use,https://doi.org/10.13003/CED-terms-of-use,create
12553,crossref,https://doi.org/10.1002/(SICI)1521-3773(19980302)37:4<388::AID-ANIE388>3.0.CO;2-V,https://doi.org/10.1002/ange.201209443,3629b812-1ecd-484a-8128-aee6bcf280f5,2013-01-22 00:00:00,2019-07-12 01:48:28,references,8676e950-8ac5-4074-8ac3-c0a18ada7e99,https://doi.org/10.13003/CED-terms-of-use,https://doi.org/10.13003/CED-terms-of-use,create
12554,crossref,https://doi.org/10.1002/(SICI)1521-3773(19980302)37:4<388::AID-ANIE388>3.0.CO;2-V,https://doi.org/10.1002/chem.201300977,8810f3ed-5f7f-4295-a4a6-7fa0949927e2,2013-04-23 00:00:00,2019-07-13 04:19:48,references,8676e950-8ac5-4074-8ac3-c0a18ada7e99,https://doi.org/10.13003/CED-terms-of-use,https://doi.org/10.13003/CED-terms-of-use,create
12555,crossref,https://doi.org/10.1002/(SICI)1521-3773(19980302)37:4<388::AID-ANIE388>3.0.CO;2-V,https://doi.org/10.1002/adsc.201200045,7ec2f25a-b5c2-46e7-8db0-2f67b0cb10e7,2012-07-02 00:00:00,2019-07-13 22:11:47,references,8676e950-8ac5-4074-8ac3-c0a18ada7e99,https://doi.org/10.13003/CED-terms-of-use,https://doi.org/10.13003/CED-terms-of-use,create
12556,crossref,https://doi.org/10.1002/(SICI)1521-3773(19980302)37:4<388::AID-ANIE388>3.0.CO;2-V,https://doi.org/10.1002/ange.201204594,8fc157ea-9db8-4426-ae31-2093ebd551fe,2012-07-23 00:00:00,2019-07-15 21:01:58,references,8676e950-8ac5-4074-8ac3-c0a18ada7e99,https://doi.org/10.13003/CED-terms-of-use,https://doi.org/10.13003/CED-terms-of-use,create
12557,crossref,https://doi.org/10.1002/(SICI)1521-3773(19980302)37:4<388::AID-ANIE388>3.0.CO;2-V,https://doi.org/10.1002/ajoc.201900262,f8882d41-a19b-4ddd-9c46-3791210ee2c9,2019-07-24 00:00:00,2019-07-25 16:57:36,references,8676e950-8ac5-4074-8ac3-c0a18ada7e99,https://doi.org/10.13003/CED-terms-of-use,https://doi.org/10.13003/CED-terms-of-use,create
12558,crossref,https://doi.org/10.1002/(SICI)1521-3773(19980302)37:4<388::AID-ANIE388>3.0.CO;2-V,https://doi.org/10.1039/C9QO00597H,3f901a37-9689-4fd3-9b93-6609fa908532,2019-01-01 00:00:00,2019-07-28 07:21:48,references,8676e950-8ac5-4074-8ac3-c0a18ada7e99,https://doi.org/10.13003/CED-terms-of-use,https://doi.org/10.13003/CED-terms-of-use,create
12559,crossref,https://doi.org/10.1002/(SICI)1521-3773(19980302)37:4<388::AID-ANIE388>3.0.CO;2-V,https://doi.org/10.1002/ange.201300559,d367b43b-f76c-42c8-b431-5befd3b2dd16,2013-04-25 00:00:00,2019-07-29 02:50:24,references,8676e950-8ac5-4074-8ac3-c0a18ada7e99,https://doi.org/10.13003/CED-terms-of-use,https://doi.org/10.13003/CED-terms-of-use,create
12560,crossref,https://doi.org/10.1002/(SICI)1521-3773(19980302)37:4<388::AID-ANIE388>3.0.CO;2-V,https://doi.org/10.1002/anie.201201278,439447bc-f01b-4af4-a0c2-aacb68e7b15b,2012-04-04 00:00:00,2019-11-05 10:30:29,references,8676e950-8ac5-4074-8ac3-c0a18ada7e99,https://doi.org/10.13003/CED-terms-of-use,https://doi.org/10.13003/CED-terms-of-use,create
12561,crossref,https://doi.org/10.1002/(SICI)1521-3773(19980302)37:4<388::AID-ANIE388>3.0.CO;2-V,https://doi.org/10.1002/anie.201300559,63b7cd99-ba71-4dd4-8565-e8b28ec7c79a,2013-04-25 00:00:00,2019-11-25 17:30:14,references,8676e950-8ac5-4074-8ac3-c0a18ada7e99,https://doi.org/10.13003/CED-terms-of-use,https://doi.org/10.13003/CED-terms-of-use,create
12562,crossref,https://doi.org/10.1002/(SICI)1521-3773(19980302)37:4<388::AID-ANIE388>3.0.CO;2-V,https://doi.org/10.1002/ange.201206582,268fcf66-07e0-4a3e-9117-f9251c179567,2012-11-23 00:00:00,2019-12-27 10:03:27,references,8676e950-8ac5-4074-8ac3-c0a18ada7e99,https://doi.org/10.13003/CED-terms-of-use,https://doi.org/10.13003/CED-terms-of-use,create
12563,crossref,https://doi.org/10.1002/(SICI)1521-3773(19980302)37:4<388::AID-ANIE388>3.0.CO;2-V,https://doi.org/10.1002/anie.201103873,054d81b4-b01f-40a5-a507-171c704c70b7,2012-03-29 00:00:00,2019-12-29 01:46:48,references,8676e950-8ac5-4074-8ac3-c0a18ada7e99,https://doi.org/10.13003/CED-terms-of-use,https://doi.org/10.13003/CED-terms-of-use,create
