wikipediaIncrement,sourceID,objectID,subjectID,eventID,occurredAt,timeObserved,relationType,sourceToken,license,termsOfUse,updatedDate,updatedReason,evidenceRecord,eventAction,subjectPID,subjectTitle,subjectURL,subjectAPIURL,objectPID,objectURL
18867,wikipedia,https://doi.org/10.1016/s0022-5347(01)63942-9,https://en.wikipedia.org/api/rest_v1/page/html/Alpha_blocker/810046969,6fbb5d9c-c0f7-4281-8822-ccd7210e1241,2017-11-13 02:01:06,2017-11-12 21:02:07,references,36c35e23-8757-4a9d-aacf-345e9b7eb50d,https://creativecommons.org/publicdomain/zero/1.0/,https://doi.org/10.13003/CED-terms-of-use,,,https://evidence.eventdata.crossref.org/evidence/20171113-wikipedia-541d57b5-703c-4973-bbb7-7fdc5ae4becf,add,https://en.wikipedia.org/w/index.php?title=Alpha_blocker&oldid=810046969,Alpha blocker,https://en.wikipedia.org/wiki/Alpha_blocker,https://en.wikipedia.org/api/rest_v1/page/html/Alpha_blocker/810046969,https://doi.org/10.1016/s0022-5347(01)63942-9,https://doi.org/10.1016/s0022-5347(01)63942-9
18868,wikipedia,https://doi.org/10.1016/s0022-5347(01)63942-9,https://en.wikipedia.org/api/rest_v1/page/html/Alpha_blocker/810048793,ef0be812-8e22-4f63-a60f-eb57a9873d94,2017-11-13 02:18:16,2017-11-12 21:18:54,references,36c35e23-8757-4a9d-aacf-345e9b7eb50d,https://creativecommons.org/publicdomain/zero/1.0/,https://doi.org/10.13003/CED-terms-of-use,,,https://evidence.eventdata.crossref.org/evidence/20171113-wikipedia-6f3b3c31-65ba-42bb-a68a-0c706260e5e7,add,https://en.wikipedia.org/w/index.php?title=Alpha_blocker&oldid=810048793,Alpha blocker,https://en.wikipedia.org/wiki/Alpha_blocker,https://en.wikipedia.org/api/rest_v1/page/html/Alpha_blocker/810048793,https://doi.org/10.1016/s0022-5347(01)63942-9,https://doi.org/10.1016/S0022-5347(01)63942-9
18869,wikipedia,https://doi.org/10.1016/s0022-5347(01)63942-9,https://en.wikipedia.org/api/rest_v1/page/html/Alpha_blocker/810049737,86a30c5f-18ee-40ec-96a7-1c48501ae965,2017-11-13 02:26:56,2017-11-12 21:28:31,references,36c35e23-8757-4a9d-aacf-345e9b7eb50d,https://creativecommons.org/publicdomain/zero/1.0/,https://doi.org/10.13003/CED-terms-of-use,,,https://evidence.eventdata.crossref.org/evidence/20171113-wikipedia-9b1ac02a-8eb9-4f69-91e8-4249e276f4d5,add,https://en.wikipedia.org/w/index.php?title=Alpha_blocker&oldid=810049737,Alpha blocker,https://en.wikipedia.org/wiki/Alpha_blocker,https://en.wikipedia.org/api/rest_v1/page/html/Alpha_blocker/810049737,https://doi.org/10.1016/s0022-5347(01)63942-9,https://doi.org/10.1016/S0022-5347(01)63942-9
18870,wikipedia,https://doi.org/10.1016/s0022-5347(01)63942-9,https://en.wikipedia.org/api/rest_v1/page/html/Alpha_blocker/810050104,8b98bb48-732b-4ad5-811e-e49cdb7ed1d4,2017-11-13 02:29:45,2017-11-12 21:30:43,references,36c35e23-8757-4a9d-aacf-345e9b7eb50d,https://creativecommons.org/publicdomain/zero/1.0/,https://doi.org/10.13003/CED-terms-of-use,,,https://evidence.eventdata.crossref.org/evidence/20171113-wikipedia-51f39f34-8887-4c25-8068-57af41d1d94e,add,https://en.wikipedia.org/w/index.php?title=Alpha_blocker&oldid=810050104,Alpha blocker,https://en.wikipedia.org/wiki/Alpha_blocker,https://en.wikipedia.org/api/rest_v1/page/html/Alpha_blocker/810050104,https://doi.org/10.1016/s0022-5347(01)63942-9,https://doi.org/10.1016/s0022-5347(01)63942-9
18871,wikipedia,https://doi.org/10.1016/s0022-5347(01)63942-9,https://en.wikipedia.org/api/rest_v1/page/html/Alpha_blocker/810050221,f589da45-86ab-45bb-b77b-1c26e306a459,2017-11-13 02:30:32,2017-11-12 21:31:41,references,36c35e23-8757-4a9d-aacf-345e9b7eb50d,https://creativecommons.org/publicdomain/zero/1.0/,https://doi.org/10.13003/CED-terms-of-use,,,https://evidence.eventdata.crossref.org/evidence/20171113-wikipedia-a9ac54b7-5176-4952-a6ac-0c72db1631fd,add,https://en.wikipedia.org/w/index.php?title=Alpha_blocker&oldid=810050221,Alpha blocker,https://en.wikipedia.org/wiki/Alpha_blocker,https://en.wikipedia.org/api/rest_v1/page/html/Alpha_blocker/810050221,https://doi.org/10.1016/s0022-5347(01)63942-9,https://doi.org/10.1016/s0022-5347(01)63942-9
18872,wikipedia,https://doi.org/10.1016/s0022-5347(01)63942-9,https://en.wikipedia.org/api/rest_v1/page/html/Alpha_blocker/810051153,75bffd33-75a9-42ca-99ff-bf6c1e09907c,2017-11-13 02:37:57,2017-11-12 21:39:06,references,36c35e23-8757-4a9d-aacf-345e9b7eb50d,https://creativecommons.org/publicdomain/zero/1.0/,https://doi.org/10.13003/CED-terms-of-use,,,https://evidence.eventdata.crossref.org/evidence/20171113-wikipedia-f304ab70-4d88-4d42-9d90-6f89407306d7,add,https://en.wikipedia.org/w/index.php?title=Alpha_blocker&oldid=810051153,Alpha blocker,https://en.wikipedia.org/wiki/Alpha_blocker,https://en.wikipedia.org/api/rest_v1/page/html/Alpha_blocker/810051153,https://doi.org/10.1016/s0022-5347(01)63942-9,https://doi.org/10.1016/s0022-5347(01)63942-9
18873,wikipedia,https://doi.org/10.1016/s0022-5347(01)63942-9,https://en.wikipedia.org/api/rest_v1/page/html/Alpha_blocker/810180265,52d78da2-fea5-437d-a851-4b8e13d1960f,2017-11-13 19:58:11,2017-11-13 14:59:05,references,36c35e23-8757-4a9d-aacf-345e9b7eb50d,https://creativecommons.org/publicdomain/zero/1.0/,https://doi.org/10.13003/CED-terms-of-use,,,https://evidence.eventdata.crossref.org/evidence/20171113-wikipedia-7fecb76d-f17d-40c0-bf58-c60c66f177af,add,https://en.wikipedia.org/w/index.php?title=Alpha_blocker&oldid=810180265,Alpha blocker,https://en.wikipedia.org/wiki/Alpha_blocker,https://en.wikipedia.org/api/rest_v1/page/html/Alpha_blocker/810180265,https://doi.org/10.1016/s0022-5347(01)63942-9,https://doi.org/10.1016/S0022-5347(01)63942-9
18874,wikipedia,https://doi.org/10.1016/s0022-5347(01)63942-9,https://en.wikipedia.org/api/rest_v1/page/html/Alpha_blocker/810183604,daea854e-5779-4dac-8952-f53a3d7f3357,2017-11-13 20:19:37,2017-11-13 15:20:22,references,36c35e23-8757-4a9d-aacf-345e9b7eb50d,https://creativecommons.org/publicdomain/zero/1.0/,https://doi.org/10.13003/CED-terms-of-use,,,https://evidence.eventdata.crossref.org/evidence/20171113-wikipedia-488575f5-d0b5-4aa0-b371-247cac706652,add,https://en.wikipedia.org/w/index.php?title=Alpha_blocker&oldid=810183604,Alpha blocker,https://en.wikipedia.org/wiki/Alpha_blocker,https://en.wikipedia.org/api/rest_v1/page/html/Alpha_blocker/810183604,https://doi.org/10.1016/s0022-5347(01)63942-9,https://doi.org/10.1016/S0022-5347(01)63942-9
18875,wikipedia,https://doi.org/10.1016/s0022-5347(01)63942-9,https://en.wikipedia.org/api/rest_v1/page/html/Alpha_blocker/810192416,e3f7b44f-90c4-47db-8a14-10bba0b878e4,2017-11-13 21:20:32,2017-11-13 16:21:12,references,36c35e23-8757-4a9d-aacf-345e9b7eb50d,https://creativecommons.org/publicdomain/zero/1.0/,https://doi.org/10.13003/CED-terms-of-use,,,https://evidence.eventdata.crossref.org/evidence/20171113-wikipedia-6e2fa800-1df1-4de6-b76d-f7e4ba7b51af,add,https://en.wikipedia.org/w/index.php?title=Alpha_blocker&oldid=810192416,Alpha blocker,https://en.wikipedia.org/wiki/Alpha_blocker,https://en.wikipedia.org/api/rest_v1/page/html/Alpha_blocker/810192416,https://doi.org/10.1016/s0022-5347(01)63942-9,https://doi.org/10.1016/S0022-5347(01)63942-9
18876,wikipedia,https://doi.org/10.1016/s0022-5347(01)63942-9,https://en.wikipedia.org/api/rest_v1/page/html/Alpha_blocker/810205554,aa0102ff-80ad-4c83-b4b1-b5e7c1be45ec,2017-11-13 22:52:53,2017-11-13 17:53:50,references,36c35e23-8757-4a9d-aacf-345e9b7eb50d,https://creativecommons.org/publicdomain/zero/1.0/,https://doi.org/10.13003/CED-terms-of-use,,,https://evidence.eventdata.crossref.org/evidence/20171113-wikipedia-225cd0cb-eed5-41df-8a04-be918915e9ed,add,https://en.wikipedia.org/w/index.php?title=Alpha_blocker&oldid=810205554,Alpha blocker,https://en.wikipedia.org/wiki/Alpha_blocker,https://en.wikipedia.org/api/rest_v1/page/html/Alpha_blocker/810205554,https://doi.org/10.1016/s0022-5347(01)63942-9,https://doi.org/10.1016/S0022-5347(01)63942-9
18877,wikipedia,https://doi.org/10.1016/s0022-5347(01)63942-9,https://en.wikipedia.org/api/rest_v1/page/html/Alpha_blocker/810206255,4fbdc9f0-fb3d-4d90-a099-25fb912663aa,2017-11-13 22:57:47,2017-11-13 17:58:44,references,36c35e23-8757-4a9d-aacf-345e9b7eb50d,https://creativecommons.org/publicdomain/zero/1.0/,https://doi.org/10.13003/CED-terms-of-use,,,https://evidence.eventdata.crossref.org/evidence/20171113-wikipedia-2fc496cc-a1cd-4a53-bff0-d13ddbb0e993,add,https://en.wikipedia.org/w/index.php?title=Alpha_blocker&oldid=810206255,Alpha blocker,https://en.wikipedia.org/wiki/Alpha_blocker,https://en.wikipedia.org/api/rest_v1/page/html/Alpha_blocker/810206255,https://doi.org/10.1016/s0022-5347(01)63942-9,https://doi.org/10.1016/S0022-5347(01)63942-9
18878,wikipedia,https://doi.org/10.1016/s0022-5347(01)63942-9,https://en.wikipedia.org/api/rest_v1/page/html/Alpha_blocker/810255941,b6811bde-aee8-4b09-880e-93d032fe7226,2017-11-14 05:16:26,2017-11-14 00:18:03,references,36c35e23-8757-4a9d-aacf-345e9b7eb50d,https://creativecommons.org/publicdomain/zero/1.0/,https://doi.org/10.13003/CED-terms-of-use,,,https://evidence.eventdata.crossref.org/evidence/20171114-wikipedia-97d61f02-0625-496e-99e4-a8cb67bae1f9,add,https://en.wikipedia.org/w/index.php?title=Alpha_blocker&oldid=810255941,Alpha blocker,https://en.wikipedia.org/wiki/Alpha_blocker,https://en.wikipedia.org/api/rest_v1/page/html/Alpha_blocker/810255941,https://doi.org/10.1016/s0022-5347(01)63942-9,https://doi.org/10.1016/S0022-5347(01)63942-9
18879,wikipedia,https://doi.org/10.1016/s0022-5347(01)63942-9,https://en.wikipedia.org/api/rest_v1/page/html/Alpha_blocker/810353450,ada0a024-3319-41d1-8df1-c8846f1d0837,2017-11-14 19:23:44,2017-11-14 14:27:36,references,36c35e23-8757-4a9d-aacf-345e9b7eb50d,https://creativecommons.org/publicdomain/zero/1.0/,https://doi.org/10.13003/CED-terms-of-use,,,https://evidence.eventdata.crossref.org/evidence/20171114-wikipedia-7b647fdc-4374-40df-9b23-6128d74bd9a2,add,https://en.wikipedia.org/w/index.php?title=Alpha_blocker&oldid=810353450,Alpha blocker,https://en.wikipedia.org/wiki/Alpha_blocker,https://en.wikipedia.org/api/rest_v1/page/html/Alpha_blocker/810353450,https://doi.org/10.1016/s0022-5347(01)63942-9,https://doi.org/10.1016/S0022-5347(01)63942-9
18880,wikipedia,https://doi.org/10.1016/s0022-5347(01)63942-9,https://en.wikipedia.org/api/rest_v1/page/html/Alpha_blocker/810360171,f53938e2-079b-4f5e-b382-8d889090c5bd,2017-11-14 20:04:56,2017-11-14 15:11:15,references,36c35e23-8757-4a9d-aacf-345e9b7eb50d,https://creativecommons.org/publicdomain/zero/1.0/,https://doi.org/10.13003/CED-terms-of-use,,,https://evidence.eventdata.crossref.org/evidence/20171114-wikipedia-078ff1d0-0ed3-48b4-a677-6c62d45fbb33,add,https://en.wikipedia.org/w/index.php?title=Alpha_blocker&oldid=810360171,Alpha blocker,https://en.wikipedia.org/wiki/Alpha_blocker,https://en.wikipedia.org/api/rest_v1/page/html/Alpha_blocker/810360171,https://doi.org/10.1016/s0022-5347(01)63942-9,https://doi.org/10.1016/S0022-5347(01)63942-9
18881,wikipedia,https://doi.org/10.1016/s0022-5347(01)63942-9,https://en.wikipedia.org/api/rest_v1/page/html/Alpha_blocker/810365721,6a900d5a-6b0a-48fc-ba3e-5a3453972d78,2017-11-14 20:40:42,2017-11-14 15:42:42,references,36c35e23-8757-4a9d-aacf-345e9b7eb50d,https://creativecommons.org/publicdomain/zero/1.0/,https://doi.org/10.13003/CED-terms-of-use,,,https://evidence.eventdata.crossref.org/evidence/20171114-wikipedia-41dd07c2-87ac-4cef-93ad-ed73e3737af0,add,https://en.wikipedia.org/w/index.php?title=Alpha_blocker&oldid=810365721,Alpha blocker,https://en.wikipedia.org/wiki/Alpha_blocker,https://en.wikipedia.org/api/rest_v1/page/html/Alpha_blocker/810365721,https://doi.org/10.1016/s0022-5347(01)63942-9,https://doi.org/10.1016/s0022-5347(01)63942-9
18882,wikipedia,https://doi.org/10.1016/s0022-5347(01)63942-9,https://en.wikipedia.org/api/rest_v1/page/html/Alpha_blocker/810366018,b72cabaa-49b6-40fa-9060-1d59f4abbb7d,2017-11-14 20:42:37,2017-11-14 15:44:40,references,36c35e23-8757-4a9d-aacf-345e9b7eb50d,https://creativecommons.org/publicdomain/zero/1.0/,https://doi.org/10.13003/CED-terms-of-use,,,https://evidence.eventdata.crossref.org/evidence/20171114-wikipedia-cd3d77b1-ca03-4051-a1f7-4fc83cf700d6,add,https://en.wikipedia.org/w/index.php?title=Alpha_blocker&oldid=810366018,Alpha blocker,https://en.wikipedia.org/wiki/Alpha_blocker,https://en.wikipedia.org/api/rest_v1/page/html/Alpha_blocker/810366018,https://doi.org/10.1016/s0022-5347(01)63942-9,https://doi.org/10.1016/s0022-5347(01)63942-9
18883,wikipedia,https://doi.org/10.1016/s0022-5347(01)63942-9,https://en.wikipedia.org/api/rest_v1/page/html/Alpha_blocker/810366598,dc5e2a08-a1b6-4286-a301-ce99e418d271,2017-11-14 20:46:16,2017-11-14 15:48:08,references,36c35e23-8757-4a9d-aacf-345e9b7eb50d,https://creativecommons.org/publicdomain/zero/1.0/,https://doi.org/10.13003/CED-terms-of-use,,,https://evidence.eventdata.crossref.org/evidence/20171114-wikipedia-21f71046-6b34-433f-b7be-9c791d15eb0e,add,https://en.wikipedia.org/w/index.php?title=Alpha_blocker&oldid=810366598,Alpha blocker,https://en.wikipedia.org/wiki/Alpha_blocker,https://en.wikipedia.org/api/rest_v1/page/html/Alpha_blocker/810366598,https://doi.org/10.1016/s0022-5347(01)63942-9,https://doi.org/10.1016/s0022-5347(01)63942-9
18884,wikipedia,https://doi.org/10.1016/s0022-5347(01)63942-9,https://en.wikipedia.org/api/rest_v1/page/html/Alpha_blocker/810421786,a93b16b3-1449-44f0-b4fb-373e758a818f,2017-11-15 03:59:31,2017-11-14 23:01:17,references,36c35e23-8757-4a9d-aacf-345e9b7eb50d,https://creativecommons.org/publicdomain/zero/1.0/,https://doi.org/10.13003/CED-terms-of-use,,,https://evidence.eventdata.crossref.org/evidence/20171115-wikipedia-ad87ec49-2b5d-41f9-b3af-62b4779257d3,add,https://en.wikipedia.org/w/index.php?title=Alpha_blocker&oldid=810421786,Alpha blocker,https://en.wikipedia.org/wiki/Alpha_blocker,https://en.wikipedia.org/api/rest_v1/page/html/Alpha_blocker/810421786,https://doi.org/10.1016/s0022-5347(01)63942-9,https://doi.org/10.1016/s0022-5347(01)63942-9
18885,wikipedia,https://doi.org/10.1016/s0022-5347(01)63942-9,https://en.wikipedia.org/api/rest_v1/page/html/Alpha_blocker/810499905,c811cde0-8fe8-498d-a236-3a577866a807,2017-11-15 17:09:35,2017-11-16 08:34:48,references,36c35e23-8757-4a9d-aacf-345e9b7eb50d,https://creativecommons.org/publicdomain/zero/1.0/,https://doi.org/10.13003/CED-terms-of-use,,,https://evidence.eventdata.crossref.org/evidence/20171115-wikipedia-ccca2468-0d3b-4b64-9dfb-f7c3aad1faac,add,https://en.wikipedia.org/w/index.php?title=Alpha_blocker&oldid=810499905,Alpha blocker,https://en.wikipedia.org/wiki/Alpha_blocker,https://en.wikipedia.org/api/rest_v1/page/html/Alpha_blocker/810499905,https://doi.org/10.1016/s0022-5347(01)63942-9,https://doi.org/10.1016/S0022-5347(01)63942-9
18886,wikipedia,https://doi.org/10.1016/s0022-5347(01)63942-9,https://en.wikipedia.org/api/rest_v1/page/html/Alpha_blocker/810502918,a3442b37-cc6b-4a40-9a8c-2876d061cd18,2017-11-15 17:30:06,2017-11-16 08:47:36,references,36c35e23-8757-4a9d-aacf-345e9b7eb50d,https://creativecommons.org/publicdomain/zero/1.0/,https://doi.org/10.13003/CED-terms-of-use,,,https://evidence.eventdata.crossref.org/evidence/20171115-wikipedia-40ed956e-3715-45a9-9011-2dd6f877dc58,add,https://en.wikipedia.org/w/index.php?title=Alpha_blocker&oldid=810502918,Alpha blocker,https://en.wikipedia.org/wiki/Alpha_blocker,https://en.wikipedia.org/api/rest_v1/page/html/Alpha_blocker/810502918,https://doi.org/10.1016/s0022-5347(01)63942-9,https://doi.org/10.1016/s0022-5347(01)63942-9
18887,wikipedia,https://doi.org/10.1016/s0022-5347(01)63942-9,https://en.wikipedia.org/api/rest_v1/page/html/Alpha_blocker/810668723,7e2093da-99d7-4071-9172-cbd1c2a68cc7,2017-11-16 18:19:52,2017-11-16 14:26:37,references,36c35e23-8757-4a9d-aacf-345e9b7eb50d,https://creativecommons.org/publicdomain/zero/1.0/,https://doi.org/10.13003/CED-terms-of-use,,,https://evidence.eventdata.crossref.org/evidence/20171116-wikipedia-6bfb01b9-2408-434b-9986-03a411db27d0,add,https://en.wikipedia.org/w/index.php?title=Alpha_blocker&oldid=810668723,Alpha blocker,https://en.wikipedia.org/wiki/Alpha_blocker,https://en.wikipedia.org/api/rest_v1/page/html/Alpha_blocker/810668723,https://doi.org/10.1016/s0022-5347(01)63942-9,https://doi.org/10.1016/S0022-5347(01)63942-9
18888,wikipedia,https://doi.org/10.1016/s0022-5347(01)63942-9,https://en.wikipedia.org/api/rest_v1/page/html/Alpha_blocker/810851965,b561dd1a-5e2c-482a-afcc-c27ba160d1a3,2017-11-17 21:25:08,2017-11-17 16:25:47,references,36c35e23-8757-4a9d-aacf-345e9b7eb50d,https://creativecommons.org/publicdomain/zero/1.0/,https://doi.org/10.13003/CED-terms-of-use,,,https://evidence.eventdata.crossref.org/evidence/20171117-wikipedia-72ef5838-c33d-40c9-997a-d98d0896f78e,add,https://en.wikipedia.org/w/index.php?title=Alpha_blocker&oldid=810851965,Alpha blocker,https://en.wikipedia.org/wiki/Alpha_blocker,https://en.wikipedia.org/api/rest_v1/page/html/Alpha_blocker/810851965,https://doi.org/10.1016/s0022-5347(01)63942-9,https://doi.org/10.1016/S0022-5347(01)63942-9
18889,wikipedia,https://doi.org/10.1016/s0022-5347(01)63942-9,https://en.wikipedia.org/api/rest_v1/page/html/Alpha_blocker/823171713,f9c1a206-3110-4412-a07b-57a188b84e78,2018-01-30 17:55:21,2018-01-30 12:57:42,references,36c35e23-8757-4a9d-aacf-345e9b7eb50d,https://creativecommons.org/publicdomain/zero/1.0/,https://doi.org/10.13003/CED-terms-of-use,,,https://evidence.eventdata.crossref.org/evidence/20180130-wikipedia-dc011ae4-c4ea-4e6d-8237-67f842d1e174,add,https://en.wikipedia.org/wiki/Alpha_blocker,Alpha blocker,https://en.wikipedia.org/w/index.php?title=Alpha_blocker&oldid=823171713,https://en.wikipedia.org/api/rest_v1/page/html/Alpha_blocker/823171713,https://doi.org/10.1016/s0022-5347(01)63942-9,https://doi.org/10.1016/s0022-5347(01)63942-9
18890,wikipedia,https://doi.org/10.1016/s0022-5347(01)63942-9,https://en.wikipedia.org/api/rest_v1/page/html/Alpha_blocker/823171845,21b6e585-23e7-4d56-9952-67838f9a4730,2018-01-30 17:56:14,2018-01-30 12:58:28,references,36c35e23-8757-4a9d-aacf-345e9b7eb50d,https://creativecommons.org/publicdomain/zero/1.0/,https://doi.org/10.13003/CED-terms-of-use,,,https://evidence.eventdata.crossref.org/evidence/20180130-wikipedia-d84ce48b-4636-489d-801a-9676c2b0145e,add,https://en.wikipedia.org/wiki/Alpha_blocker,Alpha blocker,https://en.wikipedia.org/w/index.php?title=Alpha_blocker&oldid=823171845,https://en.wikipedia.org/api/rest_v1/page/html/Alpha_blocker/823171845,https://doi.org/10.1016/s0022-5347(01)63942-9,https://doi.org/10.1016/S0022-5347(01)63942-9
18891,wikipedia,https://doi.org/10.1016/s0022-5347(01)63942-9,https://en.wikipedia.org/api/rest_v1/page/html/Alpha_blocker/823171904,ce69ceeb-4ac5-4540-a792-544322b917d2,2018-01-30 17:56:44,2018-01-30 12:59:48,references,36c35e23-8757-4a9d-aacf-345e9b7eb50d,https://creativecommons.org/publicdomain/zero/1.0/,https://doi.org/10.13003/CED-terms-of-use,,,https://evidence.eventdata.crossref.org/evidence/20180130-wikipedia-9ba59e8e-5097-4410-a440-fd4dbf8f068d,add,https://en.wikipedia.org/wiki/Alpha_blocker,Alpha blocker,https://en.wikipedia.org/w/index.php?title=Alpha_blocker&oldid=823171904,https://en.wikipedia.org/api/rest_v1/page/html/Alpha_blocker/823171904,https://doi.org/10.1016/s0022-5347(01)63942-9,https://doi.org/10.1016/s0022-5347(01)63942-9
18892,wikipedia,https://doi.org/10.1016/s0022-5347(01)63942-9,https://en.wikipedia.org/api/rest_v1/page/html/Alpha_blocker/823172746,f0733bf3-cff8-4ef6-b48c-086b0e0ac66a,2018-01-30 18:02:46,2018-01-30 13:04:53,references,36c35e23-8757-4a9d-aacf-345e9b7eb50d,https://creativecommons.org/publicdomain/zero/1.0/,https://doi.org/10.13003/CED-terms-of-use,,,https://evidence.eventdata.crossref.org/evidence/20180130-wikipedia-f5ecbe58-3457-45e4-ac2e-fb3169f66bbe,add,https://en.wikipedia.org/wiki/Alpha_blocker,Alpha blocker,https://en.wikipedia.org/w/index.php?title=Alpha_blocker&oldid=823172746,https://en.wikipedia.org/api/rest_v1/page/html/Alpha_blocker/823172746,https://doi.org/10.1016/s0022-5347(01)63942-9,https://doi.org/10.1016/s0022-5347(01)63942-9
18893,wikipedia,https://doi.org/10.1016/s0022-5347(01)63942-9,https://en.wikipedia.org/api/rest_v1/page/html/Alpha_blocker/823305060,e13317d8-ff10-4a8d-9b87-72fb70495293,2018-01-31 13:14:38,2018-01-31 08:16:18,references,36c35e23-8757-4a9d-aacf-345e9b7eb50d,https://creativecommons.org/publicdomain/zero/1.0/,https://doi.org/10.13003/CED-terms-of-use,,,https://evidence.eventdata.crossref.org/evidence/20180131-wikipedia-dd201582-bda7-4e6b-b1fa-0ff02246ae96,add,https://en.wikipedia.org/wiki/Alpha_blocker,Alpha blocker,https://en.wikipedia.org/w/index.php?title=Alpha_blocker&oldid=823305060,https://en.wikipedia.org/api/rest_v1/page/html/Alpha_blocker/823305060,https://doi.org/10.1016/s0022-5347(01)63942-9,https://doi.org/10.1016/S0022-5347(01)63942-9
18894,wikipedia,https://doi.org/10.1016/s0022-5347(01)63942-9,https://en.wikipedia.org/api/rest_v1/page/html/Alpha_blocker/823309182,a4930721-def9-4a17-97e9-f2abc2f012b7,2018-01-31 13:50:16,2018-01-31 08:52:20,references,36c35e23-8757-4a9d-aacf-345e9b7eb50d,https://creativecommons.org/publicdomain/zero/1.0/,https://doi.org/10.13003/CED-terms-of-use,,,https://evidence.eventdata.crossref.org/evidence/20180131-wikipedia-07e3f317-7870-4b75-9f0a-b971bf445f2b,add,https://en.wikipedia.org/wiki/Alpha_blocker,Alpha blocker,https://en.wikipedia.org/w/index.php?title=Alpha_blocker&oldid=823309182,https://en.wikipedia.org/api/rest_v1/page/html/Alpha_blocker/823309182,https://doi.org/10.1016/s0022-5347(01)63942-9,https://doi.org/10.1016/S0022-5347(01)63942-9
18895,wikipedia,https://doi.org/10.1016/s0022-5347(01)63942-9,https://en.wikipedia.org/api/rest_v1/page/html/Alpha_blocker/823309683,ebb4bcc3-cee8-4c20-b473-b4dd03c45cbf,2018-01-31 13:54:33,2018-01-31 08:56:41,references,36c35e23-8757-4a9d-aacf-345e9b7eb50d,https://creativecommons.org/publicdomain/zero/1.0/,https://doi.org/10.13003/CED-terms-of-use,,,https://evidence.eventdata.crossref.org/evidence/20180131-wikipedia-7a71e7ff-47e8-4b47-9cde-3ededcc061c7,add,https://en.wikipedia.org/wiki/Alpha_blocker,Alpha blocker,https://en.wikipedia.org/w/index.php?title=Alpha_blocker&oldid=823309683,https://en.wikipedia.org/api/rest_v1/page/html/Alpha_blocker/823309683,https://doi.org/10.1016/s0022-5347(01)63942-9,https://doi.org/10.1016/S0022-5347(01)63942-9
18896,wikipedia,https://doi.org/10.1016/s0022-5347(01)63942-9,https://en.wikipedia.org/api/rest_v1/page/html/Alpha_blocker/823309784,d5ce1e23-92a0-40ca-922c-fb104c7eb056,2018-01-31 13:55:25,2018-01-31 08:57:28,references,36c35e23-8757-4a9d-aacf-345e9b7eb50d,https://creativecommons.org/publicdomain/zero/1.0/,https://doi.org/10.13003/CED-terms-of-use,,,https://evidence.eventdata.crossref.org/evidence/20180131-wikipedia-bf89ccbc-2d88-4716-a418-0a20f85a2373,add,https://en.wikipedia.org/wiki/Alpha_blocker,Alpha blocker,https://en.wikipedia.org/w/index.php?title=Alpha_blocker&oldid=823309784,https://en.wikipedia.org/api/rest_v1/page/html/Alpha_blocker/823309784,https://doi.org/10.1016/s0022-5347(01)63942-9,https://doi.org/10.1016/S0022-5347(01)63942-9
18897,wikipedia,https://doi.org/10.1016/s0022-5347(01)63942-9,https://en.wikipedia.org/api/rest_v1/page/html/Alpha_blocker/823310343,9328339a-7ed6-47a4-972d-983e7caaa747,2018-01-31 13:59:39,2018-01-31 09:01:41,references,36c35e23-8757-4a9d-aacf-345e9b7eb50d,https://creativecommons.org/publicdomain/zero/1.0/,https://doi.org/10.13003/CED-terms-of-use,,,https://evidence.eventdata.crossref.org/evidence/20180131-wikipedia-72d8ecf5-ddcf-41ab-aa5d-e495569496a1,add,https://en.wikipedia.org/wiki/Alpha_blocker,Alpha blocker,https://en.wikipedia.org/w/index.php?title=Alpha_blocker&oldid=823310343,https://en.wikipedia.org/api/rest_v1/page/html/Alpha_blocker/823310343,https://doi.org/10.1016/s0022-5347(01)63942-9,https://doi.org/10.1016/S0022-5347(01)63942-9
18898,wikipedia,https://doi.org/10.1016/s0022-5347(01)63942-9,https://en.wikipedia.org/api/rest_v1/page/html/Alpha_blocker/823310714,6b9d8fcd-5c26-4f50-955c-db045bc74b29,2018-01-31 14:02:23,2018-01-31 09:04:19,references,36c35e23-8757-4a9d-aacf-345e9b7eb50d,https://creativecommons.org/publicdomain/zero/1.0/,https://doi.org/10.13003/CED-terms-of-use,,,https://evidence.eventdata.crossref.org/evidence/20180131-wikipedia-e7f6c0dc-aef8-4f14-951b-6881aaafa55d,add,https://en.wikipedia.org/wiki/Alpha_blocker,Alpha blocker,https://en.wikipedia.org/w/index.php?title=Alpha_blocker&oldid=823310714,https://en.wikipedia.org/api/rest_v1/page/html/Alpha_blocker/823310714,https://doi.org/10.1016/s0022-5347(01)63942-9,https://doi.org/10.1016/s0022-5347(01)63942-9
18899,wikipedia,https://doi.org/10.1016/s0022-5347(01)63942-9,https://en.wikipedia.org/api/rest_v1/page/html/Alpha_blocker/823310750,cdf18552-0989-4bc9-9302-4e96a9b82f27,2018-01-31 14:02:46,2018-01-31 09:05:07,references,36c35e23-8757-4a9d-aacf-345e9b7eb50d,https://creativecommons.org/publicdomain/zero/1.0/,https://doi.org/10.13003/CED-terms-of-use,,,https://evidence.eventdata.crossref.org/evidence/20180131-wikipedia-0c6194ab-d780-4ca3-9a6a-29abdf1ea479,add,https://en.wikipedia.org/wiki/Alpha_blocker,Alpha blocker,https://en.wikipedia.org/w/index.php?title=Alpha_blocker&oldid=823310750,https://en.wikipedia.org/api/rest_v1/page/html/Alpha_blocker/823310750,https://doi.org/10.1016/s0022-5347(01)63942-9,https://doi.org/10.1016/s0022-5347(01)63942-9
18900,wikipedia,https://doi.org/10.1016/s0022-5347(01)63942-9,https://en.wikipedia.org/api/rest_v1/page/html/Alpha_blocker/823310843,9bc5d746-40e8-40a4-8017-8ce2b1e1b32f,2018-01-31 14:03:32,2018-01-31 09:06:08,references,36c35e23-8757-4a9d-aacf-345e9b7eb50d,https://creativecommons.org/publicdomain/zero/1.0/,https://doi.org/10.13003/CED-terms-of-use,,,https://evidence.eventdata.crossref.org/evidence/20180131-wikipedia-55234448-c269-4513-8d7a-280949404a13,add,https://en.wikipedia.org/wiki/Alpha_blocker,Alpha blocker,https://en.wikipedia.org/w/index.php?title=Alpha_blocker&oldid=823310843,https://en.wikipedia.org/api/rest_v1/page/html/Alpha_blocker/823310843,https://doi.org/10.1016/s0022-5347(01)63942-9,https://doi.org/10.1016/s0022-5347(01)63942-9
18901,wikipedia,https://doi.org/10.1016/s0022-5347(01)63942-9,https://en.wikipedia.org/api/rest_v1/page/html/Alpha_blocker/823311001,2746d9bf-a7dd-47ef-9ae9-376377c13b1b,2018-01-31 14:04:49,2018-01-31 09:06:55,references,36c35e23-8757-4a9d-aacf-345e9b7eb50d,https://creativecommons.org/publicdomain/zero/1.0/,https://doi.org/10.13003/CED-terms-of-use,,,https://evidence.eventdata.crossref.org/evidence/20180131-wikipedia-0c1ee52e-4894-4ccc-b413-911209b459e5,add,https://en.wikipedia.org/wiki/Alpha_blocker,Alpha blocker,https://en.wikipedia.org/w/index.php?title=Alpha_blocker&oldid=823311001,https://en.wikipedia.org/api/rest_v1/page/html/Alpha_blocker/823311001,https://doi.org/10.1016/s0022-5347(01)63942-9,https://doi.org/10.1016/s0022-5347(01)63942-9
18902,wikipedia,https://doi.org/10.1016/s0022-5347(01)63942-9,https://en.wikipedia.org/api/rest_v1/page/html/Alpha_blocker/823696682,c7b73895-0353-4193-a278-f241c71edd52,2018-02-02 21:02:32,2018-02-02 16:03:43,references,36c35e23-8757-4a9d-aacf-345e9b7eb50d,https://creativecommons.org/publicdomain/zero/1.0/,https://doi.org/10.13003/CED-terms-of-use,,,https://evidence.eventdata.crossref.org/evidence/20180202-wikipedia-91490f6c-212b-4f72-9d1d-fa05f41c7ba6,add,https://en.wikipedia.org/wiki/Alpha_blocker,Alpha blocker,https://en.wikipedia.org/w/index.php?title=Alpha_blocker&oldid=823696682,https://en.wikipedia.org/api/rest_v1/page/html/Alpha_blocker/823696682,https://doi.org/10.1016/s0022-5347(01)63942-9,https://doi.org/10.1016/s0022-5347(01)63942-9
18903,wikipedia,https://doi.org/10.1016/s0022-5347(01)63942-9,https://en.wikipedia.org/api/rest_v1/page/html/Alpha_blocker/823697064,ceb0f323-626c-452a-ad2e-40c490eedd8e,2018-02-02 21:05:22,2018-02-02 16:06:38,references,36c35e23-8757-4a9d-aacf-345e9b7eb50d,https://creativecommons.org/publicdomain/zero/1.0/,https://doi.org/10.13003/CED-terms-of-use,,,https://evidence.eventdata.crossref.org/evidence/20180202-wikipedia-23ce9843-5245-47cc-8f1d-73d46eb17b74,add,https://en.wikipedia.org/wiki/Alpha_blocker,Alpha blocker,https://en.wikipedia.org/w/index.php?title=Alpha_blocker&oldid=823697064,https://en.wikipedia.org/api/rest_v1/page/html/Alpha_blocker/823697064,https://doi.org/10.1016/s0022-5347(01)63942-9,https://doi.org/10.1016/s0022-5347(01)63942-9
18904,wikipedia,https://doi.org/10.1016/s0022-5347(01)63942-9,https://en.wikipedia.org/api/rest_v1/page/html/Alpha_blocker/824521145,705bb85e-ea2e-40fc-9d9c-111592b530c2,2018-02-07 21:08:17,2018-02-07 16:11:03,references,36c35e23-8757-4a9d-aacf-345e9b7eb50d,https://creativecommons.org/publicdomain/zero/1.0/,https://doi.org/10.13003/CED-terms-of-use,,,https://evidence.eventdata.crossref.org/evidence/20180207-wikipedia-3bb1a852-4935-44cf-ba65-6e08f6355f4a,add,https://en.wikipedia.org/wiki/Alpha_blocker,Alpha blocker,https://en.wikipedia.org/w/index.php?title=Alpha_blocker&oldid=824521145,https://en.wikipedia.org/api/rest_v1/page/html/Alpha_blocker/824521145,https://doi.org/10.1016/s0022-5347(01)63942-9,https://doi.org/10.1016/s0022-5347(01)63942-9
18905,wikipedia,https://doi.org/10.1016/s0022-5347(01)63942-9,https://en.wikipedia.org/api/rest_v1/page/html/Alpha_blocker/825783863,0940059a-f5e3-4744-966e-30d59e36f892,2018-02-15 11:36:19,2018-02-15 06:37:38,references,36c35e23-8757-4a9d-aacf-345e9b7eb50d,https://creativecommons.org/publicdomain/zero/1.0/,https://doi.org/10.13003/CED-terms-of-use,,,https://evidence.eventdata.crossref.org/evidence/20180215-wikipedia-c2910fb2-1d8f-41b7-ac3b-23fb8971db3b,add,https://en.wikipedia.org/wiki/Alpha_blocker,Alpha blocker,https://en.wikipedia.org/w/index.php?title=Alpha_blocker&oldid=825783863,https://en.wikipedia.org/api/rest_v1/page/html/Alpha_blocker/825783863,https://doi.org/10.1016/s0022-5347(01)63942-9,https://doi.org/10.1016/s0022-5347(01)63942-9
18906,wikipedia,https://doi.org/10.1016/s0022-5347(01)63942-9,https://en.wikipedia.org/api/rest_v1/page/html/Alpha_blocker/825784240,75046342-1c94-4077-a7b3-7db4dd170071,2018-02-15 11:40:52,2018-02-15 06:42:42,references,36c35e23-8757-4a9d-aacf-345e9b7eb50d,https://creativecommons.org/publicdomain/zero/1.0/,https://doi.org/10.13003/CED-terms-of-use,,,https://evidence.eventdata.crossref.org/evidence/20180215-wikipedia-d8d9c6a6-ce07-4db8-ac16-41027d866f37,add,https://en.wikipedia.org/wiki/Alpha_blocker,Alpha blocker,https://en.wikipedia.org/w/index.php?title=Alpha_blocker&oldid=825784240,https://en.wikipedia.org/api/rest_v1/page/html/Alpha_blocker/825784240,https://doi.org/10.1016/s0022-5347(01)63942-9,https://doi.org/10.1016/s0022-5347(01)63942-9
18907,wikipedia,https://doi.org/10.1016/s0022-5347(01)63942-9,https://en.wikipedia.org/api/rest_v1/page/html/Alpha_blocker/826119952,10a40b70-2a8f-471b-b9b8-30bb9c01e2bd,2018-02-17 08:58:13,2018-02-17 04:00:17,references,36c35e23-8757-4a9d-aacf-345e9b7eb50d,https://creativecommons.org/publicdomain/zero/1.0/,https://doi.org/10.13003/CED-terms-of-use,,,https://evidence.eventdata.crossref.org/evidence/20180217-wikipedia-b4f735a3-8d07-4622-ba64-32611f724068,add,https://en.wikipedia.org/wiki/Alpha_blocker,Alpha blocker,https://en.wikipedia.org/w/index.php?title=Alpha_blocker&oldid=826119952,https://en.wikipedia.org/api/rest_v1/page/html/Alpha_blocker/826119952,https://doi.org/10.1016/s0022-5347(01)63942-9,https://doi.org/10.1016/s0022-5347(01)63942-9
18908,wikipedia,https://doi.org/10.1016/s0022-5347(01)63942-9,https://en.wikipedia.org/api/rest_v1/page/html/Alpha_blocker/828380954,9856a978-0c5b-4628-828a-8ac4c2864954,2018-03-02 05:15:42,2018-03-02 00:18:49,references,36c35e23-8757-4a9d-aacf-345e9b7eb50d,https://creativecommons.org/publicdomain/zero/1.0/,https://doi.org/10.13003/CED-terms-of-use,,,https://evidence.eventdata.crossref.org/evidence/20180302-wikipedia-e565067e-7efe-4279-9d52-d102c80ba935,add,https://en.wikipedia.org/wiki/Alpha_blocker,Alpha blocker,https://en.wikipedia.org/w/index.php?title=Alpha_blocker&oldid=828380954,https://en.wikipedia.org/api/rest_v1/page/html/Alpha_blocker/828380954,https://doi.org/10.1016/s0022-5347(01)63942-9,https://doi.org/10.1016/s0022-5347(01)63942-9
18909,wikipedia,https://doi.org/10.1016/s0022-5347(01)63942-9,https://en.wikipedia.org/api/rest_v1/page/html/Alpha_blocker/828587708,8e68630b-e40e-4678-ba11-1ae56c5c5feb,2018-03-03 14:29:31,2018-03-03 09:32:22,references,36c35e23-8757-4a9d-aacf-345e9b7eb50d,https://creativecommons.org/publicdomain/zero/1.0/,https://doi.org/10.13003/CED-terms-of-use,,,https://evidence.eventdata.crossref.org/evidence/20180303-wikipedia-a914154d-7e97-42fc-9ead-eab5ff86e9c9,add,https://en.wikipedia.org/wiki/Alpha_blocker,Alpha blocker,https://en.wikipedia.org/w/index.php?title=Alpha_blocker&oldid=828587708,https://en.wikipedia.org/api/rest_v1/page/html/Alpha_blocker/828587708,https://doi.org/10.1016/s0022-5347(01)63942-9,https://doi.org/10.1016/s0022-5347(01)63942-9
18910,wikipedia,https://doi.org/10.1016/s0022-5347(01)63942-9,https://en.wikipedia.org/api/rest_v1/page/html/Alpha_blocker/828879729,433e74c5-42a1-4ad4-857c-9ac0edf0c0e2,2018-03-05 08:55:39,2018-03-05 03:57:14,references,36c35e23-8757-4a9d-aacf-345e9b7eb50d,https://creativecommons.org/publicdomain/zero/1.0/,https://doi.org/10.13003/CED-terms-of-use,,,https://evidence.eventdata.crossref.org/evidence/20180305-wikipedia-e4395623-c369-456a-b021-80753be73081,add,https://en.wikipedia.org/wiki/Alpha_blocker,Alpha blocker,https://en.wikipedia.org/w/index.php?title=Alpha_blocker&oldid=828879729,https://en.wikipedia.org/api/rest_v1/page/html/Alpha_blocker/828879729,https://doi.org/10.1016/s0022-5347(01)63942-9,https://doi.org/10.1016/s0022-5347(01)63942-9
18911,wikipedia,https://doi.org/10.1016/s0022-5347(01)63942-9,https://en.wikipedia.org/api/rest_v1/page/html/Alpha_blocker/845117897,3674389c-98ff-4c14-9b98-7fafe24a9954,2018-06-09 14:16:59,2018-06-09 10:18:40,references,36c35e23-8757-4a9d-aacf-345e9b7eb50d,https://creativecommons.org/publicdomain/zero/1.0/,https://doi.org/10.13003/CED-terms-of-use,,,https://evidence.eventdata.crossref.org/evidence/20180609-wikipedia-d37e059b-5166-4bb0-b637-6bea88ede146,add,https://en.wikipedia.org/wiki/Alpha_blocker,Alpha blocker,https://en.wikipedia.org/w/index.php?title=Alpha_blocker&oldid=845117897,https://en.wikipedia.org/api/rest_v1/page/html/Alpha_blocker/845117897,https://doi.org/10.1016/s0022-5347(01)63942-9,https://doi.org/10.1016/s0022-5347(01)63942-9
18912,wikipedia,https://doi.org/10.1016/s0022-5347(01)63942-9,https://en.wikipedia.org/api/rest_v1/page/html/Alpha_blocker/846336887,76402f70-c525-459c-8195-b6af9c729730,2018-06-18 02:51:08,2018-06-17 22:52:42,references,36c35e23-8757-4a9d-aacf-345e9b7eb50d,https://creativecommons.org/publicdomain/zero/1.0/,https://doi.org/10.13003/CED-terms-of-use,,,https://evidence.eventdata.crossref.org/evidence/20180618-wikipedia-232f4131-6f84-4fc6-94bc-fba5be0f0352,add,https://en.wikipedia.org/wiki/Alpha_blocker,Alpha blocker,https://en.wikipedia.org/w/index.php?title=Alpha_blocker&oldid=846336887,https://en.wikipedia.org/api/rest_v1/page/html/Alpha_blocker/846336887,https://doi.org/10.1016/s0022-5347(01)63942-9,https://doi.org/10.1016/s0022-5347(01)63942-9
18913,wikipedia,https://doi.org/10.1016/s0022-5347(01)63942-9,https://en.wikipedia.org/api/rest_v1/page/html/Alpha_blocker/879352478,0935949d-047c-4b06-b1fa-9756d9e9246e,2019-01-20 18:21:10,2019-01-20 13:24:19,references,36c35e23-8757-4a9d-aacf-345e9b7eb50d,https://creativecommons.org/publicdomain/zero/1.0/,https://doi.org/10.13003/CED-terms-of-use,,,https://evidence.eventdata.crossref.org/evidence/20190120-wikipedia-93dedd64-3cad-4962-84a2-9fc8ef49eb4e,add,https://en.wikipedia.org/wiki/Alpha_blocker,Alpha blocker,https://en.wikipedia.org/w/index.php?title=Alpha_blocker&oldid=879352478,https://en.wikipedia.org/api/rest_v1/page/html/Alpha_blocker/879352478,https://doi.org/10.1016/s0022-5347(01)63942-9,https://doi.org/10.1016/s0022-5347(01)63942-9
18914,wikipedia,https://doi.org/10.1016/s0022-5347(01)63942-9,https://en.wikipedia.org/api/rest_v1/page/html/Alpha_blocker/880068620,e314bbd5-4acc-4d9f-ab45-9b086a8278d8,2019-01-25 03:53:49,2019-01-24 22:56:23,references,36c35e23-8757-4a9d-aacf-345e9b7eb50d,https://creativecommons.org/publicdomain/zero/1.0/,https://doi.org/10.13003/CED-terms-of-use,,,https://evidence.eventdata.crossref.org/evidence/20190125-wikipedia-0e2c4ca4-9c8b-422d-9c66-b9d0b47173f8,add,https://en.wikipedia.org/wiki/Alpha_blocker,Alpha blocker,https://en.wikipedia.org/w/index.php?title=Alpha_blocker&oldid=880068620,https://en.wikipedia.org/api/rest_v1/page/html/Alpha_blocker/880068620,https://doi.org/10.1016/s0022-5347(01)63942-9,https://doi.org/10.1016/s0022-5347(01)63942-9
18915,wikipedia,https://doi.org/10.1016/s0022-5347(01)63942-9,https://en.wikipedia.org/api/rest_v1/page/html/Alpha_blocker/881359141,ed48a2ef-0943-4070-8da9-ebab5a9931b0,2019-02-02 01:30:25,2019-02-01 20:32:10,references,36c35e23-8757-4a9d-aacf-345e9b7eb50d,https://creativecommons.org/publicdomain/zero/1.0/,https://doi.org/10.13003/CED-terms-of-use,,,https://evidence.eventdata.crossref.org/evidence/20190202-wikipedia-2a35153d-b12b-419d-a170-551092abc4ef,add,https://en.wikipedia.org/wiki/Alpha_blocker,Alpha blocker,https://en.wikipedia.org/w/index.php?title=Alpha_blocker&oldid=881359141,https://en.wikipedia.org/api/rest_v1/page/html/Alpha_blocker/881359141,https://doi.org/10.1016/s0022-5347(01)63942-9,https://doi.org/10.1016/s0022-5347(01)63942-9
18916,wikipedia,https://doi.org/10.1016/s0022-5347(01)63942-9,https://en.wikipedia.org/api/rest_v1/page/html/Alpha_blocker/884468912,5e56047a-43e2-4f92-998c-7975f8c35b07,2019-02-21 20:56:46,2019-02-21 16:01:15,references,36c35e23-8757-4a9d-aacf-345e9b7eb50d,https://creativecommons.org/publicdomain/zero/1.0/,https://doi.org/10.13003/CED-terms-of-use,,,https://evidence.eventdata.crossref.org/evidence/20190221-wikipedia-cc4d9765-d8d1-449b-8703-01cecd0a3728,add,https://en.wikipedia.org/wiki/Alpha_blocker,Alpha blocker,https://en.wikipedia.org/w/index.php?title=Alpha_blocker&oldid=884468912,https://en.wikipedia.org/api/rest_v1/page/html/Alpha_blocker/884468912,https://doi.org/10.1016/s0022-5347(01)63942-9,https://doi.org/10.1016/s0022-5347(01)63942-9
18917,wikipedia,https://doi.org/10.1016/s0022-5347(01)63942-9,https://en.wikipedia.org/api/rest_v1/page/html/Alpha_blocker/887051294,a2447c63-6f9c-49be-b315-7e672cd7709a,2019-03-10 08:09:24,2019-03-10 04:12:43,references,36c35e23-8757-4a9d-aacf-345e9b7eb50d,https://creativecommons.org/publicdomain/zero/1.0/,https://doi.org/10.13003/CED-terms-of-use,,,https://evidence.eventdata.crossref.org/evidence/20190310-wikipedia-6d4ac853-6176-4571-9e92-52061b94036a,add,https://en.wikipedia.org/wiki/Alpha_blocker,Alpha blocker,https://en.wikipedia.org/w/index.php?title=Alpha_blocker&oldid=887051294,https://en.wikipedia.org/api/rest_v1/page/html/Alpha_blocker/887051294,https://doi.org/10.1016/s0022-5347(01)63942-9,https://doi.org/10.1016/s0022-5347(01)63942-9
18918,wikipedia,https://doi.org/10.1016/s0022-5347(01)63942-9,https://en.wikipedia.org/api/rest_v1/page/html/Alpha_blocker/891141078,7fcfcd6d-dcea-49e6-9af4-eacdf42dcb9f,2019-04-05 23:13:19,2019-04-05 19:18:35,references,36c35e23-8757-4a9d-aacf-345e9b7eb50d,https://creativecommons.org/publicdomain/zero/1.0/,https://doi.org/10.13003/CED-terms-of-use,,,https://evidence.eventdata.crossref.org/evidence/20190405-wikipedia-d20b19e8-c71c-42a4-9c33-3d54c6ebf6c2,add,https://en.wikipedia.org/wiki/Alpha_blocker,Alpha blocker,https://en.wikipedia.org/w/index.php?title=Alpha_blocker&oldid=891141078,https://en.wikipedia.org/api/rest_v1/page/html/Alpha_blocker/891141078,https://doi.org/10.1016/s0022-5347(01)63942-9,https://doi.org/10.1016/s0022-5347(01)63942-9
18919,wikipedia,https://doi.org/10.1016/s0022-5347(01)63942-9,https://en.wikipedia.org/api/rest_v1/page/html/Alpha_blocker/891677218,04a0b075-b36e-467e-9e11-1258c97c0c7e,2019-04-09 13:36:57,2019-04-09 09:54:31,references,36c35e23-8757-4a9d-aacf-345e9b7eb50d,https://creativecommons.org/publicdomain/zero/1.0/,https://doi.org/10.13003/CED-terms-of-use,,,https://evidence.eventdata.crossref.org/evidence/20190409-wikipedia-e5f264f1-ee2a-43eb-a383-623b58959888,add,https://en.wikipedia.org/wiki/Alpha_blocker,Alpha blocker,https://en.wikipedia.org/w/index.php?title=Alpha_blocker&oldid=891677218,https://en.wikipedia.org/api/rest_v1/page/html/Alpha_blocker/891677218,https://doi.org/10.1016/s0022-5347(01)63942-9,https://doi.org/10.1016/s0022-5347(01)63942-9
18920,wikipedia,https://doi.org/10.1016/s0022-5347(01)63942-9,https://en.wikipedia.org/api/rest_v1/page/html/Alpha_blocker/894564748,3a5ad81f-b061-4a15-9198-c303d1bc05ad,2019-04-28 17:33:38,2019-04-28 13:40:46,references,36c35e23-8757-4a9d-aacf-345e9b7eb50d,https://creativecommons.org/publicdomain/zero/1.0/,https://doi.org/10.13003/CED-terms-of-use,,,https://evidence.eventdata.crossref.org/evidence/20190428-wikipedia-356d2ac7-4d4e-4150-acd6-95d805137a66,add,https://en.wikipedia.org/wiki/Alpha_blocker,Alpha blocker,https://en.wikipedia.org/w/index.php?title=Alpha_blocker&oldid=894564748,https://en.wikipedia.org/api/rest_v1/page/html/Alpha_blocker/894564748,https://doi.org/10.1016/s0022-5347(01)63942-9,https://doi.org/10.1016/s0022-5347(01)63942-9
18921,wikipedia,https://doi.org/10.1016/s0022-5347(01)63942-9,https://en.wikipedia.org/api/rest_v1/page/html/Alpha_blocker/896478884,57f27354-145d-41c3-95d3-12c4938e70c4,2019-05-10 19:11:50,2019-05-10 15:17:51,references,36c35e23-8757-4a9d-aacf-345e9b7eb50d,https://creativecommons.org/publicdomain/zero/1.0/,https://doi.org/10.13003/CED-terms-of-use,,,https://evidence.eventdata.crossref.org/evidence/20190510-wikipedia-fc1c5acf-4dcc-40ca-8f24-413d57bc6d4e,add,https://en.wikipedia.org/wiki/Alpha_blocker,Alpha blocker,https://en.wikipedia.org/w/index.php?title=Alpha_blocker&oldid=896478884,https://en.wikipedia.org/api/rest_v1/page/html/Alpha_blocker/896478884,https://doi.org/10.1016/s0022-5347(01)63942-9,https://doi.org/10.1016/s0022-5347(01)63942-9
18922,wikipedia,https://doi.org/10.1016/s0022-5347(01)63942-9,https://en.wikipedia.org/api/rest_v1/page/html/Alpha_blocker/899019771,fa42b904-9150-4d23-97ac-9874b6911922,2019-05-27 10:56:36,2019-05-27 07:00:51,references,36c35e23-8757-4a9d-aacf-345e9b7eb50d,https://creativecommons.org/publicdomain/zero/1.0/,https://doi.org/10.13003/CED-terms-of-use,,,https://evidence.eventdata.crossref.org/evidence/20190527-wikipedia-15b3ffe9-81fe-4f5a-8349-2d8c966621b6,add,https://en.wikipedia.org/wiki/Alpha_blocker,Alpha blocker,https://en.wikipedia.org/w/index.php?title=Alpha_blocker&oldid=899019771,https://en.wikipedia.org/api/rest_v1/page/html/Alpha_blocker/899019771,https://doi.org/10.1016/s0022-5347(01)63942-9,https://doi.org/10.1016/s0022-5347(01)63942-9
18923,wikipedia,https://doi.org/10.1016/s0022-5347(01)63942-9,https://en.wikipedia.org/api/rest_v1/page/html/Alpha_blocker/899019540,8bc0c151-dfb0-41f5-a9fc-c4ea01766215,2019-05-27 10:54:30,2019-05-27 07:01:02,references,36c35e23-8757-4a9d-aacf-345e9b7eb50d,https://creativecommons.org/publicdomain/zero/1.0/,https://doi.org/10.13003/CED-terms-of-use,,,https://evidence.eventdata.crossref.org/evidence/20190527-wikipedia-97f87156-7cbd-48f8-b371-1fd2ec9cb16f,add,https://en.wikipedia.org/wiki/Alpha_blocker,Alpha blocker,https://en.wikipedia.org/w/index.php?title=Alpha_blocker&oldid=899019540,https://en.wikipedia.org/api/rest_v1/page/html/Alpha_blocker/899019540,https://doi.org/10.1016/s0022-5347(01)63942-9,https://doi.org/10.1016/s0022-5347(01)63942-9
18924,wikipedia,https://doi.org/10.1016/s0022-5347(01)63942-9,https://en.wikipedia.org/api/rest_v1/page/html/Alpha_blocker/899019867,0d8883fd-0885-497b-a163-33737322bf3b,2019-05-27 10:57:28,2019-05-27 07:01:39,references,36c35e23-8757-4a9d-aacf-345e9b7eb50d,https://creativecommons.org/publicdomain/zero/1.0/,https://doi.org/10.13003/CED-terms-of-use,,,https://evidence.eventdata.crossref.org/evidence/20190527-wikipedia-23ee921b-7efb-4e26-9f96-3ea5e2e67c36,add,https://en.wikipedia.org/wiki/Alpha_blocker,Alpha blocker,https://en.wikipedia.org/w/index.php?title=Alpha_blocker&oldid=899019867,https://en.wikipedia.org/api/rest_v1/page/html/Alpha_blocker/899019867,https://doi.org/10.1016/s0022-5347(01)63942-9,https://doi.org/10.1016/s0022-5347(01)63942-9
18925,wikipedia,https://doi.org/10.1016/s0022-5347(01)63942-9,https://en.wikipedia.org/api/rest_v1/page/html/Alpha_blocker/899019612,8d60ab5b-d642-4fc1-a923-acd0826b19ec,2019-05-27 10:55:13,2019-05-27 07:02:02,references,36c35e23-8757-4a9d-aacf-345e9b7eb50d,https://creativecommons.org/publicdomain/zero/1.0/,https://doi.org/10.13003/CED-terms-of-use,,,https://evidence.eventdata.crossref.org/evidence/20190527-wikipedia-0067298e-4d25-49bc-bfa6-0f1a5b774212,add,https://en.wikipedia.org/wiki/Alpha_blocker,Alpha blocker,https://en.wikipedia.org/w/index.php?title=Alpha_blocker&oldid=899019612,https://en.wikipedia.org/api/rest_v1/page/html/Alpha_blocker/899019612,https://doi.org/10.1016/s0022-5347(01)63942-9,https://doi.org/10.1016/s0022-5347(01)63942-9
18926,wikipedia,https://doi.org/10.1016/s0022-5347(01)63942-9,https://en.wikipedia.org/api/rest_v1/page/html/Alpha_blocker/906667123,aaa0ae07-4852-4609-926d-d478f940d480,2019-07-17 11:28:16,2019-07-17 07:37:58,references,36c35e23-8757-4a9d-aacf-345e9b7eb50d,https://creativecommons.org/publicdomain/zero/1.0/,https://doi.org/10.13003/CED-terms-of-use,,,https://evidence.eventdata.crossref.org/evidence/20190717-wikipedia-256ff7bc-13ee-4a98-858f-87d0f50a9ffb,add,https://en.wikipedia.org/wiki/Alpha_blocker,Alpha blocker,https://en.wikipedia.org/w/index.php?title=Alpha_blocker&oldid=906667123,https://en.wikipedia.org/api/rest_v1/page/html/Alpha_blocker/906667123,https://doi.org/10.1016/s0022-5347(01)63942-9,https://doi.org/10.1016/s0022-5347(01)63942-9
18927,wikipedia,https://doi.org/10.1016/s0022-5347(01)63942-9,https://en.wikipedia.org/api/rest_v1/page/html/Alpha_blocker/907172310,a7783e80-1594-4ed8-a8c9-a185aa37e6b0,2019-07-21 00:57:36,2019-07-20 21:01:43,references,36c35e23-8757-4a9d-aacf-345e9b7eb50d,https://creativecommons.org/publicdomain/zero/1.0/,https://doi.org/10.13003/CED-terms-of-use,,,https://evidence.eventdata.crossref.org/evidence/20190721-wikipedia-357440a4-6a48-482b-9290-70c37c146a7c,add,https://en.wikipedia.org/wiki/Alpha_blocker,Alpha blocker,https://en.wikipedia.org/w/index.php?title=Alpha_blocker&oldid=907172310,https://en.wikipedia.org/api/rest_v1/page/html/Alpha_blocker/907172310,https://doi.org/10.1016/s0022-5347(01)63942-9,https://doi.org/10.1016/s0022-5347(01)63942-9
18928,wikipedia,https://doi.org/10.1016/s0022-5347(01)63942-9,https://en.wikipedia.org/api/rest_v1/page/html/Alpha_blocker/910089650,cca5295b-102f-4a38-9ea5-222c52c0d402,2019-08-09 16:03:17,2019-08-11 07:44:32,references,36c35e23-8757-4a9d-aacf-345e9b7eb50d,https://creativecommons.org/publicdomain/zero/1.0/,https://doi.org/10.13003/CED-terms-of-use,,,https://evidence.eventdata.crossref.org/evidence/20190809-wikipedia-10138739-58e9-4c32-824d-6e739cc213b4,add,https://en.wikipedia.org/wiki/Alpha_blocker,Alpha blocker,https://en.wikipedia.org/w/index.php?title=Alpha_blocker&oldid=910089650,https://en.wikipedia.org/api/rest_v1/page/html/Alpha_blocker/910089650,https://doi.org/10.1016/s0022-5347(01)63942-9,https://doi.org/10.1016/s0022-5347(01)63942-9
18929,wikipedia,https://doi.org/10.1016/s0022-5347(01)63942-9,https://en.wikipedia.org/api/rest_v1/page/html/Alpha_blocker/917639079,6bdf4432-26f6-4216-b88d-5886e53e5f08,2019-09-24 19:18:21,2019-09-24 15:59:07,references,36c35e23-8757-4a9d-aacf-345e9b7eb50d,https://creativecommons.org/publicdomain/zero/1.0/,https://doi.org/10.13003/CED-terms-of-use,,,https://evidence.eventdata.crossref.org/evidence/20190924-wikipedia-18cb5118-911b-4cbf-b73e-bda60d6c6279,add,https://en.wikipedia.org/wiki/Alpha_blocker,Alpha blocker,https://en.wikipedia.org/w/index.php?title=Alpha_blocker&oldid=917639079,https://en.wikipedia.org/api/rest_v1/page/html/Alpha_blocker/917639079,https://doi.org/10.1016/s0022-5347(01)63942-9,https://doi.org/10.1016/s0022-5347(01)63942-9
18930,wikipedia,https://doi.org/10.1016/s0022-5347(01)63942-9,https://en.wikipedia.org/api/rest_v1/page/html/Alpha_blocker/918653675,4cf2aaa9-59d9-4b62-825f-6265940edde6,2019-09-29 18:48:14,2019-09-29 15:06:40,references,36c35e23-8757-4a9d-aacf-345e9b7eb50d,https://creativecommons.org/publicdomain/zero/1.0/,https://doi.org/10.13003/CED-terms-of-use,,,https://evidence.eventdata.crossref.org/evidence/20190929-wikipedia-f05504d1-9eb9-4441-b97f-74fc5af3f4fe,add,https://en.wikipedia.org/wiki/Alpha_blocker,Alpha blocker,https://en.wikipedia.org/w/index.php?title=Alpha_blocker&oldid=918653675,https://en.wikipedia.org/api/rest_v1/page/html/Alpha_blocker/918653675,https://doi.org/10.1016/s0022-5347(01)63942-9,https://doi.org/10.1016/s0022-5347(01)63942-9
18931,wikipedia,https://doi.org/10.1016/s0022-5347(01)63942-9,https://en.wikipedia.org/api/rest_v1/page/html/Alpha_blocker/926666470,9208355f-ed66-4554-838b-6d9882125854,2019-11-17 22:50:13,2019-11-17 17:58:09,references,36c35e23-8757-4a9d-aacf-345e9b7eb50d,https://creativecommons.org/publicdomain/zero/1.0/,https://doi.org/10.13003/CED-terms-of-use,,,https://evidence.eventdata.crossref.org/evidence/20191117-wikipedia-0479c187-c4ca-4218-a934-69663e22e399,add,https://en.wikipedia.org/wiki/Alpha_blocker,Alpha blocker,https://en.wikipedia.org/w/index.php?title=Alpha_blocker&oldid=926666470,https://en.wikipedia.org/api/rest_v1/page/html/Alpha_blocker/926666470,https://doi.org/10.1016/s0022-5347(01)63942-9,https://doi.org/10.1016/s0022-5347(01)63942-9
18932,wikipedia,https://doi.org/10.1016/s0022-5347(01)63942-9,https://en.wikipedia.org/api/rest_v1/page/html/Alpha_blocker/931970425,af80c062-a8d9-447e-bcc9-ffd1e1bb2bdd,2019-12-22 15:22:21,2019-12-22 10:26:15,references,36c35e23-8757-4a9d-aacf-345e9b7eb50d,https://creativecommons.org/publicdomain/zero/1.0/,https://doi.org/10.13003/CED-terms-of-use,,,https://evidence.eventdata.crossref.org/evidence/20191222-wikipedia-12daa3ae-14e2-4ee3-9db3-8677d1264fb5,add,https://en.wikipedia.org/wiki/Alpha_blocker,Alpha blocker,https://en.wikipedia.org/w/index.php?title=Alpha_blocker&oldid=931970425,https://en.wikipedia.org/api/rest_v1/page/html/Alpha_blocker/931970425,https://doi.org/10.1016/s0022-5347(01)63942-9,https://doi.org/10.1016/s0022-5347(01)63942-9
18933,wikipedia,https://doi.org/10.1016/s0022-5347(01)63942-9,https://en.wikipedia.org/api/rest_v1/page/html/Alpha_blocker/979905729,62d1186f-4cf0-4afe-9dcb-151e5b70484e,2020-09-23 12:54:07,2020-09-23 16:15:21,references,36c35e23-8757-4a9d-aacf-345e9b7eb50d,https://creativecommons.org/publicdomain/zero/1.0/,https://doi.org/10.13003/CED-terms-of-use,,,https://evidence.eventdata.crossref.org/evidence/20200923-wikipedia-4e5c3605-93ed-44d0-8b4a-9d9baf566cb7,add,https://en.wikipedia.org/wiki/Alpha_blocker,Alpha blocker,https://en.wikipedia.org/w/index.php?title=Alpha_blocker&oldid=979905729,https://en.wikipedia.org/api/rest_v1/page/html/Alpha_blocker/979905729,https://doi.org/10.1016/s0022-5347(01)63942-9,https://doi.org/10.1016/s0022-5347(01)63942-9
18934,wikipedia,https://doi.org/10.1016/s0022-5347(01)63942-9,https://en.wikipedia.org/api/rest_v1/page/html/Alpha_blocker/979905571,32edc558-056b-4ae0-ae7e-485d828bccf5,2020-09-23 12:52:46,2020-09-23 17:24:41,references,36c35e23-8757-4a9d-aacf-345e9b7eb50d,https://creativecommons.org/publicdomain/zero/1.0/,https://doi.org/10.13003/CED-terms-of-use,,,https://evidence.eventdata.crossref.org/evidence/20200923-wikipedia-85d1cd5e-f014-4f77-82bb-a319bd0477df,add,https://en.wikipedia.org/wiki/Alpha_blocker,Alpha blocker,https://en.wikipedia.org/w/index.php?title=Alpha_blocker&oldid=979905571,https://en.wikipedia.org/api/rest_v1/page/html/Alpha_blocker/979905571,https://doi.org/10.1016/s0022-5347(01)63942-9,https://doi.org/10.1016/s0022-5347(01)63942-9
18935,wikipedia,https://doi.org/10.1016/s0022-5347(01)63942-9,https://en.wikipedia.org/api/rest_v1/page/html/Alpha_blocker/950819658,3aa71cf0-0e3f-49f3-a1b9-8e84ec4333fb,2020-04-14 00:51:03,2020-10-14 04:40:29,references,36c35e23-8757-4a9d-aacf-345e9b7eb50d,https://creativecommons.org/publicdomain/zero/1.0/,https://doi.org/10.13003/CED-terms-of-use,,,https://evidence.eventdata.crossref.org/evidence/20200414-wikipedia-9eb9a363-3f5a-4d38-bf57-1f772a19d6da,add,https://en.wikipedia.org/wiki/Alpha_blocker,Alpha blocker,https://en.wikipedia.org/w/index.php?title=Alpha_blocker&oldid=950819658,https://en.wikipedia.org/api/rest_v1/page/html/Alpha_blocker/950819658,https://doi.org/10.1016/s0022-5347(01)63942-9,https://doi.org/10.1016/s0022-5347(01)63942-9
18936,wikipedia,https://doi.org/10.1016/s0022-5347(01)63942-9,https://en.wikipedia.org/api/rest_v1/page/html/Alpha_blocker/964783262,372301e7-89f6-42d0-bd1a-d7ff5eee32ef,2020-06-27 15:25:00,2020-10-15 16:46:33,references,36c35e23-8757-4a9d-aacf-345e9b7eb50d,https://creativecommons.org/publicdomain/zero/1.0/,https://doi.org/10.13003/CED-terms-of-use,,,https://evidence.eventdata.crossref.org/evidence/20200627-wikipedia-e5e6718f-27ff-4feb-b74b-03e4ba405fb4,add,https://en.wikipedia.org/wiki/Alpha_blocker,Alpha blocker,https://en.wikipedia.org/w/index.php?title=Alpha_blocker&oldid=964783262,https://en.wikipedia.org/api/rest_v1/page/html/Alpha_blocker/964783262,https://doi.org/10.1016/s0022-5347(01)63942-9,https://doi.org/10.1016/s0022-5347(01)63942-9
18937,wikipedia,https://doi.org/10.1016/s0022-5347(01)63942-9,https://en.wikipedia.org/api/rest_v1/page/html/Alpha_blocker/964886590,510bc1d9-f8eb-4f94-a51d-4a134fc16168,2020-06-28 04:46:55,2020-10-15 16:55:33,references,36c35e23-8757-4a9d-aacf-345e9b7eb50d,https://creativecommons.org/publicdomain/zero/1.0/,https://doi.org/10.13003/CED-terms-of-use,,,https://evidence.eventdata.crossref.org/evidence/20200628-wikipedia-04c4e227-41b7-48d1-8642-fac884abf10c,add,https://en.wikipedia.org/wiki/Alpha_blocker,Alpha blocker,https://en.wikipedia.org/w/index.php?title=Alpha_blocker&oldid=964886590,https://en.wikipedia.org/api/rest_v1/page/html/Alpha_blocker/964886590,https://doi.org/10.1016/s0022-5347(01)63942-9,https://doi.org/10.1016/s0022-5347(01)63942-9
18938,wikipedia,https://doi.org/10.1016/s0022-5347(01)63942-9,https://en.wikipedia.org/api/rest_v1/page/html/Alpha_blocker/964884933,cd631bc9-ce23-44d8-8c58-f5d53da6bff2,2020-06-28 04:30:24,2020-10-15 17:07:25,references,36c35e23-8757-4a9d-aacf-345e9b7eb50d,https://creativecommons.org/publicdomain/zero/1.0/,https://doi.org/10.13003/CED-terms-of-use,,,https://evidence.eventdata.crossref.org/evidence/20200628-wikipedia-935cbd99-4df2-495e-a98f-fd85e867cb3c,add,https://en.wikipedia.org/wiki/Alpha_blocker,Alpha blocker,https://en.wikipedia.org/w/index.php?title=Alpha_blocker&oldid=964884933,https://en.wikipedia.org/api/rest_v1/page/html/Alpha_blocker/964884933,https://doi.org/10.1016/s0022-5347(01)63942-9,https://doi.org/10.1016/s0022-5347(01)63942-9
18939,wikipedia,https://doi.org/10.1016/s0022-5347(01)63942-9,https://en.wikipedia.org/api/rest_v1/page/html/Alpha_blocker/991949332,33d510f2-ec19-4866-97b0-7413624e66ff,2020-12-02 17:53:34,2020-12-02 14:15:22,references,36c35e23-8757-4a9d-aacf-345e9b7eb50d,https://creativecommons.org/publicdomain/zero/1.0/,https://doi.org/10.13003/CED-terms-of-use,,,https://evidence.eventdata.crossref.org/evidence/20201202-wikipedia-554f6b8d-a84e-4884-a885-6ea01ee9887f,add,https://en.wikipedia.org/wiki/Alpha_blocker,Alpha blocker,https://en.wikipedia.org/w/index.php?title=Alpha_blocker&oldid=991949332,https://en.wikipedia.org/api/rest_v1/page/html/Alpha_blocker/991949332,https://doi.org/10.1016/s0022-5347(01)63942-9,https://doi.org/10.1016/s0022-5347(01)63942-9
18940,wikipedia,https://doi.org/10.1016/s0022-5347(01)63942-9,https://en.wikipedia.org/api/rest_v1/page/html/Alpha_blocker/997414024,c4a0dd3c-d9d9-44be-8f8c-0bfa6ea7a6a5,2020-12-31 11:13:19,2020-12-31 08:49:09,references,36c35e23-8757-4a9d-aacf-345e9b7eb50d,https://creativecommons.org/publicdomain/zero/1.0/,https://doi.org/10.13003/CED-terms-of-use,,,https://evidence.eventdata.crossref.org/evidence/20201231-wikipedia-13f28dab-98b8-44a3-94bc-196b2e01ac26,add,https://en.wikipedia.org/wiki/Alpha_blocker,Alpha blocker,https://en.wikipedia.org/w/index.php?title=Alpha_blocker&oldid=997414024,https://en.wikipedia.org/api/rest_v1/page/html/Alpha_blocker/997414024,https://doi.org/10.1016/s0022-5347(01)63942-9,https://doi.org/10.1016/s0022-5347(01)63942-9
18941,wikipedia,https://doi.org/10.1016/s0022-5347(01)63942-9,https://en.wikipedia.org/api/rest_v1/page/html/Alpha_blocker/1003582693,b1ebe3fc-8d3c-4e37-9c74-56e174bed029,2021-01-29 17:55:44,2021-01-29 13:39:19,references,36c35e23-8757-4a9d-aacf-345e9b7eb50d,https://creativecommons.org/publicdomain/zero/1.0/,https://doi.org/10.13003/CED-terms-of-use,,,https://evidence.eventdata.crossref.org/evidence/20210129-wikipedia-78612540-1c19-4242-a16e-8e148a94e5d5,add,https://en.wikipedia.org/wiki/Alpha_blocker,Alpha blocker,https://en.wikipedia.org/w/index.php?title=Alpha_blocker&oldid=1003582693,https://en.wikipedia.org/api/rest_v1/page/html/Alpha_blocker/1003582693,https://doi.org/10.1016/s0022-5347(01)63942-9,https://doi.org/10.1016/s0022-5347(01)63942-9
18942,wikipedia,https://doi.org/10.1016/s0022-5347(01)63942-9,https://en.wikipedia.org/api/rest_v1/page/html/Alpha_blocker/1008415943,98ee1a09-c221-4bc7-a56c-369c55f2b673,2021-02-23 05:40:15,2021-02-23 03:04:37,references,36c35e23-8757-4a9d-aacf-345e9b7eb50d,https://creativecommons.org/publicdomain/zero/1.0/,https://doi.org/10.13003/CED-terms-of-use,,,https://evidence.eventdata.crossref.org/evidence/20210223-wikipedia-e74d0d15-5a91-49c8-857a-e9ea2c947499,add,https://en.wikipedia.org/wiki/Alpha_blocker,Alpha blocker,https://en.wikipedia.org/w/index.php?title=Alpha_blocker&oldid=1008415943,https://en.wikipedia.org/api/rest_v1/page/html/Alpha_blocker/1008415943,https://doi.org/10.1016/s0022-5347(01)63942-9,https://doi.org/10.1016/s0022-5347(01)63942-9
