crossRefIncrement,sourceID,objectID,subjectID,eventID,occurredAt,timeObserved,relationType,sourceToken,license,crossrefTermsOfUse,messageAction
3713,crossref,https://doi.org/10.1016/S0140-6736(97)10301-4,https://doi.org/10.3109/02699052.2012.661913,80e9ba51-dff4-49e1-a6c1-2529b0a80457,2012-06-05 00:00:00,2019-06-30 11:24:29,references,8676e950-8ac5-4074-8ac3-c0a18ada7e99,https://doi.org/10.13003/CED-terms-of-use,https://doi.org/10.13003/CED-terms-of-use,create
3714,crossref,https://doi.org/10.1016/S0140-6736(97)10301-4,https://doi.org/10.3390/brainsci9050123,526ad2b1-ce49-4566-8778-5d8b7dce50f3,2019-05-27 00:00:00,2019-07-01 02:35:51,references,8676e950-8ac5-4074-8ac3-c0a18ada7e99,https://doi.org/10.13003/CED-terms-of-use,https://doi.org/10.13003/CED-terms-of-use,create
3715,crossref,https://doi.org/10.1016/S0140-6736(97)10301-4,https://doi.org/10.1016/S0973-0508(05)80019-X,aa461f40-30a8-47f0-be21-190dc46ead39,2005-12-01 00:00:00,2019-07-02 00:29:49,references,8676e950-8ac5-4074-8ac3-c0a18ada7e99,https://doi.org/10.13003/CED-terms-of-use,https://doi.org/10.13003/CED-terms-of-use,create
3716,crossref,https://doi.org/10.1016/S0140-6736(97)10301-4,https://doi.org/10.3109/02699052.2012.694564,6f5c28d4-673b-470a-ac68-625c81e55957,2012-06-22 00:00:00,2019-07-03 22:31:24,references,8676e950-8ac5-4074-8ac3-c0a18ada7e99,https://doi.org/10.13003/CED-terms-of-use,https://doi.org/10.13003/CED-terms-of-use,create
3717,crossref,https://doi.org/10.1016/S0140-6736(97)10301-4,https://doi.org/10.3109/02699052.2012.700083,6a5e7c25-fb64-4f47-aace-ef0259e5eda7,2012-07-13 00:00:00,2019-07-03 22:41:50,references,8676e950-8ac5-4074-8ac3-c0a18ada7e99,https://doi.org/10.13003/CED-terms-of-use,https://doi.org/10.13003/CED-terms-of-use,create
3718,crossref,https://doi.org/10.1016/S0140-6736(97)10301-4,https://doi.org/10.3171/jns.1998.89.5.0895,bf8044c1-fc1d-4dc4-b57f-864c547451d0,1998-11-01 00:00:00,2019-07-07 01:33:56,references,8676e950-8ac5-4074-8ac3-c0a18ada7e99,https://doi.org/10.13003/CED-terms-of-use,https://doi.org/10.13003/CED-terms-of-use,create
3719,crossref,https://doi.org/10.1016/S0140-6736(97)10301-4,https://doi.org/10.1371/journal.pone.0219683,422f13e5-58a5-4fc6-83ce-8859a16ebbe7,2019-07-11 00:00:00,2019-07-12 15:57:59,references,8676e950-8ac5-4074-8ac3-c0a18ada7e99,https://doi.org/10.13003/CED-terms-of-use,https://doi.org/10.13003/CED-terms-of-use,create
3720,crossref,https://doi.org/10.1016/S0140-6736(97)10301-4,https://doi.org/10.3171/2009.9.JNS09626,7ff4cafe-99b1-4015-b666-47a30537bcfe,2010-09-01 00:00:00,2019-07-21 06:32:39,references,8676e950-8ac5-4074-8ac3-c0a18ada7e99,https://doi.org/10.13003/CED-terms-of-use,https://doi.org/10.13003/CED-terms-of-use,create
3721,crossref,https://doi.org/10.1016/S0140-6736(97)10301-4,https://doi.org/10.3340/jkns.2009.46.4.365,f4c4a497-d1df-4e97-9626-db4b3928de67,2009-01-01 00:00:00,2019-07-21 15:06:59,references,8676e950-8ac5-4074-8ac3-c0a18ada7e99,https://doi.org/10.13003/CED-terms-of-use,https://doi.org/10.13003/CED-terms-of-use,create
3722,crossref,https://doi.org/10.1016/S0140-6736(97)10301-4,https://doi.org/10.1201/b13319-12,da6682a3-9e74-4821-80be-e419a607513a,2008-02-29 00:00:00,2019-07-24 22:08:01,references,8676e950-8ac5-4074-8ac3-c0a18ada7e99,https://doi.org/10.13003/CED-terms-of-use,https://doi.org/10.13003/CED-terms-of-use,create
3723,crossref,https://doi.org/10.1016/S0140-6736(97)10301-4,https://doi.org/10.3171/2012.6.JNS111736,c96efe00-89bc-4c79-8048-b6384abddbfa,2012-10-01 00:00:00,2019-07-28 03:28:07,references,8676e950-8ac5-4074-8ac3-c0a18ada7e99,https://doi.org/10.13003/CED-terms-of-use,https://doi.org/10.13003/CED-terms-of-use,create
3724,crossref,https://doi.org/10.1016/S0140-6736(97)10301-4,https://doi.org/10.3174/ajnr.A3092,6f4bb1d9-71ea-4ea7-bd90-bd4ae1385864,2012-05-10 00:00:00,2019-10-24 11:27:45,references,8676e950-8ac5-4074-8ac3-c0a18ada7e99,https://doi.org/10.13003/CED-terms-of-use,https://doi.org/10.13003/CED-terms-of-use,create
3725,crossref,https://doi.org/10.1016/S0140-6736(97)10301-4,https://doi.org/10.18700/jnc.190080,1bac0110-6f74-4b41-943a-8b037850c6ac,2019-06-19 00:00:00,2019-12-03 23:07:16,references,8676e950-8ac5-4074-8ac3-c0a18ada7e99,https://doi.org/10.13003/CED-terms-of-use,https://doi.org/10.13003/CED-terms-of-use,create
3726,crossref,https://doi.org/10.1016/S0140-6736(97)10301-4,https://doi.org/10.3109/02699052.2012.694563,cb5a0ca5-f1ff-4312-aa8e-3a3e83065a80,2012-06-25 00:00:00,2019-12-15 21:02:30,references,8676e950-8ac5-4074-8ac3-c0a18ada7e99,https://doi.org/10.13003/CED-terms-of-use,https://doi.org/10.13003/CED-terms-of-use,create
3727,crossref,https://doi.org/10.1016/S0140-6736(97)10301-4,https://doi.org/10.3109/02699052.2012.750758,f2a80b61-cff9-4b1b-b9b1-bc9450216eca,2013-03-08 00:00:00,2019-12-28 02:08:59,references,8676e950-8ac5-4074-8ac3-c0a18ada7e99,https://doi.org/10.13003/CED-terms-of-use,https://doi.org/10.13003/CED-terms-of-use,create
