DOI,URL,title,container_title,authors,page,publisher,language,alternative_id,created_date_time,deposited_date_time,is_referenced_by_count,issue,issued_date_parts,prefix,published_online_date_parts,published_print_date_parts
10.1006/appe.1997.0096,http://dx.doi.org/10.1006/appe.1997.0096,A Satiety Quotient: A Formulation to Assess the Satiating Effect of Food,Appetite,SM GREEN,291-304,Elsevier BV,en,S0195666397900969,2002-09-16 13:49:45,2019-12-16 14:44:45,98,3,1997/12,10.1006,,1997/12
10.1006/appe.1997.0096,http://dx.doi.org/10.1006/appe.1997.0096,A Satiety Quotient: A Formulation to Assess the Satiating Effect of Food,Appetite,HJ DELARGY,291-304,Elsevier BV,en,S0195666397900969,2002-09-16 13:49:45,2019-12-16 14:44:45,98,3,1997/12,10.1006,,1997/12
10.1006/appe.1997.0096,http://dx.doi.org/10.1006/appe.1997.0096,A Satiety Quotient: A Formulation to Assess the Satiating Effect of Food,Appetite,D JOANES,291-304,Elsevier BV,en,S0195666397900969,2002-09-16 13:49:45,2019-12-16 14:44:45,98,3,1997/12,10.1006,,1997/12
10.1006/appe.1997.0096,http://dx.doi.org/10.1006/appe.1997.0096,A Satiety Quotient: A Formulation to Assess the Satiating Effect of Food,Appetite,JE BLUNDELL,291-304,Elsevier BV,en,S0195666397900969,2002-09-16 13:49:45,2019-12-16 14:44:45,98,3,1997/12,10.1006,,1997/12
