cambiaIncrement,sourceID,objectID,subjectID,eventID,occurredAt,timeObserved,relationType,sourceToken,license,termsOfUse,updatedReason,updated,eventAction,workSubtypeID,workTypeID,subjectTitle,subjectPID,jurisdiction,updatedDate
20045,cambia-lens,https://doi.org/10.1006/viro.1998.9176,https://lens.org/106-525-273-577-055,4684442f-1503-5ced-f9be-d2563a0e1fca,2012-01-31 00:00:00,2017-11-09 21:02:41,cites,1ad0b713-78ed-4bb9-8d5d-a3c2d163d46f,https://creativecommons.org/licenses/by-sa/4.0/,https://doi.org/10.13003/CED-terms-of-use,,,add,Granted Patent,patent,Development Of A Preventive Vaccine For Filovirus Infection In Primates,https://lens.org/106-525-273-577-055,US,
20046,cambia-lens,https://doi.org/10.1006/viro.1998.9176,https://lens.org/108-326-930-481-565,ad17a28f-7ebb-b925-4820-768f119068e9,2005-10-19 00:00:00,2017-11-09 21:29:58,cites,1ad0b713-78ed-4bb9-8d5d-a3c2d163d46f,https://creativecommons.org/licenses/by-sa/4.0/,https://doi.org/10.13003/CED-terms-of-use,,,add,Patent Application,patent,Development Of A Preventive Vaccine For Filovirus Infection In Primates,https://lens.org/108-326-930-481-565,EP,
20047,cambia-lens,https://doi.org/10.1006/viro.1998.9176,https://lens.org/108-461-241-688-407,7289d02e-9bdf-878a-9fe6-8f0e79e8fb9c,2006-01-10 00:00:00,2017-11-09 21:32:08,cites,1ad0b713-78ed-4bb9-8d5d-a3c2d163d46f,https://creativecommons.org/licenses/by-sa/4.0/,https://doi.org/10.13003/CED-terms-of-use,,,add,Granted Patent,patent,Ebola Virion Proteins Expressed From Venezuelan Equine Encephalitis (Vee) Virus Replicons,https://lens.org/108-461-241-688-407,US,
20048,cambia-lens,https://doi.org/10.1006/viro.1998.9176,https://lens.org/111-759-894-340-731,5caf3aa7-9a78-69ff-1cd6-24e175a7252f,2007-09-11 00:00:00,2017-11-09 22:24:05,cites,1ad0b713-78ed-4bb9-8d5d-a3c2d163d46f,https://creativecommons.org/licenses/by-sa/4.0/,https://doi.org/10.13003/CED-terms-of-use,,,add,Granted Patent,patent,Ebola Peptides And Immunogenic Compositions Containing Same,https://lens.org/111-759-894-340-731,US,
20049,cambia-lens,https://doi.org/10.1006/viro.1998.9176,https://lens.org/116-517-169-600-908,385a2231-e3aa-b0b3-9ad0-35f8892cbf8c,2008-02-26 00:00:00,2017-11-09 23:37:50,cites,1ad0b713-78ed-4bb9-8d5d-a3c2d163d46f,https://creativecommons.org/licenses/by-sa/4.0/,https://doi.org/10.13003/CED-terms-of-use,,,add,Granted Patent,patent,Monoclonal Antibodies And Complementarity-Determining Regions Binding To Ebola Glycoprotein,https://lens.org/116-517-169-600-908,US,
20050,cambia-lens,https://doi.org/10.1006/viro.1998.9176,https://lens.org/116-592-436-829-417,39b89bdb-0a6e-a472-6e4d-7975355e86ec,2003-04-08 00:00:00,2017-11-09 23:39:05,cites,1ad0b713-78ed-4bb9-8d5d-a3c2d163d46f,https://creativecommons.org/licenses/by-sa/4.0/,https://doi.org/10.13003/CED-terms-of-use,,,add,Granted Patent,patent,Adenovirus Vector With Multiple Expression Cassettes,https://lens.org/116-592-436-829-417,US,
20051,cambia-lens,https://doi.org/10.1006/viro.1998.9176,https://lens.org/120-372-746-905-18X,36e82745-6669-33ac-4c78-a36df44fa3c0,2006-08-15 00:00:00,2017-11-10 00:37:27,cites,1ad0b713-78ed-4bb9-8d5d-a3c2d163d46f,https://creativecommons.org/licenses/by-sa/4.0/,https://doi.org/10.13003/CED-terms-of-use,,,add,Granted Patent,patent,Venezuelan Equine Encephalitis Virus Replicon Encoding Marburg Virus Proteins,https://lens.org/120-372-746-905-18X,US,
20052,cambia-lens,https://doi.org/10.1006/viro.1998.9176,https://lens.org/122-147-665-925-682,53d96167-cf2b-a538-f083-9a815e3433d7,2005-11-15 00:00:00,2017-11-10 01:04:13,cites,1ad0b713-78ed-4bb9-8d5d-a3c2d163d46f,https://creativecommons.org/licenses/by-sa/4.0/,https://doi.org/10.13003/CED-terms-of-use,,,add,Granted Patent,patent,Composition And Method For Stimulating Immune Response To Pathogen Using Complex Adenoviral Vector,https://lens.org/122-147-665-925-682,US,
20053,cambia-lens,https://doi.org/10.1006/viro.1998.9176,https://lens.org/140-323-114-542-004,020c2240-213a-6973-f74f-3abd1964b2e9,2008-08-13 00:00:00,2017-11-10 05:46:20,cites,1ad0b713-78ed-4bb9-8d5d-a3c2d163d46f,https://creativecommons.org/licenses/by-sa/4.0/,https://doi.org/10.13003/CED-terms-of-use,,,add,Patent Application,patent,Adjuvant Compositions For Enhancing Immune Responses To Polynucleotide-Based Vaccines,https://lens.org/140-323-114-542-004,EP,
20054,cambia-lens,https://doi.org/10.1006/viro.1998.9176,https://lens.org/142-480-714-776-711,e7cf6e7e-51e5-fa35-2b84-2c9e088db109,2012-02-28 00:00:00,2017-11-10 06:19:28,cites,1ad0b713-78ed-4bb9-8d5d-a3c2d163d46f,https://creativecommons.org/licenses/by-sa/4.0/,https://doi.org/10.13003/CED-terms-of-use,,,add,Granted Patent,patent,Development Of A Preventive Vaccine For Filovirus Infection In Primates,https://lens.org/142-480-714-776-711,US,
20055,cambia-lens,https://doi.org/10.1006/viro.1998.9176,https://lens.org/146-237-045-964-541,7e4c6da9-ab12-4dba-75a8-57907721ecda,2011-09-06 00:00:00,2017-11-10 07:17:28,cites,1ad0b713-78ed-4bb9-8d5d-a3c2d163d46f,https://creativecommons.org/licenses/by-sa/4.0/,https://doi.org/10.13003/CED-terms-of-use,,,add,Granted Patent,patent,Recombinant Vesicular Stomatitis Virus Vaccines For Viral Hemorrhagic Fevers,https://lens.org/146-237-045-964-541,US,
20056,cambia-lens,https://doi.org/10.1006/viro.1998.9176,https://lens.org/146-762-868-620-18X,f41506d6-0b97-db89-20b8-8329f72297f7,2015-04-07 00:00:00,2017-11-10 07:25:40,cites,1ad0b713-78ed-4bb9-8d5d-a3c2d163d46f,https://creativecommons.org/licenses/by-sa/4.0/,https://doi.org/10.13003/CED-terms-of-use,,,add,Granted Patent,patent,Compositions And Methods For Enhancing Immune Responses To Vaccines,https://lens.org/146-762-868-620-18X,US,
20057,cambia-lens,https://doi.org/10.1006/viro.1998.9176,https://lens.org/148-623-216-102-339,715a4e4d-a71d-1c9a-6319-d5c0f048d381,2006-08-15 00:00:00,2017-11-10 07:54:56,cites,1ad0b713-78ed-4bb9-8d5d-a3c2d163d46f,https://creativecommons.org/licenses/by-sa/4.0/,https://doi.org/10.13003/CED-terms-of-use,,,add,Granted Patent,patent,System And Method For Configuring Optical Circuits,https://lens.org/148-623-216-102-339,US,
20058,cambia-lens,https://doi.org/10.1006/viro.1998.9176,https://lens.org/150-540-699-185-594,08174252-6a9d-1d60-8b45-2504759da693,2005-04-05 00:00:00,2017-11-10 08:24:38,cites,1ad0b713-78ed-4bb9-8d5d-a3c2d163d46f,https://creativecommons.org/licenses/by-sa/4.0/,https://doi.org/10.13003/CED-terms-of-use,,,add,Granted Patent,patent,Monoclonal Antibodies And Complementarity-Determining Regions Binding To Ebola Glycoprotein,https://lens.org/150-540-699-185-594,US,
20059,cambia-lens,https://doi.org/10.1006/viro.1998.9176,https://lens.org/155-902-706-592-25X,f5308b94-18ad-6fcc-28f3-a1e15e79f8c2,2003-02-11 00:00:00,2017-11-10 09:46:56,cites,1ad0b713-78ed-4bb9-8d5d-a3c2d163d46f,https://creativecommons.org/licenses/by-sa/4.0/,https://doi.org/10.13003/CED-terms-of-use,,,add,Granted Patent,patent,Marburg Virus Vaccines,https://lens.org/155-902-706-592-25X,US,
20060,cambia-lens,https://doi.org/10.1006/viro.1998.9176,https://lens.org/163-691-493-796-808,bd9d2750-89c4-a9fb-d9b2-907085e7ee31,2006-08-22 00:00:00,2017-11-10 11:50:21,cites,1ad0b713-78ed-4bb9-8d5d-a3c2d163d46f,https://creativecommons.org/licenses/by-sa/4.0/,https://doi.org/10.13003/CED-terms-of-use,,,add,Granted Patent,patent,Development Of A Preventive Vaccine For Filovirus Infection In Primates,https://lens.org/163-691-493-796-808,US,
20061,cambia-lens,https://doi.org/10.1006/viro.1998.9176,https://lens.org/173-900-740-611-50X,977e0645-2bb1-17d8-733c-4d9e4ba99739,2015-08-11 00:00:00,2017-11-10 14:44:50,cites,1ad0b713-78ed-4bb9-8d5d-a3c2d163d46f,https://creativecommons.org/licenses/by-sa/4.0/,https://doi.org/10.13003/CED-terms-of-use,,,add,Granted Patent,patent,Compositions And Methods For Enhancing Immune Responses To Vaccines,https://lens.org/173-900-740-611-50X,US,
20062,cambia-lens,https://doi.org/10.1006/viro.1998.9176,https://lens.org/180-891-443-897-291,1c172038-3105-3925-f6b9-2e8639fa04f2,2009-12-22 00:00:00,2017-11-10 16:43:48,cites,1ad0b713-78ed-4bb9-8d5d-a3c2d163d46f,https://creativecommons.org/licenses/by-sa/4.0/,https://doi.org/10.13003/CED-terms-of-use,,,add,Granted Patent,patent,Development Of A Preventive Vaccine For Filovirus Infection In Primates,https://lens.org/180-891-443-897-291,US,
20063,cambia-lens,https://doi.org/10.1006/viro.1998.9176,https://lens.org/191-200-916-699-572,bd0f4ccc-83f3-8b7b-8664-305c80f5b970,2003-10-30 00:00:00,2017-11-10 19:39:14,cites,1ad0b713-78ed-4bb9-8d5d-a3c2d163d46f,https://creativecommons.org/licenses/by-sa/4.0/,https://doi.org/10.13003/CED-terms-of-use,,,add,Granted Patent,patent,Ebola Virion Proteins Expressed From Venezuelan Equine Encephalitis (Vee) Virus Replicons,https://lens.org/191-200-916-699-572,AU,
20064,cambia-lens,https://doi.org/10.1006/viro.1998.9176,https://lens.org/033-746-171-204-349,fece3ed2-44a7-5a40-a4cd-2dc20eb21e4c,2002-08-08 00:00:00,2017-11-11 01:43:12,cites,1ad0b713-78ed-4bb9-8d5d-a3c2d163d46f,https://creativecommons.org/licenses/by-sa/4.0/,https://doi.org/10.13003/CED-terms-of-use,,,add,Search report,patent,Genetic Vaccine That Mimics Natural Viral Infection And Induces Long-Lasting Immunity To Pathogens,https://lens.org/033-746-171-204-349,WO,
20065,cambia-lens,https://doi.org/10.1006/viro.1998.9176,https://lens.org/039-603-949-594-852,08a7d53b-8be8-6508-7766-03d5c639b5d0,2006-02-08 00:00:00,2017-11-11 03:13:36,cites,1ad0b713-78ed-4bb9-8d5d-a3c2d163d46f,https://creativecommons.org/licenses/by-sa/4.0/,https://doi.org/10.13003/CED-terms-of-use,,,add,Search report,patent,Development Of A Preventive Vaccine For Filovirus Infection In Primates,https://lens.org/039-603-949-594-852,EP,
20066,cambia-lens,https://doi.org/10.1006/viro.1998.9176,https://lens.org/048-949-479-646-578,8b22d501-c8b8-b7ab-2b88-886a3c4e297f,2013-04-09 00:00:00,2017-11-11 05:38:16,cites,1ad0b713-78ed-4bb9-8d5d-a3c2d163d46f,https://creativecommons.org/licenses/by-sa/4.0/,https://doi.org/10.13003/CED-terms-of-use,,,add,Granted Patent,patent,Adjuvant Compositions And Methods For Enhancing Immune Responses To Polynucleotide-Based Vaccines,https://lens.org/048-949-479-646-578,US,
20067,cambia-lens,https://doi.org/10.1006/viro.1998.9176,https://lens.org/055-366-788-021-319,f42a608c-dec6-05fc-af55-aecaf0fd4e5d,2004-02-24 00:00:00,2017-11-11 07:20:07,cites,1ad0b713-78ed-4bb9-8d5d-a3c2d163d46f,https://creativecommons.org/licenses/by-sa/4.0/,https://doi.org/10.13003/CED-terms-of-use,,,add,Granted Patent,patent,Cytofectin Dimers And Methods Of Use Thereof,https://lens.org/055-366-788-021-319,US,
20068,cambia-lens,https://doi.org/10.1006/viro.1998.9176,https://lens.org/071-141-813-415-049,b2215390-f034-4dac-bc00-03dc923982dc,2012-01-31 00:00:00,2017-11-11 11:24:40,cites,1ad0b713-78ed-4bb9-8d5d-a3c2d163d46f,https://creativecommons.org/licenses/by-sa/4.0/,https://doi.org/10.13003/CED-terms-of-use,,,add,Granted Patent,patent,Development Of A Preventive Vaccine For Filovirus Infection In Primates,https://lens.org/071-141-813-415-049,US,
20069,cambia-lens,https://doi.org/10.1006/viro.1998.9176,https://lens.org/071-279-991-018-03X,0494e375-30f4-7ce8-f4d0-4bbb3e15e476,2009-09-01 00:00:00,2017-11-11 11:27:08,cites,1ad0b713-78ed-4bb9-8d5d-a3c2d163d46f,https://creativecommons.org/licenses/by-sa/4.0/,https://doi.org/10.13003/CED-terms-of-use,,,add,Granted Patent,patent,Adjuvant Compositions And Methods For Enhancing Immune Responses To Polynucleotide-Based Vaccines,https://lens.org/071-279-991-018-03X,US,
20070,cambia-lens,https://doi.org/10.1006/viro.1998.9176,https://lens.org/076-634-142-800-743,ed7d458f-db72-4714-2ee3-fda6a4f0526e,2010-07-13 00:00:00,2017-11-11 12:59:19,cites,1ad0b713-78ed-4bb9-8d5d-a3c2d163d46f,https://creativecommons.org/licenses/by-sa/4.0/,https://doi.org/10.13003/CED-terms-of-use,,,add,Granted Patent,patent,Method Of Vaccination Through Serotype Rotation,https://lens.org/076-634-142-800-743,US,
20071,cambia-lens,https://doi.org/10.1006/viro.1998.9176,https://lens.org/086-831-139-581-004,5fec1844-a34c-ba5f-ef55-c1d67e713242,2008-11-25 00:00:00,2017-11-11 15:51:07,cites,1ad0b713-78ed-4bb9-8d5d-a3c2d163d46f,https://creativecommons.org/licenses/by-sa/4.0/,https://doi.org/10.13003/CED-terms-of-use,,,add,Granted Patent,patent,Methods For Producing Marburg Virus Proteins,https://lens.org/086-831-139-581-004,US,
20072,cambia-lens,https://doi.org/10.1006/viro.1998.9176,https://lens.org/096-090-792-206-706,af31ec46-cba8-5961-af84-cbb1e1a48b54,2010-06-15 00:00:00,2017-11-11 18:30:31,cites,1ad0b713-78ed-4bb9-8d5d-a3c2d163d46f,https://creativecommons.org/licenses/by-sa/4.0/,https://doi.org/10.13003/CED-terms-of-use,,,add,Granted Patent,patent,Immunogenic Compositions And Vaccines For Ebola,https://lens.org/096-090-792-206-706,US,
