crossRefIncrement,sourceID,objectID,subjectID,eventID,occurredAt,timeObserved,relationType,sourceToken,license,crossrefTermsOfUse,messageAction
52395,crossref,https://doi.org/10.1146/annurev.ecolsys.28.1.621,https://doi.org/10.1002/9781444341812.refs,cd2a7f32-0563-414b-8102-c5b8ae3d86d5,2011-07-17 00:00:00,2019-06-20 22:16:33,references,8676e950-8ac5-4074-8ac3-c0a18ada7e99,https://doi.org/10.13003/CED-terms-of-use,https://doi.org/10.13003/CED-terms-of-use,create
52396,crossref,https://doi.org/10.1146/annurev.ecolsys.28.1.621,https://doi.org/10.1590/S1679-62252012000100020,33a78d12-4019-44a9-b798-cc5175d149b4,2012-01-01 00:00:00,2019-06-29 05:47:20,references,8676e950-8ac5-4074-8ac3-c0a18ada7e99,https://doi.org/10.13003/CED-terms-of-use,https://doi.org/10.13003/CED-terms-of-use,create
52397,crossref,https://doi.org/10.1146/annurev.ecolsys.28.1.621,https://doi.org/10.3390/w11061252,0e7a6a3c-e08a-4c8d-b426-551da0fb327a,2019-06-14 00:00:00,2019-06-30 17:04:09,references,8676e950-8ac5-4074-8ac3-c0a18ada7e99,https://doi.org/10.13003/CED-terms-of-use,https://doi.org/10.13003/CED-terms-of-use,create
52398,crossref,https://doi.org/10.1146/annurev.ecolsys.28.1.621,https://doi.org/10.1111/j.1526-100X.2012.00893.x,3c9bc979-6c18-4a45-972c-24e77b2453eb,2012-07-06 00:00:00,2019-07-01 20:49:06,references,8676e950-8ac5-4074-8ac3-c0a18ada7e99,https://doi.org/10.13003/CED-terms-of-use,https://doi.org/10.13003/CED-terms-of-use,create
52399,crossref,https://doi.org/10.1146/annurev.ecolsys.28.1.621,https://doi.org/10.5194/hess-16-1685-2012,afc06e48-da0d-441a-970b-28d406274b9b,2012-06-22 00:00:00,2019-07-03 04:40:30,references,8676e950-8ac5-4074-8ac3-c0a18ada7e99,https://doi.org/10.13003/CED-terms-of-use,https://doi.org/10.13003/CED-terms-of-use,create
52400,crossref,https://doi.org/10.1146/annurev.ecolsys.28.1.621,https://doi.org/10.1002/rra.2571,770f95ef-1d55-4311-a681-3c153ac18a68,2012-05-12 00:00:00,2019-07-03 08:00:46,references,8676e950-8ac5-4074-8ac3-c0a18ada7e99,https://doi.org/10.13003/CED-terms-of-use,https://doi.org/10.13003/CED-terms-of-use,create
52401,crossref,https://doi.org/10.1146/annurev.ecolsys.28.1.621,https://doi.org/10.2181/036.044.0106,74e719cb-2fa2-4331-b3dc-cbe22704d28f,2012-07-01 00:00:00,2019-07-05 05:01:41,references,8676e950-8ac5-4074-8ac3-c0a18ada7e99,https://doi.org/10.13003/CED-terms-of-use,https://doi.org/10.13003/CED-terms-of-use,create
52402,crossref,https://doi.org/10.1146/annurev.ecolsys.28.1.621,https://doi.org/10.1080/24705357.2019.1573648,dbb76c92-c4d5-43c8-a6b5-1b9afd9db180,2018-07-03 00:00:00,2019-07-05 21:31:16,references,8676e950-8ac5-4074-8ac3-c0a18ada7e99,https://doi.org/10.13003/CED-terms-of-use,https://doi.org/10.13003/CED-terms-of-use,create
52403,crossref,https://doi.org/10.1146/annurev.ecolsys.28.1.621,https://doi.org/10.1007/s10750-012-1333-4,af1ddba4-a862-4aca-8c1f-bdb4cff441a3,2012-11-02 00:00:00,2019-07-06 01:45:56,references,8676e950-8ac5-4074-8ac3-c0a18ada7e99,https://doi.org/10.13003/CED-terms-of-use,https://doi.org/10.13003/CED-terms-of-use,create
52404,crossref,https://doi.org/10.1146/annurev.ecolsys.28.1.621,https://doi.org/10.1186/s40693-019-0083-3,e6938372-8095-4cd1-bec7-3c5de325311d,2019-07-05 00:00:00,2019-07-06 12:01:36,references,8676e950-8ac5-4074-8ac3-c0a18ada7e99,https://doi.org/10.13003/CED-terms-of-use,https://doi.org/10.13003/CED-terms-of-use,create
52405,crossref,https://doi.org/10.1146/annurev.ecolsys.28.1.621,https://doi.org/10.2989/20702620.2019.1633503,57955f95-6516-4a26-a0e7-f3e60cc4334c,2019-07-04 00:00:00,2019-07-06 14:40:03,references,8676e950-8ac5-4074-8ac3-c0a18ada7e99,https://doi.org/10.13003/CED-terms-of-use,https://doi.org/10.13003/CED-terms-of-use,create
52406,crossref,https://doi.org/10.1146/annurev.ecolsys.28.1.621,https://doi.org/10.1093/treephys/tps120,7b365806-517c-4193-bf54-b1c46044a06a,2012-12-13 00:00:00,2019-07-07 09:35:40,references,8676e950-8ac5-4074-8ac3-c0a18ada7e99,https://doi.org/10.13003/CED-terms-of-use,https://doi.org/10.13003/CED-terms-of-use,create
52407,crossref,https://doi.org/10.1146/annurev.ecolsys.28.1.621,https://doi.org/10.1002/eco.2099,88156afe-5bdd-4177-a1a9-d3f5624ed53d,2019-05-29 00:00:00,2019-07-09 02:56:25,references,8676e950-8ac5-4074-8ac3-c0a18ada7e99,https://doi.org/10.13003/CED-terms-of-use,https://doi.org/10.13003/CED-terms-of-use,create
52408,crossref,https://doi.org/10.1146/annurev.ecolsys.28.1.621,https://doi.org/10.5252/zoosystema2019v41a4,4db22828-bd17-4c59-8cf8-40e8decca7ff,2019-02-19 00:00:00,2019-07-10 08:50:43,references,8676e950-8ac5-4074-8ac3-c0a18ada7e99,https://doi.org/10.13003/CED-terms-of-use,https://doi.org/10.13003/CED-terms-of-use,create
52409,crossref,https://doi.org/10.1146/annurev.ecolsys.28.1.621,https://doi.org/10.1007/s11104-013-1638-8,617ffd0b-9328-4bc0-8d04-78499ac91f80,2013-02-26 00:00:00,2019-07-10 16:40:26,references,8676e950-8ac5-4074-8ac3-c0a18ada7e99,https://doi.org/10.13003/CED-terms-of-use,https://doi.org/10.13003/CED-terms-of-use,create
52410,crossref,https://doi.org/10.1146/annurev.ecolsys.28.1.621,https://doi.org/10.1002/esp.4680,61a522b4-5063-46af-b382-82d510a6ebbc,2019-07-11 00:00:00,2019-07-13 22:44:25,references,8676e950-8ac5-4074-8ac3-c0a18ada7e99,https://doi.org/10.13003/CED-terms-of-use,https://doi.org/10.13003/CED-terms-of-use,create
52411,crossref,https://doi.org/10.1146/annurev.ecolsys.28.1.621,https://doi.org/10.1002/esp.3453,0d958272-5cf0-413e-87e1-99ee9a126749,2013-07-10 00:00:00,2019-07-15 20:02:08,references,8676e950-8ac5-4074-8ac3-c0a18ada7e99,https://doi.org/10.13003/CED-terms-of-use,https://doi.org/10.13003/CED-terms-of-use,create
52412,crossref,https://doi.org/10.1146/annurev.ecolsys.28.1.621,https://doi.org/10.7882/FS.2011.031,d8d8666e-6784-4a73-b9d5-b1b8946fa8f4,2011-01-01 00:00:00,2019-07-17 06:23:14,references,8676e950-8ac5-4074-8ac3-c0a18ada7e99,https://doi.org/10.13003/CED-terms-of-use,https://doi.org/10.13003/CED-terms-of-use,create
52413,crossref,https://doi.org/10.1146/annurev.ecolsys.28.1.621,https://doi.org/10.2478/v10285-012-0036-x,82ef8bd4-13d7-4773-9ac0-1773c50f9e75,2011-01-01 00:00:00,2019-07-21 05:20:51,references,8676e950-8ac5-4074-8ac3-c0a18ada7e99,https://doi.org/10.13003/CED-terms-of-use,https://doi.org/10.13003/CED-terms-of-use,create
52414,crossref,https://doi.org/10.1146/annurev.ecolsys.28.1.621,https://doi.org/10.5141/ecoenv.2013.017,6f7214fa-0503-4f51-924b-e487d93bc6dc,2013-06-27 00:00:00,2019-07-21 16:16:53,references,8676e950-8ac5-4074-8ac3-c0a18ada7e99,https://doi.org/10.13003/CED-terms-of-use,https://doi.org/10.13003/CED-terms-of-use,create
52415,crossref,https://doi.org/10.1146/annurev.ecolsys.28.1.621,https://doi.org/10.1515/eces-2019-0020,bae7d5dc-b016-46ed-84f9-c6d0e03bf226,2019-06-01 00:00:00,2019-07-22 09:51:20,references,8676e950-8ac5-4074-8ac3-c0a18ada7e99,https://doi.org/10.13003/CED-terms-of-use,https://doi.org/10.13003/CED-terms-of-use,create
52416,crossref,https://doi.org/10.1146/annurev.ecolsys.28.1.621,https://doi.org/10.1098/rstb.2001.0991,ea347176-f82f-4e2e-97db-ea7f2dc48789,2002-05-29 00:00:00,2019-07-23 00:42:13,references,8676e950-8ac5-4074-8ac3-c0a18ada7e99,https://doi.org/10.13003/CED-terms-of-use,https://doi.org/10.13003/CED-terms-of-use,create
52417,crossref,https://doi.org/10.1146/annurev.ecolsys.28.1.621,https://doi.org/10.1007/s10021-012-9566-7,f6912537-1292-4a57-9aff-8c92f8d09836,2012-06-26 00:00:00,2019-07-24 19:29:38,references,8676e950-8ac5-4074-8ac3-c0a18ada7e99,https://doi.org/10.13003/CED-terms-of-use,https://doi.org/10.13003/CED-terms-of-use,create
52418,crossref,https://doi.org/10.1146/annurev.ecolsys.28.1.621,https://doi.org/10.1590/S0006-87052013005000001,7ac3320e-8efe-49a6-9f3b-4e2b238c717c,2013-01-08 00:00:00,2019-07-28 09:17:07,references,8676e950-8ac5-4074-8ac3-c0a18ada7e99,https://doi.org/10.13003/CED-terms-of-use,https://doi.org/10.13003/CED-terms-of-use,create
52419,crossref,https://doi.org/10.1146/annurev.ecolsys.28.1.621,https://doi.org/10.4028/www.scientific.net/AMR.573-574.213,ef1dc4fd-82dd-45b2-958b-9858736c7b0a,2012-10-01 00:00:00,2019-08-01 20:03:54,references,8676e950-8ac5-4074-8ac3-c0a18ada7e99,https://doi.org/10.13003/CED-terms-of-use,https://doi.org/10.13003/CED-terms-of-use,create
52420,crossref,https://doi.org/10.1146/annurev.ecolsys.28.1.621,https://doi.org/10.1002/rra.2716,c5d0ff19-1bf1-469e-aa47-c8b58ff98cb0,2013-11-08 00:00:00,2019-08-02 03:43:25,references,8676e950-8ac5-4074-8ac3-c0a18ada7e99,https://doi.org/10.13003/CED-terms-of-use,https://doi.org/10.13003/CED-terms-of-use,create
52421,crossref,https://doi.org/10.1146/annurev.ecolsys.28.1.621,https://doi.org/10.2478/s11535-013-0205-x,575dca3b-f174-4572-92dc-79beae443e6e,2013-01-01 00:00:00,2019-10-16 08:50:57,references,8676e950-8ac5-4074-8ac3-c0a18ada7e99,https://doi.org/10.13003/CED-terms-of-use,https://doi.org/10.13003/CED-terms-of-use,create
52422,crossref,https://doi.org/10.1146/annurev.ecolsys.28.1.621,https://doi.org/10.1002/eap.1759,a0976d2b-98f9-4f3a-8fbf-9f16f83e0500,2018-07-23 00:00:00,2019-10-22 00:34:09,references,8676e950-8ac5-4074-8ac3-c0a18ada7e99,https://doi.org/10.13003/CED-terms-of-use,https://doi.org/10.13003/CED-terms-of-use,create
52423,crossref,https://doi.org/10.1146/annurev.ecolsys.28.1.621,https://doi.org/10.1002/esp.3397,fddb2b0c-ad80-4adf-883f-bdeb56faea10,2013-04-16 00:00:00,2019-10-27 09:18:55,references,8676e950-8ac5-4074-8ac3-c0a18ada7e99,https://doi.org/10.13003/CED-terms-of-use,https://doi.org/10.13003/CED-terms-of-use,create
52424,crossref,https://doi.org/10.1146/annurev.ecolsys.28.1.621,https://doi.org/10.5194/hess-15-1757-2011,fcfaf5ae-2a11-4a1e-96b5-66e3c099c358,2011-06-06 00:00:00,2019-10-28 01:06:09,references,8676e950-8ac5-4074-8ac3-c0a18ada7e99,https://doi.org/10.13003/CED-terms-of-use,https://doi.org/10.13003/CED-terms-of-use,create
52425,crossref,https://doi.org/10.1146/annurev.ecolsys.28.1.621,https://doi.org/10.1007/s12665-018-7381-y,fa1bb61e-3bad-4326-a52d-da5e10a053b2,2018-03-01 00:00:00,2019-10-31 23:16:49,references,8676e950-8ac5-4074-8ac3-c0a18ada7e99,https://doi.org/10.13003/CED-terms-of-use,https://doi.org/10.13003/CED-terms-of-use,create
52426,crossref,https://doi.org/10.1146/annurev.ecolsys.28.1.621,https://doi.org/10.1007/s10980-012-9810-8,d86736dc-9fa3-44a0-b005-6c814fd9fe5a,2012-11-03 00:00:00,2019-11-27 01:34:25,references,8676e950-8ac5-4074-8ac3-c0a18ada7e99,https://doi.org/10.13003/CED-terms-of-use,https://doi.org/10.13003/CED-terms-of-use,create
52427,crossref,https://doi.org/10.1146/annurev.ecolsys.28.1.621,https://doi.org/10.1002/rra.2659,9fd74644-9416-40f8-bf55-7edf1e6cda9e,2013-04-18 00:00:00,2019-12-03 15:23:57,references,8676e950-8ac5-4074-8ac3-c0a18ada7e99,https://doi.org/10.13003/CED-terms-of-use,https://doi.org/10.13003/CED-terms-of-use,create
52428,crossref,https://doi.org/10.1146/annurev.ecolsys.28.1.621,https://doi.org/10.5194/hessd-8-1059-2011,2434c1b5-7b72-4a2f-88a2-bba2e1bd5b0d,2011-01-24 00:00:00,2019-12-08 18:53:34,references,8676e950-8ac5-4074-8ac3-c0a18ada7e99,https://doi.org/10.13003/CED-terms-of-use,https://doi.org/10.13003/CED-terms-of-use,create
52429,crossref,https://doi.org/10.1146/annurev.ecolsys.28.1.621,https://doi.org/10.1111/conl.12008,49a16f91-a103-47ad-9340-6aa721497c1b,2013-02-01 00:00:00,2019-12-16 00:39:32,references,8676e950-8ac5-4074-8ac3-c0a18ada7e99,https://doi.org/10.13003/CED-terms-of-use,https://doi.org/10.13003/CED-terms-of-use,create
52430,crossref,https://doi.org/10.1146/annurev.ecolsys.28.1.621,https://doi.org/10.1007/s10750-012-1002-7,c68bde99-63d2-4246-aaee-cb816b7e40b7,2012-02-17 00:00:00,2019-12-24 00:58:59,references,8676e950-8ac5-4074-8ac3-c0a18ada7e99,https://doi.org/10.13003/CED-terms-of-use,https://doi.org/10.13003/CED-terms-of-use,create
52431,crossref,https://doi.org/10.1146/annurev.ecolsys.28.1.621,https://doi.org/10.1002/aqc.2386,ba10b289-f992-48ec-ac45-ba844e020f05,2013-08-15 00:00:00,2019-12-25 01:32:23,references,8676e950-8ac5-4074-8ac3-c0a18ada7e99,https://doi.org/10.13003/CED-terms-of-use,https://doi.org/10.13003/CED-terms-of-use,create
52432,crossref,https://doi.org/10.1146/annurev.ecolsys.28.1.621,https://doi.org/10.1002/rog.20014,91e14c6e-4e85-42e4-b7a5-7e527f9b74ce,2013-07-25 00:00:00,2019-12-25 18:57:54,references,8676e950-8ac5-4074-8ac3-c0a18ada7e99,https://doi.org/10.13003/CED-terms-of-use,https://doi.org/10.13003/CED-terms-of-use,create
52433,crossref,https://doi.org/10.1146/annurev.ecolsys.28.1.621,https://doi.org/10.1007/s00267-019-01180-9,a3d59db3-7ff1-4c60-b557-128daa57d0a7,2019-06-26 00:00:00,2019-12-26 09:58:43,references,8676e950-8ac5-4074-8ac3-c0a18ada7e99,https://doi.org/10.13003/CED-terms-of-use,https://doi.org/10.13003/CED-terms-of-use,create
52434,crossref,https://doi.org/10.1146/annurev.ecolsys.28.1.621,https://doi.org/10.2980/19-3-3486,e24030a6-0f35-484c-a16e-f84241444f07,2012-09-01 00:00:00,2019-12-27 16:17:33,references,8676e950-8ac5-4074-8ac3-c0a18ada7e99,https://doi.org/10.13003/CED-terms-of-use,https://doi.org/10.13003/CED-terms-of-use,create
52435,crossref,https://doi.org/10.1146/annurev.ecolsys.28.1.621,https://doi.org/10.1111/j.1654-1103.2012.01445.x,f4417bd1-0423-47bf-b52a-04b29f0cbe09,2012-07-03 00:00:00,2019-12-29 12:21:29,references,8676e950-8ac5-4074-8ac3-c0a18ada7e99,https://doi.org/10.13003/CED-terms-of-use,https://doi.org/10.13003/CED-terms-of-use,create
52436,crossref,https://doi.org/10.1146/annurev.ecolsys.28.1.621,https://doi.org/10.1139/X09-182,21c3d042-989f-4112-8564-2d2d3ddac491,2010-02-01 00:00:00,2020-01-06 22:05:48,references,8676e950-8ac5-4074-8ac3-c0a18ada7e99,https://doi.org/10.13003/CED-terms-of-use,https://doi.org/10.13003/CED-terms-of-use,create
52437,crossref,https://doi.org/10.1146/annurev.ecolsys.28.1.621,https://doi.org/10.1139/X09-200,fdbe10c2-3af6-47fe-ac71-f056ee22f8c2,2010-03-01 00:00:00,2020-01-06 23:49:41,references,8676e950-8ac5-4074-8ac3-c0a18ada7e99,https://doi.org/10.13003/CED-terms-of-use,https://doi.org/10.13003/CED-terms-of-use,create
52438,crossref,https://doi.org/10.1146/annurev.ecolsys.28.1.621,https://doi.org/10.1139/x06-010,86c8b726-80db-4bbf-b335-18fb0f8e1fb3,2006-05-01 00:00:00,2020-01-07 00:04:03,references,8676e950-8ac5-4074-8ac3-c0a18ada7e99,https://doi.org/10.13003/CED-terms-of-use,https://doi.org/10.13003/CED-terms-of-use,create
52439,crossref,https://doi.org/10.1146/annurev.ecolsys.28.1.621,https://doi.org/10.1139/er-2013-0038,29a44d02-23c9-40a5-a886-f6e5e4142a0d,2014-06-01 00:00:00,2020-01-07 00:47:07,references,8676e950-8ac5-4074-8ac3-c0a18ada7e99,https://doi.org/10.13003/CED-terms-of-use,https://doi.org/10.13003/CED-terms-of-use,create
52440,crossref,https://doi.org/10.1146/annurev.ecolsys.28.1.621,https://doi.org/10.1139/x06-114,3f2d81e5-8515-472b-8492-1c60e50d3ab4,2006-09-01 00:00:00,2020-01-07 01:10:10,references,8676e950-8ac5-4074-8ac3-c0a18ada7e99,https://doi.org/10.13003/CED-terms-of-use,https://doi.org/10.13003/CED-terms-of-use,create
52441,crossref,https://doi.org/10.1146/annurev.ecolsys.28.1.621,https://doi.org/10.1139/x02-092,195de741-7a66-4943-875a-24f0b1bd907f,2002-10-01 00:00:00,2020-01-07 08:47:03,references,8676e950-8ac5-4074-8ac3-c0a18ada7e99,https://doi.org/10.13003/CED-terms-of-use,https://doi.org/10.13003/CED-terms-of-use,create
52442,crossref,https://doi.org/10.1146/annurev.ecolsys.28.1.621,https://doi.org/10.1177/0959683619875803,06284ae2-034d-42fb-b0d9-23ea6ab234ca,2019-09-26 00:00:00,2020-01-10 03:02:29,references,8676e950-8ac5-4074-8ac3-c0a18ada7e99,https://doi.org/10.13003/CED-terms-of-use,https://doi.org/10.13003/CED-terms-of-use,create
