crossRefIncrement,sourceID,objectID,subjectID,eventID,occurredAt,timeObserved,relationType,sourceToken,license,crossrefTermsOfUse,messageAction
51558,crossref,https://doi.org/10.1007/PL00006275,https://doi.org/10.3390/life2010170,ade83790-ca59-4101-8314-331b28f9a031,2012-01-23 00:00:00,2019-06-23 15:12:02,references,8676e950-8ac5-4074-8ac3-c0a18ada7e99,https://doi.org/10.13003/CED-terms-of-use,https://doi.org/10.13003/CED-terms-of-use,create
51559,crossref,https://doi.org/10.1007/PL00006275,https://doi.org/10.1007/s00239-012-9494-3,1d622afb-7165-44c5-8867-5744675a435e,2012-03-11 00:00:00,2019-06-26 06:24:38,references,8676e950-8ac5-4074-8ac3-c0a18ada7e99,https://doi.org/10.13003/CED-terms-of-use,https://doi.org/10.13003/CED-terms-of-use,create
51560,crossref,https://doi.org/10.1007/PL00006275,https://doi.org/10.1002/wrna.1143,0ca2b7c3-2dc5-40ec-9810-96e2729ffdb4,2012-11-08 00:00:00,2019-07-06 05:01:09,references,8676e950-8ac5-4074-8ac3-c0a18ada7e99,https://doi.org/10.13003/CED-terms-of-use,https://doi.org/10.13003/CED-terms-of-use,create
51561,crossref,https://doi.org/10.1007/PL00006275,https://doi.org/10.1002/pro.2261,ed4dfc0e-7275-4092-b79b-b0a77717e4f5,2013-04-29 00:00:00,2019-07-13 21:47:24,references,8676e950-8ac5-4074-8ac3-c0a18ada7e99,https://doi.org/10.13003/CED-terms-of-use,https://doi.org/10.13003/CED-terms-of-use,create
51562,crossref,https://doi.org/10.1007/PL00006275,https://doi.org/10.1098/rstb.2002.1183,9df72907-c73f-4662-b24f-f929415580cd,2003-01-29 00:00:00,2019-07-19 07:39:10,references,8676e950-8ac5-4074-8ac3-c0a18ada7e99,https://doi.org/10.13003/CED-terms-of-use,https://doi.org/10.13003/CED-terms-of-use,create
51563,crossref,https://doi.org/10.1007/PL00006275,https://doi.org/10.1098/rspb.2003.2355,790bf7d1-daac-4ccb-81a1-14bc613a4247,2003-06-07 00:00:00,2019-07-19 11:54:30,references,8676e950-8ac5-4074-8ac3-c0a18ada7e99,https://doi.org/10.13003/CED-terms-of-use,https://doi.org/10.13003/CED-terms-of-use,create
51564,crossref,https://doi.org/10.1007/PL00006275,https://doi.org/10.1007/s00239-013-9592-x,639480e8-99ba-4c12-b054-45195b2fba3a,2013-10-01 00:00:00,2019-07-19 15:29:56,references,8676e950-8ac5-4074-8ac3-c0a18ada7e99,https://doi.org/10.13003/CED-terms-of-use,https://doi.org/10.13003/CED-terms-of-use,create
51565,crossref,https://doi.org/10.1007/PL00006275,https://doi.org/10.1007/978-94-010-0367-4_33,a13fe1f6-a6f2-4683-b2e0-f2d4c78ce288,2002-01-01 00:00:00,2019-10-27 17:39:22,references,8676e950-8ac5-4074-8ac3-c0a18ada7e99,https://doi.org/10.13003/CED-terms-of-use,https://doi.org/10.13003/CED-terms-of-use,create
51566,crossref,https://doi.org/10.1007/PL00006275,https://doi.org/10.1007/s00018-013-1446-6,09be7553-b73c-478a-b6ad-16913a97ae38,2013-08-13 00:00:00,2019-10-29 10:26:34,references,8676e950-8ac5-4074-8ac3-c0a18ada7e99,https://doi.org/10.13003/CED-terms-of-use,https://doi.org/10.13003/CED-terms-of-use,create
