crossRefIncrement,sourceID,objectID,subjectID,eventID,occurredAt,timeObserved,relationType,sourceToken,license,crossrefTermsOfUse,messageAction
1596,crossref,https://doi.org/10.1016/S0042-6989(97)00340-4,https://doi.org/10.1080/25742442.2019.1600970,9bd4afea-8a95-4001-a6bf-6e5834fb7932,2018-10-02 00:00:00,2019-07-08 10:59:30,references,8676e950-8ac5-4074-8ac3-c0a18ada7e99,https://doi.org/10.13003/CED-terms-of-use,https://doi.org/10.13003/CED-terms-of-use,create
1597,crossref,https://doi.org/10.1016/S0042-6989(97)00340-4,https://doi.org/10.1093/brain/awz171,d501a685-2a92-468c-9825-4e59bb3c8f9f,2019-06-29 00:00:00,2019-07-10 18:24:27,references,8676e950-8ac5-4074-8ac3-c0a18ada7e99,https://doi.org/10.13003/CED-terms-of-use,https://doi.org/10.13003/CED-terms-of-use,create
1598,crossref,https://doi.org/10.1016/S0042-6989(97)00340-4,https://doi.org/10.1098/rstb.2017.0345,c9396c9b-b573-49d1-b3bf-01937849a6f1,2018-07-30 00:00:00,2019-07-20 15:05:49,references,8676e950-8ac5-4074-8ac3-c0a18ada7e99,https://doi.org/10.13003/CED-terms-of-use,https://doi.org/10.13003/CED-terms-of-use,create
1599,crossref,https://doi.org/10.1016/s0042-6989(97)00340-4,https://doi.org/10.3389/fnhum.2019.00249,b42ca2db-ddea-46bc-8ed9-297dec6ec303,2019-07-23 00:00:00,2019-07-25 02:41:50,references,8676e950-8ac5-4074-8ac3-c0a18ada7e99,https://doi.org/10.13003/CED-terms-of-use,https://doi.org/10.13003/CED-terms-of-use,create
1600,crossref,https://doi.org/10.1016/S0042-6989(97)00340-4,https://doi.org/10.3389/fpsyg.2018.01250,dda406ed-a417-4129-90da-afa3229f0f39,2018-07-23 00:00:00,2019-12-17 18:01:14,references,8676e950-8ac5-4074-8ac3-c0a18ada7e99,https://doi.org/10.13003/CED-terms-of-use,https://doi.org/10.13003/CED-terms-of-use,create
