wikipediaIncrement,sourceID,objectID,subjectID,eventID,occurredAt,timeObserved,relationType,sourceToken,license,termsOfUse,updatedDate,updatedReason,evidenceRecord,eventAction,subjectPID,subjectTitle,subjectURL,subjectAPIURL,objectPID,objectURL
22091,wikipedia,https://doi.org/10.1016/s0042-6989(97)00340-4,https://tr.wikipedia.org/wiki/Psikofizik,5b01fa36-08e5-47c3-a13e-546fbeda7b3b,2017-05-08 23:07:40,2017-05-08 19:08:22,references,36c35e23-8757-4a9d-aacf-345e9b7eb50d,https://creativecommons.org/publicdomain/zero/1.0/,https://doi.org/10.13003/CED-terms-of-use,2018-01-31 17:30:00,https://evidence.eventdata.crossref.org/announcements/2018-01-19T00-00-00Z-ED-15.json,https://evidence.eventdata.crossref.org/evidence/20170508-wikipedia-e3858718-b485-4259-bf40-9451204c8ef3,add,https://tr.wikipedia.org/wiki/Psikofizik,Psikofizik,https://tr.wikipedia.org/w/index.php?title=Psikofizik&oldid=18626066,https://tr.wikipedia.org/api/rest_v1/page/html/Psikofizik/18626066,https://doi.org/10.1016/s0042-6989(97)00340-4,http://dx.doi.org/10.1016%2FS0042-6989%2897%2900340-4
22092,wikipedia,https://doi.org/10.1016/s0042-6989(97)00340-4,https://en.wikipedia.org/wiki/Psychophysics,89aeb490-7b73-4185-8ac1-ed553a6a68f4,2017-05-10 20:27:53,2017-05-10 16:29:02,references,36c35e23-8757-4a9d-aacf-345e9b7eb50d,https://creativecommons.org/publicdomain/zero/1.0/,https://doi.org/10.13003/CED-terms-of-use,2018-01-31 17:30:00,https://evidence.eventdata.crossref.org/announcements/2018-01-19T00-00-00Z-ED-15.json,https://evidence.eventdata.crossref.org/evidence/20170510-wikipedia-addda856-8815-409f-8665-2a48b91d6a69,add,https://en.wikipedia.org/wiki/Psychophysics,Psychophysics,https://en.wikipedia.org/w/index.php?title=Psychophysics&oldid=779760126,https://en.wikipedia.org/api/rest_v1/page/html/Psychophysics/779760126,https://doi.org/10.1016/s0042-6989(97)00340-4,https://doi.org/10.1016/s0042-6989(97)00340-4
22093,wikipedia,https://doi.org/10.1016/s0042-6989(97)00340-4,https://en.wikipedia.org/api/rest_v1/page/html/Psychophysics/813802277,2c2f8354-42f4-44f7-b3bc-a3edc3100926,2017-12-05 08:57:35,2018-01-15 08:42:50,references,36c35e23-8757-4a9d-aacf-345e9b7eb50d,https://creativecommons.org/publicdomain/zero/1.0/,https://doi.org/10.13003/CED-terms-of-use,,,https://evidence.eventdata.crossref.org/evidence/20171205-wikipedia-1588e69d-6f65-43f3-ac02-c443a6f241e0,add,https://en.wikipedia.org/w/index.php?title=Psychophysics&oldid=813802277,Psychophysics,https://en.wikipedia.org/wiki/Psychophysics,https://en.wikipedia.org/api/rest_v1/page/html/Psychophysics/813802277,https://doi.org/10.1016/s0042-6989(97)00340-4,https://doi.org/10.1016/s0042-6989(97)00340-4
22094,wikipedia,https://doi.org/10.1016/s0042-6989(97)00340-4,https://en.wikipedia.org/api/rest_v1/page/html/Psychophysics/838751516,5d7efe5d-b745-4293-ae67-b45b214368c6,2018-04-29 02:29:56,2018-04-28 22:31:29,references,36c35e23-8757-4a9d-aacf-345e9b7eb50d,https://creativecommons.org/publicdomain/zero/1.0/,https://doi.org/10.13003/CED-terms-of-use,,,https://evidence.eventdata.crossref.org/evidence/20180429-wikipedia-16271004-2323-44eb-9742-e5236714cc6f,add,https://en.wikipedia.org/wiki/Psychophysics,Psychophysics,https://en.wikipedia.org/w/index.php?title=Psychophysics&oldid=838751516,https://en.wikipedia.org/api/rest_v1/page/html/Psychophysics/838751516,https://doi.org/10.1016/s0042-6989(97)00340-4,https://doi.org/10.1016/s0042-6989(97)00340-4
22095,wikipedia,https://doi.org/10.1016/s0042-6989(97)00340-4,https://en.wikipedia.org/api/rest_v1/page/html/Psychophysics/838751510,f7dde2cb-4f80-492e-8e30-84ef60bc4559,2018-04-29 02:29:53,2018-04-28 22:32:23,references,36c35e23-8757-4a9d-aacf-345e9b7eb50d,https://creativecommons.org/publicdomain/zero/1.0/,https://doi.org/10.13003/CED-terms-of-use,,,https://evidence.eventdata.crossref.org/evidence/20180429-wikipedia-496d70a7-5065-414c-8f94-7f3a31b08617,add,https://en.wikipedia.org/wiki/Psychophysics,Psychophysics,https://en.wikipedia.org/w/index.php?title=Psychophysics&oldid=838751510,https://en.wikipedia.org/api/rest_v1/page/html/Psychophysics/838751510,https://doi.org/10.1016/s0042-6989(97)00340-4,https://doi.org/10.1016/s0042-6989(97)00340-4
22096,wikipedia,https://doi.org/10.1016/s0042-6989(97)00340-4,https://en.wikipedia.org/api/rest_v1/page/html/Psychophysics/855929452,e88d3c3a-74da-44d1-95bc-c0da09790502,2018-08-21 19:35:13,2018-08-21 15:36:30,references,36c35e23-8757-4a9d-aacf-345e9b7eb50d,https://creativecommons.org/publicdomain/zero/1.0/,https://doi.org/10.13003/CED-terms-of-use,,,https://evidence.eventdata.crossref.org/evidence/20180821-wikipedia-e5c94f3b-1d6a-4d86-b19b-e919673b9327,add,https://en.wikipedia.org/wiki/Psychophysics,Psychophysics,https://en.wikipedia.org/w/index.php?title=Psychophysics&oldid=855929452,https://en.wikipedia.org/api/rest_v1/page/html/Psychophysics/855929452,https://doi.org/10.1016/s0042-6989(97)00340-4,https://doi.org/10.1016/s0042-6989(97)00340-4
22097,wikipedia,https://doi.org/10.1016/s0042-6989(97)00340-4,https://en.wikipedia.org/api/rest_v1/page/html/Psychophysics/858242701,d080c873-6b69-4946-884a-7a91c76936e3,2018-09-05 22:10:20,2018-09-05 18:11:27,references,36c35e23-8757-4a9d-aacf-345e9b7eb50d,https://creativecommons.org/publicdomain/zero/1.0/,https://doi.org/10.13003/CED-terms-of-use,,,https://evidence.eventdata.crossref.org/evidence/20180905-wikipedia-abd4d080-b62e-46cc-b572-98d57260475e,add,https://en.wikipedia.org/wiki/Psychophysics,Psychophysics,https://en.wikipedia.org/w/index.php?title=Psychophysics&oldid=858242701,https://en.wikipedia.org/api/rest_v1/page/html/Psychophysics/858242701,https://doi.org/10.1016/s0042-6989(97)00340-4,https://doi.org/10.1016/s0042-6989(97)00340-4
22098,wikipedia,https://doi.org/10.1016/s0042-6989(97)00340-4,https://en.wikipedia.org/api/rest_v1/page/html/Psychophysics/858901104,e46ebda8-735a-4714-90f7-f1fab677c95c,2018-09-10 11:36:24,2018-09-10 11:40:34,references,36c35e23-8757-4a9d-aacf-345e9b7eb50d,https://creativecommons.org/publicdomain/zero/1.0/,https://doi.org/10.13003/CED-terms-of-use,,,https://evidence.eventdata.crossref.org/evidence/20180910-wikipedia-2e148073-cb30-4fe0-b342-6435fa55c977,add,https://en.wikipedia.org/wiki/Psychophysics,Psychophysics,https://en.wikipedia.org/w/index.php?title=Psychophysics&oldid=858901104,https://en.wikipedia.org/api/rest_v1/page/html/Psychophysics/858901104,https://doi.org/10.1016/s0042-6989(97)00340-4,https://doi.org/10.1016/s0042-6989(97)00340-4
22099,wikipedia,https://doi.org/10.1016/s0042-6989(97)00340-4,https://en.wikipedia.org/api/rest_v1/page/html/Psychophysics/859028009,1d9a5ad8-af44-4fe3-8664-e28e31b611b4,2018-09-11 07:18:35,2018-09-11 03:19:25,references,36c35e23-8757-4a9d-aacf-345e9b7eb50d,https://creativecommons.org/publicdomain/zero/1.0/,https://doi.org/10.13003/CED-terms-of-use,,,https://evidence.eventdata.crossref.org/evidence/20180911-wikipedia-9057f31f-eecf-41d8-ad79-5014a88298b7,add,https://en.wikipedia.org/wiki/Psychophysics,Psychophysics,https://en.wikipedia.org/w/index.php?title=Psychophysics&oldid=859028009,https://en.wikipedia.org/api/rest_v1/page/html/Psychophysics/859028009,https://doi.org/10.1016/s0042-6989(97)00340-4,https://doi.org/10.1016/s0042-6989(97)00340-4
22100,wikipedia,https://doi.org/10.1016/s0042-6989(97)00340-4,https://tr.wikipedia.org/api/rest_v1/page/html/Psikofizik/20046398,343ee79e-e95f-44d2-ba4d-734bc528361c,2018-09-24 14:36:02,2018-09-24 10:43:26,references,36c35e23-8757-4a9d-aacf-345e9b7eb50d,https://creativecommons.org/publicdomain/zero/1.0/,https://doi.org/10.13003/CED-terms-of-use,,,https://evidence.eventdata.crossref.org/evidence/20180924-wikipedia-1b21385f-a5c6-42b7-a237-915484213016,add,https://tr.wikipedia.org/wiki/Psikofizik,Psikofizik,https://tr.wikipedia.org/w/index.php?title=Psikofizik&oldid=20046398,https://tr.wikipedia.org/api/rest_v1/page/html/Psikofizik/20046398,https://doi.org/10.1016/s0042-6989(97)00340-4,https://doi.org/10.1016/s0042-6989(97)00340-4
22101,wikipedia,https://doi.org/10.1016/s0042-6989(97)00340-4,https://en.wikipedia.org/api/rest_v1/page/html/Psychophysics/870692906,a86963f0-672a-4cbf-a52c-430e9c2caab4,2018-11-26 12:58:19,2018-11-26 09:10:04,references,36c35e23-8757-4a9d-aacf-345e9b7eb50d,https://creativecommons.org/publicdomain/zero/1.0/,https://doi.org/10.13003/CED-terms-of-use,,,https://evidence.eventdata.crossref.org/evidence/20181126-wikipedia-3431c8f5-acb6-458d-bad4-3bbfc4e3aa97,add,https://en.wikipedia.org/wiki/Psychophysics,Psychophysics,https://en.wikipedia.org/w/index.php?title=Psychophysics&oldid=870692906,https://en.wikipedia.org/api/rest_v1/page/html/Psychophysics/870692906,https://doi.org/10.1016/s0042-6989(97)00340-4,https://doi.org/10.1016/s0042-6989(97)00340-4
22102,wikipedia,https://doi.org/10.1016/s0042-6989(97)00340-4,https://en.wikipedia.org/api/rest_v1/page/html/Psychophysics/872833024,39f860db-c8e4-4009-b125-5f2004d69678,2018-12-09 14:03:35,2018-12-09 09:06:52,references,36c35e23-8757-4a9d-aacf-345e9b7eb50d,https://creativecommons.org/publicdomain/zero/1.0/,https://doi.org/10.13003/CED-terms-of-use,,,https://evidence.eventdata.crossref.org/evidence/20181209-wikipedia-79d6a909-713f-4145-8397-68fb4261932c,add,https://en.wikipedia.org/wiki/Psychophysics,Psychophysics,https://en.wikipedia.org/w/index.php?title=Psychophysics&oldid=872833024,https://en.wikipedia.org/api/rest_v1/page/html/Psychophysics/872833024,https://doi.org/10.1016/s0042-6989(97)00340-4,https://doi.org/10.1016/s0042-6989(97)00340-4
22103,wikipedia,https://doi.org/10.1016/s0042-6989(97)00340-4,https://en.wikipedia.org/api/rest_v1/page/html/Psychophysics/872833369,822325c1-8286-451c-90ad-76ebf824328a,2018-12-09 14:07:22,2018-12-09 09:08:59,references,36c35e23-8757-4a9d-aacf-345e9b7eb50d,https://creativecommons.org/publicdomain/zero/1.0/,https://doi.org/10.13003/CED-terms-of-use,,,https://evidence.eventdata.crossref.org/evidence/20181209-wikipedia-44603d37-3d77-4010-ae64-756e745ce4b8,add,https://en.wikipedia.org/wiki/Psychophysics,Psychophysics,https://en.wikipedia.org/w/index.php?title=Psychophysics&oldid=872833369,https://en.wikipedia.org/api/rest_v1/page/html/Psychophysics/872833369,https://doi.org/10.1016/s0042-6989(97)00340-4,https://doi.org/10.1016/s0042-6989(97)00340-4
22104,wikipedia,https://doi.org/10.1016/s0042-6989(97)00340-4,https://en.wikipedia.org/api/rest_v1/page/html/Psychophysics/872833467,710936a2-7446-4968-979d-f62d6e72bee8,2018-12-09 14:08:23,2018-12-09 09:15:15,references,36c35e23-8757-4a9d-aacf-345e9b7eb50d,https://creativecommons.org/publicdomain/zero/1.0/,https://doi.org/10.13003/CED-terms-of-use,,,https://evidence.eventdata.crossref.org/evidence/20181209-wikipedia-9c9690e4-ffe6-493f-afcd-9bf1ffd663d2,add,https://en.wikipedia.org/wiki/Psychophysics,Psychophysics,https://en.wikipedia.org/w/index.php?title=Psychophysics&oldid=872833467,https://en.wikipedia.org/api/rest_v1/page/html/Psychophysics/872833467,https://doi.org/10.1016/s0042-6989(97)00340-4,https://doi.org/10.1016/s0042-6989(97)00340-4
22105,wikipedia,https://doi.org/10.1016/s0042-6989(97)00340-4,https://tr.wikipedia.org/api/rest_v1/page/html/Psikofizik/20375784,2d19cbf4-e6f5-438e-9660-7ed0704a7f49,2019-02-04 20:20:31,2019-02-04 15:28:41,references,36c35e23-8757-4a9d-aacf-345e9b7eb50d,https://creativecommons.org/publicdomain/zero/1.0/,https://doi.org/10.13003/CED-terms-of-use,,,https://evidence.eventdata.crossref.org/evidence/20190204-wikipedia-aabd6699-d809-4aa0-ba7c-9136a83a7e33,add,https://tr.wikipedia.org/wiki/Psikofizik,Psikofizik,https://tr.wikipedia.org/w/index.php?title=Psikofizik&oldid=20375784,https://tr.wikipedia.org/api/rest_v1/page/html/Psikofizik/20375784,https://doi.org/10.1016/s0042-6989(97)00340-4,https://doi.org/10.1016/s0042-6989(97)00340-4
22106,wikipedia,https://doi.org/10.1016/s0042-6989(97)00340-4,https://en.wikipedia.org/api/rest_v1/page/html/Psychophysics/883649001,eb570bc1-779b-4a8e-bcbb-3aa0b94d1aa7,2019-02-16 18:47:46,2019-02-16 13:51:49,references,36c35e23-8757-4a9d-aacf-345e9b7eb50d,https://creativecommons.org/publicdomain/zero/1.0/,https://doi.org/10.13003/CED-terms-of-use,,,https://evidence.eventdata.crossref.org/evidence/20190216-wikipedia-46abe9df-6191-4b22-bcd0-71b822ec448c,add,https://en.wikipedia.org/wiki/Psychophysics,Psychophysics,https://en.wikipedia.org/w/index.php?title=Psychophysics&oldid=883649001,https://en.wikipedia.org/api/rest_v1/page/html/Psychophysics/883649001,https://doi.org/10.1016/s0042-6989(97)00340-4,https://doi.org/10.1016/s0042-6989(97)00340-4
22107,wikipedia,https://doi.org/10.1016/s0042-6989(97)00340-4,https://en.wikipedia.org/api/rest_v1/page/html/Psychophysics/887253916,d6799fe4-d765-4834-a6a2-51c62c35e640,2019-03-11 14:16:40,2019-03-11 10:23:25,references,36c35e23-8757-4a9d-aacf-345e9b7eb50d,https://creativecommons.org/publicdomain/zero/1.0/,https://doi.org/10.13003/CED-terms-of-use,,,https://evidence.eventdata.crossref.org/evidence/20190311-wikipedia-dfb1a089-3727-460f-b47a-eb672e2d3037,add,https://en.wikipedia.org/wiki/Psychophysics,Psychophysics,https://en.wikipedia.org/w/index.php?title=Psychophysics&oldid=887253916,https://en.wikipedia.org/api/rest_v1/page/html/Psychophysics/887253916,https://doi.org/10.1016/s0042-6989(97)00340-4,https://doi.org/10.1016/s0042-6989(97)00340-4
22108,wikipedia,https://doi.org/10.1016/s0042-6989(97)00340-4,https://en.wikipedia.org/api/rest_v1/page/html/Psychophysics/893182250,5a0eda24-2d22-48dc-b75b-f6eef916dbc8,2019-04-19 16:00:37,2019-04-19 12:06:29,references,36c35e23-8757-4a9d-aacf-345e9b7eb50d,https://creativecommons.org/publicdomain/zero/1.0/,https://doi.org/10.13003/CED-terms-of-use,,,https://evidence.eventdata.crossref.org/evidence/20190419-wikipedia-49c18e22-0884-45ab-bea1-d2ac3c8c42e7,add,https://en.wikipedia.org/wiki/Psychophysics,Psychophysics,https://en.wikipedia.org/w/index.php?title=Psychophysics&oldid=893182250,https://en.wikipedia.org/api/rest_v1/page/html/Psychophysics/893182250,https://doi.org/10.1016/s0042-6989(97)00340-4,https://doi.org/10.1016/s0042-6989(97)00340-4
22109,wikipedia,https://doi.org/10.1016/s0042-6989(97)00340-4,https://en.wikipedia.org/api/rest_v1/page/html/Psychophysics/906650844,863b475d-fc30-41aa-865a-8073164f0ba1,2019-07-17 08:32:41,2019-07-17 04:37:08,references,36c35e23-8757-4a9d-aacf-345e9b7eb50d,https://creativecommons.org/publicdomain/zero/1.0/,https://doi.org/10.13003/CED-terms-of-use,,,https://evidence.eventdata.crossref.org/evidence/20190717-wikipedia-3f6978f5-f1ab-4446-998a-dabcb9a31681,add,https://en.wikipedia.org/wiki/Psychophysics,Psychophysics,https://en.wikipedia.org/w/index.php?title=Psychophysics&oldid=906650844,https://en.wikipedia.org/api/rest_v1/page/html/Psychophysics/906650844,https://doi.org/10.1016/s0042-6989(97)00340-4,https://doi.org/10.1016/s0042-6989(97)00340-4
22110,wikipedia,https://doi.org/10.1016/s0042-6989(97)00340-4,https://tr.wikipedia.org/api/rest_v1/page/html/Psikofizik/20814390,3b970f88-848e-4221-9414-d47cd568ba42,2019-07-19 15:27:54,2019-07-19 13:36:08,references,36c35e23-8757-4a9d-aacf-345e9b7eb50d,https://creativecommons.org/publicdomain/zero/1.0/,https://doi.org/10.13003/CED-terms-of-use,,,https://evidence.eventdata.crossref.org/evidence/20190719-wikipedia-9a2272a4-3910-454b-a28c-b3380b26b4ab,add,https://tr.wikipedia.org/wiki/Psikofizik,Psikofizik,https://tr.wikipedia.org/w/index.php?title=Psikofizik&oldid=20814390,https://tr.wikipedia.org/api/rest_v1/page/html/Psikofizik/20814390,https://doi.org/10.1016/s0042-6989(97)00340-4,https://doi.org/10.1016/s0042-6989(97)00340-4
22111,wikipedia,https://doi.org/10.1016/s0042-6989(97)00340-4,https://en.wikipedia.org/api/rest_v1/page/html/Psychophysics/912919290,74a4248e-4abd-4bf1-b1b4-6569691e26cf,2019-08-28 18:40:09,2019-08-28 14:46:50,references,36c35e23-8757-4a9d-aacf-345e9b7eb50d,https://creativecommons.org/publicdomain/zero/1.0/,https://doi.org/10.13003/CED-terms-of-use,,,https://evidence.eventdata.crossref.org/evidence/20190828-wikipedia-ad5fbc22-29a5-404b-8f01-7aeed735bce0,add,https://en.wikipedia.org/wiki/Psychophysics,Psychophysics,https://en.wikipedia.org/w/index.php?title=Psychophysics&oldid=912919290,https://en.wikipedia.org/api/rest_v1/page/html/Psychophysics/912919290,https://doi.org/10.1016/s0042-6989(97)00340-4,https://doi.org/10.1016/s0042-6989(97)00340-4
22112,wikipedia,https://doi.org/10.1016/s0042-6989(97)00340-4,https://en.wikipedia.org/api/rest_v1/page/html/Psychophysics/917597821,a5ac67fa-d232-477d-a484-00e7dac09f5a,2019-09-24 15:32:06,2019-09-24 11:53:53,references,36c35e23-8757-4a9d-aacf-345e9b7eb50d,https://creativecommons.org/publicdomain/zero/1.0/,https://doi.org/10.13003/CED-terms-of-use,,,https://evidence.eventdata.crossref.org/evidence/20190924-wikipedia-f36501a4-918d-4a6f-b044-e51ad3a8bae8,add,https://en.wikipedia.org/wiki/Psychophysics,Psychophysics,https://en.wikipedia.org/w/index.php?title=Psychophysics&oldid=917597821,https://en.wikipedia.org/api/rest_v1/page/html/Psychophysics/917597821,https://doi.org/10.1016/s0042-6989(97)00340-4,https://doi.org/10.1016/s0042-6989(97)00340-4
22113,wikipedia,https://doi.org/10.1016/s0042-6989(97)00340-4,https://tr.wikipedia.org/api/rest_v1/page/html/Psikofizik/21027165,59666ab8-e606-4411-9a99-ffc494ea45a3,2019-10-03 02:22:16,2019-10-02 22:25:49,references,36c35e23-8757-4a9d-aacf-345e9b7eb50d,https://creativecommons.org/publicdomain/zero/1.0/,https://doi.org/10.13003/CED-terms-of-use,,,https://evidence.eventdata.crossref.org/evidence/20191003-wikipedia-349562b4-3b5b-4540-bda1-0db67220b5a8,add,https://tr.wikipedia.org/wiki/Psikofizik,Psikofizik,https://tr.wikipedia.org/w/index.php?title=Psikofizik&oldid=21027165,https://tr.wikipedia.org/api/rest_v1/page/html/Psikofizik/21027165,https://doi.org/10.1016/s0042-6989(97)00340-4,https://doi.org/10.1016/s0042-6989(97)00340-4
22114,wikipedia,https://doi.org/10.1016/s0042-6989(97)00340-4,https://en.wikipedia.org/api/rest_v1/page/html/Up-and-Down_Designs/919722903,3852ed5a-7b8a-485f-8a5e-16af6eca6f5d,2019-10-05 11:20:00,2019-10-05 07:28:46,references,36c35e23-8757-4a9d-aacf-345e9b7eb50d,https://creativecommons.org/publicdomain/zero/1.0/,https://doi.org/10.13003/CED-terms-of-use,,,https://evidence.eventdata.crossref.org/evidence/20191005-wikipedia-f1153df5-163f-4517-8d47-16111d4ebd9c,add,https://en.wikipedia.org/wiki/Up-and-Down_Designs,Up-and-Down Designs,https://en.wikipedia.org/w/index.php?title=Up-and-Down_Designs&oldid=919722903,https://en.wikipedia.org/api/rest_v1/page/html/Up-and-Down_Designs/919722903,https://doi.org/10.1016/s0042-6989(97)00340-4,https://doi.org/10.1016/s0042-6989(97)00340-4
22115,wikipedia,https://doi.org/10.1016/s0042-6989(97)00340-4,https://en.wikipedia.org/api/rest_v1/page/html/Psychophysics/930398101,fe63bde4-9d7d-41a7-b373-8fa051df4cfe,2019-12-12 05:39:20,2019-12-16 03:44:15,references,36c35e23-8757-4a9d-aacf-345e9b7eb50d,https://creativecommons.org/publicdomain/zero/1.0/,https://doi.org/10.13003/CED-terms-of-use,,,https://evidence.eventdata.crossref.org/evidence/20191212-wikipedia-171687f4-16c1-4c86-9099-93b22967c5c2,add,https://en.wikipedia.org/wiki/Psychophysics,Psychophysics,https://en.wikipedia.org/w/index.php?title=Psychophysics&oldid=930398101,https://en.wikipedia.org/api/rest_v1/page/html/Psychophysics/930398101,https://doi.org/10.1016/s0042-6989(97)00340-4,https://doi.org/10.1016/s0042-6989(97)00340-4
22116,wikipedia,https://doi.org/10.1016/s0042-6989(97)00340-4,https://en.wikipedia.org/api/rest_v1/page/html/Up-and-Down_Designs/936487299,a7b84199-9d31-480c-a0bf-770c023bdaad,2020-01-19 04:57:59,2020-01-19 00:00:51,references,36c35e23-8757-4a9d-aacf-345e9b7eb50d,https://creativecommons.org/publicdomain/zero/1.0/,https://doi.org/10.13003/CED-terms-of-use,,,https://evidence.eventdata.crossref.org/evidence/20200119-wikipedia-7bd49cd1-4223-46cb-a800-2dfebb758eea,add,https://en.wikipedia.org/wiki/Up-and-Down_Designs,Up-and-Down Designs,https://en.wikipedia.org/w/index.php?title=Up-and-Down_Designs&oldid=936487299,https://en.wikipedia.org/api/rest_v1/page/html/Up-and-Down_Designs/936487299,https://doi.org/10.1016/s0042-6989(97)00340-4,https://doi.org/10.1016/s0042-6989(97)00340-4
22117,wikipedia,https://doi.org/10.1016/s0042-6989(97)00340-4,https://en.wikipedia.org/api/rest_v1/page/html/Up-and-Down_Designs/936487706,7e9cb80d-6e58-4e28-aee7-51b05537b501,2020-01-19 05:02:58,2020-01-19 00:09:08,references,36c35e23-8757-4a9d-aacf-345e9b7eb50d,https://creativecommons.org/publicdomain/zero/1.0/,https://doi.org/10.13003/CED-terms-of-use,,,https://evidence.eventdata.crossref.org/evidence/20200119-wikipedia-669f8bbc-10a7-4dfa-9fec-fcee69c852af,add,https://en.wikipedia.org/wiki/Up-and-Down_Designs,Up-and-Down Designs,https://en.wikipedia.org/w/index.php?title=Up-and-Down_Designs&oldid=936487706,https://en.wikipedia.org/api/rest_v1/page/html/Up-and-Down_Designs/936487706,https://doi.org/10.1016/s0042-6989(97)00340-4,https://doi.org/10.1016/s0042-6989(97)00340-4
22118,wikipedia,https://doi.org/10.1016/s0042-6989(97)00340-4,https://en.wikipedia.org/api/rest_v1/page/html/Up-and-Down_Designs/939949342,55312baf-1e42-4462-a415-d56068ae9eae,2020-02-09 18:08:35,2020-02-09 13:28:39,references,36c35e23-8757-4a9d-aacf-345e9b7eb50d,https://creativecommons.org/publicdomain/zero/1.0/,https://doi.org/10.13003/CED-terms-of-use,,,https://evidence.eventdata.crossref.org/evidence/20200209-wikipedia-ac78c214-b270-464f-a9aa-0bd89597538d,add,https://en.wikipedia.org/wiki/Up-and-Down_Designs,Up-and-Down Designs,https://en.wikipedia.org/w/index.php?title=Up-and-Down_Designs&oldid=939949342,https://en.wikipedia.org/api/rest_v1/page/html/Up-and-Down_Designs/939949342,https://doi.org/10.1016/s0042-6989(97)00340-4,https://doi.org/10.1016/s0042-6989(97)00340-4
22119,wikipedia,https://doi.org/10.1016/s0042-6989(97)00340-4,https://en.wikipedia.org/api/rest_v1/page/html/Psychophysics/940542753,724ce166-d9b6-47af-994c-d9470aec7b9f,2020-02-13 04:01:38,2020-02-12 23:10:44,references,36c35e23-8757-4a9d-aacf-345e9b7eb50d,https://creativecommons.org/publicdomain/zero/1.0/,https://doi.org/10.13003/CED-terms-of-use,,,https://evidence.eventdata.crossref.org/evidence/20200213-wikipedia-b83f2e87-bb19-4da4-ba02-7bd5d5538905,add,https://en.wikipedia.org/wiki/Psychophysics,Psychophysics,https://en.wikipedia.org/w/index.php?title=Psychophysics&oldid=940542753,https://en.wikipedia.org/api/rest_v1/page/html/Psychophysics/940542753,https://doi.org/10.1016/s0042-6989(97)00340-4,https://doi.org/10.1016/s0042-6989(97)00340-4
22120,wikipedia,https://doi.org/10.1016/s0042-6989(97)00340-4,https://en.wikipedia.org/api/rest_v1/page/html/Psychophysics/940572529,4cf12b82-0e43-4bef-a932-7476acecf5c3,2020-02-13 09:22:22,2020-02-13 04:29:22,references,36c35e23-8757-4a9d-aacf-345e9b7eb50d,https://creativecommons.org/publicdomain/zero/1.0/,https://doi.org/10.13003/CED-terms-of-use,,,https://evidence.eventdata.crossref.org/evidence/20200213-wikipedia-eb30817d-9d50-49df-9ca8-8c4186fc6162,add,https://en.wikipedia.org/wiki/Psychophysics,Psychophysics,https://en.wikipedia.org/w/index.php?title=Psychophysics&oldid=940572529,https://en.wikipedia.org/api/rest_v1/page/html/Psychophysics/940572529,https://doi.org/10.1016/s0042-6989(97)00340-4,https://doi.org/10.1016/s0042-6989(97)00340-4
22121,wikipedia,https://doi.org/10.1016/s0042-6989(97)00340-4,https://en.wikipedia.org/api/rest_v1/page/html/Psychophysics/974319187,c3babf35-2bc4-4adf-a45c-76796998d9b6,2020-08-22 09:06:33,2020-09-03 21:42:34,references,36c35e23-8757-4a9d-aacf-345e9b7eb50d,https://creativecommons.org/publicdomain/zero/1.0/,https://doi.org/10.13003/CED-terms-of-use,,,https://evidence.eventdata.crossref.org/evidence/20200822-wikipedia-3e0cb989-104f-4dd5-97b7-543c68eae6ad,add,https://en.wikipedia.org/wiki/Psychophysics,Psychophysics,https://en.wikipedia.org/w/index.php?title=Psychophysics&oldid=974319187,https://en.wikipedia.org/api/rest_v1/page/html/Psychophysics/974319187,https://doi.org/10.1016/s0042-6989(97)00340-4,https://doi.org/10.1016/s0042-6989(97)00340-4
22122,wikipedia,https://doi.org/10.1016/s0042-6989(97)00340-4,https://en.wikipedia.org/api/rest_v1/page/html/Psychophysics/974318768,51be8ba5-f276-4d9c-9310-23df56c46933,2020-08-22 09:02:42,2020-09-03 21:54:07,references,36c35e23-8757-4a9d-aacf-345e9b7eb50d,https://creativecommons.org/publicdomain/zero/1.0/,https://doi.org/10.13003/CED-terms-of-use,,,https://evidence.eventdata.crossref.org/evidence/20200822-wikipedia-8a1f89c1-e241-45c2-8379-8848b821a2c5,add,https://en.wikipedia.org/wiki/Psychophysics,Psychophysics,https://en.wikipedia.org/w/index.php?title=Psychophysics&oldid=974318768,https://en.wikipedia.org/api/rest_v1/page/html/Psychophysics/974318768,https://doi.org/10.1016/s0042-6989(97)00340-4,https://doi.org/10.1016/s0042-6989(97)00340-4
22123,wikipedia,https://doi.org/10.1016/s0042-6989(97)00340-4,https://en.wikipedia.org/api/rest_v1/page/html/Psychophysics/974324101,4750d183-9c0c-4125-93fa-fef0a3b08339,2020-08-22 09:53:54,2020-09-03 22:26:57,references,36c35e23-8757-4a9d-aacf-345e9b7eb50d,https://creativecommons.org/publicdomain/zero/1.0/,https://doi.org/10.13003/CED-terms-of-use,,,https://evidence.eventdata.crossref.org/evidence/20200822-wikipedia-04d36912-93d4-4fdd-a71b-84c398f4ad19,add,https://en.wikipedia.org/wiki/Psychophysics,Psychophysics,https://en.wikipedia.org/w/index.php?title=Psychophysics&oldid=974324101,https://en.wikipedia.org/api/rest_v1/page/html/Psychophysics/974324101,https://doi.org/10.1016/s0042-6989(97)00340-4,https://doi.org/10.1016/s0042-6989(97)00340-4
22124,wikipedia,https://doi.org/10.1016/s0042-6989(97)00340-4,https://en.wikipedia.org/api/rest_v1/page/html/Psychophysics/974324808,12af1b56-bb83-496e-955d-89edb5fb3901,2020-08-22 10:01:29,2020-09-03 22:27:24,references,36c35e23-8757-4a9d-aacf-345e9b7eb50d,https://creativecommons.org/publicdomain/zero/1.0/,https://doi.org/10.13003/CED-terms-of-use,,,https://evidence.eventdata.crossref.org/evidence/20200822-wikipedia-0af91f72-09e0-4911-825a-b76e9d0593f4,add,https://en.wikipedia.org/wiki/Psychophysics,Psychophysics,https://en.wikipedia.org/w/index.php?title=Psychophysics&oldid=974324808,https://en.wikipedia.org/api/rest_v1/page/html/Psychophysics/974324808,https://doi.org/10.1016/s0042-6989(97)00340-4,https://doi.org/10.1016/s0042-6989(97)00340-4
22125,wikipedia,https://doi.org/10.1016/s0042-6989(97)00340-4,https://en.wikipedia.org/api/rest_v1/page/html/Psychophysics/974334084,8d3a22cf-5fae-4c17-b024-1aece7fa3f07,2020-08-22 11:30:45,2020-09-03 23:10:09,references,36c35e23-8757-4a9d-aacf-345e9b7eb50d,https://creativecommons.org/publicdomain/zero/1.0/,https://doi.org/10.13003/CED-terms-of-use,,,https://evidence.eventdata.crossref.org/evidence/20200822-wikipedia-b38fa236-f51d-4f19-ac26-0426a9cb1f8a,add,https://en.wikipedia.org/wiki/Psychophysics,Psychophysics,https://en.wikipedia.org/w/index.php?title=Psychophysics&oldid=974334084,https://en.wikipedia.org/api/rest_v1/page/html/Psychophysics/974334084,https://doi.org/10.1016/s0042-6989(97)00340-4,https://doi.org/10.1016/s0042-6989(97)00340-4
22126,wikipedia,https://doi.org/10.1016/s0042-6989(97)00340-4,https://en.wikipedia.org/api/rest_v1/page/html/Psychophysics/974366101,db47909c-3566-4403-94b0-001605695cb7,2020-08-22 15:49:51,2020-09-04 03:02:45,references,36c35e23-8757-4a9d-aacf-345e9b7eb50d,https://creativecommons.org/publicdomain/zero/1.0/,https://doi.org/10.13003/CED-terms-of-use,,,https://evidence.eventdata.crossref.org/evidence/20200822-wikipedia-1fe82d70-662c-4a76-b71d-63ceb3cb285e,add,https://en.wikipedia.org/wiki/Psychophysics,Psychophysics,https://en.wikipedia.org/w/index.php?title=Psychophysics&oldid=974366101,https://en.wikipedia.org/api/rest_v1/page/html/Psychophysics/974366101,https://doi.org/10.1016/s0042-6989(97)00340-4,https://doi.org/10.1016/s0042-6989(97)00340-4
22127,wikipedia,https://doi.org/10.1016/s0042-6989(97)00340-4,https://en.wikipedia.org/api/rest_v1/page/html/Psychophysics/974366220,52320060-f56c-4bfb-ae42-56b0b65baba8,2020-08-22 15:50:48,2020-09-04 03:09:22,references,36c35e23-8757-4a9d-aacf-345e9b7eb50d,https://creativecommons.org/publicdomain/zero/1.0/,https://doi.org/10.13003/CED-terms-of-use,,,https://evidence.eventdata.crossref.org/evidence/20200822-wikipedia-05de39f8-fe72-4e75-b586-4c6fe36b2a4c,add,https://en.wikipedia.org/wiki/Psychophysics,Psychophysics,https://en.wikipedia.org/w/index.php?title=Psychophysics&oldid=974366220,https://en.wikipedia.org/api/rest_v1/page/html/Psychophysics/974366220,https://doi.org/10.1016/s0042-6989(97)00340-4,https://doi.org/10.1016/s0042-6989(97)00340-4
22128,wikipedia,https://doi.org/10.1016/s0042-6989(97)00340-4,https://en.wikipedia.org/api/rest_v1/page/html/Psychophysics/976272091,eaf553ca-3aad-4d14-8790-e7ee2902b9b0,2020-09-02 02:42:39,2020-09-07 06:08:51,references,36c35e23-8757-4a9d-aacf-345e9b7eb50d,https://creativecommons.org/publicdomain/zero/1.0/,https://doi.org/10.13003/CED-terms-of-use,,,https://evidence.eventdata.crossref.org/evidence/20200902-wikipedia-177e1b38-48fe-485a-bee9-5d556d5b9df1,add,https://en.wikipedia.org/wiki/Psychophysics,Psychophysics,https://en.wikipedia.org/w/index.php?title=Psychophysics&oldid=976272091,https://en.wikipedia.org/api/rest_v1/page/html/Psychophysics/976272091,https://doi.org/10.1016/s0042-6989(97)00340-4,https://doi.org/10.1016/s0042-6989(97)00340-4
22129,wikipedia,https://doi.org/10.1016/s0042-6989(97)00340-4,https://en.wikipedia.org/api/rest_v1/page/html/Psychophysics/976271863,6c342b90-7c8d-4177-9a54-b60d5e8d32ca,2020-09-02 02:40:58,2020-09-07 06:20:51,references,36c35e23-8757-4a9d-aacf-345e9b7eb50d,https://creativecommons.org/publicdomain/zero/1.0/,https://doi.org/10.13003/CED-terms-of-use,,,https://evidence.eventdata.crossref.org/evidence/20200902-wikipedia-c8609f76-6bac-4308-ab1a-337897979006,add,https://en.wikipedia.org/wiki/Psychophysics,Psychophysics,https://en.wikipedia.org/w/index.php?title=Psychophysics&oldid=976271863,https://en.wikipedia.org/api/rest_v1/page/html/Psychophysics/976271863,https://doi.org/10.1016/s0042-6989(97)00340-4,https://doi.org/10.1016/s0042-6989(97)00340-4
22130,wikipedia,https://doi.org/10.1016/s0042-6989(97)00340-4,https://en.wikipedia.org/api/rest_v1/page/html/Psychophysics/976326601,281a0ef2-39cf-478f-af43-19ee2a439f29,2020-09-02 10:31:17,2020-09-07 09:39:31,references,36c35e23-8757-4a9d-aacf-345e9b7eb50d,https://creativecommons.org/publicdomain/zero/1.0/,https://doi.org/10.13003/CED-terms-of-use,,,https://evidence.eventdata.crossref.org/evidence/20200902-wikipedia-7396eec2-9a67-4c41-a6bc-6e93708bbba7,add,https://en.wikipedia.org/wiki/Psychophysics,Psychophysics,https://en.wikipedia.org/w/index.php?title=Psychophysics&oldid=976326601,https://en.wikipedia.org/api/rest_v1/page/html/Psychophysics/976326601,https://doi.org/10.1016/s0042-6989(97)00340-4,https://doi.org/10.1016/s0042-6989(97)00340-4
22131,wikipedia,https://doi.org/10.1016/s0042-6989(97)00340-4,https://tr.wikipedia.org/api/rest_v1/page/html/Psikofizik/23588912,05cc5c0f-2b55-47a1-91d1-5ca04949ebf4,2020-10-07 04:52:49,2020-10-07 05:24:36,references,36c35e23-8757-4a9d-aacf-345e9b7eb50d,https://creativecommons.org/publicdomain/zero/1.0/,https://doi.org/10.13003/CED-terms-of-use,,,https://evidence.eventdata.crossref.org/evidence/20201007-wikipedia-91cf801b-2866-4f67-a161-4a2292674037,add,https://tr.wikipedia.org/wiki/Psikofizik,Psikofizik,https://tr.wikipedia.org/w/index.php?title=Psikofizik&oldid=23588912,https://tr.wikipedia.org/api/rest_v1/page/html/Psikofizik/23588912,https://doi.org/10.1016/s0042-6989(97)00340-4,https://doi.org/10.1016/s0042-6989(97)00340-4
22132,wikipedia,https://doi.org/10.1016/s0042-6989(97)00340-4,https://en.wikipedia.org/api/rest_v1/page/html/Up-and-Down_Designs/960171100,bd3760aa-e06b-49e4-8b30-5da9ae438512,2020-06-01 13:57:20,2020-10-12 12:26:32,references,36c35e23-8757-4a9d-aacf-345e9b7eb50d,https://creativecommons.org/publicdomain/zero/1.0/,https://doi.org/10.13003/CED-terms-of-use,,,https://evidence.eventdata.crossref.org/evidence/20200601-wikipedia-c6a4eb73-f3da-47d1-851a-cd61539d6dd5,add,https://en.wikipedia.org/wiki/Up-and-Down_Designs,Up-and-Down Designs,https://en.wikipedia.org/w/index.php?title=Up-and-Down_Designs&oldid=960171100,https://en.wikipedia.org/api/rest_v1/page/html/Up-and-Down_Designs/960171100,https://doi.org/10.1016/s0042-6989(97)00340-4,https://doi.org/10.1016/s0042-6989(97)00340-4
22133,wikipedia,https://doi.org/10.1016/s0042-6989(97)00340-4,https://en.wikipedia.org/api/rest_v1/page/html/Up-and-Down_Designs/950724176,7a4ff8b0-c9ed-44a9-9010-f6d0b0f9889a,2020-04-13 14:26:47,2020-10-14 04:10:31,references,36c35e23-8757-4a9d-aacf-345e9b7eb50d,https://creativecommons.org/publicdomain/zero/1.0/,https://doi.org/10.13003/CED-terms-of-use,,,https://evidence.eventdata.crossref.org/evidence/20200413-wikipedia-dac0d8a4-857a-4607-9a48-ec06af158fb2,add,https://en.wikipedia.org/wiki/Up-and-Down_Designs,Up-and-Down Designs,https://en.wikipedia.org/w/index.php?title=Up-and-Down_Designs&oldid=950724176,https://en.wikipedia.org/api/rest_v1/page/html/Up-and-Down_Designs/950724176,https://doi.org/10.1016/s0042-6989(97)00340-4,https://doi.org/10.1016/s0042-6989(97)00340-4
22134,wikipedia,https://doi.org/10.1016/s0042-6989(97)00340-4,https://en.wikipedia.org/api/rest_v1/page/html/Psychophysics/951219420,bea82f79-5e85-492d-9441-1e2e2583a0f2,2020-04-16 02:24:12,2020-10-14 05:54:16,references,36c35e23-8757-4a9d-aacf-345e9b7eb50d,https://creativecommons.org/publicdomain/zero/1.0/,https://doi.org/10.13003/CED-terms-of-use,,,https://evidence.eventdata.crossref.org/evidence/20200416-wikipedia-954e139d-a3f5-4979-9d51-9685a79d5d8a,add,https://en.wikipedia.org/wiki/Psychophysics,Psychophysics,https://en.wikipedia.org/w/index.php?title=Psychophysics&oldid=951219420,https://en.wikipedia.org/api/rest_v1/page/html/Psychophysics/951219420,https://doi.org/10.1016/s0042-6989(97)00340-4,https://doi.org/10.1016/s0042-6989(97)00340-4
22135,wikipedia,https://doi.org/10.1016/s0042-6989(97)00340-4,https://tr.wikipedia.org/api/rest_v1/page/html/Psikofizik/22351647,b0cda603-10f4-458c-a495-0639e8e4b2e6,2020-05-04 19:23:56,2020-10-14 14:13:40,references,36c35e23-8757-4a9d-aacf-345e9b7eb50d,https://creativecommons.org/publicdomain/zero/1.0/,https://doi.org/10.13003/CED-terms-of-use,,,https://evidence.eventdata.crossref.org/evidence/20200504-wikipedia-2719132c-d0ce-4690-81be-10c99b81ae2c,add,https://tr.wikipedia.org/wiki/Psikofizik,Psikofizik,https://tr.wikipedia.org/w/index.php?title=Psikofizik&oldid=22351647,https://tr.wikipedia.org/api/rest_v1/page/html/Psikofizik/22351647,https://doi.org/10.1016/s0042-6989(97)00340-4,https://doi.org/10.1016/s0042-6989(97)00340-4
22136,wikipedia,https://doi.org/10.1016/s0042-6989(97)00340-4,https://tr.wikipedia.org/api/rest_v1/page/html/Psikofizik/23768933,759ead23-fba0-4a68-951f-e1ef6d80c79f,2020-10-15 00:53:36,2020-10-14 22:25:19,references,36c35e23-8757-4a9d-aacf-345e9b7eb50d,https://creativecommons.org/publicdomain/zero/1.0/,https://doi.org/10.13003/CED-terms-of-use,,,https://evidence.eventdata.crossref.org/evidence/20201015-wikipedia-64a62536-c1a4-4ab5-95fd-2e0872840753,add,https://tr.wikipedia.org/wiki/Psikofizik,Psikofizik,https://tr.wikipedia.org/w/index.php?title=Psikofizik&oldid=23768933,https://tr.wikipedia.org/api/rest_v1/page/html/Psikofizik/23768933,https://doi.org/10.1016/s0042-6989(97)00340-4,https://doi.org/10.1016/s0042-6989(97)00340-4
22137,wikipedia,https://doi.org/10.1016/s0042-6989(97)00340-4,https://tr.wikipedia.org/api/rest_v1/page/html/Psikofizik/22624017,aa4b316d-3240-4c42-b9e1-2a0fb5177e5b,2020-06-09 19:57:58,2020-10-15 07:50:47,references,36c35e23-8757-4a9d-aacf-345e9b7eb50d,https://creativecommons.org/publicdomain/zero/1.0/,https://doi.org/10.13003/CED-terms-of-use,,,https://evidence.eventdata.crossref.org/evidence/20200609-wikipedia-5e924670-82b9-476c-add0-cffac2ec0c3d,add,https://tr.wikipedia.org/wiki/Psikofizik,Psikofizik,https://tr.wikipedia.org/w/index.php?title=Psikofizik&oldid=22624017,https://tr.wikipedia.org/api/rest_v1/page/html/Psikofizik/22624017,https://doi.org/10.1016/s0042-6989(97)00340-4,https://doi.org/10.1016/s0042-6989(97)00340-4
22138,wikipedia,https://doi.org/10.1016/s0042-6989(97)00340-4,https://tr.wikipedia.org/api/rest_v1/page/html/Psikofizik/22839736,1d1d95a2-63be-4be4-8451-a7f6d661edd4,2020-07-07 18:30:42,2020-10-15 21:49:09,references,36c35e23-8757-4a9d-aacf-345e9b7eb50d,https://creativecommons.org/publicdomain/zero/1.0/,https://doi.org/10.13003/CED-terms-of-use,,,https://evidence.eventdata.crossref.org/evidence/20200707-wikipedia-ec60077a-78a1-47a6-a7cd-d3affd6dc8b2,add,https://tr.wikipedia.org/wiki/Psikofizik,Psikofizik,https://tr.wikipedia.org/w/index.php?title=Psikofizik&oldid=22839736,https://tr.wikipedia.org/api/rest_v1/page/html/Psikofizik/22839736,https://doi.org/10.1016/s0042-6989(97)00340-4,https://doi.org/10.1016/s0042-6989(97)00340-4
22139,wikipedia,https://doi.org/10.1016/s0042-6989(97)00340-4,https://tr.wikipedia.org/api/rest_v1/page/html/Psikofizik/22946525,0075f2e2-a59c-429f-a3f2-de9480576cce,2020-08-01 08:32:36,2020-10-16 13:19:56,references,36c35e23-8757-4a9d-aacf-345e9b7eb50d,https://creativecommons.org/publicdomain/zero/1.0/,https://doi.org/10.13003/CED-terms-of-use,,,https://evidence.eventdata.crossref.org/evidence/20200801-wikipedia-d3511570-339b-4de0-a1d0-132e1096000c,add,https://tr.wikipedia.org/wiki/Psikofizik,Psikofizik,https://tr.wikipedia.org/w/index.php?title=Psikofizik&oldid=22946525,https://tr.wikipedia.org/api/rest_v1/page/html/Psikofizik/22946525,https://doi.org/10.1016/s0042-6989(97)00340-4,https://doi.org/10.1016/s0042-6989(97)00340-4
22140,wikipedia,https://doi.org/10.1016/s0042-6989(97)00340-4,https://en.wikipedia.org/api/rest_v1/page/html/Psychophysics/974026921,0e630a12-4769-447e-81b1-5e7a2ce1489a,2020-08-20 17:34:12,2020-10-17 01:11:58,references,36c35e23-8757-4a9d-aacf-345e9b7eb50d,https://creativecommons.org/publicdomain/zero/1.0/,https://doi.org/10.13003/CED-terms-of-use,,,https://evidence.eventdata.crossref.org/evidence/20200820-wikipedia-66b416a0-807c-490e-b652-edd22662eb10,add,https://en.wikipedia.org/wiki/Psychophysics,Psychophysics,https://en.wikipedia.org/w/index.php?title=Psychophysics&oldid=974026921,https://en.wikipedia.org/api/rest_v1/page/html/Psychophysics/974026921,https://doi.org/10.1016/s0042-6989(97)00340-4,https://doi.org/10.1016/s0042-6989(97)00340-4
22141,wikipedia,https://doi.org/10.1016/s0042-6989(97)00340-4,https://en.wikipedia.org/api/rest_v1/page/html/Psychophysics/974760684,893eebfb-0b42-4ea5-8f83-4a6f96c29f5f,2020-08-24 21:18:37,2020-10-17 02:47:04,references,36c35e23-8757-4a9d-aacf-345e9b7eb50d,https://creativecommons.org/publicdomain/zero/1.0/,https://doi.org/10.13003/CED-terms-of-use,,,https://evidence.eventdata.crossref.org/evidence/20200824-wikipedia-e2c9e3be-1f7c-4cdf-bf1f-16096422c02d,add,https://en.wikipedia.org/wiki/Psychophysics,Psychophysics,https://en.wikipedia.org/w/index.php?title=Psychophysics&oldid=974760684,https://en.wikipedia.org/api/rest_v1/page/html/Psychophysics/974760684,https://doi.org/10.1016/s0042-6989(97)00340-4,https://doi.org/10.1016/s0042-6989(97)00340-4
22142,wikipedia,https://doi.org/10.1016/s0042-6989(97)00340-4,https://en.wikipedia.org/api/rest_v1/page/html/Psychophysics/974837467,7d72765f-e758-45c3-a2b5-c4bfbdb69349,2020-08-25 09:07:55,2020-10-17 03:00:47,references,36c35e23-8757-4a9d-aacf-345e9b7eb50d,https://creativecommons.org/publicdomain/zero/1.0/,https://doi.org/10.13003/CED-terms-of-use,,,https://evidence.eventdata.crossref.org/evidence/20200825-wikipedia-50124c1b-3b93-4ba8-9934-da0b75d68174,add,https://en.wikipedia.org/wiki/Psychophysics,Psychophysics,https://en.wikipedia.org/w/index.php?title=Psychophysics&oldid=974837467,https://en.wikipedia.org/api/rest_v1/page/html/Psychophysics/974837467,https://doi.org/10.1016/s0042-6989(97)00340-4,https://doi.org/10.1016/s0042-6989(97)00340-4
22143,wikipedia,https://doi.org/10.1016/s0042-6989(97)00340-4,https://sr.wikipedia.org/api/rest_v1/page/html/Zasi%C4%87enje_boje/23456716,3f9cb5b2-e8fe-4ccc-8570-74071d367a8f,2020-11-26 22:24:48,2020-11-26 17:33:50,references,36c35e23-8757-4a9d-aacf-345e9b7eb50d,https://creativecommons.org/publicdomain/zero/1.0/,https://doi.org/10.13003/CED-terms-of-use,,,https://evidence.eventdata.crossref.org/evidence/20201126-wikipedia-1664a120-e14b-498d-bb72-9332660c874b,add,https://sr.wikipedia.org/wiki/Zasi%C4%87enje_boje,Zasićenje boje,https://sr.wikipedia.org/w/index.php?title=Zasi%C4%87enje_boje&oldid=23456716,https://sr.wikipedia.org/api/rest_v1/page/html/Zasi%C4%87enje_boje/23456716,https://doi.org/10.1016/s0042-6989(97)00340-4,https://doi.org/10.1016/s0042-6989(97)00340-4
22144,wikipedia,https://doi.org/10.1016/s0042-6989(97)00340-4,https://sr.wikipedia.org/api/rest_v1/page/html/Zasi%C4%87enje_boje/23456743,89ab2d9e-a914-4bf9-9d32-ff7e2e9e577e,2020-11-26 22:58:38,2020-11-26 18:06:42,references,36c35e23-8757-4a9d-aacf-345e9b7eb50d,https://creativecommons.org/publicdomain/zero/1.0/,https://doi.org/10.13003/CED-terms-of-use,,,https://evidence.eventdata.crossref.org/evidence/20201126-wikipedia-41d81782-5c90-4001-821f-15bc6d16eb4d,add,https://sr.wikipedia.org/wiki/Zasi%C4%87enje_boje,Zasićenje boje,https://sr.wikipedia.org/w/index.php?title=Zasi%C4%87enje_boje&oldid=23456743,https://sr.wikipedia.org/api/rest_v1/page/html/Zasi%C4%87enje_boje/23456743,https://doi.org/10.1016/s0042-6989(97)00340-4,https://doi.org/10.1016/s0042-6989(97)00340-4
22145,wikipedia,https://doi.org/10.1016/s0042-6989(97)00340-4,https://sr.wikipedia.org/api/rest_v1/page/html/Zasi%C4%87enje_boje/23456780,2f7da1b0-5cd0-43cd-9058-97960c90356e,2020-11-26 23:48:22,2020-11-26 18:53:59,references,36c35e23-8757-4a9d-aacf-345e9b7eb50d,https://creativecommons.org/publicdomain/zero/1.0/,https://doi.org/10.13003/CED-terms-of-use,,,https://evidence.eventdata.crossref.org/evidence/20201126-wikipedia-6a3862a3-2269-4535-b833-a791766d3a9b,add,https://sr.wikipedia.org/wiki/Zasi%C4%87enje_boje,Zasićenje boje,https://sr.wikipedia.org/w/index.php?title=Zasi%C4%87enje_boje&oldid=23456780,https://sr.wikipedia.org/api/rest_v1/page/html/Zasi%C4%87enje_boje/23456780,https://doi.org/10.1016/s0042-6989(97)00340-4,https://doi.org/10.1016/s0042-6989(97)00340-4
22146,wikipedia,https://doi.org/10.1016/s0042-6989(97)00340-4,https://en.wikipedia.org/api/rest_v1/page/html/Psychophysics/992084000,302b8532-57e2-4882-b8e7-e862ed95f611,2020-12-03 12:01:33,2020-12-03 07:12:14,references,36c35e23-8757-4a9d-aacf-345e9b7eb50d,https://creativecommons.org/publicdomain/zero/1.0/,https://doi.org/10.13003/CED-terms-of-use,,,https://evidence.eventdata.crossref.org/evidence/20201203-wikipedia-367005b1-c616-45d1-bc2f-428a4bb87e66,add,https://en.wikipedia.org/wiki/Psychophysics,Psychophysics,https://en.wikipedia.org/w/index.php?title=Psychophysics&oldid=992084000,https://en.wikipedia.org/api/rest_v1/page/html/Psychophysics/992084000,https://doi.org/10.1016/s0042-6989(97)00340-4,https://doi.org/10.1016/s0042-6989(97)00340-4
22147,wikipedia,https://doi.org/10.1016/s0042-6989(97)00340-4,https://tr.wikipedia.org/api/rest_v1/page/html/Psikofizik/24298283,d019dc3e-5481-4593-9eb3-082a27673e05,2020-12-06 00:18:39,2020-12-05 19:25:17,references,36c35e23-8757-4a9d-aacf-345e9b7eb50d,https://creativecommons.org/publicdomain/zero/1.0/,https://doi.org/10.13003/CED-terms-of-use,,,https://evidence.eventdata.crossref.org/evidence/20201206-wikipedia-f7b426f7-dcc2-42fd-9e6b-26fbfca36f37,add,https://tr.wikipedia.org/wiki/Psikofizik,Psikofizik,https://tr.wikipedia.org/w/index.php?title=Psikofizik&oldid=24298283,https://tr.wikipedia.org/api/rest_v1/page/html/Psikofizik/24298283,https://doi.org/10.1016/s0042-6989(97)00340-4,https://doi.org/10.1016/s0042-6989(97)00340-4
22148,wikipedia,https://doi.org/10.1016/s0042-6989(97)00340-4,https://en.wikipedia.org/api/rest_v1/page/html/Psychophysics/995568852,d0260f7e-c2d0-4f57-8093-d1e5e552f688,2020-12-21 19:34:13,2020-12-21 14:40:36,references,36c35e23-8757-4a9d-aacf-345e9b7eb50d,https://creativecommons.org/publicdomain/zero/1.0/,https://doi.org/10.13003/CED-terms-of-use,,,https://evidence.eventdata.crossref.org/evidence/20201221-wikipedia-2845db3f-05a0-441d-8f3b-3b1753c4c0c7,add,https://en.wikipedia.org/wiki/Psychophysics,Psychophysics,https://en.wikipedia.org/w/index.php?title=Psychophysics&oldid=995568852,https://en.wikipedia.org/api/rest_v1/page/html/Psychophysics/995568852,https://doi.org/10.1016/s0042-6989(97)00340-4,https://doi.org/10.1016/s0042-6989(97)00340-4
22149,wikipedia,https://doi.org/10.1016/s0042-6989(97)00340-4,https://en.wikipedia.org/api/rest_v1/page/html/Up-and-Down_Designs/996361284,b45207e3-76d0-4112-8b95-e21656dd2ccc,2020-12-26 03:45:12,2020-12-25 22:54:41,references,36c35e23-8757-4a9d-aacf-345e9b7eb50d,https://creativecommons.org/publicdomain/zero/1.0/,https://doi.org/10.13003/CED-terms-of-use,,,https://evidence.eventdata.crossref.org/evidence/20201226-wikipedia-cc3afa59-a726-4fae-a8c1-735d88315a8b,add,https://en.wikipedia.org/wiki/Up-and-Down_Designs,Up-and-Down Designs,https://en.wikipedia.org/w/index.php?title=Up-and-Down_Designs&oldid=996361284,https://en.wikipedia.org/api/rest_v1/page/html/Up-and-Down_Designs/996361284,https://doi.org/10.1016/s0042-6989(97)00340-4,https://doi.org/10.1016/s0042-6989(97)00340-4
22150,wikipedia,https://doi.org/10.1016/S0042-6989(97)00340-4,https://tr.wikipedia.org/api/rest_v1/page/html/Psikofizik/24949892,fbb859b1-94cd-4c42-bca1-0478901927d5,2021-02-23 18:33:03,2021-02-23 16:44:13,references,36c35e23-8757-4a9d-aacf-345e9b7eb50d,https://creativecommons.org/publicdomain/zero/1.0/,https://doi.org/10.13003/CED-terms-of-use,,,https://evidence.eventdata.crossref.org/evidence/20210223-wikipedia-7f2201de-dcab-477c-a771-406ceddb5783,add,https://tr.wikipedia.org/wiki/Psikofizik,Psikofizik,https://tr.wikipedia.org/w/index.php?title=Psikofizik&oldid=24949892,https://tr.wikipedia.org/api/rest_v1/page/html/Psikofizik/24949892,https://doi.org/10.1016/S0042-6989(97)00340-4,https://doi.org/10.1016/S0042-6989(97)00340-4
