wikipediaIncrement,sourceID,objectID,subjectID,eventID,occurredAt,timeObserved,relationType,sourceToken,license,termsOfUse,updatedDate,updatedReason,evidenceRecord,eventAction,subjectPID,subjectTitle,subjectURL,subjectAPIURL,objectPID,objectURL
5277,wikipedia,https://doi.org/10.1001/jama.280.3.231,https://pl.wikipedia.org/wiki/Recenzja_naukowa,b7dd5191-2480-40f2-ae6e-1e4a335d9481,2017-09-05 22:50:55,2017-09-05 18:52:20,references,36c35e23-8757-4a9d-aacf-345e9b7eb50d,https://creativecommons.org/publicdomain/zero/1.0/,https://doi.org/10.13003/CED-terms-of-use,2018-01-31 17:30:00,https://evidence.eventdata.crossref.org/announcements/2018-01-19T00-00-00Z-ED-15.json,https://evidence.eventdata.crossref.org/evidence/20170905-wikipedia-596e882f-5280-4da6-a57e-869c051f96c7,add,https://pl.wikipedia.org/wiki/Recenzja_naukowa,Recenzja naukowa,https://pl.wikipedia.org/w/index.php?title=Recenzja_naukowa&oldid=50293149,https://pl.wikipedia.org/api/rest_v1/page/html/Recenzja_naukowa/50293149,https://doi.org/10.1001/jama.280.3.231,http://jama.jamanetwork.com/article.aspx?articleid=187762
5278,wikipedia,https://doi.org/10.1001/jama.280.3.231,https://pl.wikipedia.org/api/rest_v1/page/html/Recenzja_naukowa/51246403,250cc763-4b0a-408b-8f60-882a0daaa957,2017-12-14 20:58:55,2018-01-13 05:57:37,references,36c35e23-8757-4a9d-aacf-345e9b7eb50d,https://creativecommons.org/publicdomain/zero/1.0/,https://doi.org/10.13003/CED-terms-of-use,,,https://evidence.eventdata.crossref.org/evidence/20171214-wikipedia-38138224-573c-456b-b9cc-9140b4903ec5,add,https://pl.wikipedia.org/w/index.php?title=Recenzja_naukowa&oldid=51246403,Recenzja naukowa,https://pl.wikipedia.org/wiki/Recenzja_naukowa,https://pl.wikipedia.org/api/rest_v1/page/html/Recenzja_naukowa/51246403,https://doi.org/10.1001/jama.280.3.231,https://doi.org/10.1001/jama.280.3.231
5279,wikipedia,https://doi.org/10.1001/jama.280.3.231,https://pl.wikipedia.org/api/rest_v1/page/html/Recenzja_naukowa/51595818,49954da4-1437-43f9-b2c9-1d39118220e1,2018-01-16 06:52:26,2018-01-18 10:53:36,references,36c35e23-8757-4a9d-aacf-345e9b7eb50d,https://creativecommons.org/publicdomain/zero/1.0/,https://doi.org/10.13003/CED-terms-of-use,,,https://evidence.eventdata.crossref.org/evidence/20180116-wikipedia-57788901-0f59-40d6-88b3-762ff89d79af,add,https://pl.wikipedia.org/w/index.php?title=Recenzja_naukowa&oldid=51595818,Recenzja naukowa,https://pl.wikipedia.org/wiki/Recenzja_naukowa,https://pl.wikipedia.org/api/rest_v1/page/html/Recenzja_naukowa/51595818,https://doi.org/10.1001/jama.280.3.231,https://doi.org/10.1001/jama.280.3.231
5280,wikipedia,https://doi.org/10.1001/jama.280.3.231,https://pl.wikipedia.org/api/rest_v1/page/html/Recenzja_naukowa/57956580,d1664f5b-f111-4097-90ba-efe9a185c80d,2019-11-13 19:55:08,2019-11-13 17:08:56,references,36c35e23-8757-4a9d-aacf-345e9b7eb50d,https://creativecommons.org/publicdomain/zero/1.0/,https://doi.org/10.13003/CED-terms-of-use,,,https://evidence.eventdata.crossref.org/evidence/20191113-wikipedia-6dd9d474-40e6-4016-9aed-7d54b7ab2a71,add,https://pl.wikipedia.org/wiki/Recenzja_naukowa,Recenzja naukowa,https://pl.wikipedia.org/w/index.php?title=Recenzja_naukowa&oldid=57956580,https://pl.wikipedia.org/api/rest_v1/page/html/Recenzja_naukowa/57956580,https://doi.org/10.1001/jama.280.3.231,https://doi.org/10.1001/jama.280.3.231
