cambiaIncrement,sourceID,objectID,subjectID,eventID,occurredAt,timeObserved,relationType,sourceToken,license,termsOfUse,updatedReason,updated,eventAction,workSubtypeID,workTypeID,subjectTitle,subjectPID,jurisdiction,updatedDate
3564,cambia-lens,https://doi.org/10.1002/(sici)1097-4660(199802)71:2<95::aid-jctb823>3.0.co;2-j,https://lens.org/109-616-634-079-629,92cdb411-cd6e-3d5c-9d2a-b4ae4d665c32,2008-01-08 00:00:00,2017-11-09 21:50:43,cites,1ad0b713-78ed-4bb9-8d5d-a3c2d163d46f,https://creativecommons.org/licenses/by-sa/4.0/,https://doi.org/10.13003/CED-terms-of-use,,,add,Granted Patent,patent,Composite Materials Comprising Supported Porous Gels,https://lens.org/109-616-634-079-629,US,
3565,cambia-lens,https://doi.org/10.1002/(sici)1097-4660(199802)71:2<95::aid-jctb823>3.0.co;2-j,https://lens.org/122-893-596-840-400,6c57487f-5200-50b7-fd6e-33fb8086e52b,2012-07-03 00:00:00,2017-11-10 01:15:32,cites,1ad0b713-78ed-4bb9-8d5d-a3c2d163d46f,https://creativecommons.org/licenses/by-sa/4.0/,https://doi.org/10.13003/CED-terms-of-use,,,add,Granted Patent,patent,Composite Material Comprising Supported Porous Gel Containing Functional Groups And Method Of Separating Substances,https://lens.org/122-893-596-840-400,US,
3566,cambia-lens,https://doi.org/10.1002/(sici)1097-4660(199802)71:2<95::aid-jctb823>3.0.co;2-j,https://lens.org/129-902-713-381-239,a66cca73-52d2-a22b-c9ee-c3c120fc956b,2013-02-05 00:00:00,2017-11-10 03:04:10,cites,1ad0b713-78ed-4bb9-8d5d-a3c2d163d46f,https://creativecommons.org/licenses/by-sa/4.0/,https://doi.org/10.13003/CED-terms-of-use,,,add,Granted Patent,patent,Composite Materials Comprising Supported Porous Gels Containing Reactive Functional Groups,https://lens.org/129-902-713-381-239,US,
3567,cambia-lens,https://doi.org/10.1002/(sici)1097-4660(199802)71:2<95::aid-jctb823>3.0.co;2-j,https://lens.org/133-260-489-959-712,50353473-f848-00c5-697c-1cfef5f7bd7f,2012-03-13 00:00:00,2017-11-10 03:55:57,cites,1ad0b713-78ed-4bb9-8d5d-a3c2d163d46f,https://creativecommons.org/licenses/by-sa/4.0/,https://doi.org/10.13003/CED-terms-of-use,,,add,Granted Patent,patent,Stable Composite Material Comprising Supported Porous Gels,https://lens.org/133-260-489-959-712,US,
3568,cambia-lens,https://doi.org/10.1002/(sici)1097-4660(199802)71:2<95::aid-jctb823>3.0.co;2-j,https://lens.org/158-946-963-285-182,ebcd2310-f6a4-b742-266b-fc43f8ee8684,2012-05-22 00:00:00,2017-11-10 10:34:29,cites,1ad0b713-78ed-4bb9-8d5d-a3c2d163d46f,https://creativecommons.org/licenses/by-sa/4.0/,https://doi.org/10.13003/CED-terms-of-use,,,add,Granted Patent,patent,Membrane Stacks,https://lens.org/158-946-963-285-182,US,
3569,cambia-lens,https://doi.org/10.1002/(sici)1097-4660(199802)71:2<95::aid-jctb823>3.0.co;2-j,https://lens.org/166-276-949-771-328,79193976-ad93-1d29-d300-45ec64a2f72f,2016-06-28 00:00:00,2017-11-10 12:35:39,cites,1ad0b713-78ed-4bb9-8d5d-a3c2d163d46f,https://creativecommons.org/licenses/by-sa/4.0/,https://doi.org/10.13003/CED-terms-of-use,,,add,Granted Patent,patent,Adsorptive Membranes For Trapping Viruses,https://lens.org/166-276-949-771-328,US,
3570,cambia-lens,https://doi.org/10.1002/(sici)1097-4660(199802)71:2<95::aid-jctb823>3.0.co;2-j,https://lens.org/017-695-973-793-715,ffb0e02d-0e51-f382-cd5e-b753723f9047,2013-01-01 00:00:00,2017-11-10 15:37:29,cites,1ad0b713-78ed-4bb9-8d5d-a3c2d163d46f,https://creativecommons.org/licenses/by-sa/4.0/,https://doi.org/10.13003/CED-terms-of-use,,,add,Granted Patent,patent,"Membrane, Device And Method For Removing Proteases From Liquids",https://lens.org/017-695-973-793-715,US,
3571,cambia-lens,https://doi.org/10.1002/(sici)1097-4660(199802)71:2<95::aid-jctb823>3.0.co;2-j,https://lens.org/180-406-773-927-99X,aec6b296-054a-ef79-dbad-7e8aa911b08f,2013-02-26 00:00:00,2017-11-10 16:35:53,cites,1ad0b713-78ed-4bb9-8d5d-a3c2d163d46f,https://creativecommons.org/licenses/by-sa/4.0/,https://doi.org/10.13003/CED-terms-of-use,,,add,Granted Patent,patent,Composite Materials Comprising Supported Porous Gels,https://lens.org/180-406-773-927-99X,US,
3572,cambia-lens,https://doi.org/10.1002/(sici)1097-4660(199802)71:2<95::aid-jctb823>3.0.co;2-j,https://lens.org/194-748-161-466-836,e2895940-8a4a-6f03-e47a-44626a2b4585,2014-02-18 00:00:00,2017-11-10 20:38:47,cites,1ad0b713-78ed-4bb9-8d5d-a3c2d163d46f,https://creativecommons.org/licenses/by-sa/4.0/,https://doi.org/10.13003/CED-terms-of-use,,,add,Granted Patent,patent,Method For Separating A Substance From A Fluid,https://lens.org/194-748-161-466-836,US,
3573,cambia-lens,https://doi.org/10.1002/(sici)1097-4660(199802)71:2<95::aid-jctb823>3.0.co;2-j,https://lens.org/022-804-297-672-790,95faf84b-1c94-a19d-1546-493e64bf3f26,2013-05-16 00:00:00,2017-11-10 22:53:47,cites,1ad0b713-78ed-4bb9-8d5d-a3c2d163d46f,https://creativecommons.org/licenses/by-sa/4.0/,https://doi.org/10.13003/CED-terms-of-use,,,add,Patent Application,patent,Chromatography Medium,https://lens.org/022-804-297-672-790,WO,
3574,cambia-lens,https://doi.org/10.1002/(sici)1097-4660(199802)71:2<95::aid-jctb823>3.0.co;2-j,https://lens.org/003-716-542-243-254,a888cb5f-f360-d262-b864-da65a795aa91,2012-06-05 00:00:00,2017-11-11 02:35:55,cites,1ad0b713-78ed-4bb9-8d5d-a3c2d163d46f,https://creativecommons.org/licenses/by-sa/4.0/,https://doi.org/10.13003/CED-terms-of-use,,,add,Granted Patent,patent,Separating Substances With Supported Porous Gels Containing Metal-Affinity Ligands Complexed With Metal Ions,https://lens.org/003-716-542-243-254,US,
3575,cambia-lens,https://doi.org/10.1002/(sici)1097-4660(199802)71:2<95::aid-jctb823>3.0.co;2-j,https://lens.org/049-084-660-675-96X,d2a4e451-4095-8d33-de23-33cb16daae12,2012-06-26 00:00:00,2017-11-11 05:40:29,cites,1ad0b713-78ed-4bb9-8d5d-a3c2d163d46f,https://creativecommons.org/licenses/by-sa/4.0/,https://doi.org/10.13003/CED-terms-of-use,,,add,Granted Patent,patent,Absorbing Biological Substances From Liquid With Supported Porous Gels Containing Binding Sites,https://lens.org/049-084-660-675-96X,US,
3576,cambia-lens,https://doi.org/10.1002/(sici)1097-4660(199802)71:2<95::aid-jctb823>3.0.co;2-j,https://lens.org/055-682-556-465-02X,f6ed092e-b80c-5097-d0d6-c50f4f2ea2f5,2013-07-30 00:00:00,2017-11-11 07:24:50,cites,1ad0b713-78ed-4bb9-8d5d-a3c2d163d46f,https://creativecommons.org/licenses/by-sa/4.0/,https://doi.org/10.13003/CED-terms-of-use,,,add,Granted Patent,patent,Process For Cross-Linking Cellulose Ester Membranes,https://lens.org/055-682-556-465-02X,US,
3577,cambia-lens,https://doi.org/10.1002/(sici)1097-4660(199802)71:2<95::aid-jctb823>3.0.co;2-j,https://lens.org/056-278-291-505-752,79ede895-e7c7-4980-2ead-2cef95905519,2012-06-26 00:00:00,2017-11-11 07:34:22,cites,1ad0b713-78ed-4bb9-8d5d-a3c2d163d46f,https://creativecommons.org/licenses/by-sa/4.0/,https://doi.org/10.13003/CED-terms-of-use,,,add,Granted Patent,patent,Composite Materials Comprising Supported Porous Gels Containing Reactive Functional Groups,https://lens.org/056-278-291-505-752,US,
3578,cambia-lens,https://doi.org/10.1002/(sici)1097-4660(199802)71:2<95::aid-jctb823>3.0.co;2-j,https://lens.org/064-157-723-926-235,3ec9f909-58eb-1074-2a7c-69a6d517456d,2012-05-29 00:00:00,2017-11-11 09:36:21,cites,1ad0b713-78ed-4bb9-8d5d-a3c2d163d46f,https://creativecommons.org/licenses/by-sa/4.0/,https://doi.org/10.13003/CED-terms-of-use,,,add,Granted Patent,patent,Composite Materials Comprising Supported Porous Gels Containing Metal-Affinity Ligands,https://lens.org/064-157-723-926-235,US,
3579,cambia-lens,https://doi.org/10.1002/(sici)1097-4660(199802)71:2<95::aid-jctb823>3.0.co;2-j,https://lens.org/009-406-979-714-121,1949eaad-b320-e4cd-8b53-5a0329310410,2013-01-01 00:00:00,2017-11-11 17:54:22,cites,1ad0b713-78ed-4bb9-8d5d-a3c2d163d46f,https://creativecommons.org/licenses/by-sa/4.0/,https://doi.org/10.13003/CED-terms-of-use,,,add,Granted Patent,patent,Membrane For Removing Proteases From Liquids,https://lens.org/009-406-979-714-121,US,
3580,cambia-lens,https://doi.org/10.1002/(sici)1097-4660(199802)71:2<95::aid-jctb823>3.0.co;2-j,https://lens.org/096-621-746-174-336,0393f4ee-ba5b-f804-19bd-2424b10d032d,2012-11-20 00:00:00,2017-11-11 18:39:51,cites,1ad0b713-78ed-4bb9-8d5d-a3c2d163d46f,https://creativecommons.org/licenses/by-sa/4.0/,https://doi.org/10.13003/CED-terms-of-use,,,add,Granted Patent,patent,Membrane Stacks,https://lens.org/096-621-746-174-336,US,
