{
  "0":{
    "affiliation":"and Centre National de la Recherche Scientifique, Centre d'Ecologie des Syst\u00c3\u00a8mes Aquatiques Continentaux, 29, rue Jeanne Marvig 31055 Toulouse, France, e-mail:",
    "authenticated_orcid":null,
    "family":"Naiman and",
    "given":"Robert J.",
    "name":"Robert J. Naiman and",
    "orcid":null,
    "sequence":"first",
    "suffix":null
  },
  "1":{
    "affiliation":"and Centre National de la Recherche Scientifique, Centre d'Ecologie des Syst\u00c3\u00a8mes Aquatiques Continentaux, 29, rue Jeanne Marvig 31055 Toulouse, France, e-mail:",
    "authenticated_orcid":null,
    "family":"D\u00c3\u00a9camps",
    "given":"Henri",
    "name":"Henri D\u00c3\u00a9camps",
    "orcid":null,
    "sequence":"additional",
    "suffix":null
  },
  "2":{
    "affiliation":"INRA-SNES, Institut National de Recherche en Agronomie, 49071 Beaucouz\u00e9, France",
    "authenticated_orcid":null,
    "family":"Anouar",
    "given":"F.",
    "name":"F. Anouar",
    "orcid":null,
    "sequence":"additional",
    "suffix":null
  },
  "3":{
    "affiliation":"CNRS-CEA, University of Caen, University Ren\u00e9-Descartes, and University Institute of France",
    "authenticated_orcid":null,
    "family":"Houd\u00e9",
    "given":"Olivier",
    "name":"Olivier Houd\u00e9",
    "orcid":null,
    "sequence":"first",
    "suffix":null
  },
  "4":{
    "affiliation":"CNRS-CEA, University of Caen, University Ren\u00e9-Descartes, and University Institute of France",
    "authenticated_orcid":null,
    "family":"Zago",
    "given":"Laure",
    "name":"Laure Zago",
    "orcid":null,
    "sequence":"additional",
    "suffix":null
  },
  "5":{
    "affiliation":"CNRS-CEA, University of Caen, University Ren\u00e9-Descartes, and University Institute of France",
    "authenticated_orcid":null,
    "family":"Mellet",
    "given":"Emmanuel",
    "name":"Emmanuel Mellet",
    "orcid":null,
    "sequence":"additional",
    "suffix":null
  },
  "6":{
    "affiliation":"CNRS-CEA, University of Caen, University Ren\u00e9-Descartes, and University Institute of France",
    "authenticated_orcid":null,
    "family":"Moutier",
    "given":"Sylvain",
    "name":"Sylvain Moutier",
    "orcid":null,
    "sequence":"additional",
    "suffix":null
  },
  "7":{
    "affiliation":"CNRS-CEA, University of Caen, University Ren\u00e9-Descartes, and University Institute of France",
    "authenticated_orcid":null,
    "family":"Pineau",
    "given":"Arlette",
    "name":"Arlette Pineau",
    "orcid":null,
    "sequence":"additional",
    "suffix":null
  },
  "8":{
    "affiliation":"CNRS-CEA, University of Caen, University Ren\u00e9-Descartes, and University Institute of France",
    "authenticated_orcid":null,
    "family":"Mazoyer",
    "given":"Bernard",
    "name":"Bernard Mazoyer",
    "orcid":null,
    "sequence":"additional",
    "suffix":null
  },
  "9":{
    "affiliation":"CNRS-CEA, University of Caen, University Ren\u00e9-Descartes, and University Institute of France",
    "authenticated_orcid":null,
    "family":"Tzourio-Mazoyer",
    "given":"Nathalie",
    "name":"Nathalie Tzourio-Mazoyer",
    "orcid":null,
    "sequence":"additional",
    "suffix":null
  },
  "10":{
    "affiliation":"Unite\u0301 de Bacte\u0301riologie Mole\u0301culaire et Me\u0301dicale,4 Institut Pasteur, 75724 Paris Cedex 15, France",
    "authenticated_orcid":null,
    "family":"Picardeau",
    "given":"Mathieu",
    "name":"Mathieu Picardeau",
    "orcid":null,
    "sequence":"additional",
    "suffix":null
  },
  "11":{
    "affiliation":"Laboratoire de Physique Statistique (associated to CNRS and to Paris 6 and Paris 7 Universities); \u00c9cole Normale Sup\u00e9rieure, 24 rue Lhomond, F 75231 Paris cedex 05, France",
    "authenticated_orcid":null,
    "family":"Ninio",
    "given":"Jacques",
    "name":"Jacques Ninio",
    "orcid":null,
    "sequence":"first",
    "suffix":null
  },
  "12":{
    "affiliation":"Institut de Biologie Physico-Chimique, Paris, France,1 and",
    "authenticated_orcid":null,
    "family":"Adler",
    "given":"Elliot",
    "name":"Elliot Adler",
    "orcid":null,
    "sequence":"first",
    "suffix":null
  },
  "13":{
    "affiliation":"Institut de Biologie Physico-Chimique, Paris, France,1 and",
    "authenticated_orcid":null,
    "family":"Stragier",
    "given":"Patrick",
    "name":"Patrick Stragier",
    "orcid":null,
    "sequence":"additional",
    "suffix":null
  },
  "14":{
    "affiliation":"Laboratoire de Physique Statistique, \u00c9cole Normale Sup\u00e9rieure, 24 rue Lhomond, 75231 Paris cedex 05, France",
    "authenticated_orcid":null,
    "family":"Ninio",
    "given":"Jacques",
    "name":"Jacques Ninio",
    "orcid":null,
    "sequence":"first",
    "suffix":null
  },
  "15":{
    "affiliation":"Aventis Pasteur\u2013Merck, SharPe &amp; Dohme, Public Affairs, 8 rue Jonas Salk, F\u201369007 Lyon, France",
    "authenticated_orcid":null,
    "family":"Teuwen",
    "given":"Dirk E.",
    "name":"Dirk E. Teuwen",
    "orcid":null,
    "sequence":"additional",
    "suffix":null
  },
  "16":{
    "affiliation":"<sup>1<\/sup> Regional Adviser on Environmental Policies, Economic Commission for Latin America and the Caribbean, Santiago, Chile., <sup>2<\/sup>Institute of Systems, Informatics and Safety of the European Commission Joint Research Centre, Ispra, Italy., <sup>3<\/sup>Universit\u00e9 de Versailles St\u2010Quentin\u2010en\u2010Yvelines, France., <sup>4<\/sup>Consultant, London..",
    "authenticated_orcid":null,
    "family":"Gallop\u00edn",
    "given":"Gilberto C.",
    "name":"Gilberto C. Gallop\u00edn",
    "orcid":null,
    "sequence":"first",
    "suffix":null
  },
  "17":{
    "affiliation":"<sup>1<\/sup> Regional Adviser on Environmental Policies, Economic Commission for Latin America and the Caribbean, Santiago, Chile., <sup>2<\/sup>Institute of Systems, Informatics and Safety of the European Commission Joint Research Centre, Ispra, Italy., <sup>3<\/sup>Universit\u00e9 de Versailles St\u2010Quentin\u2010en\u2010Yvelines, France., <sup>4<\/sup>Consultant, London..",
    "authenticated_orcid":null,
    "family":"Funtowicz",
    "given":"Silvio",
    "name":"Silvio Funtowicz",
    "orcid":null,
    "sequence":"additional",
    "suffix":null
  },
  "18":{
    "affiliation":"Institute of Research for Development, Paris, France, and coordinator of international projects on highly skilled migration and diasporas.",
    "authenticated_orcid":null,
    "family":"Meyer",
    "given":"Jean\u2010Baptiste",
    "name":"Jean\u2010Baptiste Meyer",
    "orcid":null,
    "sequence":"first",
    "suffix":null
  },
  "19":{
    "affiliation":"INFOBIOGEN, Service de Bioinformatique, UMS825 CNRS\/SC13 INSERM, 94801 Villejuif Cedex,2 France",
    "authenticated_orcid":null,
    "family":"Dessen",
    "given":"Philippe",
    "name":"Philippe Dessen",
    "orcid":null,
    "sequence":"additional",
    "suffix":null
  },
  "20":{
    "affiliation":"From Molecular Cardiology, Department of Internal Medicine IV, University of Frankfurt, Germany (L.R., J.H., A.H., A.A., A.M.Z., S.D.); INSERM U141, IFR \u201cCirculation,\u201d Ho\u0302pital Lariboisie\u0300re, Paris, France (Z.M., A.T.); and Institut d\u2019He\u0301matologie et d\u2019Immunologie, Faculte\u0301 de Me\u0301decine, Universite\u0301 Louis Pasteur, Strasbourg, France (B.H., J.-M.F.).",
    "authenticated_orcid":null,
    "family":"Ro\u0308ssig",
    "given":"Lothar",
    "name":"Lothar Ro\u0308ssig",
    "orcid":null,
    "sequence":"first",
    "suffix":null
  },
  "21":{
    "affiliation":"From Molecular Cardiology, Department of Internal Medicine IV, University of Frankfurt, Germany (L.R., J.H., A.H., A.A., A.M.Z., S.D.); INSERM U141, IFR \u201cCirculation,\u201d Ho\u0302pital Lariboisie\u0300re, Paris, France (Z.M., A.T.); and Institut d\u2019He\u0301matologie et d\u2019Immunologie, Faculte\u0301 de Me\u0301decine, Universite\u0301 Louis Pasteur, Strasbourg, France (B.H., J.-M.F.).",
    "authenticated_orcid":null,
    "family":"Hoffmann",
    "given":"Jo\u0308rg",
    "name":"Jo\u0308rg Hoffmann",
    "orcid":null,
    "sequence":"additional",
    "suffix":null
  },
  "22":{
    "affiliation":"From Molecular Cardiology, Department of Internal Medicine IV, University of Frankfurt, Germany (L.R., J.H., A.H., A.A., A.M.Z., S.D.); INSERM U141, IFR \u201cCirculation,\u201d Ho\u0302pital Lariboisie\u0300re, Paris, France (Z.M., A.T.); and Institut d\u2019He\u0301matologie et d\u2019Immunologie, Faculte\u0301 de Me\u0301decine, Universite\u0301 Louis Pasteur, Strasbourg, France (B.H., J.-M.F.).",
    "authenticated_orcid":null,
    "family":"Hugel",
    "given":"Be\u0301ne\u0301dicte",
    "name":"Be\u0301ne\u0301dicte Hugel",
    "orcid":null,
    "sequence":"additional",
    "suffix":null
  },
  "23":{
    "affiliation":"From Molecular Cardiology, Department of Internal Medicine IV, University of Frankfurt, Germany (L.R., J.H., A.H., A.A., A.M.Z., S.D.); INSERM U141, IFR \u201cCirculation,\u201d Ho\u0302pital Lariboisie\u0300re, Paris, France (Z.M., A.T.); and Institut d\u2019He\u0301matologie et d\u2019Immunologie, Faculte\u0301 de Me\u0301decine, Universite\u0301 Louis Pasteur, Strasbourg, France (B.H., J.-M.F.).",
    "authenticated_orcid":null,
    "family":"Mallat",
    "given":"Ziad",
    "name":"Ziad Mallat",
    "orcid":null,
    "sequence":"additional",
    "suffix":null
  },
  "24":{
    "affiliation":"From Molecular Cardiology, Department of Internal Medicine IV, University of Frankfurt, Germany (L.R., J.H., A.H., A.A., A.M.Z., S.D.); INSERM U141, IFR \u201cCirculation,\u201d Ho\u0302pital Lariboisie\u0300re, Paris, France (Z.M., A.T.); and Institut d\u2019He\u0301matologie et d\u2019Immunologie, Faculte\u0301 de Me\u0301decine, Universite\u0301 Louis Pasteur, Strasbourg, France (B.H., J.-M.F.).",
    "authenticated_orcid":null,
    "family":"Haase",
    "given":"Astrid",
    "name":"Astrid Haase",
    "orcid":null,
    "sequence":"additional",
    "suffix":null
  },
  "25":{
    "affiliation":"From Molecular Cardiology, Department of Internal Medicine IV, University of Frankfurt, Germany (L.R., J.H., A.H., A.A., A.M.Z., S.D.); INSERM U141, IFR \u201cCirculation,\u201d Ho\u0302pital Lariboisie\u0300re, Paris, France (Z.M., A.T.); and Institut d\u2019He\u0301matologie et d\u2019Immunologie, Faculte\u0301 de Me\u0301decine, Universite\u0301 Louis Pasteur, Strasbourg, France (B.H., J.-M.F.).",
    "authenticated_orcid":null,
    "family":"Freyssinet",
    "given":"Jean-Marie",
    "name":"Jean-Marie Freyssinet",
    "orcid":null,
    "sequence":"additional",
    "suffix":null
  },
  "26":{
    "affiliation":"From Molecular Cardiology, Department of Internal Medicine IV, University of Frankfurt, Germany (L.R., J.H., A.H., A.A., A.M.Z., S.D.); INSERM U141, IFR \u201cCirculation,\u201d Ho\u0302pital Lariboisie\u0300re, Paris, France (Z.M., A.T.); and Institut d\u2019He\u0301matologie et d\u2019Immunologie, Faculte\u0301 de Me\u0301decine, Universite\u0301 Louis Pasteur, Strasbourg, France (B.H., J.-M.F.).",
    "authenticated_orcid":null,
    "family":"Tedgui",
    "given":"Alain",
    "name":"Alain Tedgui",
    "orcid":null,
    "sequence":"additional",
    "suffix":null
  },
  "27":{
    "affiliation":"From Molecular Cardiology, Department of Internal Medicine IV, University of Frankfurt, Germany (L.R., J.H., A.H., A.A., A.M.Z., S.D.); INSERM U141, IFR \u201cCirculation,\u201d Ho\u0302pital Lariboisie\u0300re, Paris, France (Z.M., A.T.); and Institut d\u2019He\u0301matologie et d\u2019Immunologie, Faculte\u0301 de Me\u0301decine, Universite\u0301 Louis Pasteur, Strasbourg, France (B.H., J.-M.F.).",
    "authenticated_orcid":null,
    "family":"Aicher",
    "given":"Alexandra",
    "name":"Alexandra Aicher",
    "orcid":null,
    "sequence":"additional",
    "suffix":null
  },
  "28":{
    "affiliation":"From Molecular Cardiology, Department of Internal Medicine IV, University of Frankfurt, Germany (L.R., J.H., A.H., A.A., A.M.Z., S.D.); INSERM U141, IFR \u201cCirculation,\u201d Ho\u0302pital Lariboisie\u0300re, Paris, France (Z.M., A.T.); and Institut d\u2019He\u0301matologie et d\u2019Immunologie, Faculte\u0301 de Me\u0301decine, Universite\u0301 Louis Pasteur, Strasbourg, France (B.H., J.-M.F.).",
    "authenticated_orcid":null,
    "family":"Zeiher",
    "given":"Andreas M.",
    "name":"Andreas M. Zeiher",
    "orcid":null,
    "sequence":"additional",
    "suffix":null
  },
  "29":{
    "affiliation":"From Molecular Cardiology, Department of Internal Medicine IV, University of Frankfurt, Germany (L.R., J.H., A.H., A.A., A.M.Z., S.D.); INSERM U141, IFR \u201cCirculation,\u201d Ho\u0302pital Lariboisie\u0300re, Paris, France (Z.M., A.T.); and Institut d\u2019He\u0301matologie et d\u2019Immunologie, Faculte\u0301 de Me\u0301decine, Universite\u0301 Louis Pasteur, Strasbourg, France (B.H., J.-M.F.).",
    "authenticated_orcid":null,
    "family":"Dimmeler",
    "given":"Stefanie",
    "name":"Stefanie Dimmeler",
    "orcid":null,
    "sequence":"additional",
    "suffix":null
  },
  "30":{
    "affiliation":"Loria---CNRS and Inria Lorraine, Vandoeuvre, France",
    "authenticated_orcid":null,
    "family":"Alonso",
    "given":"L.",
    "name":"L. Alonso",
    "orcid":null,
    "sequence":"first",
    "suffix":null
  },
  "31":{
    "affiliation":"Loria---CNRS and Inria Lorraine, Vandoeuvre, France",
    "authenticated_orcid":null,
    "family":"Cuny",
    "given":"F.",
    "name":"F. Cuny",
    "orcid":null,
    "sequence":"additional",
    "suffix":null
  },
  "32":{
    "affiliation":"Loria---CNRS and Inria Lorraine, Vandoeuvre, France",
    "authenticated_orcid":null,
    "family":"Jean",
    "given":"S. Petit",
    "name":"S. Petit Jean",
    "orcid":null,
    "sequence":"additional",
    "suffix":null
  },
  "33":{
    "affiliation":"Loria---CNRS and Inria Lorraine, Vandoeuvre, France",
    "authenticated_orcid":null,
    "family":"Paul",
    "given":"J.-C.",
    "name":"J.-C. Paul",
    "orcid":null,
    "sequence":"additional",
    "suffix":null
  },
  "34":{
    "affiliation":"Loria---CNRS and Inria Lorraine, Vandoeuvre, France",
    "authenticated_orcid":null,
    "family":"Lazard",
    "given":"S.",
    "name":"S. Lazard",
    "orcid":null,
    "sequence":"additional",
    "suffix":null
  },
  "35":{
    "affiliation":"Loria---CNRS and Inria Lorraine, Vandoeuvre, France",
    "authenticated_orcid":null,
    "family":"Wies",
    "given":"E.",
    "name":"E. Wies",
    "orcid":null,
    "sequence":"additional",
    "suffix":null
  },
  "36":{
    "affiliation":"From the Department of Neurology and Stroke Center and the Formation de Recherche en Neurologie Vasculaire (Association Claude Bernard), Bichat Hospital, Denis Diderot University (P.L., V.P., D.G., P.A.), and INSERM Unit 360, La Salpe\u0302trie\u0300re Hospital (M.G-B.), Paris, France.",
    "authenticated_orcid":null,
    "family":"Lavalle\u0301e",
    "given":"Philippa",
    "name":"Philippa Lavalle\u0301e",
    "orcid":null,
    "sequence":"first",
    "suffix":null
  },
  "37":{
    "affiliation":"From the Department of Neurology and Stroke Center and the Formation de Recherche en Neurologie Vasculaire (Association Claude Bernard), Bichat Hospital, Denis Diderot University (P.L., V.P., D.G., P.A.), and INSERM Unit 360, La Salpe\u0302trie\u0300re Hospital (M.G-B.), Paris, France.",
    "authenticated_orcid":null,
    "family":"Perchaud",
    "given":"Ve\u0301ronique",
    "name":"Ve\u0301ronique Perchaud",
    "orcid":null,
    "sequence":"additional",
    "suffix":null
  },
  "38":{
    "affiliation":"From the Department of Neurology and Stroke Center and the Formation de Recherche en Neurologie Vasculaire (Association Claude Bernard), Bichat Hospital, Denis Diderot University (P.L., V.P., D.G., P.A.), and INSERM Unit 360, La Salpe\u0302trie\u0300re Hospital (M.G-B.), Paris, France.",
    "authenticated_orcid":null,
    "family":"Gautier-Bertrand",
    "given":"Marion",
    "name":"Marion Gautier-Bertrand",
    "orcid":null,
    "sequence":"additional",
    "suffix":null
  },
  "39":{
    "affiliation":"From the Department of Neurology and Stroke Center and the Formation de Recherche en Neurologie Vasculaire (Association Claude Bernard), Bichat Hospital, Denis Diderot University (P.L., V.P., D.G., P.A.), and INSERM Unit 360, La Salpe\u0302trie\u0300re Hospital (M.G-B.), Paris, France.",
    "authenticated_orcid":null,
    "family":"Grabli",
    "given":"David",
    "name":"David Grabli",
    "orcid":null,
    "sequence":"additional",
    "suffix":null
  },
  "40":{
    "affiliation":"From the Department of Neurology and Stroke Center and the Formation de Recherche en Neurologie Vasculaire (Association Claude Bernard), Bichat Hospital, Denis Diderot University (P.L., V.P., D.G., P.A.), and INSERM Unit 360, La Salpe\u0302trie\u0300re Hospital (M.G-B.), Paris, France.",
    "authenticated_orcid":null,
    "family":"Amarenco",
    "given":"Pierre",
    "name":"Pierre Amarenco",
    "orcid":null,
    "sequence":"additional",
    "suffix":null
  },
  "41":{
    "affiliation":"Montpellier University Medical School, Institut de G\u00e9n\u00e9tique Humaine, CNRS  114 rue de la Cardonille 34396 Montpellier Cedex 5 France",
    "authenticated_orcid":null,
    "family":"Ferraz",
    "given":"Concepcion",
    "name":"Concepcion Ferraz",
    "orcid":null,
    "sequence":"additional",
    "suffix":null
  },
  "42":{
    "affiliation":"Montpellier University Medical School, Institut de G\u00e9n\u00e9tique Humaine, CNRS  114 rue de la Cardonille 34396 Montpellier Cedex 5 France",
    "authenticated_orcid":null,
    "family":"Vidal",
    "given":"Sophie",
    "name":"Sophie Vidal",
    "orcid":null,
    "sequence":"additional",
    "suffix":null
  },
  "43":{
    "affiliation":"Montpellier University Medical School, Institut de G\u00e9n\u00e9tique Humaine, CNRS  114 rue de la Cardonille 34396 Montpellier Cedex 5 France",
    "authenticated_orcid":null,
    "family":"Brun",
    "given":"Christine",
    "name":"Christine Brun",
    "orcid":null,
    "sequence":"additional",
    "suffix":null
  },
  "44":{
    "affiliation":"Montpellier University Medical School, Institut de G\u00e9n\u00e9tique Humaine, CNRS  114 rue de la Cardonille 34396 Montpellier Cedex 5 France",
    "authenticated_orcid":null,
    "family":"Demaille",
    "given":"Jacques",
    "name":"Jacques Demaille",
    "orcid":null,
    "sequence":"additional",
    "suffix":null
  },
  "45":{
    "affiliation":"UPR 41, CNRS, Recombinaisons G\u00e9n\u00e9tiques, Facult\u00e9 de M\u00e9decine  2 Avenue du Pr Leon Bernard 35043 Rennes Cedex France",
    "authenticated_orcid":null,
    "family":"Cadieu",
    "given":"Edouard",
    "name":"Edouard Cadieu",
    "orcid":null,
    "sequence":"additional",
    "suffix":null
  },
  "46":{
    "affiliation":"UPR 41, CNRS, Recombinaisons G\u00e9n\u00e9tiques, Facult\u00e9 de M\u00e9decine  2 Avenue du Pr Leon Bernard 35043 Rennes Cedex France",
    "authenticated_orcid":null,
    "family":"Dreano",
    "given":"Stephane",
    "name":"Stephane Dreano",
    "orcid":null,
    "sequence":"additional",
    "suffix":null
  },
  "47":{
    "affiliation":"UPR 41, CNRS, Recombinaisons G\u00e9n\u00e9tiques, Facult\u00e9 de M\u00e9decine  2 Avenue du Pr Leon Bernard 35043 Rennes Cedex France",
    "authenticated_orcid":null,
    "family":"Gloux",
    "given":"St\u00e9phanie",
    "name":"St\u00e9phanie Gloux",
    "orcid":null,
    "sequence":"additional",
    "suffix":null
  },
  "48":{
    "affiliation":"UPR 41, CNRS, Recombinaisons G\u00e9n\u00e9tiques, Facult\u00e9 de M\u00e9decine  2 Avenue du Pr Leon Bernard 35043 Rennes Cedex France",
    "authenticated_orcid":null,
    "family":"Lelaure",
    "given":"Valerie",
    "name":"Valerie Lelaure",
    "orcid":null,
    "sequence":"additional",
    "suffix":null
  },
  "49":{
    "affiliation":"UPR 41, CNRS, Recombinaisons G\u00e9n\u00e9tiques, Facult\u00e9 de M\u00e9decine  2 Avenue du Pr Leon Bernard 35043 Rennes Cedex France",
    "authenticated_orcid":null,
    "family":"Mottier",
    "given":"Stephanie",
    "name":"Stephanie Mottier",
    "orcid":null,
    "sequence":"additional",
    "suffix":null
  },
  "50":{
    "affiliation":"UPR 41, CNRS, Recombinaisons G\u00e9n\u00e9tiques, Facult\u00e9 de M\u00e9decine  2 Avenue du Pr Leon Bernard 35043 Rennes Cedex France",
    "authenticated_orcid":null,
    "family":"Galibert",
    "given":"Francis",
    "name":"Francis Galibert",
    "orcid":null,
    "sequence":"additional",
    "suffix":null
  },
  "51":{
    "affiliation":"Montpellier University Medical School, Institut de G\u00e9n\u00e9tique Humaine, CNRS  114 rue de la Cardonille 34396 Montpellier Cedex 5 France",
    "authenticated_orcid":null,
    "family":"Bucheton",
    "given":"Alain",
    "name":"Alain Bucheton",
    "orcid":null,
    "sequence":"additional",
    "suffix":null
  },
  "52":{
    "affiliation":"a    Department of Urology, CMC Beau Soleil, Montpellier, France",
    "authenticated_orcid":null,
    "family":"Faix",
    "given":"A.",
    "name":"A. Faix",
    "orcid":null,
    "sequence":"first",
    "suffix":null
  },
  "53":{
    "affiliation":"b    Department of Radiology, CMC Beau Soleil, Montpellier, France",
    "authenticated_orcid":null,
    "family":"Lapray",
    "given":"J. F.",
    "name":"J. F. Lapray",
    "orcid":null,
    "sequence":"additional",
    "suffix":null
  },
  "54":{
    "affiliation":"c    Department of Radiology, CMC Beau Soleil, Montepellier, France",
    "authenticated_orcid":null,
    "family":"Callede",
    "given":"O.",
    "name":"O. Callede",
    "orcid":null,
    "sequence":"additional",
    "suffix":null
  },
  "55":{
    "affiliation":"c    Department of Radiology, CMC Beau Soleil, Montepellier, France",
    "authenticated_orcid":null,
    "family":"Maubon",
    "given":"A.",
    "name":"A. Maubon",
    "orcid":null,
    "sequence":"additional",
    "suffix":null
  },
  "56":{
    "affiliation":"d    Department of Urology, CMC Beau Soleil, Montepellier, France",
    "authenticated_orcid":null,
    "family":"Lanfrey",
    "given":"K.",
    "name":"K. Lanfrey",
    "orcid":null,
    "sequence":"additional",
    "suffix":null
  },
  "57":{
    "affiliation":"From Claude Bernard University, Lyon, France; London School of Hygiene and Tropical Medicine, London, United Kingdom; and Leuven University, Leuven, Belgium.",
    "authenticated_orcid":null,
    "family":"Boutitie",
    "given":"Florent",
    "name":"Florent Boutitie",
    "orcid":null,
    "sequence":"first",
    "suffix":null
  },
  "58":{
    "affiliation":"From Claude Bernard University, Lyon, France; London School of Hygiene and Tropical Medicine, London, United Kingdom; and Leuven University, Leuven, Belgium.",
    "authenticated_orcid":null,
    "family":"Gueyffier",
    "given":"Fran\u00e7ois",
    "name":"Fran\u00e7ois Gueyffier",
    "orcid":null,
    "sequence":"additional",
    "suffix":null
  },
  "59":{
    "affiliation":"From Claude Bernard University, Lyon, France; London School of Hygiene and Tropical Medicine, London, United Kingdom; and Leuven University, Leuven, Belgium.",
    "authenticated_orcid":null,
    "family":"Pocock",
    "given":"Stuart",
    "name":"Stuart Pocock",
    "orcid":null,
    "sequence":"additional",
    "suffix":null
  },
  "60":{
    "affiliation":"From Claude Bernard University, Lyon, France; London School of Hygiene and Tropical Medicine, London, United Kingdom; and Leuven University, Leuven, Belgium.",
    "authenticated_orcid":null,
    "family":"Fagard",
    "given":"Robert",
    "name":"Robert Fagard",
    "orcid":null,
    "sequence":"additional",
    "suffix":null
  },
  "61":{
    "affiliation":"From Claude Bernard University, Lyon, France; London School of Hygiene and Tropical Medicine, London, United Kingdom; and Leuven University, Leuven, Belgium.",
    "authenticated_orcid":null,
    "family":"Boissel",
    "given":"Jean Pierre",
    "name":"Jean Pierre Boissel",
    "orcid":null,
    "sequence":"additional",
    "suffix":null
  },
  "62":{
    "affiliation":"University of Perpignan, Centre National de la Recherche Scientifique Unit\u00e9 Mixte de Recherche 5096, Laboratoire Genome et Development Plantes, F-66860 Perpignan, France",
    "authenticated_orcid":null,
    "family":"Salse",
    "given":"Jerome",
    "name":"Jerome Salse",
    "orcid":null,
    "sequence":"additional",
    "suffix":null
  },
  "63":{
    "affiliation":"Cirad, Amis, Biotrop, F-34398 Montpellier, France",
    "authenticated_orcid":null,
    "family":"Regad",
    "given":"Farid",
    "name":"Farid Regad",
    "orcid":null,
    "sequence":"additional",
    "suffix":null
  },
  "64":{
    "affiliation":"INSEAD, Fontainebleau, France",
    "authenticated_orcid":null,
    "family":"Wertenbroch",
    "given":"Klaus",
    "name":"Klaus Wertenbroch",
    "orcid":null,
    "sequence":"additional",
    "suffix":null
  }
}