{
  "0":{
    "affiliation":"Assistant Professor, Department of Family Medicine, University of Michigan, Ann Arbor, Michigan",
    "authenticated_orcid":null,
    "family":"Klinkman",
    "given":"Michael S",
    "name":"Michael S Klinkman",
    "orcid":null,
    "sequence":"first",
    "suffix":null
  },
  "1":{
    "affiliation":"Professor, Department of Family Medicine, University of Michigan, Ann Arbor, Michigan",
    "authenticated_orcid":null,
    "family":"Schwenk",
    "given":"Thomas L",
    "name":"Thomas L Schwenk",
    "orcid":null,
    "sequence":"additional",
    "suffix":null
  },
  "2":{
    "affiliation":"Departments of Family Medicine and Psychiatry, University of Michigan, Ann Arbor, Michigan",
    "authenticated_orcid":null,
    "family":"Coyne",
    "given":"James C",
    "name":"James C Coyne",
    "orcid":null,
    "sequence":"additional",
    "suffix":null
  },
  "6":{
    "affiliation":"Department of Communication, Michigan State University",
    "authenticated_orcid":null,
    "family":"Witte",
    "given":"Kim",
    "name":"Kim Witte",
    "orcid":null,
    "sequence":"first",
    "suffix":null
  },
  "7":{
    "affiliation":"Center for Political Studies, University of Michigan and Steering Committee for the World Values Study,",
    "authenticated_orcid":null,
    "family":"Inglehart",
    "given":"Ronald",
    "name":"Ronald Inglehart",
    "orcid":null,
    "sequence":"first",
    "suffix":null
  },
  "8":{
    "affiliation":"University of Michigan,",
    "authenticated_orcid":null,
    "family":"Sommers",
    "given":"Samuel R.",
    "name":"Samuel R. Sommers",
    "orcid":null,
    "sequence":"first",
    "suffix":null
  },
  "9":{
    "affiliation":"University of Michigan",
    "authenticated_orcid":null,
    "family":"Ellsworth",
    "given":"Phoebe C.",
    "name":"Phoebe C. Ellsworth",
    "orcid":null,
    "sequence":"additional",
    "suffix":null
  },
  "10":{
    "affiliation":"University of Michigan, Ann Arbor",
    "authenticated_orcid":null,
    "family":"Ramaswamy",
    "given":"Sumathi",
    "name":"Sumathi Ramaswamy",
    "orcid":null,
    "sequence":"first",
    "suffix":null
  },
  "11":{
    "affiliation":"Political Science Department and Institute for Social Research, University of Michigan, Ann Arbor, Michigan 48106; e-mail:",
    "authenticated_orcid":null,
    "family":"Huth",
    "given":"Paul K.",
    "name":"Paul K. Huth",
    "orcid":null,
    "sequence":"first",
    "suffix":null
  },
  "12":{
    "affiliation":"Department of Microbiology and Immunology, School of Medicine,1 University of Michigan, Ann Arbor, Michigan 48109",
    "authenticated_orcid":null,
    "family":"Loesche",
    "given":"Walter J.",
    "name":"Walter J. Loesche",
    "orcid":null,
    "sequence":"first",
    "suffix":null
  },
  "13":{
    "affiliation":"University of Michigan, Institute for Social Research, Ann Arbor, Michigan 48106-1248, USA,",
    "authenticated_orcid":null,
    "family":"Schwarz",
    "given":"Norbert",
    "name":"Norbert Schwarz",
    "orcid":null,
    "sequence":"first",
    "suffix":null
  },
  "14":{
    "affiliation":"Department of Zoology, Michigan State University, East Lansing, Michigan 48824;",
    "authenticated_orcid":null,
    "family":"Dyer",
    "given":"Fred C.",
    "name":"Fred C. Dyer",
    "orcid":null,
    "sequence":"first",
    "suffix":null
  },
  "15":{
    "affiliation":"From University of Michigan, Dearborn, Michigan; and Samueli Institute and Uniformed Services University of the Health Sciences, Bethesda, Maryland.",
    "authenticated_orcid":null,
    "family":"Moerman",
    "given":"Daniel E.",
    "name":"Daniel E. Moerman",
    "orcid":null,
    "sequence":"first",
    "suffix":null
  },
  "16":{
    "affiliation":"From University of Michigan, Dearborn, Michigan; and Samueli Institute and Uniformed Services University of the Health Sciences, Bethesda, Maryland.",
    "authenticated_orcid":null,
    "family":"Jonas",
    "given":"Wayne B.",
    "name":"Wayne B. Jonas",
    "orcid":null,
    "sequence":"additional",
    "suffix":null
  },
  "17":{
    "affiliation":"MedSport, Department of Orthopaedic Surgery, University of Michigan, Ann Arbor, Michigan, Cincinnati, Ohio",
    "authenticated_orcid":null,
    "family":"Wojtys",
    "given":"Edward M.",
    "name":"Edward M. Wojtys",
    "orcid":null,
    "sequence":"first",
    "suffix":null
  },
  "18":{
    "affiliation":"MedSport, Department of Orthopaedic Surgery, University of Michigan, Ann Arbor, Michigan, Cincinnati, Ohio",
    "authenticated_orcid":null,
    "family":"Huston",
    "given":"Laura J.",
    "name":"Laura J. Huston",
    "orcid":null,
    "sequence":"additional",
    "suffix":null
  },
  "19":{
    "affiliation":"Department of Economics and Ford School of Public Policy, University of Michigan, Ann Arbor, MI 48109, and National Bureau of Economic Research.",
    "authenticated_orcid":null,
    "family":"DiNardo",
    "given":"John",
    "name":"John DiNardo",
    "orcid":null,
    "sequence":"additional",
    "suffix":null
  },
  "20":{
    "affiliation":"University of Michigan",
    "authenticated_orcid":null,
    "family":"Power",
    "given":"Cathleen",
    "name":"Cathleen Power",
    "orcid":null,
    "sequence":"additional",
    "suffix":null
  },
  "21":{
    "affiliation":"Wayne State University School of Medicine, Detroit, Michigan",
    "authenticated_orcid":null,
    "family":"Coplin",
    "given":"William M.",
    "name":"William M. Coplin",
    "orcid":null,
    "sequence":"additional",
    "suffix":null
  },
  "22":{
    "affiliation":"Pfizer Global R&amp;D, Ann Arbor, Michigan",
    "authenticated_orcid":null,
    "family":"Hall",
    "given":"Edward D.",
    "name":"Edward D. Hall",
    "orcid":null,
    "sequence":"additional",
    "suffix":null
  },
  "23":{
    "affiliation":"Parke Davis Pharmaceutical Research, Ann Arbor, Michigan",
    "authenticated_orcid":null,
    "family":"Mohberg",
    "given":"Noel",
    "name":"Noel Mohberg",
    "orcid":null,
    "sequence":"additional",
    "suffix":null
  },
  "24":{
    "affiliation":"Oakland University and University of Michigan,",
    "authenticated_orcid":null,
    "family":"Orbuch",
    "given":"Terri L.",
    "name":"Terri L. Orbuch",
    "orcid":null,
    "sequence":"first",
    "suffix":null
  },
  "25":{
    "affiliation":"University of Michigan",
    "authenticated_orcid":null,
    "family":"Veroff",
    "given":"Joseph",
    "name":"Joseph Veroff",
    "orcid":null,
    "sequence":"additional",
    "suffix":null
  },
  "26":{
    "affiliation":"University of Michigan",
    "authenticated_orcid":null,
    "family":"Hassan",
    "given":"Halimah",
    "name":"Halimah Hassan",
    "orcid":null,
    "sequence":"additional",
    "suffix":null
  },
  "27":{
    "affiliation":"University of Michigan",
    "authenticated_orcid":null,
    "family":"Horrocks",
    "given":"Julie",
    "name":"Julie Horrocks",
    "orcid":null,
    "sequence":"additional",
    "suffix":null
  },
  "28":{
    "affiliation":"Michigan State University, East Lansing, Michigan, USA",
    "authenticated_orcid":null,
    "family":"Reeves",
    "given":"Mathew",
    "name":"Mathew Reeves",
    "orcid":null,
    "sequence":"additional",
    "suffix":null
  },
  "29":{
    "affiliation":"Department of Molecular, Cellular and Developmental Biology, University of Michigan, Ann Arbor, MI 48109, USA",
    "authenticated_orcid":null,
    "family":"Cooper",
    "given":"V. S.",
    "name":"V. S. Cooper",
    "orcid":null,
    "sequence":"first",
    "suffix":null
  },
  "30":{
    "affiliation":"Department of Molecular, Cellular and Developmental Biology, University of Michigan, Ann Arbor, MI 48109, USA",
    "authenticated_orcid":null,
    "family":"Reiskind",
    "given":"M. H.",
    "name":"M. H. Reiskind",
    "orcid":null,
    "sequence":"additional",
    "suffix":null
  },
  "31":{
    "affiliation":"Department of Political Science and Institute for Social Research, University of Michigan, 4252 ISR, Ann Arbor, Michigan 48106-1248; e-mail:",
    "authenticated_orcid":null,
    "family":"Achen",
    "given":"Christopher H.",
    "name":"Christopher H. Achen",
    "orcid":null,
    "sequence":"first",
    "suffix":null
  }
}