{
  "0":{
    "DOI":"10.1044\/jslhr.4006.1245",
    "URL":"http:\/\/dx.doi.org\/10.1044\/jslhr.4006.1245",
    "title":"Prevalence of Specific Language Impairment in Kindergarten Children",
    "container_title":"Journal of Speech, Language, and Hearing Research",
    "authors":"J. Bruce Tomblin",
    "affiliation":"The University of Iowa Iowa City",
    "page":"1245-1260",
    "publisher":"American Speech Language Hearing Association",
    "language":"en",
    "alternative_id":"10.1044\/jslhr.4006.1245",
    "created_date_time":1406667568000,
    "deposited_date_time":1577113265000,
    "is_referenced_by_count":1004,
    "issue":"6",
    "issued_date_parts":"1997\/12",
    "prefix":"10.1044",
    "published_online_date_parts":null,
    "published_print_date_parts":"1997\/12"
  },
  "1":{
    "DOI":"10.1044\/jslhr.4006.1245",
    "URL":"http:\/\/dx.doi.org\/10.1044\/jslhr.4006.1245",
    "title":"Prevalence of Specific Language Impairment in Kindergarten Children",
    "container_title":"Journal of Speech, Language, and Hearing Research",
    "authors":"Nancy L. Records",
    "affiliation":"The University of Iowa Iowa City",
    "page":"1245-1260",
    "publisher":"American Speech Language Hearing Association",
    "language":"en",
    "alternative_id":"10.1044\/jslhr.4006.1245",
    "created_date_time":1406667568000,
    "deposited_date_time":1577113265000,
    "is_referenced_by_count":1004,
    "issue":"6",
    "issued_date_parts":"1997\/12",
    "prefix":"10.1044",
    "published_online_date_parts":null,
    "published_print_date_parts":"1997\/12"
  },
  "2":{
    "DOI":"10.1044\/jslhr.4006.1245",
    "URL":"http:\/\/dx.doi.org\/10.1044\/jslhr.4006.1245",
    "title":"Prevalence of Specific Language Impairment in Kindergarten Children",
    "container_title":"Journal of Speech, Language, and Hearing Research",
    "authors":"Paula Buckwalter",
    "affiliation":"The University of Iowa Iowa City",
    "page":"1245-1260",
    "publisher":"American Speech Language Hearing Association",
    "language":"en",
    "alternative_id":"10.1044\/jslhr.4006.1245",
    "created_date_time":1406667568000,
    "deposited_date_time":1577113265000,
    "is_referenced_by_count":1004,
    "issue":"6",
    "issued_date_parts":"1997\/12",
    "prefix":"10.1044",
    "published_online_date_parts":null,
    "published_print_date_parts":"1997\/12"
  },
  "3":{
    "DOI":"10.1044\/jslhr.4006.1245",
    "URL":"http:\/\/dx.doi.org\/10.1044\/jslhr.4006.1245",
    "title":"Prevalence of Specific Language Impairment in Kindergarten Children",
    "container_title":"Journal of Speech, Language, and Hearing Research",
    "authors":"Xuyang Zhang",
    "affiliation":"The University of Iowa Iowa City",
    "page":"1245-1260",
    "publisher":"American Speech Language Hearing Association",
    "language":"en",
    "alternative_id":"10.1044\/jslhr.4006.1245",
    "created_date_time":1406667568000,
    "deposited_date_time":1577113265000,
    "is_referenced_by_count":1004,
    "issue":"6",
    "issued_date_parts":"1997\/12",
    "prefix":"10.1044",
    "published_online_date_parts":null,
    "published_print_date_parts":"1997\/12"
  },
  "4":{
    "DOI":"10.1044\/jslhr.4006.1245",
    "URL":"http:\/\/dx.doi.org\/10.1044\/jslhr.4006.1245",
    "title":"Prevalence of Specific Language Impairment in Kindergarten Children",
    "container_title":"Journal of Speech, Language, and Hearing Research",
    "authors":"Elaine Smith",
    "affiliation":"The University of Iowa Iowa City",
    "page":"1245-1260",
    "publisher":"American Speech Language Hearing Association",
    "language":"en",
    "alternative_id":"10.1044\/jslhr.4006.1245",
    "created_date_time":1406667568000,
    "deposited_date_time":1577113265000,
    "is_referenced_by_count":1004,
    "issue":"6",
    "issued_date_parts":"1997\/12",
    "prefix":"10.1044",
    "published_online_date_parts":null,
    "published_print_date_parts":"1997\/12"
  },
  "5":{
    "DOI":"10.1044\/jslhr.4006.1245",
    "URL":"http:\/\/dx.doi.org\/10.1044\/jslhr.4006.1245",
    "title":"Prevalence of Specific Language Impairment in Kindergarten Children",
    "container_title":"Journal of Speech, Language, and Hearing Research",
    "authors":"Marlea O\u00e2\u20ac\u2122Brien",
    "affiliation":"The University of Iowa Iowa City",
    "page":"1245-1260",
    "publisher":"American Speech Language Hearing Association",
    "language":"en",
    "alternative_id":"10.1044\/jslhr.4006.1245",
    "created_date_time":1406667568000,
    "deposited_date_time":1577113265000,
    "is_referenced_by_count":1004,
    "issue":"6",
    "issued_date_parts":"1997\/12",
    "prefix":"10.1044",
    "published_online_date_parts":null,
    "published_print_date_parts":"1997\/12"
  }
}