cambiaIncrement,sourceID,objectID,subjectID,eventID,occurredAt,timeObserved,relationType,sourceToken,license,termsOfUse,updatedReason,updated,eventAction,workSubtypeID,workTypeID,subjectTitle,subjectPID,jurisdiction,updatedDate
362,cambia-lens,https://doi.org/10.1016/s0022-1139(97)00127-9,https://lens.org/102-996-661-846-195,74816e79-ab57-52ae-4bfc-913abf7e132a,2011-10-13 00:00:00,2017-11-09 20:08:07,cites,1ad0b713-78ed-4bb9-8d5d-a3c2d163d46f,https://creativecommons.org/licenses/by-sa/4.0/,https://doi.org/10.13003/CED-terms-of-use,,,add,Patent Application,patent,Fluorinating Reagents With (Perfluoralkyl) Fluorophosphate Anion,https://lens.org/102-996-661-846-195,WO,
363,cambia-lens,https://doi.org/10.1016/s0022-1139(97)00127-9,https://lens.org/115-117-715-418-777,84b6d51f-90e5-9fd1-8b67-0a68683b79b9,2003-12-16 00:00:00,2017-11-09 23:15:58,cites,1ad0b713-78ed-4bb9-8d5d-a3c2d163d46f,https://creativecommons.org/licenses/by-sa/4.0/,https://doi.org/10.13003/CED-terms-of-use,,,add,Granted Patent,patent,N-Fluorotriazinium Fluorinating Agents,https://lens.org/115-117-715-418-777,US,
364,cambia-lens,https://doi.org/10.1016/s0022-1139(97)00127-9,https://lens.org/148-319-419-949-330,531029cd-7555-bdcf-4d1b-00d2cd036c0e,2004-05-18 00:00:00,2017-11-10 07:50:26,cites,1ad0b713-78ed-4bb9-8d5d-a3c2d163d46f,https://creativecommons.org/licenses/by-sa/4.0/,https://doi.org/10.13003/CED-terms-of-use,,,add,Granted Patent,patent,Electrophilic Fluorination,https://lens.org/148-319-419-949-330,US,
365,cambia-lens,https://doi.org/10.1016/s0022-1139(97)00127-9,https://lens.org/153-613-584-996-585,69a425a6-0a29-6029-54ae-d31d66e04ac3,2008-04-03 00:00:00,2017-11-10 09:11:55,cites,1ad0b713-78ed-4bb9-8d5d-a3c2d163d46f,https://creativecommons.org/licenses/by-sa/4.0/,https://doi.org/10.13003/CED-terms-of-use,,,add,Search report,patent,"Aromatic Sulfinates And Sulfonyl Halides, And The Preparation Thereof",https://lens.org/153-613-584-996-585,WO,
366,cambia-lens,https://doi.org/10.1016/s0022-1139(97)00127-9,https://lens.org/094-296-059-726-857,fa7aba9e-3449-63b5-9e6a-ad0b0c58c31d,2003-10-21 00:00:00,2017-11-11 17:58:19,cites,1ad0b713-78ed-4bb9-8d5d-a3c2d163d46f,https://creativecommons.org/licenses/by-sa/4.0/,https://doi.org/10.13003/CED-terms-of-use,,,add,Granted Patent,patent,Ring Fluorination Of Non-Activated Aromatic Compounds,https://lens.org/094-296-059-726-857,US,
