{
  "0":{
    "dataCiteIncrement":2967,
    "sourceID":"datacite",
    "objectID":"https:\/\/doi.org\/10.1192\/bjp.171.6.519",
    "subjectID":"https:\/\/doi.org\/10.1002\/j.1556-6678.2008.tb00625.x",
    "eventID":"6e155a69-dee7-42e6-9c76-2fb747af1683",
    "occurredAt":1569785580000,
    "timeObserved":1569794831000,
    "relationType":"references",
    "license":"https:\/\/creativecommons.org\/publicdomain\/zero\/1.0\/",
    "termsOfUse":"https:\/\/doi.org\/10.13003\/CED-terms-of-use",
    "messageAction":"create"
  }
}