{
  "0":{
    "DOI":"10.1192\/bjp.171.6.519",
    "URL":"http:\/\/dx.doi.org\/10.1192\/bjp.171.6.519",
    "title":"Minor psychiatric disorder in NHS trust staff: Occupational and gender differences",
    "container_title":"British Journal of Psychiatry",
    "authors":"T.D. Wall",
    "page":"519-523",
    "publisher":"Royal College of Psychiatrists",
    "language":"en",
    "alternative_id":"S0007125000148573",
    "created_date_time":1224049016000,
    "deposited_date_time":1557604263000,
    "is_referenced_by_count":179,
    "issue":"6",
    "issued_date_parts":"1997\/12",
    "prefix":"10.1192",
    "published_online_date_parts":"2018\/1\/2",
    "published_print_date_parts":"1997\/12"
  },
  "1":{
    "DOI":"10.1192\/bjp.171.6.519",
    "URL":"http:\/\/dx.doi.org\/10.1192\/bjp.171.6.519",
    "title":"Minor psychiatric disorder in NHS trust staff: Occupational and gender differences",
    "container_title":"British Journal of Psychiatry",
    "authors":"R.I. Bolden",
    "page":"519-523",
    "publisher":"Royal College of Psychiatrists",
    "language":"en",
    "alternative_id":"S0007125000148573",
    "created_date_time":1224049016000,
    "deposited_date_time":1557604263000,
    "is_referenced_by_count":179,
    "issue":"6",
    "issued_date_parts":"1997\/12",
    "prefix":"10.1192",
    "published_online_date_parts":"2018\/1\/2",
    "published_print_date_parts":"1997\/12"
  },
  "2":{
    "DOI":"10.1192\/bjp.171.6.519",
    "URL":"http:\/\/dx.doi.org\/10.1192\/bjp.171.6.519",
    "title":"Minor psychiatric disorder in NHS trust staff: Occupational and gender differences",
    "container_title":"British Journal of Psychiatry",
    "authors":"C.S. Borrill",
    "page":"519-523",
    "publisher":"Royal College of Psychiatrists",
    "language":"en",
    "alternative_id":"S0007125000148573",
    "created_date_time":1224049016000,
    "deposited_date_time":1557604263000,
    "is_referenced_by_count":179,
    "issue":"6",
    "issued_date_parts":"1997\/12",
    "prefix":"10.1192",
    "published_online_date_parts":"2018\/1\/2",
    "published_print_date_parts":"1997\/12"
  },
  "3":{
    "DOI":"10.1192\/bjp.171.6.519",
    "URL":"http:\/\/dx.doi.org\/10.1192\/bjp.171.6.519",
    "title":"Minor psychiatric disorder in NHS trust staff: Occupational and gender differences",
    "container_title":"British Journal of Psychiatry",
    "authors":"A.J. Carter",
    "page":"519-523",
    "publisher":"Royal College of Psychiatrists",
    "language":"en",
    "alternative_id":"S0007125000148573",
    "created_date_time":1224049016000,
    "deposited_date_time":1557604263000,
    "is_referenced_by_count":179,
    "issue":"6",
    "issued_date_parts":"1997\/12",
    "prefix":"10.1192",
    "published_online_date_parts":"2018\/1\/2",
    "published_print_date_parts":"1997\/12"
  },
  "4":{
    "DOI":"10.1192\/bjp.171.6.519",
    "URL":"http:\/\/dx.doi.org\/10.1192\/bjp.171.6.519",
    "title":"Minor psychiatric disorder in NHS trust staff: Occupational and gender differences",
    "container_title":"British Journal of Psychiatry",
    "authors":"D.A. Golya",
    "page":"519-523",
    "publisher":"Royal College of Psychiatrists",
    "language":"en",
    "alternative_id":"S0007125000148573",
    "created_date_time":1224049016000,
    "deposited_date_time":1557604263000,
    "is_referenced_by_count":179,
    "issue":"6",
    "issued_date_parts":"1997\/12",
    "prefix":"10.1192",
    "published_online_date_parts":"2018\/1\/2",
    "published_print_date_parts":"1997\/12"
  },
  "5":{
    "DOI":"10.1192\/bjp.171.6.519",
    "URL":"http:\/\/dx.doi.org\/10.1192\/bjp.171.6.519",
    "title":"Minor psychiatric disorder in NHS trust staff: Occupational and gender differences",
    "container_title":"British Journal of Psychiatry",
    "authors":"G.E. Hardy",
    "page":"519-523",
    "publisher":"Royal College of Psychiatrists",
    "language":"en",
    "alternative_id":"S0007125000148573",
    "created_date_time":1224049016000,
    "deposited_date_time":1557604263000,
    "is_referenced_by_count":179,
    "issue":"6",
    "issued_date_parts":"1997\/12",
    "prefix":"10.1192",
    "published_online_date_parts":"2018\/1\/2",
    "published_print_date_parts":"1997\/12"
  },
  "6":{
    "DOI":"10.1192\/bjp.171.6.519",
    "URL":"http:\/\/dx.doi.org\/10.1192\/bjp.171.6.519",
    "title":"Minor psychiatric disorder in NHS trust staff: Occupational and gender differences",
    "container_title":"British Journal of Psychiatry",
    "authors":"C.E. Haynes",
    "page":"519-523",
    "publisher":"Royal College of Psychiatrists",
    "language":"en",
    "alternative_id":"S0007125000148573",
    "created_date_time":1224049016000,
    "deposited_date_time":1557604263000,
    "is_referenced_by_count":179,
    "issue":"6",
    "issued_date_parts":"1997\/12",
    "prefix":"10.1192",
    "published_online_date_parts":"2018\/1\/2",
    "published_print_date_parts":"1997\/12"
  },
  "7":{
    "DOI":"10.1192\/bjp.171.6.519",
    "URL":"http:\/\/dx.doi.org\/10.1192\/bjp.171.6.519",
    "title":"Minor psychiatric disorder in NHS trust staff: Occupational and gender differences",
    "container_title":"British Journal of Psychiatry",
    "authors":"J.E. Rick",
    "page":"519-523",
    "publisher":"Royal College of Psychiatrists",
    "language":"en",
    "alternative_id":"S0007125000148573",
    "created_date_time":1224049016000,
    "deposited_date_time":1557604263000,
    "is_referenced_by_count":179,
    "issue":"6",
    "issued_date_parts":"1997\/12",
    "prefix":"10.1192",
    "published_online_date_parts":"2018\/1\/2",
    "published_print_date_parts":"1997\/12"
  },
  "8":{
    "DOI":"10.1192\/bjp.171.6.519",
    "URL":"http:\/\/dx.doi.org\/10.1192\/bjp.171.6.519",
    "title":"Minor psychiatric disorder in NHS trust staff: Occupational and gender differences",
    "container_title":"British Journal of Psychiatry",
    "authors":"D.A. Shapiro",
    "page":"519-523",
    "publisher":"Royal College of Psychiatrists",
    "language":"en",
    "alternative_id":"S0007125000148573",
    "created_date_time":1224049016000,
    "deposited_date_time":1557604263000,
    "is_referenced_by_count":179,
    "issue":"6",
    "issued_date_parts":"1997\/12",
    "prefix":"10.1192",
    "published_online_date_parts":"2018\/1\/2",
    "published_print_date_parts":"1997\/12"
  },
  "9":{
    "DOI":"10.1192\/bjp.171.6.519",
    "URL":"http:\/\/dx.doi.org\/10.1192\/bjp.171.6.519",
    "title":"Minor psychiatric disorder in NHS trust staff: Occupational and gender differences",
    "container_title":"British Journal of Psychiatry",
    "authors":"M.A. West",
    "page":"519-523",
    "publisher":"Royal College of Psychiatrists",
    "language":"en",
    "alternative_id":"S0007125000148573",
    "created_date_time":1224049016000,
    "deposited_date_time":1557604263000,
    "is_referenced_by_count":179,
    "issue":"6",
    "issued_date_parts":"1997\/12",
    "prefix":"10.1192",
    "published_online_date_parts":"2018\/1\/2",
    "published_print_date_parts":"1997\/12"
  },
  "10":{
    "DOI":"10.1192\/bjp.171.6.519",
    "URL":"http:\/\/dx.doi.org\/10.1192\/bjp.171.6.519",
    "title":"Minor psychiatric disorder in NHS trust staff: Occupational and gender differences",
    "container_title":"British Journal of Psychiatry",
    "authors":"T.D. Wall",
    "page":"519-523",
    "publisher":"Royal College of Psychiatrists",
    "language":"en",
    "alternative_id":"S0007125000148573",
    "created_date_time":1224049016000,
    "deposited_date_time":1557604263000,
    "is_referenced_by_count":179,
    "issue":"6",
    "issued_date_parts":"1997\/12",
    "prefix":"10.1192",
    "published_online_date_parts":"2018\/1\/2",
    "published_print_date_parts":"1997\/12"
  },
  "11":{
    "DOI":"10.1192\/bjp.171.6.519",
    "URL":"http:\/\/dx.doi.org\/10.1192\/bjp.171.6.519",
    "title":"Minor psychiatric disorder in NHS trust staff: Occupational and gender differences",
    "container_title":"British Journal of Psychiatry",
    "authors":"R.I. Bolden",
    "page":"519-523",
    "publisher":"Royal College of Psychiatrists",
    "language":"en",
    "alternative_id":"S0007125000148573",
    "created_date_time":1224049016000,
    "deposited_date_time":1557604263000,
    "is_referenced_by_count":179,
    "issue":"6",
    "issued_date_parts":"1997\/12",
    "prefix":"10.1192",
    "published_online_date_parts":"2018\/1\/2",
    "published_print_date_parts":"1997\/12"
  },
  "12":{
    "DOI":"10.1192\/bjp.171.6.519",
    "URL":"http:\/\/dx.doi.org\/10.1192\/bjp.171.6.519",
    "title":"Minor psychiatric disorder in NHS trust staff: Occupational and gender differences",
    "container_title":"British Journal of Psychiatry",
    "authors":"C.S. Borrill",
    "page":"519-523",
    "publisher":"Royal College of Psychiatrists",
    "language":"en",
    "alternative_id":"S0007125000148573",
    "created_date_time":1224049016000,
    "deposited_date_time":1557604263000,
    "is_referenced_by_count":179,
    "issue":"6",
    "issued_date_parts":"1997\/12",
    "prefix":"10.1192",
    "published_online_date_parts":"2018\/1\/2",
    "published_print_date_parts":"1997\/12"
  },
  "13":{
    "DOI":"10.1192\/bjp.171.6.519",
    "URL":"http:\/\/dx.doi.org\/10.1192\/bjp.171.6.519",
    "title":"Minor psychiatric disorder in NHS trust staff: Occupational and gender differences",
    "container_title":"British Journal of Psychiatry",
    "authors":"A.J. Carter",
    "page":"519-523",
    "publisher":"Royal College of Psychiatrists",
    "language":"en",
    "alternative_id":"S0007125000148573",
    "created_date_time":1224049016000,
    "deposited_date_time":1557604263000,
    "is_referenced_by_count":179,
    "issue":"6",
    "issued_date_parts":"1997\/12",
    "prefix":"10.1192",
    "published_online_date_parts":"2018\/1\/2",
    "published_print_date_parts":"1997\/12"
  },
  "14":{
    "DOI":"10.1192\/bjp.171.6.519",
    "URL":"http:\/\/dx.doi.org\/10.1192\/bjp.171.6.519",
    "title":"Minor psychiatric disorder in NHS trust staff: Occupational and gender differences",
    "container_title":"British Journal of Psychiatry",
    "authors":"D.A. Golya",
    "page":"519-523",
    "publisher":"Royal College of Psychiatrists",
    "language":"en",
    "alternative_id":"S0007125000148573",
    "created_date_time":1224049016000,
    "deposited_date_time":1557604263000,
    "is_referenced_by_count":179,
    "issue":"6",
    "issued_date_parts":"1997\/12",
    "prefix":"10.1192",
    "published_online_date_parts":"2018\/1\/2",
    "published_print_date_parts":"1997\/12"
  },
  "15":{
    "DOI":"10.1192\/bjp.171.6.519",
    "URL":"http:\/\/dx.doi.org\/10.1192\/bjp.171.6.519",
    "title":"Minor psychiatric disorder in NHS trust staff: Occupational and gender differences",
    "container_title":"British Journal of Psychiatry",
    "authors":"G.E. Hardy",
    "page":"519-523",
    "publisher":"Royal College of Psychiatrists",
    "language":"en",
    "alternative_id":"S0007125000148573",
    "created_date_time":1224049016000,
    "deposited_date_time":1557604263000,
    "is_referenced_by_count":179,
    "issue":"6",
    "issued_date_parts":"1997\/12",
    "prefix":"10.1192",
    "published_online_date_parts":"2018\/1\/2",
    "published_print_date_parts":"1997\/12"
  },
  "16":{
    "DOI":"10.1192\/bjp.171.6.519",
    "URL":"http:\/\/dx.doi.org\/10.1192\/bjp.171.6.519",
    "title":"Minor psychiatric disorder in NHS trust staff: Occupational and gender differences",
    "container_title":"British Journal of Psychiatry",
    "authors":"C.E. Haynes",
    "page":"519-523",
    "publisher":"Royal College of Psychiatrists",
    "language":"en",
    "alternative_id":"S0007125000148573",
    "created_date_time":1224049016000,
    "deposited_date_time":1557604263000,
    "is_referenced_by_count":179,
    "issue":"6",
    "issued_date_parts":"1997\/12",
    "prefix":"10.1192",
    "published_online_date_parts":"2018\/1\/2",
    "published_print_date_parts":"1997\/12"
  },
  "17":{
    "DOI":"10.1192\/bjp.171.6.519",
    "URL":"http:\/\/dx.doi.org\/10.1192\/bjp.171.6.519",
    "title":"Minor psychiatric disorder in NHS trust staff: Occupational and gender differences",
    "container_title":"British Journal of Psychiatry",
    "authors":"J.E. Rick",
    "page":"519-523",
    "publisher":"Royal College of Psychiatrists",
    "language":"en",
    "alternative_id":"S0007125000148573",
    "created_date_time":1224049016000,
    "deposited_date_time":1557604263000,
    "is_referenced_by_count":179,
    "issue":"6",
    "issued_date_parts":"1997\/12",
    "prefix":"10.1192",
    "published_online_date_parts":"2018\/1\/2",
    "published_print_date_parts":"1997\/12"
  },
  "18":{
    "DOI":"10.1192\/bjp.171.6.519",
    "URL":"http:\/\/dx.doi.org\/10.1192\/bjp.171.6.519",
    "title":"Minor psychiatric disorder in NHS trust staff: Occupational and gender differences",
    "container_title":"British Journal of Psychiatry",
    "authors":"D.A. Shapiro",
    "page":"519-523",
    "publisher":"Royal College of Psychiatrists",
    "language":"en",
    "alternative_id":"S0007125000148573",
    "created_date_time":1224049016000,
    "deposited_date_time":1557604263000,
    "is_referenced_by_count":179,
    "issue":"6",
    "issued_date_parts":"1997\/12",
    "prefix":"10.1192",
    "published_online_date_parts":"2018\/1\/2",
    "published_print_date_parts":"1997\/12"
  },
  "19":{
    "DOI":"10.1192\/bjp.171.6.519",
    "URL":"http:\/\/dx.doi.org\/10.1192\/bjp.171.6.519",
    "title":"Minor psychiatric disorder in NHS trust staff: Occupational and gender differences",
    "container_title":"British Journal of Psychiatry",
    "authors":"M.A. West",
    "page":"519-523",
    "publisher":"Royal College of Psychiatrists",
    "language":"en",
    "alternative_id":"S0007125000148573",
    "created_date_time":1224049016000,
    "deposited_date_time":1557604263000,
    "is_referenced_by_count":179,
    "issue":"6",
    "issued_date_parts":"1997\/12",
    "prefix":"10.1192",
    "published_online_date_parts":"2018\/1\/2",
    "published_print_date_parts":"1997\/12"
  }
}