{
  "0":{
    "cambiaIncrement":68,
    "sourceID":"cambia-lens",
    "objectID":"https:\/\/doi.org\/10.1001\/jama.280.3.229",
    "subjectID":"https:\/\/lens.org\/116-536-777-785-495",
    "eventID":"210902e2-1afe-3315-e9f3-f48a8ef357e5",
    "occurredAt":1381190400000,
    "timeObserved":1510270694000,
    "relationType":"cites",
    "sourceToken":"1ad0b713-78ed-4bb9-8d5d-a3c2d163d46f",
    "license":"https:\/\/creativecommons.org\/licenses\/by-sa\/4.0\/",
    "termsOfUse":"https:\/\/doi.org\/10.13003\/CED-terms-of-use",
    "updatedReason":null,
    "updated":null,
    "eventAction":"add",
    "workSubtypeID":"Granted Patent",
    "workTypeID":"patent",
    "subjectTitle":"Managing Content Based On Reputation",
    "subjectPID":"https:\/\/lens.org\/116-536-777-785-495",
    "jurisdiction":"US",
    "updatedDate":null
  },
  "1":{
    "cambiaIncrement":69,
    "sourceID":"cambia-lens",
    "objectID":"https:\/\/doi.org\/10.1001\/jama.280.3.229",
    "subjectID":"https:\/\/lens.org\/008-793-081-470-390",
    "eventID":"d8661287-acb3-832a-0ed0-2871835a2552",
    "occurredAt":1324944000000,
    "timeObserved":1510416574000,
    "relationType":"cites",
    "sourceToken":"1ad0b713-78ed-4bb9-8d5d-a3c2d163d46f",
    "license":"https:\/\/creativecommons.org\/licenses\/by-sa\/4.0\/",
    "termsOfUse":"https:\/\/doi.org\/10.13003\/CED-terms-of-use",
    "updatedReason":null,
    "updated":null,
    "eventAction":"add",
    "workSubtypeID":"Granted Patent",
    "workTypeID":"patent",
    "subjectTitle":"Method For Managing Collaborative Quality Review Of Creative Works",
    "subjectPID":"https:\/\/lens.org\/008-793-081-470-390",
    "jurisdiction":"US",
    "updatedDate":null
  }
}