cambiaIncrement,sourceID,objectID,subjectID,eventID,occurredAt,timeObserved,relationType,sourceToken,license,termsOfUse,updatedReason,updated,eventAction,workSubtypeID,workTypeID,subjectTitle,subjectPID,jurisdiction,updatedDate
22996,cambia-lens,https://doi.org/10.1001/jama.279.15.1200,https://lens.org/122-481-962-526-913,17bf84fc-ad5a-b773-b39a-f68e8844b59f,2011-09-14 00:00:00,2017-11-10 01:09:06,cites,1ad0b713-78ed-4bb9-8d5d-a3c2d163d46f,https://creativecommons.org/licenses/by-sa/4.0/,https://doi.org/10.13003/CED-terms-of-use,,,add,Patent Application,patent,Methods Of Using Semiconductor Nanocrystals In Bead-Based Nucleic Acid Assays,https://lens.org/122-481-962-526-913,EP,
22997,cambia-lens,https://doi.org/10.1001/jama.279.15.1200,https://lens.org/132-373-184-406-003,1af598cf-8773-d57e-483f-bbc227a551bc,2010-11-16 00:00:00,2017-11-10 03:41:53,cites,1ad0b713-78ed-4bb9-8d5d-a3c2d163d46f,https://creativecommons.org/licenses/by-sa/4.0/,https://doi.org/10.13003/CED-terms-of-use,,,add,Granted Patent,patent,Methods To Evaluate Cytochrome P450 2C19 Isoenzyme Activity Using A Breath Test,https://lens.org/132-373-184-406-003,US,
22998,cambia-lens,https://doi.org/10.1001/jama.279.15.1200,https://lens.org/144-473-713-697-648,bef7c881-5fb1-5b7b-701c-6b185d156b64,2001-09-27 00:00:00,2017-11-10 06:50:13,cites,1ad0b713-78ed-4bb9-8d5d-a3c2d163d46f,https://creativecommons.org/licenses/by-sa/4.0/,https://doi.org/10.13003/CED-terms-of-use,,,add,Patent Application,patent,Methods Of Using Semiconductor Nanocrystals In Bead-Based Nucleic Acid Assays,https://lens.org/144-473-713-697-648,WO,
22999,cambia-lens,https://doi.org/10.1001/jama.279.15.1200,https://lens.org/187-960-584-075-292,d6b372e1-cca1-c1dc-99f9-5eb35d2964ef,2012-03-27 00:00:00,2017-11-10 18:44:41,cites,1ad0b713-78ed-4bb9-8d5d-a3c2d163d46f,https://creativecommons.org/licenses/by-sa/4.0/,https://doi.org/10.13003/CED-terms-of-use,,,add,Granted Patent,patent,Hla Alleles Associated With Adverse Drug Reactions And Methods For Detecting Such,https://lens.org/187-960-584-075-292,US,
23000,cambia-lens,https://doi.org/10.1001/jama.279.15.1200,https://lens.org/023-168-951-409-041,7b05e192-6053-392e-5338-3666f697d441,2015-01-06 00:00:00,2017-11-10 22:59:13,cites,1ad0b713-78ed-4bb9-8d5d-a3c2d163d46f,https://creativecommons.org/licenses/by-sa/4.0/,https://doi.org/10.13003/CED-terms-of-use,,,add,Granted Patent,patent,Method For Identifying Hla Complexes Associated With Adverse Drug Reactions,https://lens.org/023-168-951-409-041,US,
23001,cambia-lens,https://doi.org/10.1001/jama.279.15.1200,https://lens.org/038-679-508-790-633,9c436c8d-157c-659f-1064-d8604845110e,2011-05-17 00:00:00,2017-11-11 02:59:25,cites,1ad0b713-78ed-4bb9-8d5d-a3c2d163d46f,https://creativecommons.org/licenses/by-sa/4.0/,https://doi.org/10.13003/CED-terms-of-use,,,add,Granted Patent,patent,Hla Alleles Associated With Adverse Drug Reactions And Methods For Detecting Such,https://lens.org/038-679-508-790-633,US,
23002,cambia-lens,https://doi.org/10.1001/jama.279.15.1200,https://lens.org/068-315-714-166-285,2dc2afee-4e55-2967-fffe-a297c7836792,2011-07-19 00:00:00,2017-11-11 10:40:35,cites,1ad0b713-78ed-4bb9-8d5d-a3c2d163d46f,https://creativecommons.org/licenses/by-sa/4.0/,https://doi.org/10.13003/CED-terms-of-use,,,add,Granted Patent,patent,Computerized Method And System For Inferring Genetic Findings For A Patient,https://lens.org/068-315-714-166-285,US,
23003,cambia-lens,https://doi.org/10.1001/jama.279.15.1200,https://lens.org/074-964-096-917-199,3b0b8282-a7d0-32c8-e21d-45537fdb25b4,2011-06-21 00:00:00,2017-11-11 12:30:55,cites,1ad0b713-78ed-4bb9-8d5d-a3c2d163d46f,https://creativecommons.org/licenses/by-sa/4.0/,https://doi.org/10.13003/CED-terms-of-use,,,add,Granted Patent,patent,Risk Assessment For Adverse Drug Reactions,https://lens.org/074-964-096-917-199,US,
23004,cambia-lens,https://doi.org/10.1001/jama.279.15.1200,https://lens.org/082-126-602-579-805,0abe5b64-528a-97d2-c425-f5bf51b54ee6,2008-12-30 00:00:00,2017-11-11 14:31:57,cites,1ad0b713-78ed-4bb9-8d5d-a3c2d163d46f,https://creativecommons.org/licenses/by-sa/4.0/,https://doi.org/10.13003/CED-terms-of-use,,,add,Granted Patent,patent,Risk Assessment For Adverse Drug Reactions,https://lens.org/082-126-602-579-805,US,
23005,cambia-lens,https://doi.org/10.1001/jama.279.15.1200,https://lens.org/092-106-880-220-418,33a5f086-2942-7ed4-5631-60cb8d3b6f3e,2011-09-06 00:00:00,2017-11-11 17:20:37,cites,1ad0b713-78ed-4bb9-8d5d-a3c2d163d46f,https://creativecommons.org/licenses/by-sa/4.0/,https://doi.org/10.13003/CED-terms-of-use,,,add,Granted Patent,patent,Risk Assessment For Adverse Drug Reactions,https://lens.org/092-106-880-220-418,US,
