crossRefIncrement,sourceID,objectID,subjectID,eventID,occurredAt,timeObserved,relationType,sourceToken,license,crossrefTermsOfUse,messageAction
4405,crossref,https://doi.org/10.1016/S0165-0173(97)00025-8,https://doi.org/10.1201/9780849331510.ch22,69f7b8e9-8d15-4204-a137-bf4c3ea54da7,1998-11-12 00:00:00,2019-06-21 05:09:05,references,8676e950-8ac5-4074-8ac3-c0a18ada7e99,https://doi.org/10.13003/CED-terms-of-use,https://doi.org/10.13003/CED-terms-of-use,create
4406,crossref,https://doi.org/10.1016/S0165-0173(97)00025-8,https://doi.org/10.1126/science.1207615,cf920861-66ae-49aa-874b-4022b5e46556,2012-02-23 00:00:00,2019-06-24 20:33:55,references,8676e950-8ac5-4074-8ac3-c0a18ada7e99,https://doi.org/10.13003/CED-terms-of-use,https://doi.org/10.13003/CED-terms-of-use,create
4407,crossref,https://doi.org/10.1016/S0165-0173(97)00025-8,https://doi.org/10.1111/ejn.12113,a1c0fe92-89a3-470a-8867-02cc69090f10,2013-01-08 00:00:00,2019-07-08 05:43:28,references,8676e950-8ac5-4074-8ac3-c0a18ada7e99,https://doi.org/10.13003/CED-terms-of-use,https://doi.org/10.13003/CED-terms-of-use,create
4408,crossref,https://doi.org/10.1016/S0165-0173(97)00025-8,https://doi.org/10.1098/rstb.2009.0193,cab03b6a-d550-4689-99c6-f999e4bbb779,2010-01-27 00:00:00,2019-07-19 17:38:37,references,8676e950-8ac5-4074-8ac3-c0a18ada7e99,https://doi.org/10.13003/CED-terms-of-use,https://doi.org/10.13003/CED-terms-of-use,create
4409,crossref,https://doi.org/10.1016/S0165-0173(97)00025-8,https://doi.org/10.1371/journal.pone.0050264,b7f6aaab-1b24-4f81-895e-7aeded4109ce,2012-11-21 00:00:00,2019-12-03 11:37:10,references,8676e950-8ac5-4074-8ac3-c0a18ada7e99,https://doi.org/10.13003/CED-terms-of-use,https://doi.org/10.13003/CED-terms-of-use,create
4410,crossref,https://doi.org/10.1016/S0165-0173(97)00025-8,https://doi.org/10.1002/(SICI)1098-2396(199811)30:3<334::AID-SYN11>3.0.CO;2-#,cd54e72e-e934-4c10-9673-ec0f14fb3e53,,2019-12-15 20:42:20,references,8676e950-8ac5-4074-8ac3-c0a18ada7e99,https://doi.org/10.13003/CED-terms-of-use,https://doi.org/10.13003/CED-terms-of-use,create
4411,crossref,https://doi.org/10.1016/S0165-0173(97)00025-8,https://doi.org/10.1007/s11031-011-9264-3,92e9353b-3d65-4326-aee3-fad82e1366a7,2011-11-25 00:00:00,2019-12-20 22:16:56,references,8676e950-8ac5-4074-8ac3-c0a18ada7e99,https://doi.org/10.13003/CED-terms-of-use,https://doi.org/10.13003/CED-terms-of-use,create
