{
  "0":{
    "DOI":"10.1006\/mpev.1997.0423",
    "URL":"http:\/\/dx.doi.org\/10.1006\/mpev.1997.0423",
    "title":"CytochromeBSequences Suggest Convergent Evolution of the Asian Takin and Arctic Muskox",
    "container_title":"Molecular Phylogenetics and Evolution",
    "authors":"Pamela Groves",
    "page":"363-374",
    "publisher":"Elsevier BV",
    "language":"en",
    "alternative_id":"S1055790397904231",
    "created_date_time":1032378390000,
    "deposited_date_time":1557323506000,
    "is_referenced_by_count":15,
    "issue":"3",
    "issued_date_parts":"1997\/12",
    "prefix":"10.1006",
    "published_online_date_parts":null,
    "published_print_date_parts":"1997\/12"
  },
  "1":{
    "DOI":"10.1006\/mpev.1997.0423",
    "URL":"http:\/\/dx.doi.org\/10.1006\/mpev.1997.0423",
    "title":"CytochromeBSequences Suggest Convergent Evolution of the Asian Takin and Arctic Muskox",
    "container_title":"Molecular Phylogenetics and Evolution",
    "authors":"Gerald F Shields",
    "page":"363-374",
    "publisher":"Elsevier BV",
    "language":"en",
    "alternative_id":"S1055790397904231",
    "created_date_time":1032378390000,
    "deposited_date_time":1557323506000,
    "is_referenced_by_count":15,
    "issue":"3",
    "issued_date_parts":"1997\/12",
    "prefix":"10.1006",
    "published_online_date_parts":null,
    "published_print_date_parts":"1997\/12"
  }
}