{
  "0":{
    "webIncrement":324,
    "sourceID":"web",
    "objectID":"https:\/\/doi.org\/10.1006\/mpev.1997.0423",
    "subjectID":"https:\/\/synapsida.blogspot.com\/2013\/09\/caprines-worlds-largest-goats.html",
    "eventID":"a1c2098b-0d22-4663-8670-e168661bd0f3",
    "occurredAt":1489537253000,
    "timeObserved":1489522940000,
    "relationType":"mentions",
    "termsOfUse":"https:\/\/doi.org\/10.13003\/CED-terms-of-use",
    "updatedReason":"https:\/\/evidence.eventdata.crossref.org\/announcements\/2017-10-06T00-00-00Z-ED-12.json",
    "updated":"edited",
    "sourceToken":"d9c55bad-73db-4860-be18-520d3891b01f",
    "evidenceRecord":"https:\/\/evidence.eventdata.crossref.org\/evidence\/20170315aaaf46ef-1c70-44a0-b7eb-1ca3915a4bf1",
    "eventAction":"add",
    "subjectPID":"https:\/\/synapsida.blogspot.com\/2013\/09\/caprines-worlds-largest-goats.html",
    "subjectURL":"http:\/\/synapsida.blogspot.com\/2013\/09\/caprines-worlds-largest-goats.html",
    "objectPID":"https:\/\/doi.org\/10.1006\/mpev.1997.0423",
    "objectURL":"http:\/\/dx.doi.org\/10.1006\/mpev.1997.0423",
    "updatedDate":1508416461000
  }
}