DOI,URL,title,container_title,authors,page,publisher,language,alternative_id,created_date_time,deposited_date_time,is_referenced_by_count,issue,issued_date_parts,prefix,published_online_date_parts,published_print_date_parts
10.1080/014311697216621,http://dx.doi.org/10.1080/014311697216621,Global prediction of area change of suitable regions for cereal cultivation caused by global warming,International Journal of Remote Sensing,K. Okamoto,3797-3810,Informa UK Limited,en,10.1080/014311697216621,2002-07-26 15:40:29,2018-10-05 14:58:11,3,18,1997/12,10.1080,2010/11/25,1997/12
10.1080/014311697216621,http://dx.doi.org/10.1080/014311697216621,Global prediction of area change of suitable regions for cereal cultivation caused by global warming,International Journal of Remote Sensing,H. Kawashima,3797-3810,Informa UK Limited,en,10.1080/014311697216621,2002-07-26 15:40:29,2018-10-05 14:58:11,3,18,1997/12,10.1080,2010/11/25,1997/12
10.1080/014311697216621,http://dx.doi.org/10.1080/014311697216621,Global prediction of area change of suitable regions for cereal cultivation caused by global warming,International Journal of Remote Sensing,M. Fukuhara,3797-3810,Informa UK Limited,en,10.1080/014311697216621,2002-07-26 15:40:29,2018-10-05 14:58:11,3,18,1997/12,10.1080,2010/11/25,1997/12
10.1080/014311697216621,http://dx.doi.org/10.1080/014311697216621,Global prediction of area change of suitable regions for cereal cultivation caused by global warming,International Journal of Remote Sensing,K. Okamoto,3797-3810,Informa UK Limited,en,10.1080/014311697216621,2002-07-26 15:40:29,2018-10-05 14:58:11,3,18,1997/12,10.1080,2010/11/25,1997/12
10.1080/014311697216621,http://dx.doi.org/10.1080/014311697216621,Global prediction of area change of suitable regions for cereal cultivation caused by global warming,International Journal of Remote Sensing,H. Kawashima,3797-3810,Informa UK Limited,en,10.1080/014311697216621,2002-07-26 15:40:29,2018-10-05 14:58:11,3,18,1997/12,10.1080,2010/11/25,1997/12
10.1080/014311697216621,http://dx.doi.org/10.1080/014311697216621,Global prediction of area change of suitable regions for cereal cultivation caused by global warming,International Journal of Remote Sensing,M. Fukuhara,3797-3810,Informa UK Limited,en,10.1080/014311697216621,2002-07-26 15:40:29,2018-10-05 14:58:11,3,18,1997/12,10.1080,2010/11/25,1997/12
