crossRefIncrement,sourceID,objectID,subjectID,eventID,occurredAt,timeObserved,relationType,sourceToken,license,crossrefTermsOfUse,messageAction
59879,crossref,https://doi.org/10.1007/s002650050481,https://doi.org/10.1080/09524622.2004.9753525,c737e357-7e03-458f-8c3a-4cd5e221c7ff,2004-01-01 00:00:00,2019-06-28 12:20:15,references,8676e950-8ac5-4074-8ac3-c0a18ada7e99,https://doi.org/10.13003/CED-terms-of-use,https://doi.org/10.13003/CED-terms-of-use,create
59880,crossref,https://doi.org/10.1007/s002650050481,https://doi.org/10.1080/09524622.2005.9753544,0724270f-3890-4cbb-8522-075a82f11d2f,2005-01-01 00:00:00,2019-06-28 12:31:04,references,8676e950-8ac5-4074-8ac3-c0a18ada7e99,https://doi.org/10.13003/CED-terms-of-use,https://doi.org/10.13003/CED-terms-of-use,create
59881,crossref,https://doi.org/10.1007/s002650050481,https://doi.org/10.1098/rspb.2010.0210,36008300-2b76-4f6f-b5fc-4fda22c727a7,2010-04-07 00:00:00,2019-07-20 03:57:21,references,8676e950-8ac5-4074-8ac3-c0a18ada7e99,https://doi.org/10.13003/CED-terms-of-use,https://doi.org/10.13003/CED-terms-of-use,create
59882,crossref,https://doi.org/10.1007/s002650050481,https://doi.org/10.1098/rstb.2006.1991,d90fb430-073a-408d-be20-8bbef867f4a7,2007-01-24 00:00:00,2019-07-23 06:37:24,references,8676e950-8ac5-4074-8ac3-c0a18ada7e99,https://doi.org/10.13003/CED-terms-of-use,https://doi.org/10.13003/CED-terms-of-use,create
59883,crossref,https://doi.org/10.1007/s002650050481,https://doi.org/10.1080/09524622.2002.9753491,c9b45f66-056e-48dd-b3c2-42f69ef749b7,2002-01-01 00:00:00,2019-10-22 01:01:16,references,8676e950-8ac5-4074-8ac3-c0a18ada7e99,https://doi.org/10.13003/CED-terms-of-use,https://doi.org/10.13003/CED-terms-of-use,create
59884,crossref,https://doi.org/10.1007/s002650050481,https://doi.org/10.1098/rspb.2011.0932,5c35f244-84e0-48aa-bddd-b5a1ed2b3277,2011-07-13 00:00:00,2019-12-25 19:26:21,references,8676e950-8ac5-4074-8ac3-c0a18ada7e99,https://doi.org/10.13003/CED-terms-of-use,https://doi.org/10.13003/CED-terms-of-use,create
59885,crossref,https://doi.org/10.1007/s002650050481,https://doi.org/10.1007/s00265-013-1631-5,9de75d19-289e-4b0f-ac58-a6b1d2eac376,2013-09-25 00:00:00,2019-12-29 19:25:13,references,8676e950-8ac5-4074-8ac3-c0a18ada7e99,https://doi.org/10.13003/CED-terms-of-use,https://doi.org/10.13003/CED-terms-of-use,create
59886,crossref,https://doi.org/10.1007/s002650050481,https://doi.org/10.1007/s10336-019-01740-0,94b85235-bff5-40a5-9f33-ed3061cdd573,2020-01-11 00:00:00,2020-01-11 20:55:22,references,8676e950-8ac5-4074-8ac3-c0a18ada7e99,https://doi.org/10.13003/CED-terms-of-use,https://doi.org/10.13003/CED-terms-of-use,create
