wikipediaIncrement,sourceID,objectID,subjectID,eventID,occurredAt,timeObserved,relationType,sourceToken,license,termsOfUse,updatedDate,updatedReason,evidenceRecord,eventAction,subjectPID,subjectTitle,subjectURL,subjectAPIURL,objectPID,objectURL
545337,wikipedia,https://doi.org/10.1007/s002650050481,https://en.wikipedia.org/wiki/Spectacled_parrotlet,db2446ec-c1d2-4538-b207-cbe0b8893cfb,2017-09-14 22:51:52,2017-09-14 18:53:05,references,36c35e23-8757-4a9d-aacf-345e9b7eb50d,https://creativecommons.org/publicdomain/zero/1.0/,https://doi.org/10.13003/CED-terms-of-use,2018-01-31 17:30:00,https://evidence.eventdata.crossref.org/announcements/2018-01-19T00-00-00Z-ED-15.json,https://evidence.eventdata.crossref.org/evidence/20170914-wikipedia-359b827c-0ddb-416d-913d-92ee37a39d24,add,https://en.wikipedia.org/wiki/Spectacled_parrotlet,Spectacled parrotlet,https://en.wikipedia.org/w/index.php?title=Spectacled_parrotlet&oldid=800662894,https://en.wikipedia.org/api/rest_v1/page/html/Spectacled_parrotlet/800662894,https://doi.org/10.1007/s002650050481,https://doi.org/10.1007/s002650050481
545338,wikipedia,https://doi.org/10.1007/s002650050481,https://en.wikipedia.org/api/rest_v1/page/html/Spectacled_parrotlet/810659320,8904036a-7f05-4ade-8609-1a8783e0ea67,2017-11-16 17:08:39,2017-11-16 12:44:02,references,36c35e23-8757-4a9d-aacf-345e9b7eb50d,https://creativecommons.org/publicdomain/zero/1.0/,https://doi.org/10.13003/CED-terms-of-use,,,https://evidence.eventdata.crossref.org/evidence/20171116-wikipedia-ac121182-0a6b-4a39-a699-cd68b90ca5fa,add,https://en.wikipedia.org/w/index.php?title=Spectacled_parrotlet&oldid=810659320,Spectacled parrotlet,https://en.wikipedia.org/wiki/Spectacled_parrotlet,https://en.wikipedia.org/api/rest_v1/page/html/Spectacled_parrotlet/810659320,https://doi.org/10.1007/s002650050481,https://doi.org/10.1007/s002650050481
545339,wikipedia,https://doi.org/10.1007/s002650050481,https://en.wikipedia.org/api/rest_v1/page/html/Spectacled_parrotlet/826068643,8f4773ad-a99a-4de3-bf1c-68b32387e2b3,2018-02-17 00:45:00,2018-02-16 19:47:37,references,36c35e23-8757-4a9d-aacf-345e9b7eb50d,https://creativecommons.org/publicdomain/zero/1.0/,https://doi.org/10.13003/CED-terms-of-use,,,https://evidence.eventdata.crossref.org/evidence/20180217-wikipedia-3c82751c-52b0-4d54-9e47-febeb4552e84,add,https://en.wikipedia.org/wiki/Spectacled_parrotlet,Spectacled parrotlet,https://en.wikipedia.org/w/index.php?title=Spectacled_parrotlet&oldid=826068643,https://en.wikipedia.org/api/rest_v1/page/html/Spectacled_parrotlet/826068643,https://doi.org/10.1007/s002650050481,https://doi.org/10.1007/s002650050481
545340,wikipedia,https://doi.org/10.1007/s002650050481,https://en.wikipedia.org/api/rest_v1/page/html/Spectacled_parrotlet/878076862,6addc5a2-75db-40a7-84e8-7a99ff874ab7,2019-01-12 21:26:20,2019-01-12 16:33:46,references,36c35e23-8757-4a9d-aacf-345e9b7eb50d,https://creativecommons.org/publicdomain/zero/1.0/,https://doi.org/10.13003/CED-terms-of-use,,,https://evidence.eventdata.crossref.org/evidence/20190112-wikipedia-1f404b12-809b-4074-a857-0d84dbbd9fc7,add,https://en.wikipedia.org/wiki/Spectacled_parrotlet,Spectacled parrotlet,https://en.wikipedia.org/w/index.php?title=Spectacled_parrotlet&oldid=878076862,https://en.wikipedia.org/api/rest_v1/page/html/Spectacled_parrotlet/878076862,https://doi.org/10.1007/s002650050481,https://doi.org/10.1007/s002650050481
545341,wikipedia,https://doi.org/10.1007/s002650050481,https://en.wikipedia.org/api/rest_v1/page/html/Spectacled_parrotlet/878087336,0d21c83b-e0ae-4bb1-9718-23fce13aa28c,2019-01-12 22:54:41,2019-01-12 17:56:39,references,36c35e23-8757-4a9d-aacf-345e9b7eb50d,https://creativecommons.org/publicdomain/zero/1.0/,https://doi.org/10.13003/CED-terms-of-use,,,https://evidence.eventdata.crossref.org/evidence/20190112-wikipedia-88fe10c1-d729-45b2-b4b3-ec70f1e0875e,add,https://en.wikipedia.org/wiki/Spectacled_parrotlet,Spectacled parrotlet,https://en.wikipedia.org/w/index.php?title=Spectacled_parrotlet&oldid=878087336,https://en.wikipedia.org/api/rest_v1/page/html/Spectacled_parrotlet/878087336,https://doi.org/10.1007/s002650050481,https://doi.org/10.1007/s002650050481
545342,wikipedia,https://doi.org/10.1007/s002650050481,https://en.wikipedia.org/api/rest_v1/page/html/Spectacled_parrotlet/878088224,6664b79d-6bc5-4d2d-b8ad-dc983da92406,2019-01-12 23:02:19,2019-01-12 18:06:06,references,36c35e23-8757-4a9d-aacf-345e9b7eb50d,https://creativecommons.org/publicdomain/zero/1.0/,https://doi.org/10.13003/CED-terms-of-use,,,https://evidence.eventdata.crossref.org/evidence/20190112-wikipedia-65cacd83-123f-4dbd-b604-2c2a3ec91478,add,https://en.wikipedia.org/wiki/Spectacled_parrotlet,Spectacled parrotlet,https://en.wikipedia.org/w/index.php?title=Spectacled_parrotlet&oldid=878088224,https://en.wikipedia.org/api/rest_v1/page/html/Spectacled_parrotlet/878088224,https://doi.org/10.1007/s002650050481,https://doi.org/10.1007/s002650050481
545343,wikipedia,https://doi.org/10.1007/s002650050481,https://en.wikipedia.org/api/rest_v1/page/html/Spectacled_parrotlet/878087499,d823677d-2954-4193-a197-4c0e509fc3c1,2019-01-12 22:56:05,2019-01-12 18:09:01,references,36c35e23-8757-4a9d-aacf-345e9b7eb50d,https://creativecommons.org/publicdomain/zero/1.0/,https://doi.org/10.13003/CED-terms-of-use,,,https://evidence.eventdata.crossref.org/evidence/20190112-wikipedia-a8bc750a-dbdd-46df-a0e6-8490a4bbb462,add,https://en.wikipedia.org/wiki/Spectacled_parrotlet,Spectacled parrotlet,https://en.wikipedia.org/w/index.php?title=Spectacled_parrotlet&oldid=878087499,https://en.wikipedia.org/api/rest_v1/page/html/Spectacled_parrotlet/878087499,https://doi.org/10.1007/s002650050481,https://doi.org/10.1007/s002650050481
545344,wikipedia,https://doi.org/10.1007/s002650050481,https://en.wikipedia.org/api/rest_v1/page/html/Spectacled_parrotlet/888276774,18224b1f-2989-4a78-981b-8d7fe379b4f8,2019-03-18 02:40:14,2019-03-22 12:18:54,references,36c35e23-8757-4a9d-aacf-345e9b7eb50d,https://creativecommons.org/publicdomain/zero/1.0/,https://doi.org/10.13003/CED-terms-of-use,,,https://evidence.eventdata.crossref.org/evidence/20190318-wikipedia-2abdd417-f3a9-4556-aa6d-0a7793d0c50e,add,https://en.wikipedia.org/wiki/Spectacled_parrotlet,Spectacled parrotlet,https://en.wikipedia.org/w/index.php?title=Spectacled_parrotlet&oldid=888276774,https://en.wikipedia.org/api/rest_v1/page/html/Spectacled_parrotlet/888276774,https://doi.org/10.1007/s002650050481,https://doi.org/10.1007/s002650050481
545345,wikipedia,https://doi.org/10.1007/s002650050481,https://en.wikipedia.org/api/rest_v1/page/html/Spectacled_parrotlet/888276432,22f77bec-70fb-49c4-81c7-317110b81e1d,2019-03-18 02:36:21,2019-03-22 13:18:04,references,36c35e23-8757-4a9d-aacf-345e9b7eb50d,https://creativecommons.org/publicdomain/zero/1.0/,https://doi.org/10.13003/CED-terms-of-use,,,https://evidence.eventdata.crossref.org/evidence/20190318-wikipedia-c6228933-db4b-483c-b5b8-91693cc087a4,add,https://en.wikipedia.org/wiki/Spectacled_parrotlet,Spectacled parrotlet,https://en.wikipedia.org/w/index.php?title=Spectacled_parrotlet&oldid=888276432,https://en.wikipedia.org/api/rest_v1/page/html/Spectacled_parrotlet/888276432,https://doi.org/10.1007/s002650050481,https://doi.org/10.1007/s002650050481
545346,wikipedia,https://doi.org/10.1007/s002650050481,https://en.wikipedia.org/api/rest_v1/page/html/Spectacled_parrotlet/888387575,b5a9df26-9211-4525-b825-f952abdd56b8,2019-03-18 20:18:29,2019-03-22 21:30:43,references,36c35e23-8757-4a9d-aacf-345e9b7eb50d,https://creativecommons.org/publicdomain/zero/1.0/,https://doi.org/10.13003/CED-terms-of-use,,,https://evidence.eventdata.crossref.org/evidence/20190318-wikipedia-d5c6e621-dff6-4ab5-bf22-e2cff0f5239b,add,https://en.wikipedia.org/wiki/Spectacled_parrotlet,Spectacled parrotlet,https://en.wikipedia.org/w/index.php?title=Spectacled_parrotlet&oldid=888387575,https://en.wikipedia.org/api/rest_v1/page/html/Spectacled_parrotlet/888387575,https://doi.org/10.1007/s002650050481,https://doi.org/10.1007/s002650050481
545347,wikipedia,https://doi.org/10.1007/s002650050481,https://en.wikipedia.org/api/rest_v1/page/html/Spectacled_parrotlet/891306191,071e1824-2310-4652-807b-241e5b7574fd,2019-04-07 02:26:44,2019-04-06 22:31:35,references,36c35e23-8757-4a9d-aacf-345e9b7eb50d,https://creativecommons.org/publicdomain/zero/1.0/,https://doi.org/10.13003/CED-terms-of-use,,,https://evidence.eventdata.crossref.org/evidence/20190407-wikipedia-468cb03f-2aba-4fcc-9afa-4c3b765c12d5,add,https://en.wikipedia.org/wiki/Spectacled_parrotlet,Spectacled parrotlet,https://en.wikipedia.org/w/index.php?title=Spectacled_parrotlet&oldid=891306191,https://en.wikipedia.org/api/rest_v1/page/html/Spectacled_parrotlet/891306191,https://doi.org/10.1007/s002650050481,https://doi.org/10.1007/s002650050481
545348,wikipedia,https://doi.org/10.1007/s002650050481,https://en.wikipedia.org/api/rest_v1/page/html/Spectacled_parrotlet/891306258,0c94ff77-4301-48c5-ab97-8f76c5312382,2019-04-07 02:27:34,2019-04-06 22:31:57,references,36c35e23-8757-4a9d-aacf-345e9b7eb50d,https://creativecommons.org/publicdomain/zero/1.0/,https://doi.org/10.13003/CED-terms-of-use,,,https://evidence.eventdata.crossref.org/evidence/20190407-wikipedia-a49385a7-879e-4670-84fc-be6d3b98ba3a,add,https://en.wikipedia.org/wiki/Spectacled_parrotlet,Spectacled parrotlet,https://en.wikipedia.org/w/index.php?title=Spectacled_parrotlet&oldid=891306258,https://en.wikipedia.org/api/rest_v1/page/html/Spectacled_parrotlet/891306258,https://doi.org/10.1007/s002650050481,https://doi.org/10.1007/s002650050481
545349,wikipedia,https://doi.org/10.1007/s002650050481,https://en.wikipedia.org/api/rest_v1/page/html/Spectacled_parrotlet/894851957,0aedf255-205b-4b71-93f5-d175d887c2fa,2019-04-30 12:43:26,2019-04-30 08:51:43,references,36c35e23-8757-4a9d-aacf-345e9b7eb50d,https://creativecommons.org/publicdomain/zero/1.0/,https://doi.org/10.13003/CED-terms-of-use,,,https://evidence.eventdata.crossref.org/evidence/20190430-wikipedia-dacc7670-658c-43b5-a042-faebb6631c49,add,https://en.wikipedia.org/wiki/Spectacled_parrotlet,Spectacled parrotlet,https://en.wikipedia.org/w/index.php?title=Spectacled_parrotlet&oldid=894851957,https://en.wikipedia.org/api/rest_v1/page/html/Spectacled_parrotlet/894851957,https://doi.org/10.1007/s002650050481,https://doi.org/10.1007/s002650050481
545350,wikipedia,https://doi.org/10.1007/s002650050481,https://en.wikipedia.org/api/rest_v1/page/html/Spectacled_parrotlet/906982882,44749f81-58b5-4a6e-914d-9e9d1d4fc2c5,2019-07-19 16:54:19,2019-07-19 16:04:59,references,36c35e23-8757-4a9d-aacf-345e9b7eb50d,https://creativecommons.org/publicdomain/zero/1.0/,https://doi.org/10.13003/CED-terms-of-use,,,https://evidence.eventdata.crossref.org/evidence/20190719-wikipedia-e8b81ebe-ef0d-4390-ac57-0f059594e21f,add,https://en.wikipedia.org/wiki/Spectacled_parrotlet,Spectacled parrotlet,https://en.wikipedia.org/w/index.php?title=Spectacled_parrotlet&oldid=906982882,https://en.wikipedia.org/api/rest_v1/page/html/Spectacled_parrotlet/906982882,https://doi.org/10.1007/s002650050481,https://doi.org/10.1007/s002650050481
545351,wikipedia,https://doi.org/10.1007/s002650050481,https://en.wikipedia.org/api/rest_v1/page/html/Spectacled_parrotlet/929180579,37d97542-f5db-4689-b9af-3b11ebfd7acc,2019-12-04 04:25:17,2019-12-04 12:04:38,references,36c35e23-8757-4a9d-aacf-345e9b7eb50d,https://creativecommons.org/publicdomain/zero/1.0/,https://doi.org/10.13003/CED-terms-of-use,,,https://evidence.eventdata.crossref.org/evidence/20191204-wikipedia-cf4c9268-f5a9-4546-8c78-a2517b21bb01,add,https://en.wikipedia.org/wiki/Spectacled_parrotlet,Spectacled parrotlet,https://en.wikipedia.org/w/index.php?title=Spectacled_parrotlet&oldid=929180579,https://en.wikipedia.org/api/rest_v1/page/html/Spectacled_parrotlet/929180579,https://doi.org/10.1007/s002650050481,https://doi.org/10.1007/s002650050481
545352,wikipedia,https://doi.org/10.1007/s002650050481,https://en.wikipedia.org/api/rest_v1/page/html/Spectacled_parrotlet/933226490,5189ad57-0034-4a19-a936-8173b67320ce,2019-12-30 18:01:17,2019-12-30 13:11:24,references,36c35e23-8757-4a9d-aacf-345e9b7eb50d,https://creativecommons.org/publicdomain/zero/1.0/,https://doi.org/10.13003/CED-terms-of-use,,,https://evidence.eventdata.crossref.org/evidence/20191230-wikipedia-868d650b-8b84-4a7b-97f2-d705a4eeb25b,add,https://en.wikipedia.org/wiki/Spectacled_parrotlet,Spectacled parrotlet,https://en.wikipedia.org/w/index.php?title=Spectacled_parrotlet&oldid=933226490,https://en.wikipedia.org/api/rest_v1/page/html/Spectacled_parrotlet/933226490,https://doi.org/10.1007/s002650050481,https://doi.org/10.1007/s002650050481
545353,wikipedia,https://doi.org/10.1007/s002650050481,https://en.wikipedia.org/api/rest_v1/page/html/Spectacled_parrotlet/933246030,9c15e72d-9b9f-41b2-992b-2fe980d81eee,2019-12-30 20:05:09,2019-12-30 15:21:12,references,36c35e23-8757-4a9d-aacf-345e9b7eb50d,https://creativecommons.org/publicdomain/zero/1.0/,https://doi.org/10.13003/CED-terms-of-use,,,https://evidence.eventdata.crossref.org/evidence/20191230-wikipedia-f95a93bd-2426-44da-ae31-0b0991c207cb,add,https://en.wikipedia.org/wiki/Spectacled_parrotlet,Spectacled parrotlet,https://en.wikipedia.org/w/index.php?title=Spectacled_parrotlet&oldid=933246030,https://en.wikipedia.org/api/rest_v1/page/html/Spectacled_parrotlet/933246030,https://doi.org/10.1007/s002650050481,https://doi.org/10.1007/s002650050481
545354,wikipedia,https://doi.org/10.1007/s002650050481,https://en.wikipedia.org/api/rest_v1/page/html/Spectacled_parrotlet/977154430,437bd7be-35b0-4a9f-b748-5f0c32602160,2020-09-07 06:35:52,2020-09-10 16:23:25,references,36c35e23-8757-4a9d-aacf-345e9b7eb50d,https://creativecommons.org/publicdomain/zero/1.0/,https://doi.org/10.13003/CED-terms-of-use,,,https://evidence.eventdata.crossref.org/evidence/20200907-wikipedia-56db7fd2-6234-4526-940c-9ce7374d3d8a,add,https://en.wikipedia.org/wiki/Spectacled_parrotlet,Spectacled parrotlet,https://en.wikipedia.org/w/index.php?title=Spectacled_parrotlet&oldid=977154430,https://en.wikipedia.org/api/rest_v1/page/html/Spectacled_parrotlet/977154430,https://doi.org/10.1007/s002650050481,https://doi.org/10.1007/s002650050481
545355,wikipedia,https://doi.org/10.1007/s002650050481,https://en.wikipedia.org/api/rest_v1/page/html/Spectacled_parrotlet/978217152,25c71e83-a632-431d-93a9-445de84c1508,2020-09-13 16:22:17,2020-09-15 05:13:58,references,36c35e23-8757-4a9d-aacf-345e9b7eb50d,https://creativecommons.org/publicdomain/zero/1.0/,https://doi.org/10.13003/CED-terms-of-use,,,https://evidence.eventdata.crossref.org/evidence/20200913-wikipedia-5f38f6c2-75b3-4635-9839-1585422233f1,add,https://en.wikipedia.org/wiki/Spectacled_parrotlet,Spectacled parrotlet,https://en.wikipedia.org/w/index.php?title=Spectacled_parrotlet&oldid=978217152,https://en.wikipedia.org/api/rest_v1/page/html/Spectacled_parrotlet/978217152,https://doi.org/10.1007/s002650050481,https://doi.org/10.1007/s002650050481
545356,wikipedia,https://doi.org/10.1007/s002650050481,https://pl.wikipedia.org/api/rest_v1/page/html/Wr%C3%B3bliczka_modrobrewa/60876412,fc614ea6-47ad-4570-b8f3-e323e99dbce0,2020-09-18 19:19:04,2020-09-19 20:47:19,references,36c35e23-8757-4a9d-aacf-345e9b7eb50d,https://creativecommons.org/publicdomain/zero/1.0/,https://doi.org/10.13003/CED-terms-of-use,,,https://evidence.eventdata.crossref.org/evidence/20200918-wikipedia-b48cf6ef-ba2a-45b6-861b-6e11634a8246,add,https://pl.wikipedia.org/wiki/Wr%C3%B3bliczka_modrobrewa,Wróbliczka modrobrewa,https://pl.wikipedia.org/w/index.php?title=Wr%C3%B3bliczka_modrobrewa&oldid=60876412,https://pl.wikipedia.org/api/rest_v1/page/html/Wr%C3%B3bliczka_modrobrewa/60876412,https://doi.org/10.1007/s002650050481,https://doi.org/10.1007/s002650050481
545357,wikipedia,https://doi.org/10.1007/s002650050481,https://pl.wikipedia.org/api/rest_v1/page/html/Wr%C3%B3bliczka_modrobrewa/60885814,79af8e34-4270-40a7-b319-dfd535959f61,2020-09-20 08:14:55,2020-09-20 20:03:53,references,36c35e23-8757-4a9d-aacf-345e9b7eb50d,https://creativecommons.org/publicdomain/zero/1.0/,https://doi.org/10.13003/CED-terms-of-use,,,https://evidence.eventdata.crossref.org/evidence/20200920-wikipedia-41d05b9b-ffe8-4d6e-875a-372a4d0c9bbd,add,https://pl.wikipedia.org/wiki/Wr%C3%B3bliczka_modrobrewa,Wróbliczka modrobrewa,https://pl.wikipedia.org/w/index.php?title=Wr%C3%B3bliczka_modrobrewa&oldid=60885814,https://pl.wikipedia.org/api/rest_v1/page/html/Wr%C3%B3bliczka_modrobrewa/60885814,https://doi.org/10.1007/s002650050481,https://doi.org/10.1007/s002650050481
545358,wikipedia,https://doi.org/10.1007/s002650050481,https://en.wikipedia.org/api/rest_v1/page/html/Spectacled_parrotlet/952217291,25985c9f-e05b-4b7c-9c2f-f8a01fcc27c3,2020-04-21 04:04:11,2020-10-14 08:39:35,references,36c35e23-8757-4a9d-aacf-345e9b7eb50d,https://creativecommons.org/publicdomain/zero/1.0/,https://doi.org/10.13003/CED-terms-of-use,,,https://evidence.eventdata.crossref.org/evidence/20200421-wikipedia-ef9f953a-5ac3-4b49-ae9f-275aca3d7201,add,https://en.wikipedia.org/wiki/Spectacled_parrotlet,Spectacled parrotlet,https://en.wikipedia.org/w/index.php?title=Spectacled_parrotlet&oldid=952217291,https://en.wikipedia.org/api/rest_v1/page/html/Spectacled_parrotlet/952217291,https://doi.org/10.1007/s002650050481,https://doi.org/10.1007/s002650050481
545359,wikipedia,https://doi.org/10.1007/s002650050481,https://en.wikipedia.org/api/rest_v1/page/html/Spectacled_parrotlet/987703000,4c1175c0-3f79-4e9b-9f74-72ef3b55f952,2020-11-08 18:44:07,2020-11-08 14:39:19,references,36c35e23-8757-4a9d-aacf-345e9b7eb50d,https://creativecommons.org/publicdomain/zero/1.0/,https://doi.org/10.13003/CED-terms-of-use,,,https://evidence.eventdata.crossref.org/evidence/20201108-wikipedia-293dd2e1-3be3-47ed-8fc9-4e9a4d02904c,add,https://en.wikipedia.org/wiki/Spectacled_parrotlet,Spectacled parrotlet,https://en.wikipedia.org/w/index.php?title=Spectacled_parrotlet&oldid=987703000,https://en.wikipedia.org/api/rest_v1/page/html/Spectacled_parrotlet/987703000,https://doi.org/10.1007/s002650050481,https://doi.org/10.1007/s002650050481
545360,wikipedia,https://doi.org/10.1007/s002650050481,https://en.wikipedia.org/api/rest_v1/page/html/Spectacled_parrotlet/992739930,22070cfd-5a90-4bf6-82d2-68876bbaeb6c,2020-12-06 21:18:13,2020-12-06 16:35:12,references,36c35e23-8757-4a9d-aacf-345e9b7eb50d,https://creativecommons.org/publicdomain/zero/1.0/,https://doi.org/10.13003/CED-terms-of-use,,,https://evidence.eventdata.crossref.org/evidence/20201206-wikipedia-8cdab11a-9638-4868-bd84-969e170fe448,add,https://en.wikipedia.org/wiki/Spectacled_parrotlet,Spectacled parrotlet,https://en.wikipedia.org/w/index.php?title=Spectacled_parrotlet&oldid=992739930,https://en.wikipedia.org/api/rest_v1/page/html/Spectacled_parrotlet/992739930,https://doi.org/10.1007/s002650050481,https://doi.org/10.1007/s002650050481
545361,wikipedia,https://doi.org/10.1007/s002650050481,https://en.wikipedia.org/api/rest_v1/page/html/Spectacled_parrotlet/994703228,01265ae9-4226-4757-a12b-36ed56130842,2020-12-17 03:03:58,2020-12-16 22:13:29,references,36c35e23-8757-4a9d-aacf-345e9b7eb50d,https://creativecommons.org/publicdomain/zero/1.0/,https://doi.org/10.13003/CED-terms-of-use,,,https://evidence.eventdata.crossref.org/evidence/20201217-wikipedia-d3293960-ecd0-4feb-8c1f-f7265b07b0f3,add,https://en.wikipedia.org/wiki/Spectacled_parrotlet,Spectacled parrotlet,https://en.wikipedia.org/w/index.php?title=Spectacled_parrotlet&oldid=994703228,https://en.wikipedia.org/api/rest_v1/page/html/Spectacled_parrotlet/994703228,https://doi.org/10.1007/s002650050481,https://doi.org/10.1007/s002650050481
545362,wikipedia,https://doi.org/10.1007/s002650050481,https://en.wikipedia.org/api/rest_v1/page/html/Spectacled_parrotlet/995366131,0fdecc7e-fe2a-4356-9205-e0761602de98,2020-12-20 17:29:40,2020-12-20 12:39:32,references,36c35e23-8757-4a9d-aacf-345e9b7eb50d,https://creativecommons.org/publicdomain/zero/1.0/,https://doi.org/10.13003/CED-terms-of-use,,,https://evidence.eventdata.crossref.org/evidence/20201220-wikipedia-244f268f-6061-4570-ac95-d21b4127ba28,add,https://en.wikipedia.org/wiki/Spectacled_parrotlet,Spectacled parrotlet,https://en.wikipedia.org/w/index.php?title=Spectacled_parrotlet&oldid=995366131,https://en.wikipedia.org/api/rest_v1/page/html/Spectacled_parrotlet/995366131,https://doi.org/10.1007/s002650050481,https://doi.org/10.1007/s002650050481
