{
  "0":{
    "DOI":"10.1021\/ed075p100",
    "URL":"http:\/\/dx.doi.org\/10.1021\/ed075p100",
    "title":"Is Laboratory Based Instruction in Beginning College-Level Chemistry Worth the Effort and Expense?",
    "container_title":"Journal of Chemical Education",
    "authors":"Alexandra Hilosky",
    "affiliation":"Harcum College, Bryn Mawr, PA 19010-3476",
    "page":"100",
    "publisher":"American Chemical Society (ACS)",
    "language":"en",
    "alternative_id":"10.1021\/ed075p100",
    "created_date_time":1261451807000,
    "deposited_date_time":1570576751000,
    "is_referenced_by_count":18,
    "issue":"1",
    "issued_date_parts":"1998\/1",
    "prefix":"10.1021",
    "published_online_date_parts":null,
    "published_print_date_parts":"1998\/1"
  },
  "1":{
    "DOI":"10.1021\/ed075p100",
    "URL":"http:\/\/dx.doi.org\/10.1021\/ed075p100",
    "title":"Is Laboratory Based Instruction in Beginning College-Level Chemistry Worth the Effort and Expense?",
    "container_title":"Journal of Chemical Education",
    "authors":"Frank Sutman",
    "affiliation":"Harcum College, Bryn Mawr, PA 19010-3476",
    "page":"100",
    "publisher":"American Chemical Society (ACS)",
    "language":"en",
    "alternative_id":"10.1021\/ed075p100",
    "created_date_time":1261451807000,
    "deposited_date_time":1570576751000,
    "is_referenced_by_count":18,
    "issue":"1",
    "issued_date_parts":"1998\/1",
    "prefix":"10.1021",
    "published_online_date_parts":null,
    "published_print_date_parts":"1998\/1"
  },
  "2":{
    "DOI":"10.1021\/ed075p100",
    "URL":"http:\/\/dx.doi.org\/10.1021\/ed075p100",
    "title":"Is Laboratory Based Instruction in Beginning College-Level Chemistry Worth the Effort and Expense?",
    "container_title":"Journal of Chemical Education",
    "authors":"Joseph Schmuckler",
    "affiliation":"Harcum College, Bryn Mawr, PA 19010-3476",
    "page":"100",
    "publisher":"American Chemical Society (ACS)",
    "language":"en",
    "alternative_id":"10.1021\/ed075p100",
    "created_date_time":1261451807000,
    "deposited_date_time":1570576751000,
    "is_referenced_by_count":18,
    "issue":"1",
    "issued_date_parts":"1998\/1",
    "prefix":"10.1021",
    "published_online_date_parts":null,
    "published_print_date_parts":"1998\/1"
  }
}