{
  "0":{
    "DOI":"10.1177\/070674379704200909",
    "URL":"http:\/\/dx.doi.org\/10.1177\/070674379704200909",
    "title":"Depression in Primary Care\u2014More like Asthma Than Appendicitis: The Michigan Depression Project",
    "container_title":"The Canadian Journal of Psychiatry",
    "authors":"Michael S Klinkman",
    "affiliation":"Assistant Professor, Department of Family Medicine, University of Michigan, Ann Arbor, Michigan",
    "page":"966-973",
    "publisher":"SAGE Publications",
    "language":"en",
    "alternative_id":"10.1177\/070674379704200909",
    "created_date_time":1483666358000,
    "deposited_date_time":1515577095000,
    "is_referenced_by_count":42,
    "issue":"9",
    "issued_date_parts":"1997\/11",
    "prefix":"10.1177",
    "published_online_date_parts":"2016\/11\/30",
    "published_print_date_parts":"1997\/11"
  },
  "1":{
    "DOI":"10.1177\/070674379704200909",
    "URL":"http:\/\/dx.doi.org\/10.1177\/070674379704200909",
    "title":"Depression in Primary Care\u2014More like Asthma Than Appendicitis: The Michigan Depression Project",
    "container_title":"The Canadian Journal of Psychiatry",
    "authors":"Thomas L Schwenk",
    "affiliation":"Professor, Department of Family Medicine, University of Michigan, Ann Arbor, Michigan",
    "page":"966-973",
    "publisher":"SAGE Publications",
    "language":"en",
    "alternative_id":"10.1177\/070674379704200909",
    "created_date_time":1483666358000,
    "deposited_date_time":1515577095000,
    "is_referenced_by_count":42,
    "issue":"9",
    "issued_date_parts":"1997\/11",
    "prefix":"10.1177",
    "published_online_date_parts":"2016\/11\/30",
    "published_print_date_parts":"1997\/11"
  },
  "2":{
    "DOI":"10.1177\/070674379704200909",
    "URL":"http:\/\/dx.doi.org\/10.1177\/070674379704200909",
    "title":"Depression in Primary Care\u2014More like Asthma Than Appendicitis: The Michigan Depression Project",
    "container_title":"The Canadian Journal of Psychiatry",
    "authors":"James C Coyne",
    "affiliation":"Departments of Family Medicine and Psychiatry, University of Michigan, Ann Arbor, Michigan",
    "page":"966-973",
    "publisher":"SAGE Publications",
    "language":"en",
    "alternative_id":"10.1177\/070674379704200909",
    "created_date_time":1483666358000,
    "deposited_date_time":1515577095000,
    "is_referenced_by_count":42,
    "issue":"9",
    "issued_date_parts":"1997\/11",
    "prefix":"10.1177",
    "published_online_date_parts":"2016\/11\/30",
    "published_print_date_parts":"1997\/11"
  },
  "6":{
    "DOI":"10.1016\/s0042-6989(99)00180-7",
    "URL":"http:\/\/dx.doi.org\/10.1016\/s0042-6989(99)00180-7",
    "title":"Tilt dependency of slant aftereffect",
    "container_title":"Vision Research",
    "authors":"Samuel R. Sommers",
    "affiliation":"University of Michigan,",
    "page":"349-357",
    "publisher":"Elsevier BV",
    "language":"en",
    "alternative_id":"S0042698999001807",
    "created_date_time":1027599617000,
    "deposited_date_time":1556241733000,
    "is_referenced_by_count":5,
    "issue":"3",
    "issued_date_parts":"2000\/2",
    "prefix":"10.1016",
    "published_online_date_parts":null,
    "published_print_date_parts":"2000\/2"
  },
  "7":{
    "DOI":"10.1016\/s0042-6989(99)00180-7",
    "URL":"http:\/\/dx.doi.org\/10.1016\/s0042-6989(99)00180-7",
    "title":"Tilt dependency of slant aftereffect",
    "container_title":"Vision Research",
    "authors":"Phoebe C. Ellsworth",
    "affiliation":"University of Michigan",
    "page":"349-357",
    "publisher":"Elsevier BV",
    "language":"en",
    "alternative_id":"S0042698999001807",
    "created_date_time":1027599617000,
    "deposited_date_time":1556241733000,
    "is_referenced_by_count":5,
    "issue":"3",
    "issued_date_parts":"2000\/2",
    "prefix":"10.1016",
    "published_online_date_parts":null,
    "published_print_date_parts":"2000\/2"
  }
}