{
  "0":{
    "DOI":"10.1046\/j.1365-2958.2000.01698.x",
    "URL":"http:\/\/dx.doi.org\/10.1046\/j.1365-2958.2000.01698.x",
    "title":"A bacterial genome in flux: the twelve linear and nine circular extrachromosomal DNAs in an infectious isolate of the Lyme disease spirochete Borrelia burgdorferi",
    "container_title":"Molecular Microbiology",
    "authors":"Timothy Bledsoe",
    "affiliation":"WAYNE STATE UNIVERSITY",
    "page":"490-516",
    "publisher":"Wiley",
    "language":"en",
    "alternative_id":null,
    "created_date_time":1047468517000,
    "deposited_date_time":1580964254000,
    "is_referenced_by_count":522,
    "issue":"3",
    "issued_date_parts":"2002\/4\/5",
    "prefix":"10.1111",
    "published_online_date_parts":"2002\/4\/5",
    "published_print_date_parts":null
  }
}