{
  "0":{
    "DOI":"10.1007\/bf00703440",
    "URL":"http:\/\/dx.doi.org\/10.1007\/bf00703440",
    "title":"Report of eight cases of humeral fracture following the throwing of hand grenades",
    "container_title":"Archives of Orthopaedic and Trauma Surgery",
    "authors":"H. Kaplan",
    "page":"50-52",
    "publisher":"Springer Science and Business Media LLC",
    "language":"en",
    "alternative_id":"BF00703440",
    "created_date_time":1101829419000,
    "deposited_date_time":1586002034000,
    "is_referenced_by_count":14,
    "issue":"1-2",
    "issued_date_parts":"1998",
    "prefix":"10.1007",
    "published_online_date_parts":null,
    "published_print_date_parts":"1998"
  },
  "1":{
    "DOI":"10.1007\/bf00703440",
    "URL":"http:\/\/dx.doi.org\/10.1007\/bf00703440",
    "title":"Report of eight cases of humeral fracture following the throwing of hand grenades",
    "container_title":"Archives of Orthopaedic and Trauma Surgery",
    "authors":"A. Kiral",
    "page":"50-52",
    "publisher":"Springer Science and Business Media LLC",
    "language":"en",
    "alternative_id":"BF00703440",
    "created_date_time":1101829419000,
    "deposited_date_time":1586002034000,
    "is_referenced_by_count":14,
    "issue":"1-2",
    "issued_date_parts":"1998",
    "prefix":"10.1007",
    "published_online_date_parts":null,
    "published_print_date_parts":"1998"
  },
  "2":{
    "DOI":"10.1007\/bf00703440",
    "URL":"http:\/\/dx.doi.org\/10.1007\/bf00703440",
    "title":"Report of eight cases of humeral fracture following the throwing of hand grenades",
    "container_title":"Archives of Orthopaedic and Trauma Surgery",
    "authors":"M. Kuskucu",
    "page":"50-52",
    "publisher":"Springer Science and Business Media LLC",
    "language":"en",
    "alternative_id":"BF00703440",
    "created_date_time":1101829419000,
    "deposited_date_time":1586002034000,
    "is_referenced_by_count":14,
    "issue":"1-2",
    "issued_date_parts":"1998",
    "prefix":"10.1007",
    "published_online_date_parts":null,
    "published_print_date_parts":"1998"
  },
  "3":{
    "DOI":"10.1007\/bf00703440",
    "URL":"http:\/\/dx.doi.org\/10.1007\/bf00703440",
    "title":"Report of eight cases of humeral fracture following the throwing of hand grenades",
    "container_title":"Archives of Orthopaedic and Trauma Surgery",
    "authors":"M. \u00ef\u00bf\u00bd. Arpacioglu",
    "page":"50-52",
    "publisher":"Springer Science and Business Media LLC",
    "language":"en",
    "alternative_id":"BF00703440",
    "created_date_time":1101829419000,
    "deposited_date_time":1586002034000,
    "is_referenced_by_count":14,
    "issue":"1-2",
    "issued_date_parts":"1998",
    "prefix":"10.1007",
    "published_online_date_parts":null,
    "published_print_date_parts":"1998"
  },
  "4":{
    "DOI":"10.1007\/bf00703440",
    "URL":"http:\/\/dx.doi.org\/10.1007\/bf00703440",
    "title":"Report of eight cases of humeral fracture following the throwing of hand grenades",
    "container_title":"Archives of Orthopaedic and Trauma Surgery",
    "authors":"A. Sarioglu",
    "page":"50-52",
    "publisher":"Springer Science and Business Media LLC",
    "language":"en",
    "alternative_id":"BF00703440",
    "created_date_time":1101829419000,
    "deposited_date_time":1586002034000,
    "is_referenced_by_count":14,
    "issue":"1-2",
    "issued_date_parts":"1998",
    "prefix":"10.1007",
    "published_online_date_parts":null,
    "published_print_date_parts":"1998"
  },
  "5":{
    "DOI":"10.1007\/bf00703440",
    "URL":"http:\/\/dx.doi.org\/10.1007\/bf00703440",
    "title":"Report of eight cases of humeral fracture following the throwing of hand grenades",
    "container_title":"Archives of Orthopaedic and Trauma Surgery",
    "authors":"O. Rodop",
    "page":"50-52",
    "publisher":"Springer Science and Business Media LLC",
    "language":"en",
    "alternative_id":"BF00703440",
    "created_date_time":1101829419000,
    "deposited_date_time":1586002034000,
    "is_referenced_by_count":14,
    "issue":"1-2",
    "issued_date_parts":"1998",
    "prefix":"10.1007",
    "published_online_date_parts":null,
    "published_print_date_parts":"1998"
  }
}