{
  "0":{
    "DOI":"10.1007\/s004210050268",
    "URL":"http:\/\/dx.doi.org\/10.1007\/s004210050268",
    "title":"Effects of contract-relax stretching training on muscle performance in athletes",
    "container_title":"European Journal of Applied Physiology",
    "authors":"M. Handel",
    "page":"400-408",
    "publisher":"Springer Science and Business Media LLC",
    "language":null,
    "alternative_id":"XNUX1N3YERHXQ2LF",
    "created_date_time":1030264587000,
    "deposited_date_time":1559075525000,
    "is_referenced_by_count":54,
    "issue":"5",
    "issued_date_parts":"1997\/10\/1",
    "prefix":"10.1007",
    "published_online_date_parts":null,
    "published_print_date_parts":"1997\/10\/1"
  },
  "1":{
    "DOI":"10.1007\/s004210050268",
    "URL":"http:\/\/dx.doi.org\/10.1007\/s004210050268",
    "title":"Effects of contract-relax stretching training on muscle performance in athletes",
    "container_title":"European Journal of Applied Physiology",
    "authors":"T. Horstmann",
    "page":"400-408",
    "publisher":"Springer Science and Business Media LLC",
    "language":null,
    "alternative_id":"XNUX1N3YERHXQ2LF",
    "created_date_time":1030264587000,
    "deposited_date_time":1559075525000,
    "is_referenced_by_count":54,
    "issue":"5",
    "issued_date_parts":"1997\/10\/1",
    "prefix":"10.1007",
    "published_online_date_parts":null,
    "published_print_date_parts":"1997\/10\/1"
  },
  "2":{
    "DOI":"10.1007\/s004210050268",
    "URL":"http:\/\/dx.doi.org\/10.1007\/s004210050268",
    "title":"Effects of contract-relax stretching training on muscle performance in athletes",
    "container_title":"European Journal of Applied Physiology",
    "authors":"H.-H. Dickhuth",
    "page":"400-408",
    "publisher":"Springer Science and Business Media LLC",
    "language":null,
    "alternative_id":"XNUX1N3YERHXQ2LF",
    "created_date_time":1030264587000,
    "deposited_date_time":1559075525000,
    "is_referenced_by_count":54,
    "issue":"5",
    "issued_date_parts":"1997\/10\/1",
    "prefix":"10.1007",
    "published_online_date_parts":null,
    "published_print_date_parts":"1997\/10\/1"
  },
  "3":{
    "DOI":"10.1007\/s004210050268",
    "URL":"http:\/\/dx.doi.org\/10.1007\/s004210050268",
    "title":"Effects of contract-relax stretching training on muscle performance in athletes",
    "container_title":"European Journal of Applied Physiology",
    "authors":"R. W. G\u00ef\u00bf\u00bdlch",
    "page":"400-408",
    "publisher":"Springer Science and Business Media LLC",
    "language":null,
    "alternative_id":"XNUX1N3YERHXQ2LF",
    "created_date_time":1030264587000,
    "deposited_date_time":1559075525000,
    "is_referenced_by_count":54,
    "issue":"5",
    "issued_date_parts":"1997\/10\/1",
    "prefix":"10.1007",
    "published_online_date_parts":null,
    "published_print_date_parts":"1997\/10\/1"
  }
}