crossRefIncrement,sourceID,objectID,subjectID,eventID,occurredAt,timeObserved,relationType,sourceToken,license,crossrefTermsOfUse,messageAction
11172,crossref,https://doi.org/10.1002/(SICI)1097-0142(19980815)83:4<777::AID-CNCR22>3.0.CO;2-O,https://doi.org/10.1093/annonc/mdr521,70f12cf9-3b51-4c4f-abd2-7a3cebb9c000,2011-11-05 00:00:00,2019-06-19 22:18:31,references,8676e950-8ac5-4074-8ac3-c0a18ada7e99,https://doi.org/10.13003/CED-terms-of-use,https://doi.org/10.13003/CED-terms-of-use,create
11173,crossref,https://doi.org/10.1002/(SICI)1097-0142(19980815)83:4<777::AID-CNCR22>3.0.CO;2-O,https://doi.org/10.4048/jbc.2011.14.4.340,04ae09c4-1d3f-4f6c-9b27-d71a4a5e2652,2011-01-01 00:00:00,2019-06-23 04:08:57,references,8676e950-8ac5-4074-8ac3-c0a18ada7e99,https://doi.org/10.13003/CED-terms-of-use,https://doi.org/10.13003/CED-terms-of-use,create
11174,crossref,https://doi.org/10.1002/(SICI)1097-0142(19980815)83:4<777::AID-CNCR22>3.0.CO;2-O,https://doi.org/10.1177/2156587217705054,3cb89f6c-9271-4c90-9a5c-f55990e9a5c4,2017-04-27 00:00:00,2019-06-28 08:47:13,references,8676e950-8ac5-4074-8ac3-c0a18ada7e99,https://doi.org/10.13003/CED-terms-of-use,https://doi.org/10.13003/CED-terms-of-use,create
11175,crossref,https://doi.org/10.1002/(SICI)1097-0142(19980815)83:4<777::AID-CNCR22>3.0.CO;2-O,https://doi.org/10.1179/1743291X12Y.0000000001,c228fb2f-7534-4236-950d-9bf162185969,2012-11-01 00:00:00,2019-06-29 05:12:28,references,8676e950-8ac5-4074-8ac3-c0a18ada7e99,https://doi.org/10.13003/CED-terms-of-use,https://doi.org/10.13003/CED-terms-of-use,create
11176,crossref,https://doi.org/10.1002/(SICI)1097-0142(19980815)83:4<777::AID-CNCR22>3.0.CO;2-O,https://doi.org/10.1177/2158244012454438,dc83f92d-ee1e-4d17-bed0-aaa793c7f710,2012-07-23 00:00:00,2019-07-03 05:38:20,references,8676e950-8ac5-4074-8ac3-c0a18ada7e99,https://doi.org/10.13003/CED-terms-of-use,https://doi.org/10.13003/CED-terms-of-use,create
11177,crossref,https://doi.org/10.1002/(SICI)1097-0142(19980815)83:4<777::AID-CNCR22>3.0.CO;2-O,https://doi.org/10.1186/1471-2407-12-559,4116f204-788e-4361-8658-9ea97d3a795b,2012-11-27 00:00:00,2019-07-06 22:31:14,references,8676e950-8ac5-4074-8ac3-c0a18ada7e99,https://doi.org/10.13003/CED-terms-of-use,https://doi.org/10.13003/CED-terms-of-use,create
11178,crossref,https://doi.org/10.1002/(SICI)1097-0142(19980815)83:4<777::AID-CNCR22>3.0.CO;2-O,https://doi.org/10.1089/jpm.2012.0226,469a8630-04aa-4be7-96f6-484cf0557474,2013-04-01 00:00:00,2019-07-08 22:36:03,references,8676e950-8ac5-4074-8ac3-c0a18ada7e99,https://doi.org/10.13003/CED-terms-of-use,https://doi.org/10.13003/CED-terms-of-use,create
11179,crossref,https://doi.org/10.1002/(SICI)1097-0142(19980815)83:4<777::AID-CNCR22>3.0.CO;2-O,https://doi.org/10.1142/S0192415X02000569,e1ca0674-e094-42a1-aa7e-67386f3de8c4,2002-01-01 00:00:00,2019-10-15 21:20:12,references,8676e950-8ac5-4074-8ac3-c0a18ada7e99,https://doi.org/10.13003/CED-terms-of-use,https://doi.org/10.13003/CED-terms-of-use,create
11180,crossref,https://doi.org/10.1002/(SICI)1097-0142(19980815)83:4<777::AID-CNCR22>3.0.CO;2-O,https://doi.org/10.1097/00004479-200401000-00007,c9677be5-34f8-4c60-8e72-0e71e68f41bb,2004-01-01 00:00:00,2019-10-20 13:41:14,references,8676e950-8ac5-4074-8ac3-c0a18ada7e99,https://doi.org/10.13003/CED-terms-of-use,https://doi.org/10.13003/CED-terms-of-use,create
11181,crossref,https://doi.org/10.1002/(SICI)1097-0142(19980815)83:4<777::AID-CNCR22>3.0.CO;2-O,https://doi.org/10.1007/978-981-10-8548-2_21,acd5de6b-e227-426e-92ce-fd492eeff0be,2018-01-01 00:00:00,2019-10-20 22:48:12,references,8676e950-8ac5-4074-8ac3-c0a18ada7e99,https://doi.org/10.13003/CED-terms-of-use,https://doi.org/10.13003/CED-terms-of-use,create
11182,crossref,https://doi.org/10.1002/(SICI)1097-0142(19980815)83:4<777::AID-CNCR22>3.0.CO;2-O,https://doi.org/10.1177/2156587211415278,3ad4ec9f-fd4e-4a1a-9c06-fb6302798f0e,,2019-11-01 09:17:16,references,8676e950-8ac5-4074-8ac3-c0a18ada7e99,https://doi.org/10.13003/CED-terms-of-use,https://doi.org/10.13003/CED-terms-of-use,create
11183,crossref,https://doi.org/10.1002/(SICI)1097-0142(19980815)83:4<777::AID-CNCR22>3.0.CO;2-O,https://doi.org/10.3390/molecules24112102,f7baef72-2694-4e62-a4c7-ddb5cefe11b5,2019-06-03 00:00:00,2019-12-10 14:46:06,references,8676e950-8ac5-4074-8ac3-c0a18ada7e99,https://doi.org/10.13003/CED-terms-of-use,https://doi.org/10.13003/CED-terms-of-use,create
11184,crossref,https://doi.org/10.1002/(SICI)1097-0142(19980815)83:4<777::AID-CNCR22>3.0.CO;2-O,https://doi.org/10.31362/patd.526867,22761630-37aa-4b60-9ead-71587d987849,2019-09-01 00:00:00,2019-12-24 21:28:27,references,8676e950-8ac5-4074-8ac3-c0a18ada7e99,https://doi.org/10.13003/CED-terms-of-use,https://doi.org/10.13003/CED-terms-of-use,create
11185,crossref,https://doi.org/10.1002/(SICI)1097-0142(19980815)83:4<777::AID-CNCR22>3.0.CO;2-O,https://doi.org/10.1177/1533210105283386,cf9b76f7-f9b2-4aff-83d1-c9f6cdd636d9,2005-10-01 00:00:00,2019-12-25 12:40:53,references,8676e950-8ac5-4074-8ac3-c0a18ada7e99,https://doi.org/10.13003/CED-terms-of-use,https://doi.org/10.13003/CED-terms-of-use,create
11186,crossref,https://doi.org/10.1002/(SICI)1097-0142(19980815)83:4<777::AID-CNCR22>3.0.CO;2-O,https://doi.org/10.1080/13607863.2011.644265,1793e2e4-0e60-4ae0-9553-a30d43cd3bde,2012-07-01 00:00:00,2019-12-29 15:33:33,references,8676e950-8ac5-4074-8ac3-c0a18ada7e99,https://doi.org/10.13003/CED-terms-of-use,https://doi.org/10.13003/CED-terms-of-use,create
