twitterIncrement,sourceID,subjectID,objectID,eventID,occurredAt,timeObserved,relationType,sourceToken,license,termsOfUse,tweetAuthor,originalTweetAuthor,updatedReason,updated,evidenceRecord,eventAction,subjectPID,originalTweetURL,alternativeID,title,issued,objectPID,objectURL,updatedDate
46246,twitter,twitter://status?id=1142120718735298560,https://doi.org/10.1001/jama.279.22.1795,1f75a973-b6a0-42a6-bc8e-e8f96945eca0,2019-06-21 17:22:53,2019-06-21 13:26:48,discusses,45a1ef76-4f43-4cdc-9ba8-5a6ad01cc231,https://creativecommons.org/publicdomain/zero/1.0/,https://doi.org/10.13003/CED-terms-of-use,twitter://user?screen_name=mbebinger,,,,https://evidence.eventdata.crossref.org/evidence/20190621-twitter-d60b7cd0-fa57-4b4a-9b35-34cb261271,add,twitter://status?id=1142120718735298560,twitter://status?id=1142120718735298560,1142120718735298560,Tweet 1142120718735298560,2019-06-21 17:22:53,https://doi.org/10.1001/jama.279.22.1795,https://jamanetwork.com/journals/jama/fullarticle/187625,
46247,twitter,twitter://status?id=1142136109800947712,https://doi.org/10.1001/jama.279.22.1795,daeb334e-0f85-4ca6-ad98-c7f92163db99,2019-06-21 18:24:03,2019-06-21 14:30:44,discusses,45a1ef76-4f43-4cdc-9ba8-5a6ad01cc231,https://creativecommons.org/publicdomain/zero/1.0/,https://doi.org/10.13003/CED-terms-of-use,twitter://user?screen_name=LeoBeletsky,twitter://user?screen_name=mbebinger,,,https://evidence.eventdata.crossref.org/evidence/20190621-twitter-269e642d-fe91-4cb7-a217-7d64fbc94b,add,twitter://status?id=1142136109800947712,twitter://status?id=1142120718735298560,1142136109800947712,Tweet 1142136109800947712,2019-06-21 18:24:03,https://doi.org/10.1001/jama.279.22.1795,https://jamanetwork.com/journals/jama/fullarticle/187625,
46248,twitter,twitter://status?id=1142137409183735808,https://doi.org/10.1001/jama.279.22.1795,c7214e16-5e48-4e44-b166-aae2bf87c28b,2019-06-21 18:29:12,2019-06-21 14:40:45,discusses,45a1ef76-4f43-4cdc-9ba8-5a6ad01cc231,https://creativecommons.org/publicdomain/zero/1.0/,https://doi.org/10.13003/CED-terms-of-use,twitter://user?screen_name=ottawaharmredux,twitter://user?screen_name=mbebinger,,,https://evidence.eventdata.crossref.org/evidence/20190621-twitter-4910e124-f0b0-4d60-8f77-2ba7b0d7f9,add,twitter://status?id=1142137409183735808,twitter://status?id=1142120718735298560,1142137409183735808,Tweet 1142137409183735808,2019-06-21 18:29:12,https://doi.org/10.1001/jama.279.22.1795,https://jamanetwork.com/journals/jama/fullarticle/187625,
46249,twitter,twitter://status?id=1203099876252368899,https://doi.org/10.1001/jama.279.22.1795,82dbf0e0-e4db-4872-8b04-7676b4def8dd,2019-12-06 23:52:17,2019-12-06 20:11:51,discusses,45a1ef76-4f43-4cdc-9ba8-5a6ad01cc231,https://creativecommons.org/publicdomain/zero/1.0/,https://doi.org/10.13003/CED-terms-of-use,twitter://user?screen_name=leonardjbRx,,,,https://evidence.eventdata.crossref.org/evidence/20191206-twitter-cbedba2b-903c-4044-85d5-9d2630851a,add,twitter://status?id=1203099876252368899,twitter://status?id=1203099876252368899,1203099876252368899,Tweet 1203099876252368899,2019-12-06 23:52:17,https://doi.org/10.1001/jama.279.22.1795,https://jamanetwork.com/journals/jama/fullarticle/187625,
