crossRefIncrement,sourceID,objectID,subjectID,eventID,occurredAt,timeObserved,relationType,sourceToken,license,crossrefTermsOfUse,messageAction
51856,crossref,https://doi.org/10.1007/PL00009559,https://doi.org/10.3171/2012.10.JNS127,f83a17c1-0ff3-4fdd-9f3c-23f55683ac48,2013-02-01 00:00:00,2019-06-29 17:50:15,references,8676e950-8ac5-4074-8ac3-c0a18ada7e99,https://doi.org/10.13003/CED-terms-of-use,https://doi.org/10.13003/CED-terms-of-use,create
51857,crossref,https://doi.org/10.1007/PL00009559,https://doi.org/10.1177/000348941011901111,854748ee-e45c-4c4c-b8b3-7c112e8641ba,2010-11-01 00:00:00,2019-07-09 22:56:30,references,8676e950-8ac5-4074-8ac3-c0a18ada7e99,https://doi.org/10.13003/CED-terms-of-use,https://doi.org/10.13003/CED-terms-of-use,create
51858,crossref,https://doi.org/10.1007/PL00009559,https://doi.org/10.2214/ajr.174.2.1740449,17092cf5-13ab-42c6-acf3-ccb51684df54,2000-02-01 00:00:00,2019-07-10 21:43:51,references,8676e950-8ac5-4074-8ac3-c0a18ada7e99,https://doi.org/10.13003/CED-terms-of-use,https://doi.org/10.13003/CED-terms-of-use,create
51859,crossref,https://doi.org/10.1007/PL00009559,https://doi.org/10.12968/nrec.2019.21.8.439,e0e70618-e185-44ae-b425-93e887c82557,2019-08-02 00:00:00,2019-07-14 12:01:48,references,8676e950-8ac5-4074-8ac3-c0a18ada7e99,https://doi.org/10.13003/CED-terms-of-use,https://doi.org/10.13003/CED-terms-of-use,create
51860,crossref,https://doi.org/10.1007/PL00009559,https://doi.org/10.12968/bjcn.2019.24.7.323,429c1ed9-8418-4090-81df-4eccab64fe1f,2019-07-02 00:00:00,2019-07-20 12:40:13,references,8676e950-8ac5-4074-8ac3-c0a18ada7e99,https://doi.org/10.13003/CED-terms-of-use,https://doi.org/10.13003/CED-terms-of-use,create
51861,crossref,https://doi.org/10.1007/PL00009559,https://doi.org/10.3950/jibiinkoka.116.695,f64f8345-b3a7-4b16-8860-974f27152c89,2013-01-01 00:00:00,2019-07-23 00:41:40,references,8676e950-8ac5-4074-8ac3-c0a18ada7e99,https://doi.org/10.13003/CED-terms-of-use,https://doi.org/10.13003/CED-terms-of-use,create
51862,crossref,https://doi.org/10.1007/PL00009559,https://doi.org/10.1111/j.1460-6984.2011.00093.x,26281b00-e52a-4713-b8fb-88cecbd4df08,2012-04-11 00:00:00,2019-10-30 20:40:13,references,8676e950-8ac5-4074-8ac3-c0a18ada7e99,https://doi.org/10.13003/CED-terms-of-use,https://doi.org/10.13003/CED-terms-of-use,create
51863,crossref,https://doi.org/10.1007/PL00009559,https://doi.org/10.1080/17549507.2018.1512652,f553aed8-765c-41ba-b887-dc5e7e335ba0,2018-10-09 00:00:00,2019-11-25 22:33:59,references,8676e950-8ac5-4074-8ac3-c0a18ada7e99,https://doi.org/10.13003/CED-terms-of-use,https://doi.org/10.13003/CED-terms-of-use,create
51864,crossref,https://doi.org/10.1007/PL00009559,https://doi.org/10.1007/s00455-019-10084-z,e0dccc57-6b44-45f8-85ca-aadb052ae527,2019-12-07 00:00:00,2019-12-07 22:59:00,references,8676e950-8ac5-4074-8ac3-c0a18ada7e99,https://doi.org/10.13003/CED-terms-of-use,https://doi.org/10.13003/CED-terms-of-use,create
51865,crossref,https://doi.org/10.1007/PL00009559,https://doi.org/10.1044/cicsd_29_F_141,2243b7bf-aaef-448d-a43e-e88e48df6c95,2002-10-01 00:00:00,2019-12-29 10:58:13,references,8676e950-8ac5-4074-8ac3-c0a18ada7e99,https://doi.org/10.13003/CED-terms-of-use,https://doi.org/10.13003/CED-terms-of-use,create
51866,crossref,https://doi.org/10.1007/PL00009559,https://doi.org/10.2169/internalmedicine.2373-18,52e71955-5e08-4f8a-b41b-ec8b30708c9a,2020-01-01 00:00:00,2020-01-06 23:43:26,references,8676e950-8ac5-4074-8ac3-c0a18ada7e99,https://doi.org/10.13003/CED-terms-of-use,https://doi.org/10.13003/CED-terms-of-use,create
