crossRefIncrement,sourceID,objectID,subjectID,eventID,occurredAt,timeObserved,relationType,sourceToken,license,crossrefTermsOfUse,messageAction
3659,crossref,https://doi.org/10.1016/S0140-6736(97)07382-0,https://doi.org/10.1111/j.1399-6576.2011.02500.x,57291d57-aff7-4bcd-845f-876d42cffa0b,2011-09-08 00:00:00,2019-06-16 00:09:32,references,8676e950-8ac5-4074-8ac3-c0a18ada7e99,https://doi.org/10.13003/CED-terms-of-use,https://doi.org/10.13003/CED-terms-of-use,create
3660,crossref,https://doi.org/10.1016/S0140-6736(97)07382-0,https://doi.org/10.1002/ana.22664,31a2f439-3c44-44ca-808c-5b73c11f6f40,2011-12-01 00:00:00,2019-06-20 05:11:22,references,8676e950-8ac5-4074-8ac3-c0a18ada7e99,https://doi.org/10.13003/CED-terms-of-use,https://doi.org/10.13003/CED-terms-of-use,create
3661,crossref,https://doi.org/10.1016/S0140-6736(97)07382-0,https://doi.org/10.1042/BSR20190166,484c29e4-0989-4de8-b4f7-3a6bbdd9decc,2019-05-28 00:00:00,2019-06-22 11:36:29,references,8676e950-8ac5-4074-8ac3-c0a18ada7e99,https://doi.org/10.13003/CED-terms-of-use,https://doi.org/10.13003/CED-terms-of-use,create
3662,crossref,https://doi.org/10.1016/S0140-6736(97)07382-0,https://doi.org/10.1080/03601277.2018.1459088,48690fa3-9603-4e9a-a09d-3c2cd82d5c3f,2018-04-03 00:00:00,2019-06-22 17:32:33,references,8676e950-8ac5-4074-8ac3-c0a18ada7e99,https://doi.org/10.13003/CED-terms-of-use,https://doi.org/10.13003/CED-terms-of-use,create
3663,crossref,https://doi.org/10.1016/S0140-6736(97)07382-0,https://doi.org/10.1111/j.1399-6576.2011.02616.x,ff79facf-dc60-49ad-9176-168d10b571b9,2012-01-09 00:00:00,2019-06-23 21:36:42,references,8676e950-8ac5-4074-8ac3-c0a18ada7e99,https://doi.org/10.13003/CED-terms-of-use,https://doi.org/10.13003/CED-terms-of-use,create
3664,crossref,https://doi.org/10.1016/S0140-6736(97)07382-0,https://doi.org/10.1097/ANA.0b013e31824a8152,ade9acb6-46b5-4757-b35d-a9518dbf6f3e,2012-04-01 00:00:00,2019-06-24 19:44:52,references,8676e950-8ac5-4074-8ac3-c0a18ada7e99,https://doi.org/10.13003/CED-terms-of-use,https://doi.org/10.13003/CED-terms-of-use,create
3665,crossref,https://doi.org/10.1016/S0140-6736(97)07382-0,https://doi.org/10.3810/hp.2012.02.962,0e43482e-759a-4fc4-9550-db61dbb52ca5,2012-02-01 00:00:00,2019-06-25 08:43:40,references,8676e950-8ac5-4074-8ac3-c0a18ada7e99,https://doi.org/10.13003/CED-terms-of-use,https://doi.org/10.13003/CED-terms-of-use,create
3666,crossref,https://doi.org/10.1016/S0140-6736(97)07382-0,https://doi.org/10.7461/jcen.2012.14.1.11,ef50b580-df76-47e9-87d1-c139bc4a170a,2012-01-01 00:00:00,2019-06-28 22:21:48,references,8676e950-8ac5-4074-8ac3-c0a18ada7e99,https://doi.org/10.13003/CED-terms-of-use,https://doi.org/10.13003/CED-terms-of-use,create
3667,crossref,https://doi.org/10.1016/S0140-6736(97)07382-0,https://doi.org/10.1097/EJA.0b013e328356bd6e,369dfb7d-4ecf-42e8-a8ce-b4957dace9c4,2012-08-01 00:00:00,2019-07-02 09:04:26,references,8676e950-8ac5-4074-8ac3-c0a18ada7e99,https://doi.org/10.13003/CED-terms-of-use,https://doi.org/10.13003/CED-terms-of-use,create
3668,crossref,https://doi.org/10.1016/S0140-6736(97)07382-0,https://doi.org/10.4161/pri.22502,c1eef976-b8ba-4aa1-9b55-c57ae96c81a3,2012-11-01 00:00:00,2019-07-06 04:18:41,references,8676e950-8ac5-4074-8ac3-c0a18ada7e99,https://doi.org/10.13003/CED-terms-of-use,https://doi.org/10.13003/CED-terms-of-use,create
3669,crossref,https://doi.org/10.1016/S0140-6736(97)07382-0,https://doi.org/10.1007/s00540-012-1506-3,25a6a0e1-636d-460e-9dcb-f129146dddf4,2012-10-22 00:00:00,2019-07-07 03:09:19,references,8676e950-8ac5-4074-8ac3-c0a18ada7e99,https://doi.org/10.13003/CED-terms-of-use,https://doi.org/10.13003/CED-terms-of-use,create
3670,crossref,https://doi.org/10.1016/S0140-6736(97)07382-0,https://doi.org/10.1007/s00540-012-1548-6,a94448c3-0e72-416d-abda-9c9d9b284c87,2013-01-31 00:00:00,2019-07-11 02:59:12,references,8676e950-8ac5-4074-8ac3-c0a18ada7e99,https://doi.org/10.13003/CED-terms-of-use,https://doi.org/10.13003/CED-terms-of-use,create
3671,crossref,https://doi.org/10.1016/S0140-6736(97)07382-0,https://doi.org/10.1002/9781118312513.ch15,f6faf4c9-5db3-4016-930b-f6cde751c48c,2013-01-02 00:00:00,2019-07-20 14:09:36,references,8676e950-8ac5-4074-8ac3-c0a18ada7e99,https://doi.org/10.13003/CED-terms-of-use,https://doi.org/10.13003/CED-terms-of-use,create
3672,crossref,https://doi.org/10.1016/S0140-6736(97)07382-0,https://doi.org/10.1007/BF03324756,4ae49926-8f9f-420d-bc9e-640a2fade091,2008-04-01 00:00:00,2019-07-23 00:56:13,references,8676e950-8ac5-4074-8ac3-c0a18ada7e99,https://doi.org/10.13003/CED-terms-of-use,https://doi.org/10.13003/CED-terms-of-use,create
3673,crossref,https://doi.org/10.1016/S0140-6736(97)07382-0,https://doi.org/10.4103/joacp.JOACP_141_18,7e7bb3e4-199f-4b33-937e-15cb9e3ef81e,2019-01-01 00:00:00,2019-07-30 13:40:47,references,8676e950-8ac5-4074-8ac3-c0a18ada7e99,https://doi.org/10.13003/CED-terms-of-use,https://doi.org/10.13003/CED-terms-of-use,create
3674,crossref,https://doi.org/10.1016/S0140-6736(97)07382-0,https://doi.org/10.1111/anae.14606,8deacd8a-2a44-4858-8353-cd44e72b4a70,2019-03-05 00:00:00,2019-10-14 02:29:22,references,8676e950-8ac5-4074-8ac3-c0a18ada7e99,https://doi.org/10.13003/CED-terms-of-use,https://doi.org/10.13003/CED-terms-of-use,create
3675,crossref,https://doi.org/10.1016/S0140-6736(97)07382-0,https://doi.org/10.1038/srep34671,d60d75dd-069e-459e-9f59-97f9144dddba,2016-10-06 00:00:00,2019-10-18 08:25:52,references,8676e950-8ac5-4074-8ac3-c0a18ada7e99,https://doi.org/10.13003/CED-terms-of-use,https://doi.org/10.13003/CED-terms-of-use,create
3676,crossref,https://doi.org/10.1016/S0140-6736(97)07382-0,https://doi.org/10.3171/2013.8.JNS13931,4ef157e3-9be0-4a80-af22-0f772b5d2fbf,2014-01-01 00:00:00,2019-10-20 10:48:05,references,8676e950-8ac5-4074-8ac3-c0a18ada7e99,https://doi.org/10.13003/CED-terms-of-use,https://doi.org/10.13003/CED-terms-of-use,create
3677,crossref,https://doi.org/10.1016/S0140-6736(97)07382-0,https://doi.org/10.1007/s11064-012-0834-x,63fb15e0-4815-4f55-90b2-adfe5a25e9aa,2012-08-07 00:00:00,2019-10-28 10:51:15,references,8676e950-8ac5-4074-8ac3-c0a18ada7e99,https://doi.org/10.13003/CED-terms-of-use,https://doi.org/10.13003/CED-terms-of-use,create
3678,crossref,https://doi.org/10.1016/S0140-6736(97)07382-0,https://doi.org/10.2119/molmed.2014.00143,6be99f41-3af2-499e-8c26-968464b3b02e,2014-01-01 00:00:00,2019-11-23 19:37:16,references,8676e950-8ac5-4074-8ac3-c0a18ada7e99,https://doi.org/10.13003/CED-terms-of-use,https://doi.org/10.13003/CED-terms-of-use,create
3679,crossref,https://doi.org/10.1016/S0140-6736(97)07382-0,https://doi.org/10.3340/jkns.2016.59.3.287,68ef2d18-2a71-42c2-a5c2-2464b89e3707,2016-01-01 00:00:00,2019-12-15 12:38:53,references,8676e950-8ac5-4074-8ac3-c0a18ada7e99,https://doi.org/10.13003/CED-terms-of-use,https://doi.org/10.13003/CED-terms-of-use,create
3680,crossref,https://doi.org/10.1016/S0140-6736(97)07382-0,https://doi.org/10.1080/10253890.2019.1702641,6b01c79a-76d6-4c76-b76a-7c244cacec5f,2019-12-16 00:00:00,2019-12-17 20:37:05,references,8676e950-8ac5-4074-8ac3-c0a18ada7e99,https://doi.org/10.13003/CED-terms-of-use,https://doi.org/10.13003/CED-terms-of-use,create
3681,crossref,https://doi.org/10.1016/S0140-6736(97)07382-0,https://doi.org/10.1038/s41374-018-0174-9,dd9c5685-f43b-4096-8972-2b93ca8fff41,2019-01-09 00:00:00,2019-12-20 04:51:36,references,8676e950-8ac5-4074-8ac3-c0a18ada7e99,https://doi.org/10.13003/CED-terms-of-use,https://doi.org/10.13003/CED-terms-of-use,create
3682,crossref,https://doi.org/10.1016/S0140-6736(97)07382-0,https://doi.org/10.3171/2013.4.JNS1368,3e0571a9-f8e1-48d6-a9d8-c945a5ac035b,2013-09-01 00:00:00,2019-12-27 14:24:27,references,8676e950-8ac5-4074-8ac3-c0a18ada7e99,https://doi.org/10.13003/CED-terms-of-use,https://doi.org/10.13003/CED-terms-of-use,create
3683,crossref,https://doi.org/10.1016/S0140-6736(97)07382-0,https://doi.org/10.1093/bmb/ldt006,0bec0bdf-3f3e-451c-be9f-811dca324951,2013-04-04 00:00:00,2019-12-29 09:29:03,references,8676e950-8ac5-4074-8ac3-c0a18ada7e99,https://doi.org/10.13003/CED-terms-of-use,https://doi.org/10.13003/CED-terms-of-use,create
3684,crossref,https://doi.org/10.1016/S0140-6736(97)07382-0,https://doi.org/10.1002/jso.25836,d8989605-247c-45ef-9706-b0107f24feda,2020-01-12 00:00:00,2020-01-13 21:39:13,references,8676e950-8ac5-4074-8ac3-c0a18ada7e99,https://doi.org/10.13003/CED-terms-of-use,https://doi.org/10.13003/CED-terms-of-use,create
