wikipediaIncrement,sourceID,objectID,subjectID,eventID,occurredAt,timeObserved,relationType,sourceToken,license,termsOfUse,updatedDate,updatedReason,evidenceRecord,eventAction,subjectPID,subjectTitle,subjectURL,subjectAPIURL,objectPID,objectURL
37612,wikipedia,https://doi.org/10.1016/s0140-6736(97)07382-0,https://en.wikipedia.org/api/rest_v1/page/html/Postoperative_cognitive_dysfunction/828141019,22be398a-7c1b-4abb-968c-f3e1798cbf91,2018-02-28 20:15:05,2018-02-28 15:17:49,references,36c35e23-8757-4a9d-aacf-345e9b7eb50d,https://creativecommons.org/publicdomain/zero/1.0/,https://doi.org/10.13003/CED-terms-of-use,,,https://evidence.eventdata.crossref.org/evidence/20180228-wikipedia-50e77c6f-23f8-48a9-ad72-071bcbbeead2,add,https://en.wikipedia.org/wiki/Postoperative_cognitive_dysfunction,Postoperative cognitive dysfunction,https://en.wikipedia.org/w/index.php?title=Postoperative_cognitive_dysfunction&oldid=828141019,https://en.wikipedia.org/api/rest_v1/page/html/Postoperative_cognitive_dysfunction/828141019,https://doi.org/10.1016/s0140-6736(97)07382-0,https://doi.org/10.1016/s0140-6736(97)07382-0
37613,wikipedia,https://doi.org/10.1016/s0140-6736(97)07382-0,https://en.wikipedia.org/api/rest_v1/page/html/Postoperative_cognitive_dysfunction/833097119,b7d92ca4-33da-4a50-8a49-4bc8cce9da2f,2018-03-29 17:10:16,2018-03-29 13:12:02,references,36c35e23-8757-4a9d-aacf-345e9b7eb50d,https://creativecommons.org/publicdomain/zero/1.0/,https://doi.org/10.13003/CED-terms-of-use,,,https://evidence.eventdata.crossref.org/evidence/20180329-wikipedia-d53d35fe-a89f-444d-bfe2-076abeb984e3,add,https://en.wikipedia.org/wiki/Postoperative_cognitive_dysfunction,Postoperative cognitive dysfunction,https://en.wikipedia.org/w/index.php?title=Postoperative_cognitive_dysfunction&oldid=833097119,https://en.wikipedia.org/api/rest_v1/page/html/Postoperative_cognitive_dysfunction/833097119,https://doi.org/10.1016/s0140-6736(97)07382-0,https://doi.org/10.1016/s0140-6736(97)07382-0
37614,wikipedia,https://doi.org/10.1016/s0140-6736(97)07382-0,https://en.wikipedia.org/api/rest_v1/page/html/Postoperative_cognitive_dysfunction/836994396,733b0d32-c475-4bba-9ca0-cdb86b165b44,2018-04-18 02:40:40,2018-04-17 22:42:42,references,36c35e23-8757-4a9d-aacf-345e9b7eb50d,https://creativecommons.org/publicdomain/zero/1.0/,https://doi.org/10.13003/CED-terms-of-use,,,https://evidence.eventdata.crossref.org/evidence/20180418-wikipedia-764e7a45-4e4b-4ad8-b547-4c30993f9d9c,add,https://en.wikipedia.org/wiki/Postoperative_cognitive_dysfunction,Postoperative cognitive dysfunction,https://en.wikipedia.org/w/index.php?title=Postoperative_cognitive_dysfunction&oldid=836994396,https://en.wikipedia.org/api/rest_v1/page/html/Postoperative_cognitive_dysfunction/836994396,https://doi.org/10.1016/s0140-6736(97)07382-0,https://doi.org/10.1016/s0140-6736(97)07382-0
37615,wikipedia,https://doi.org/10.1016/s0140-6736(97)07382-0,https://en.wikipedia.org/api/rest_v1/page/html/Postoperative_cognitive_dysfunction/841516962,042add92-ceba-4230-b527-aa4880765e3a,2018-05-16 09:48:27,2018-05-16 05:50:34,references,36c35e23-8757-4a9d-aacf-345e9b7eb50d,https://creativecommons.org/publicdomain/zero/1.0/,https://doi.org/10.13003/CED-terms-of-use,,,https://evidence.eventdata.crossref.org/evidence/20180516-wikipedia-283dacfe-0047-487e-a78f-011b20f2b5f6,add,https://en.wikipedia.org/wiki/Postoperative_cognitive_dysfunction,Postoperative cognitive dysfunction,https://en.wikipedia.org/w/index.php?title=Postoperative_cognitive_dysfunction&oldid=841516962,https://en.wikipedia.org/api/rest_v1/page/html/Postoperative_cognitive_dysfunction/841516962,https://doi.org/10.1016/s0140-6736(97)07382-0,https://doi.org/10.1016/s0140-6736(97)07382-0
37616,wikipedia,https://doi.org/10.1016/s0140-6736(97)07382-0,https://en.wikipedia.org/api/rest_v1/page/html/Postoperative_cognitive_dysfunction/842430982,baf583b7-7df3-4e13-9501-f4e69171c191,2018-05-22 11:49:07,2018-05-22 07:50:40,references,36c35e23-8757-4a9d-aacf-345e9b7eb50d,https://creativecommons.org/publicdomain/zero/1.0/,https://doi.org/10.13003/CED-terms-of-use,,,https://evidence.eventdata.crossref.org/evidence/20180522-wikipedia-8502920e-8288-40ca-84fc-7f99cf08d028,add,https://en.wikipedia.org/wiki/Postoperative_cognitive_dysfunction,Postoperative cognitive dysfunction,https://en.wikipedia.org/w/index.php?title=Postoperative_cognitive_dysfunction&oldid=842430982,https://en.wikipedia.org/api/rest_v1/page/html/Postoperative_cognitive_dysfunction/842430982,https://doi.org/10.1016/s0140-6736(97)07382-0,https://doi.org/10.1016/s0140-6736(97)07382-0
37617,wikipedia,https://doi.org/10.1016/s0140-6736(97)07382-0,https://en.wikipedia.org/api/rest_v1/page/html/Postoperative_cognitive_dysfunction/842431599,ca76ce3c-4563-47b2-ba7f-47770af6b4de,2018-05-22 11:55:49,2018-05-22 07:58:21,references,36c35e23-8757-4a9d-aacf-345e9b7eb50d,https://creativecommons.org/publicdomain/zero/1.0/,https://doi.org/10.13003/CED-terms-of-use,,,https://evidence.eventdata.crossref.org/evidence/20180522-wikipedia-e53d3d53-5f32-4c6d-bdf5-9e35d48ae5e7,add,https://en.wikipedia.org/wiki/Postoperative_cognitive_dysfunction,Postoperative cognitive dysfunction,https://en.wikipedia.org/w/index.php?title=Postoperative_cognitive_dysfunction&oldid=842431599,https://en.wikipedia.org/api/rest_v1/page/html/Postoperative_cognitive_dysfunction/842431599,https://doi.org/10.1016/s0140-6736(97)07382-0,https://doi.org/10.1016/s0140-6736(97)07382-0
37618,wikipedia,https://doi.org/10.1016/s0140-6736(97)07382-0,https://en.wikipedia.org/api/rest_v1/page/html/Postoperative_cognitive_dysfunction/842431688,93d68a05-1091-41f2-b516-afe9b99d25be,2018-05-22 11:56:42,2018-05-22 07:58:25,references,36c35e23-8757-4a9d-aacf-345e9b7eb50d,https://creativecommons.org/publicdomain/zero/1.0/,https://doi.org/10.13003/CED-terms-of-use,,,https://evidence.eventdata.crossref.org/evidence/20180522-wikipedia-9dca1b97-e5ac-4929-8aad-e4c9f056ee14,add,https://en.wikipedia.org/wiki/Postoperative_cognitive_dysfunction,Postoperative cognitive dysfunction,https://en.wikipedia.org/w/index.php?title=Postoperative_cognitive_dysfunction&oldid=842431688,https://en.wikipedia.org/api/rest_v1/page/html/Postoperative_cognitive_dysfunction/842431688,https://doi.org/10.1016/s0140-6736(97)07382-0,https://doi.org/10.1016/s0140-6736(97)07382-0
37619,wikipedia,https://doi.org/10.1016/s0140-6736(97)07382-0,https://en.wikipedia.org/api/rest_v1/page/html/Postoperative_cognitive_dysfunction/842431971,ca3f0a26-e347-450e-8efc-2415e75fbb9a,2018-05-22 11:59:44,2018-05-22 08:01:18,references,36c35e23-8757-4a9d-aacf-345e9b7eb50d,https://creativecommons.org/publicdomain/zero/1.0/,https://doi.org/10.13003/CED-terms-of-use,,,https://evidence.eventdata.crossref.org/evidence/20180522-wikipedia-8d3b9b29-2cf7-4ca9-8c1e-ea4a300483aa,add,https://en.wikipedia.org/wiki/Postoperative_cognitive_dysfunction,Postoperative cognitive dysfunction,https://en.wikipedia.org/w/index.php?title=Postoperative_cognitive_dysfunction&oldid=842431971,https://en.wikipedia.org/api/rest_v1/page/html/Postoperative_cognitive_dysfunction/842431971,https://doi.org/10.1016/s0140-6736(97)07382-0,https://doi.org/10.1016/s0140-6736(97)07382-0
37620,wikipedia,https://doi.org/10.1016/s0140-6736(97)07382-0,https://en.wikipedia.org/api/rest_v1/page/html/Postoperative_cognitive_dysfunction/842432022,39267fee-18b7-405c-9d54-07ff759ed912,2018-05-22 12:00:09,2018-05-22 08:01:43,references,36c35e23-8757-4a9d-aacf-345e9b7eb50d,https://creativecommons.org/publicdomain/zero/1.0/,https://doi.org/10.13003/CED-terms-of-use,,,https://evidence.eventdata.crossref.org/evidence/20180522-wikipedia-4a3e4821-070d-4395-b0cd-5785c57cf1a3,add,https://en.wikipedia.org/wiki/Postoperative_cognitive_dysfunction,Postoperative cognitive dysfunction,https://en.wikipedia.org/w/index.php?title=Postoperative_cognitive_dysfunction&oldid=842432022,https://en.wikipedia.org/api/rest_v1/page/html/Postoperative_cognitive_dysfunction/842432022,https://doi.org/10.1016/s0140-6736(97)07382-0,https://doi.org/10.1016/s0140-6736(97)07382-0
37621,wikipedia,https://doi.org/10.1016/s0140-6736(97)07382-0,https://en.wikipedia.org/api/rest_v1/page/html/Postoperative_cognitive_dysfunction/842432119,4a6b9d07-20b4-48db-8ee0-abaadf85ccf9,2018-05-22 12:01:13,2018-05-22 08:02:45,references,36c35e23-8757-4a9d-aacf-345e9b7eb50d,https://creativecommons.org/publicdomain/zero/1.0/,https://doi.org/10.13003/CED-terms-of-use,,,https://evidence.eventdata.crossref.org/evidence/20180522-wikipedia-7b8b8a7e-0098-4d86-bc4e-b1470b631c04,add,https://en.wikipedia.org/wiki/Postoperative_cognitive_dysfunction,Postoperative cognitive dysfunction,https://en.wikipedia.org/w/index.php?title=Postoperative_cognitive_dysfunction&oldid=842432119,https://en.wikipedia.org/api/rest_v1/page/html/Postoperative_cognitive_dysfunction/842432119,https://doi.org/10.1016/s0140-6736(97)07382-0,https://doi.org/10.1016/s0140-6736(97)07382-0
37622,wikipedia,https://doi.org/10.1016/s0140-6736(97)07382-0,https://en.wikipedia.org/api/rest_v1/page/html/Postoperative_cognitive_dysfunction/847242721,11d06707-573a-49c8-8e3e-061565c94659,2018-06-23 22:15:34,2018-06-23 18:17:58,references,36c35e23-8757-4a9d-aacf-345e9b7eb50d,https://creativecommons.org/publicdomain/zero/1.0/,https://doi.org/10.13003/CED-terms-of-use,,,https://evidence.eventdata.crossref.org/evidence/20180623-wikipedia-dc3c801d-eb46-4fac-8e6e-62f7ad7c863b,add,https://en.wikipedia.org/wiki/Postoperative_cognitive_dysfunction,Postoperative cognitive dysfunction,https://en.wikipedia.org/w/index.php?title=Postoperative_cognitive_dysfunction&oldid=847242721,https://en.wikipedia.org/api/rest_v1/page/html/Postoperative_cognitive_dysfunction/847242721,https://doi.org/10.1016/s0140-6736(97)07382-0,https://doi.org/10.1016/s0140-6736(97)07382-0
37623,wikipedia,https://doi.org/10.1016/s0140-6736(97)07382-0,https://en.wikipedia.org/api/rest_v1/page/html/Postoperative_cognitive_dysfunction/859775644,952dd1fe-230f-4fa9-be86-a4256f252929,2018-09-16 06:44:51,2018-09-16 02:50:02,references,36c35e23-8757-4a9d-aacf-345e9b7eb50d,https://creativecommons.org/publicdomain/zero/1.0/,https://doi.org/10.13003/CED-terms-of-use,,,https://evidence.eventdata.crossref.org/evidence/20180916-wikipedia-8f1b9bfa-4501-486c-b087-92ffac870a5f,add,https://en.wikipedia.org/wiki/Postoperative_cognitive_dysfunction,Postoperative cognitive dysfunction,https://en.wikipedia.org/w/index.php?title=Postoperative_cognitive_dysfunction&oldid=859775644,https://en.wikipedia.org/api/rest_v1/page/html/Postoperative_cognitive_dysfunction/859775644,https://doi.org/10.1016/s0140-6736(97)07382-0,https://doi.org/10.1016/s0140-6736(97)07382-0
37624,wikipedia,https://doi.org/10.1016/s0140-6736(97)07382-0,https://en.wikipedia.org/api/rest_v1/page/html/Postoperative_cognitive_dysfunction/865816466,b5e82ada-00c6-4912-8af4-7a3bcc5dbca6,2018-10-26 10:31:25,2018-10-26 06:37:29,references,36c35e23-8757-4a9d-aacf-345e9b7eb50d,https://creativecommons.org/publicdomain/zero/1.0/,https://doi.org/10.13003/CED-terms-of-use,,,https://evidence.eventdata.crossref.org/evidence/20181026-wikipedia-5ea713be-9b70-435c-88e8-88c94adb2f01,add,https://en.wikipedia.org/wiki/Postoperative_cognitive_dysfunction,Postoperative cognitive dysfunction,https://en.wikipedia.org/w/index.php?title=Postoperative_cognitive_dysfunction&oldid=865816466,https://en.wikipedia.org/api/rest_v1/page/html/Postoperative_cognitive_dysfunction/865816466,https://doi.org/10.1016/s0140-6736(97)07382-0,https://doi.org/10.1016/s0140-6736(97)07382-0
37625,wikipedia,https://doi.org/10.1016/s0140-6736(97)07382-0,https://en.wikipedia.org/api/rest_v1/page/html/Postoperative_cognitive_dysfunction/882388176,ec811e88-16a9-45d3-b9a7-5817c85fe9e7,2019-02-08 18:53:40,2019-02-08 13:56:38,references,36c35e23-8757-4a9d-aacf-345e9b7eb50d,https://creativecommons.org/publicdomain/zero/1.0/,https://doi.org/10.13003/CED-terms-of-use,,,https://evidence.eventdata.crossref.org/evidence/20190208-wikipedia-ff11b6e7-d335-4725-a8c5-ae09555b3465,add,https://en.wikipedia.org/wiki/Postoperative_cognitive_dysfunction,Postoperative cognitive dysfunction,https://en.wikipedia.org/w/index.php?title=Postoperative_cognitive_dysfunction&oldid=882388176,https://en.wikipedia.org/api/rest_v1/page/html/Postoperative_cognitive_dysfunction/882388176,https://doi.org/10.1016/s0140-6736(97)07382-0,https://doi.org/10.1016/s0140-6736(97)07382-0
37626,wikipedia,https://doi.org/10.1016/s0140-6736(97)07382-0,https://en.wikipedia.org/api/rest_v1/page/html/Postoperative_cognitive_dysfunction/894479601,7f6f9fe8-795a-4ed3-9ec1-67e4d10f2055,2019-04-28 04:07:41,2019-04-28 00:09:31,references,36c35e23-8757-4a9d-aacf-345e9b7eb50d,https://creativecommons.org/publicdomain/zero/1.0/,https://doi.org/10.13003/CED-terms-of-use,,,https://evidence.eventdata.crossref.org/evidence/20190428-wikipedia-5e449487-04d8-40aa-8f90-30853d340554,add,https://en.wikipedia.org/wiki/Postoperative_cognitive_dysfunction,Postoperative cognitive dysfunction,https://en.wikipedia.org/w/index.php?title=Postoperative_cognitive_dysfunction&oldid=894479601,https://en.wikipedia.org/api/rest_v1/page/html/Postoperative_cognitive_dysfunction/894479601,https://doi.org/10.1016/s0140-6736(97)07382-0,https://doi.org/10.1016/s0140-6736(97)07382-0
37627,wikipedia,https://doi.org/10.1016/s0140-6736(97)07382-0,https://en.wikipedia.org/api/rest_v1/page/html/Postoperative_cognitive_dysfunction/894624641,18731db4-919f-42a4-8371-bf309a3c77b6,2019-04-29 00:09:39,2019-04-28 20:13:50,references,36c35e23-8757-4a9d-aacf-345e9b7eb50d,https://creativecommons.org/publicdomain/zero/1.0/,https://doi.org/10.13003/CED-terms-of-use,,,https://evidence.eventdata.crossref.org/evidence/20190429-wikipedia-5bcdd7a5-6e19-48b0-8cb9-6784e666b953,add,https://en.wikipedia.org/wiki/Postoperative_cognitive_dysfunction,Postoperative cognitive dysfunction,https://en.wikipedia.org/w/index.php?title=Postoperative_cognitive_dysfunction&oldid=894624641,https://en.wikipedia.org/api/rest_v1/page/html/Postoperative_cognitive_dysfunction/894624641,https://doi.org/10.1016/s0140-6736(97)07382-0,https://doi.org/10.1016/s0140-6736(97)07382-0
37628,wikipedia,https://doi.org/10.1016/s0140-6736(97)07382-0,https://en.wikipedia.org/api/rest_v1/page/html/Postoperative_cognitive_dysfunction/896652367,a967bedf-b693-470a-8a6b-448350528dfb,2019-05-12 00:37:04,2019-05-11 20:39:20,references,36c35e23-8757-4a9d-aacf-345e9b7eb50d,https://creativecommons.org/publicdomain/zero/1.0/,https://doi.org/10.13003/CED-terms-of-use,,,https://evidence.eventdata.crossref.org/evidence/20190512-wikipedia-5e090c1a-4999-4857-9d6b-9694995b9fc6,add,https://en.wikipedia.org/wiki/Postoperative_cognitive_dysfunction,Postoperative cognitive dysfunction,https://en.wikipedia.org/w/index.php?title=Postoperative_cognitive_dysfunction&oldid=896652367,https://en.wikipedia.org/api/rest_v1/page/html/Postoperative_cognitive_dysfunction/896652367,https://doi.org/10.1016/s0140-6736(97)07382-0,https://doi.org/10.1016/s0140-6736(97)07382-0
37629,wikipedia,https://doi.org/10.1016/s0140-6736(97)07382-0,https://en.wikipedia.org/api/rest_v1/page/html/Postoperative_cognitive_dysfunction/905059427,35029019-5ea6-403a-a24e-e27d5c214355,2019-07-06 15:22:54,2019-07-06 11:40:07,references,36c35e23-8757-4a9d-aacf-345e9b7eb50d,https://creativecommons.org/publicdomain/zero/1.0/,https://doi.org/10.13003/CED-terms-of-use,,,https://evidence.eventdata.crossref.org/evidence/20190706-wikipedia-4bf73d02-14dd-4ec6-87d4-f06354e09479,add,https://en.wikipedia.org/wiki/Postoperative_cognitive_dysfunction,Postoperative cognitive dysfunction,https://en.wikipedia.org/w/index.php?title=Postoperative_cognitive_dysfunction&oldid=905059427,https://en.wikipedia.org/api/rest_v1/page/html/Postoperative_cognitive_dysfunction/905059427,https://doi.org/10.1016/s0140-6736(97)07382-0,https://doi.org/10.1016/s0140-6736(97)07382-0
37630,wikipedia,https://doi.org/10.1016/s0140-6736(97)07382-0,https://ar.wikipedia.org/api/rest_v1/page/html/%D8%B6%D8%B9%D9%81_%D8%A7%D9%84%D9%88%D8%B8%D8%A7%D8%,7ac3b487-6a09-49bd-a2f4-65f813136abf,2019-07-27 20:35:48,2019-07-27 16:53:18,references,36c35e23-8757-4a9d-aacf-345e9b7eb50d,https://creativecommons.org/publicdomain/zero/1.0/,https://doi.org/10.13003/CED-terms-of-use,,,https://evidence.eventdata.crossref.org/evidence/20190727-wikipedia-226a3a54-292c-49db-9e72-bf976072fd9d,add,https://ar.wikipedia.org/wiki/%D8%B6%D8%B9%D9%81_%D8%A7%D9%84%D9%88%D8%B8%D8%A7%,ضعف الوظائف المعرفية بعد العملية الجراحية,https://ar.wikipedia.org/w/index.php?title=%D8%B6%D8%B9%D9%81_%D8%A7%D9%84%D9%88%D8%B8%D8%A7%D8%A6%D,https://ar.wikipedia.org/api/rest_v1/page/html/%D8%B6%D8%B9%D9%81_%D8%A7%D9%84%D9%88%D8%B8%D8%A7%D8%,https://doi.org/10.1016/s0140-6736(97)07382-0,https://doi.org/10.1016/s0140-6736(97)07382-0
37631,wikipedia,https://doi.org/10.1016/s0140-6736(97)07382-0,https://ar.wikipedia.org/api/rest_v1/page/html/%D8%B6%D8%B9%D9%81_%D8%A7%D9%84%D9%88%D8%B8%D8%A7%D8%,6eeebcca-45b9-47ac-abfc-a7359754a354,2019-07-27 20:32:43,2019-07-27 16:54:27,references,36c35e23-8757-4a9d-aacf-345e9b7eb50d,https://creativecommons.org/publicdomain/zero/1.0/,https://doi.org/10.13003/CED-terms-of-use,,,https://evidence.eventdata.crossref.org/evidence/20190727-wikipedia-74b1c46e-b1be-4ff5-b9c6-a690c54e8e25,add,https://ar.wikipedia.org/wiki/%D8%B6%D8%B9%D9%81_%D8%A7%D9%84%D9%88%D8%B8%D8%A7%,ضعف الوظائف المعرفية بعد العملية الجراحية,https://ar.wikipedia.org/w/index.php?title=%D8%B6%D8%B9%D9%81_%D8%A7%D9%84%D9%88%D8%B8%D8%A7%D8%A6%D,https://ar.wikipedia.org/api/rest_v1/page/html/%D8%B6%D8%B9%D9%81_%D8%A7%D9%84%D9%88%D8%B8%D8%A7%D8%,https://doi.org/10.1016/s0140-6736(97)07382-0,https://doi.org/10.1016/s0140-6736(97)07382-0
37632,wikipedia,https://doi.org/10.1016/s0140-6736(97)07382-0,https://ar.wikipedia.org/api/rest_v1/page/html/%D8%B6%D8%B9%D9%81_%D8%A7%D9%84%D9%88%D8%B8%D8%A7%D8%,1b99a1c5-a4a5-4b0f-92a4-626d55bead0d,2019-07-27 20:57:53,2019-07-27 17:25:54,references,36c35e23-8757-4a9d-aacf-345e9b7eb50d,https://creativecommons.org/publicdomain/zero/1.0/,https://doi.org/10.13003/CED-terms-of-use,,,https://evidence.eventdata.crossref.org/evidence/20190727-wikipedia-890995e1-094f-4924-a14c-c0bb8e78d5a5,add,https://ar.wikipedia.org/wiki/%D8%B6%D8%B9%D9%81_%D8%A7%D9%84%D9%88%D8%B8%D8%A7%,ضعف الوظائف المعرفية بعد العملية الجراحية,https://ar.wikipedia.org/w/index.php?title=%D8%B6%D8%B9%D9%81_%D8%A7%D9%84%D9%88%D8%B8%D8%A7%D8%A6%D,https://ar.wikipedia.org/api/rest_v1/page/html/%D8%B6%D8%B9%D9%81_%D8%A7%D9%84%D9%88%D8%B8%D8%A7%D8%,https://doi.org/10.1016/s0140-6736(97)07382-0,https://doi.org/10.1016/s0140-6736(97)07382-0
37633,wikipedia,https://doi.org/10.1016/s0140-6736(97)07382-0,https://ar.wikipedia.org/api/rest_v1/page/html/%D8%B6%D8%B9%D9%81_%D8%A7%D9%84%D9%88%D8%B8%D8%A7%D8%,e56ca94c-deb8-43d1-acdf-af3416446f0e,2019-07-27 21:10:45,2019-07-27 17:35:33,references,36c35e23-8757-4a9d-aacf-345e9b7eb50d,https://creativecommons.org/publicdomain/zero/1.0/,https://doi.org/10.13003/CED-terms-of-use,,,https://evidence.eventdata.crossref.org/evidence/20190727-wikipedia-b8e5735d-0d1e-4168-82a1-19e3819938ec,add,https://ar.wikipedia.org/wiki/%D8%B6%D8%B9%D9%81_%D8%A7%D9%84%D9%88%D8%B8%D8%A7%,ضعف الوظائف المعرفية بعد العملية الجراحية,https://ar.wikipedia.org/w/index.php?title=%D8%B6%D8%B9%D9%81_%D8%A7%D9%84%D9%88%D8%B8%D8%A7%D8%A6%D,https://ar.wikipedia.org/api/rest_v1/page/html/%D8%B6%D8%B9%D9%81_%D8%A7%D9%84%D9%88%D8%B8%D8%A7%D8%,https://doi.org/10.1016/s0140-6736(97)07382-0,https://doi.org/10.1016/s0140-6736(97)07382-0
37634,wikipedia,https://doi.org/10.1016/s0140-6736(97)07382-0,https://ar.wikipedia.org/api/rest_v1/page/html/%D8%B6%D8%B9%D9%81_%D8%A7%D9%84%D9%88%D8%B8%D8%A7%D8%,3cbcadb2-7719-4be2-9f4c-a5bdeac5ea31,2019-07-28 14:51:22,2019-07-28 10:57:38,references,36c35e23-8757-4a9d-aacf-345e9b7eb50d,https://creativecommons.org/publicdomain/zero/1.0/,https://doi.org/10.13003/CED-terms-of-use,,,https://evidence.eventdata.crossref.org/evidence/20190728-wikipedia-e31e6c04-0509-4609-a5b5-1d4cd20870b0,add,https://ar.wikipedia.org/wiki/%D8%B6%D8%B9%D9%81_%D8%A7%D9%84%D9%88%D8%B8%D8%A7%,ضعف الوظائف المعرفية بعد العملية الجراحية,https://ar.wikipedia.org/w/index.php?title=%D8%B6%D8%B9%D9%81_%D8%A7%D9%84%D9%88%D8%B8%D8%A7%D8%A6%D,https://ar.wikipedia.org/api/rest_v1/page/html/%D8%B6%D8%B9%D9%81_%D8%A7%D9%84%D9%88%D8%B8%D8%A7%D8%,https://doi.org/10.1016/s0140-6736(97)07382-0,https://doi.org/10.1016/s0140-6736(97)07382-0
37635,wikipedia,https://doi.org/10.1016/s0140-6736(97)07382-0,https://ar.wikipedia.org/api/rest_v1/page/html/%D8%B6%D8%B9%D9%81_%D8%A7%D9%84%D9%88%D8%B8%D8%A7%D8%,61f32f65-dc2c-4f56-83d3-31d6e0fe79a8,2019-07-28 14:59:03,2019-07-28 11:08:06,references,36c35e23-8757-4a9d-aacf-345e9b7eb50d,https://creativecommons.org/publicdomain/zero/1.0/,https://doi.org/10.13003/CED-terms-of-use,,,https://evidence.eventdata.crossref.org/evidence/20190728-wikipedia-921b670d-5e40-492e-a9a3-0f32e2c65bde,add,https://ar.wikipedia.org/wiki/%D8%B6%D8%B9%D9%81_%D8%A7%D9%84%D9%88%D8%B8%D8%A7%,ضعف الوظائف المعرفية بعد العملية الجراحية,https://ar.wikipedia.org/w/index.php?title=%D8%B6%D8%B9%D9%81_%D8%A7%D9%84%D9%88%D8%B8%D8%A7%D8%A6%D,https://ar.wikipedia.org/api/rest_v1/page/html/%D8%B6%D8%B9%D9%81_%D8%A7%D9%84%D9%88%D8%B8%D8%A7%D8%,https://doi.org/10.1016/s0140-6736(97)07382-0,https://doi.org/10.1016/s0140-6736(97)07382-0
37636,wikipedia,https://doi.org/10.1016/s0140-6736(97)07382-0,https://ar.wikipedia.org/api/rest_v1/page/html/%D8%B6%D8%B9%D9%81_%D8%A7%D9%84%D9%88%D8%B8%D8%A7%D8%,61cc53ed-d940-4ba9-a971-23df64051c22,2019-07-28 15:04:30,2019-07-28 11:12:08,references,36c35e23-8757-4a9d-aacf-345e9b7eb50d,https://creativecommons.org/publicdomain/zero/1.0/,https://doi.org/10.13003/CED-terms-of-use,,,https://evidence.eventdata.crossref.org/evidence/20190728-wikipedia-4b7454bd-8d08-43eb-81e7-45b9bbb2927e,add,https://ar.wikipedia.org/wiki/%D8%B6%D8%B9%D9%81_%D8%A7%D9%84%D9%88%D8%B8%D8%A7%,ضعف الوظائف المعرفية بعد العملية الجراحية,https://ar.wikipedia.org/w/index.php?title=%D8%B6%D8%B9%D9%81_%D8%A7%D9%84%D9%88%D8%B8%D8%A7%D8%A6%D,https://ar.wikipedia.org/api/rest_v1/page/html/%D8%B6%D8%B9%D9%81_%D8%A7%D9%84%D9%88%D8%B8%D8%A7%D8%,https://doi.org/10.1016/s0140-6736(97)07382-0,https://doi.org/10.1016/s0140-6736(97)07382-0
37637,wikipedia,https://doi.org/10.1016/s0140-6736(97)07382-0,https://ar.wikipedia.org/api/rest_v1/page/html/%D8%B6%D8%B9%D9%81_%D8%A7%D9%84%D9%88%D8%B8%D8%A7%D8%,e85baeb4-f887-422b-9354-432541e865a1,2019-07-28 15:07:43,2019-07-28 11:16:16,references,36c35e23-8757-4a9d-aacf-345e9b7eb50d,https://creativecommons.org/publicdomain/zero/1.0/,https://doi.org/10.13003/CED-terms-of-use,,,https://evidence.eventdata.crossref.org/evidence/20190728-wikipedia-1c9aeed3-9eac-45c8-8c28-557fdb3a3e27,add,https://ar.wikipedia.org/wiki/%D8%B6%D8%B9%D9%81_%D8%A7%D9%84%D9%88%D8%B8%D8%A7%,ضعف الوظائف المعرفية بعد العملية الجراحية,https://ar.wikipedia.org/w/index.php?title=%D8%B6%D8%B9%D9%81_%D8%A7%D9%84%D9%88%D8%B8%D8%A7%D8%A6%D,https://ar.wikipedia.org/api/rest_v1/page/html/%D8%B6%D8%B9%D9%81_%D8%A7%D9%84%D9%88%D8%B8%D8%A7%D8%,https://doi.org/10.1016/s0140-6736(97)07382-0,https://doi.org/10.1016/s0140-6736(97)07382-0
37638,wikipedia,https://doi.org/10.1016/s0140-6736(97)07382-0,https://ar.wikipedia.org/api/rest_v1/page/html/%D8%B6%D8%B9%D9%81_%D8%A7%D9%84%D9%88%D8%B8%D8%A7%D8%,941bc452-4b82-450e-82c7-81d3eba6d720,2019-08-07 19:41:33,2019-08-10 01:40:30,references,36c35e23-8757-4a9d-aacf-345e9b7eb50d,https://creativecommons.org/publicdomain/zero/1.0/,https://doi.org/10.13003/CED-terms-of-use,,,https://evidence.eventdata.crossref.org/evidence/20190807-wikipedia-da98b76d-834d-40d4-a3d0-20157c215f84,add,https://ar.wikipedia.org/wiki/%D8%B6%D8%B9%D9%81_%D8%A7%D9%84%D9%88%D8%B8%D8%A7%,ضعف الوظائف المعرفية بعد العملية الجراحية,https://ar.wikipedia.org/w/index.php?title=%D8%B6%D8%B9%D9%81_%D8%A7%D9%84%D9%88%D8%B8%D8%A7%D8%A6%D,https://ar.wikipedia.org/api/rest_v1/page/html/%D8%B6%D8%B9%D9%81_%D8%A7%D9%84%D9%88%D8%B8%D8%A7%D8%,https://doi.org/10.1016/s0140-6736(97)07382-0,https://doi.org/10.1016/s0140-6736(97)07382-0
37639,wikipedia,https://doi.org/10.1016/s0140-6736(97)07382-0,https://ar.wikipedia.org/api/rest_v1/page/html/%D8%B6%D8%B9%D9%81_%D8%A7%D9%84%D9%88%D8%B8%D8%A7%D8%,12fc2ed3-9f65-41df-bf8b-ee4826d2b992,2019-08-07 19:42:03,2019-08-10 01:49:38,references,36c35e23-8757-4a9d-aacf-345e9b7eb50d,https://creativecommons.org/publicdomain/zero/1.0/,https://doi.org/10.13003/CED-terms-of-use,,,https://evidence.eventdata.crossref.org/evidence/20190807-wikipedia-4149538a-f5ad-4f3b-8683-c882c245c27c,add,https://ar.wikipedia.org/wiki/%D8%B6%D8%B9%D9%81_%D8%A7%D9%84%D9%88%D8%B8%D8%A7%,ضعف الوظائف المعرفية بعد العملية الجراحية,https://ar.wikipedia.org/w/index.php?title=%D8%B6%D8%B9%D9%81_%D8%A7%D9%84%D9%88%D8%B8%D8%A7%D8%A6%D,https://ar.wikipedia.org/api/rest_v1/page/html/%D8%B6%D8%B9%D9%81_%D8%A7%D9%84%D9%88%D8%B8%D8%A7%D8%,https://doi.org/10.1016/s0140-6736(97)07382-0,https://doi.org/10.1016/s0140-6736(97)07382-0
37640,wikipedia,https://doi.org/10.1016/s0140-6736(97)07382-0,https://ar.wikipedia.org/api/rest_v1/page/html/%D8%B6%D8%B9%D9%81_%D8%A7%D9%84%D9%88%D8%B8%D8%A7%D8%,8379fa79-6087-4fd4-888d-e81fcd75cdfb,2019-08-07 19:58:10,2019-08-10 01:52:29,references,36c35e23-8757-4a9d-aacf-345e9b7eb50d,https://creativecommons.org/publicdomain/zero/1.0/,https://doi.org/10.13003/CED-terms-of-use,,,https://evidence.eventdata.crossref.org/evidence/20190807-wikipedia-a3644391-7a69-4a74-96a3-350138640213,add,https://ar.wikipedia.org/wiki/%D8%B6%D8%B9%D9%81_%D8%A7%D9%84%D9%88%D8%B8%D8%A7%,ضعف الوظائف المعرفية بعد العملية الجراحية,https://ar.wikipedia.org/w/index.php?title=%D8%B6%D8%B9%D9%81_%D8%A7%D9%84%D9%88%D8%B8%D8%A7%D8%A6%D,https://ar.wikipedia.org/api/rest_v1/page/html/%D8%B6%D8%B9%D9%81_%D8%A7%D9%84%D9%88%D8%B8%D8%A7%D8%,https://doi.org/10.1016/s0140-6736(97)07382-0,https://doi.org/10.1016/s0140-6736(97)07382-0
37641,wikipedia,https://doi.org/10.1016/s0140-6736(97)07382-0,https://ar.wikipedia.org/api/rest_v1/page/html/%D8%B6%D8%B9%D9%81_%D8%A7%D9%84%D9%88%D8%B8%D8%A7%D8%,773c40e1-59a2-47cf-b732-6b8762cb1190,2019-08-07 20:14:09,2019-08-10 02:22:14,references,36c35e23-8757-4a9d-aacf-345e9b7eb50d,https://creativecommons.org/publicdomain/zero/1.0/,https://doi.org/10.13003/CED-terms-of-use,,,https://evidence.eventdata.crossref.org/evidence/20190807-wikipedia-a6afd548-ebf9-4c5d-839e-63b8a9a28187,add,https://ar.wikipedia.org/wiki/%D8%B6%D8%B9%D9%81_%D8%A7%D9%84%D9%88%D8%B8%D8%A7%,ضعف الوظائف المعرفية بعد العملية الجراحية,https://ar.wikipedia.org/w/index.php?title=%D8%B6%D8%B9%D9%81_%D8%A7%D9%84%D9%88%D8%B8%D8%A7%D8%A6%D,https://ar.wikipedia.org/api/rest_v1/page/html/%D8%B6%D8%B9%D9%81_%D8%A7%D9%84%D9%88%D8%B8%D8%A7%D8%,https://doi.org/10.1016/s0140-6736(97)07382-0,https://doi.org/10.1016/s0140-6736(97)07382-0
37642,wikipedia,https://doi.org/10.1016/s0140-6736(97)07382-0,https://en.wikipedia.org/api/rest_v1/page/html/Postoperative_cognitive_dysfunction/911176382,54c69662-ae51-4b65-90ca-5bb05a153ad1,2019-08-17 01:52:51,2019-08-16 21:57:05,references,36c35e23-8757-4a9d-aacf-345e9b7eb50d,https://creativecommons.org/publicdomain/zero/1.0/,https://doi.org/10.13003/CED-terms-of-use,,,https://evidence.eventdata.crossref.org/evidence/20190817-wikipedia-1eb7196d-7d6f-4a14-9d4a-e8fd1f46347a,add,https://en.wikipedia.org/wiki/Postoperative_cognitive_dysfunction,Postoperative cognitive dysfunction,https://en.wikipedia.org/w/index.php?title=Postoperative_cognitive_dysfunction&oldid=911176382,https://en.wikipedia.org/api/rest_v1/page/html/Postoperative_cognitive_dysfunction/911176382,https://doi.org/10.1016/s0140-6736(97)07382-0,https://doi.org/10.1016/s0140-6736(97)07382-0
37643,wikipedia,https://doi.org/10.1016/s0140-6736(97)07382-0,https://ar.wikipedia.org/api/rest_v1/page/html/%D8%B6%D8%B9%D9%81_%D8%A7%D9%84%D9%88%D8%B8%D8%A7%D8%,5cf17f58-6a85-4b64-b223-b5f49923af46,2019-08-26 20:20:42,2019-08-26 16:56:45,references,36c35e23-8757-4a9d-aacf-345e9b7eb50d,https://creativecommons.org/publicdomain/zero/1.0/,https://doi.org/10.13003/CED-terms-of-use,,,https://evidence.eventdata.crossref.org/evidence/20190826-wikipedia-04f95102-2449-406a-96f2-dd647b211adf,add,https://ar.wikipedia.org/wiki/%D8%B6%D8%B9%D9%81_%D8%A7%D9%84%D9%88%D8%B8%D8%A7%,ضعف الوظائف المعرفية بعد العملية الجراحية,https://ar.wikipedia.org/w/index.php?title=%D8%B6%D8%B9%D9%81_%D8%A7%D9%84%D9%88%D8%B8%D8%A7%D8%A6%D,https://ar.wikipedia.org/api/rest_v1/page/html/%D8%B6%D8%B9%D9%81_%D8%A7%D9%84%D9%88%D8%B8%D8%A7%D8%,https://doi.org/10.1016/s0140-6736(97)07382-0,https://doi.org/10.1016/s0140-6736(97)07382-0
37644,wikipedia,https://doi.org/10.1016/s0140-6736(97)07382-0,https://ar.wikipedia.org/api/rest_v1/page/html/%D8%B6%D8%B9%D9%81_%D8%A7%D9%84%D9%88%D8%B8%D8%A7%D8%,758e84ff-aeeb-42b5-8ec4-596355926a14,2019-10-17 20:16:31,2019-10-17 16:22:33,references,36c35e23-8757-4a9d-aacf-345e9b7eb50d,https://creativecommons.org/publicdomain/zero/1.0/,https://doi.org/10.13003/CED-terms-of-use,,,https://evidence.eventdata.crossref.org/evidence/20191017-wikipedia-88076235-6029-492a-ab58-303cc70021fc,add,https://ar.wikipedia.org/wiki/%D8%B6%D8%B9%D9%81_%D8%A7%D9%84%D9%88%D8%B8%D8%A7%,ضعف الوظائف المعرفية بعد العملية الجراحية,https://ar.wikipedia.org/w/index.php?title=%D8%B6%D8%B9%D9%81_%D8%A7%D9%84%D9%88%D8%B8%D8%A7%D8%A6%D,https://ar.wikipedia.org/api/rest_v1/page/html/%D8%B6%D8%B9%D9%81_%D8%A7%D9%84%D9%88%D8%B8%D8%A7%D8%,https://doi.org/10.1016/s0140-6736(97)07382-0,https://doi.org/10.1016/s0140-6736(97)07382-0
37645,wikipedia,https://doi.org/10.1016/s0140-6736(97)07382-0,https://en.wikipedia.org/api/rest_v1/page/html/Postoperative_cognitive_dysfunction/929483756,d181e4c7-71ec-4e3a-a87e-95afe26450ae,2019-12-06 03:35:03,2019-12-06 05:14:31,references,36c35e23-8757-4a9d-aacf-345e9b7eb50d,https://creativecommons.org/publicdomain/zero/1.0/,https://doi.org/10.13003/CED-terms-of-use,,,https://evidence.eventdata.crossref.org/evidence/20191206-wikipedia-82023d4c-1390-4a59-92ca-4c39bea41203,add,https://en.wikipedia.org/wiki/Postoperative_cognitive_dysfunction,Postoperative cognitive dysfunction,https://en.wikipedia.org/w/index.php?title=Postoperative_cognitive_dysfunction&oldid=929483756,https://en.wikipedia.org/api/rest_v1/page/html/Postoperative_cognitive_dysfunction/929483756,https://doi.org/10.1016/s0140-6736(97)07382-0,https://doi.org/10.1016/s0140-6736(97)07382-0
37646,wikipedia,https://doi.org/10.1016/s0140-6736(97)07382-0,https://ar.wikipedia.org/api/rest_v1/page/html/%D8%B6%D8%B9%D9%81_%D8%A7%D9%84%D9%88%D8%B8%D8%A7%D8%,f88ff99f-f260-47e9-9adf-b589f3668ce5,2019-12-09 23:53:19,2019-12-15 09:56:43,references,36c35e23-8757-4a9d-aacf-345e9b7eb50d,https://creativecommons.org/publicdomain/zero/1.0/,https://doi.org/10.13003/CED-terms-of-use,,,https://evidence.eventdata.crossref.org/evidence/20191209-wikipedia-6e9c4c44-9857-440a-8ef5-4c1be9f62bed,add,https://ar.wikipedia.org/wiki/%D8%B6%D8%B9%D9%81_%D8%A7%D9%84%D9%88%D8%B8%D8%A7%,ضعف الوظائف المعرفية بعد العملية الجراحية,https://ar.wikipedia.org/w/index.php?title=%D8%B6%D8%B9%D9%81_%D8%A7%D9%84%D9%88%D8%B8%D8%A7%D8%A6%D,https://ar.wikipedia.org/api/rest_v1/page/html/%D8%B6%D8%B9%D9%81_%D8%A7%D9%84%D9%88%D8%B8%D8%A7%D8%,https://doi.org/10.1016/s0140-6736(97)07382-0,https://doi.org/10.1016/s0140-6736(97)07382-0
37647,wikipedia,https://doi.org/10.1016/s0140-6736(97)07382-0,https://ar.wikipedia.org/api/rest_v1/page/html/%D8%B6%D8%B9%D9%81_%D8%A7%D9%84%D9%88%D8%B8%D8%A7%D8%,855d7e98-efbe-4c81-af90-b9d84e0eee83,2019-12-22 01:00:02,2019-12-21 20:05:01,references,36c35e23-8757-4a9d-aacf-345e9b7eb50d,https://creativecommons.org/publicdomain/zero/1.0/,https://doi.org/10.13003/CED-terms-of-use,,,https://evidence.eventdata.crossref.org/evidence/20191222-wikipedia-6cff7240-6252-463a-820f-d3490b7367b8,add,https://ar.wikipedia.org/wiki/%D8%B6%D8%B9%D9%81_%D8%A7%D9%84%D9%88%D8%B8%D8%A7%,ضعف الوظائف المعرفية بعد العملية الجراحية,https://ar.wikipedia.org/w/index.php?title=%D8%B6%D8%B9%D9%81_%D8%A7%D9%84%D9%88%D8%B8%D8%A7%D8%A6%D,https://ar.wikipedia.org/api/rest_v1/page/html/%D8%B6%D8%B9%D9%81_%D8%A7%D9%84%D9%88%D8%B8%D8%A7%D8%,https://doi.org/10.1016/s0140-6736(97)07382-0,https://doi.org/10.1016/s0140-6736(97)07382-0
37648,wikipedia,https://doi.org/10.1016/s0140-6736(97)07382-0,https://en.wikipedia.org/api/rest_v1/page/html/Postoperative_cognitive_dysfunction/932306827,f68517b3-5ffa-407c-a426-a18932b5d21e,2019-12-24 22:29:59,2019-12-24 17:35:09,references,36c35e23-8757-4a9d-aacf-345e9b7eb50d,https://creativecommons.org/publicdomain/zero/1.0/,https://doi.org/10.13003/CED-terms-of-use,,,https://evidence.eventdata.crossref.org/evidence/20191224-wikipedia-724d750f-e2c3-4443-b6fc-7845f07e8ef9,add,https://en.wikipedia.org/wiki/Postoperative_cognitive_dysfunction,Postoperative cognitive dysfunction,https://en.wikipedia.org/w/index.php?title=Postoperative_cognitive_dysfunction&oldid=932306827,https://en.wikipedia.org/api/rest_v1/page/html/Postoperative_cognitive_dysfunction/932306827,https://doi.org/10.1016/s0140-6736(97)07382-0,https://doi.org/10.1016/s0140-6736(97)07382-0
37649,wikipedia,https://doi.org/10.1016/s0140-6736(97)07382-0,https://en.wikipedia.org/api/rest_v1/page/html/Postoperative_cognitive_dysfunction/932306906,3fcf1503-dec1-41f2-949f-8eb3a4cdae14,2019-12-24 22:30:53,2019-12-24 17:36:24,references,36c35e23-8757-4a9d-aacf-345e9b7eb50d,https://creativecommons.org/publicdomain/zero/1.0/,https://doi.org/10.13003/CED-terms-of-use,,,https://evidence.eventdata.crossref.org/evidence/20191224-wikipedia-71333ccb-57d9-4d91-91e4-604ac565c8db,add,https://en.wikipedia.org/wiki/Postoperative_cognitive_dysfunction,Postoperative cognitive dysfunction,https://en.wikipedia.org/w/index.php?title=Postoperative_cognitive_dysfunction&oldid=932306906,https://en.wikipedia.org/api/rest_v1/page/html/Postoperative_cognitive_dysfunction/932306906,https://doi.org/10.1016/s0140-6736(97)07382-0,https://doi.org/10.1016/s0140-6736(97)07382-0
37650,wikipedia,https://doi.org/10.1016/s0140-6736(97)07382-0,https://en.wikipedia.org/api/rest_v1/page/html/Postoperative_cognitive_dysfunction/932306782,41cf5610-1a23-4628-aba4-160754c679fa,2019-12-24 22:29:29,2019-12-24 17:36:38,references,36c35e23-8757-4a9d-aacf-345e9b7eb50d,https://creativecommons.org/publicdomain/zero/1.0/,https://doi.org/10.13003/CED-terms-of-use,,,https://evidence.eventdata.crossref.org/evidence/20191224-wikipedia-6eb81a6c-64b1-4822-9ff7-9c052afc5222,add,https://en.wikipedia.org/wiki/Postoperative_cognitive_dysfunction,Postoperative cognitive dysfunction,https://en.wikipedia.org/w/index.php?title=Postoperative_cognitive_dysfunction&oldid=932306782,https://en.wikipedia.org/api/rest_v1/page/html/Postoperative_cognitive_dysfunction/932306782,https://doi.org/10.1016/s0140-6736(97)07382-0,https://doi.org/10.1016/s0140-6736(97)07382-0
37651,wikipedia,https://doi.org/10.1016/s0140-6736(97)07382-0,https://en.wikipedia.org/api/rest_v1/page/html/Postoperative_cognitive_dysfunction/932307042,19f6bfd2-72ee-4c9f-9049-349fa07af185,2019-12-24 22:32:17,2019-12-24 17:40:11,references,36c35e23-8757-4a9d-aacf-345e9b7eb50d,https://creativecommons.org/publicdomain/zero/1.0/,https://doi.org/10.13003/CED-terms-of-use,,,https://evidence.eventdata.crossref.org/evidence/20191224-wikipedia-e5bfecac-2fe1-443d-a946-5daac5d0dd65,add,https://en.wikipedia.org/wiki/Postoperative_cognitive_dysfunction,Postoperative cognitive dysfunction,https://en.wikipedia.org/w/index.php?title=Postoperative_cognitive_dysfunction&oldid=932307042,https://en.wikipedia.org/api/rest_v1/page/html/Postoperative_cognitive_dysfunction/932307042,https://doi.org/10.1016/s0140-6736(97)07382-0,https://doi.org/10.1016/s0140-6736(97)07382-0
37652,wikipedia,https://doi.org/10.1016/s0140-6736(97)07382-0,https://ar.wikipedia.org/api/rest_v1/page/html/%D8%B6%D8%B9%D9%81_%D8%A7%D9%84%D9%88%D8%B8%D8%A7%D8%,d5dda05f-f7a1-4241-8829-4fb42e7b5422,2020-01-25 05:15:56,2020-01-25 00:22:49,references,36c35e23-8757-4a9d-aacf-345e9b7eb50d,https://creativecommons.org/publicdomain/zero/1.0/,https://doi.org/10.13003/CED-terms-of-use,,,https://evidence.eventdata.crossref.org/evidence/20200125-wikipedia-8061572c-fef5-4645-a838-f611af55f894,add,https://ar.wikipedia.org/wiki/%D8%B6%D8%B9%D9%81_%D8%A7%D9%84%D9%88%D8%B8%D8%A7%,ضعف الوظائف المعرفية بعد العملية الجراحية,https://ar.wikipedia.org/w/index.php?title=%D8%B6%D8%B9%D9%81_%D8%A7%D9%84%D9%88%D8%B8%D8%A7%D8%A6%D,https://ar.wikipedia.org/api/rest_v1/page/html/%D8%B6%D8%B9%D9%81_%D8%A7%D9%84%D9%88%D8%B8%D8%A7%D8%,https://doi.org/10.1016/s0140-6736(97)07382-0,https://doi.org/10.1016/s0140-6736(97)07382-0
37653,wikipedia,https://doi.org/10.1016/s0140-6736(97)07382-0,https://en.wikipedia.org/api/rest_v1/page/html/Postoperative_cognitive_dysfunction/947555265,7ec2b626-ae65-4147-8ac8-3f35e4af9ed5,2020-03-27 00:56:13,2020-10-13 18:29:24,references,36c35e23-8757-4a9d-aacf-345e9b7eb50d,https://creativecommons.org/publicdomain/zero/1.0/,https://doi.org/10.13003/CED-terms-of-use,,,https://evidence.eventdata.crossref.org/evidence/20200327-wikipedia-3cd71ee9-c812-4b7a-9136-c6f787e0b68a,add,https://en.wikipedia.org/wiki/Postoperative_cognitive_dysfunction,Postoperative cognitive dysfunction,https://en.wikipedia.org/w/index.php?title=Postoperative_cognitive_dysfunction&oldid=947555265,https://en.wikipedia.org/api/rest_v1/page/html/Postoperative_cognitive_dysfunction/947555265,https://doi.org/10.1016/s0140-6736(97)07382-0,https://doi.org/10.1016/s0140-6736(97)07382-0
37654,wikipedia,https://doi.org/10.1016/s0140-6736(97)07382-0,https://en.wikipedia.org/api/rest_v1/page/html/Postoperative_cognitive_dysfunction/951451633,b33a0b39-55fd-498b-bffe-385c82dbc4e2,2020-04-17 07:04:31,2020-10-14 06:38:05,references,36c35e23-8757-4a9d-aacf-345e9b7eb50d,https://creativecommons.org/publicdomain/zero/1.0/,https://doi.org/10.13003/CED-terms-of-use,,,https://evidence.eventdata.crossref.org/evidence/20200417-wikipedia-c1446bd5-a684-482b-a519-713d366b254e,add,https://en.wikipedia.org/wiki/Postoperative_cognitive_dysfunction,Postoperative cognitive dysfunction,https://en.wikipedia.org/w/index.php?title=Postoperative_cognitive_dysfunction&oldid=951451633,https://en.wikipedia.org/api/rest_v1/page/html/Postoperative_cognitive_dysfunction/951451633,https://doi.org/10.1016/s0140-6736(97)07382-0,https://doi.org/10.1016/s0140-6736(97)07382-0
37655,wikipedia,https://doi.org/10.1016/s0140-6736(97)07382-0,https://en.wikipedia.org/api/rest_v1/page/html/Postoperative_cognitive_dysfunction/955826388,584485e1-e9f6-4a2e-ab93-9d7f16506070,2020-05-10 01:06:23,2020-10-14 17:07:17,references,36c35e23-8757-4a9d-aacf-345e9b7eb50d,https://creativecommons.org/publicdomain/zero/1.0/,https://doi.org/10.13003/CED-terms-of-use,,,https://evidence.eventdata.crossref.org/evidence/20200510-wikipedia-857eeb03-5089-4174-b906-b32620181752,add,https://en.wikipedia.org/wiki/Postoperative_cognitive_dysfunction,Postoperative cognitive dysfunction,https://en.wikipedia.org/w/index.php?title=Postoperative_cognitive_dysfunction&oldid=955826388,https://en.wikipedia.org/api/rest_v1/page/html/Postoperative_cognitive_dysfunction/955826388,https://doi.org/10.1016/s0140-6736(97)07382-0,https://doi.org/10.1016/s0140-6736(97)07382-0
37656,wikipedia,https://doi.org/10.1016/s0140-6736(97)07382-0,https://ar.wikipedia.org/api/rest_v1/page/html/%D8%B6%D8%B9%D9%81_%D8%A7%D9%84%D9%88%D8%B8%D8%A7%D8%,86f16ef5-4b27-4ca1-b272-68a6f0f8ad32,2020-07-03 13:20:04,2020-10-15 19:40:26,references,36c35e23-8757-4a9d-aacf-345e9b7eb50d,https://creativecommons.org/publicdomain/zero/1.0/,https://doi.org/10.13003/CED-terms-of-use,,,https://evidence.eventdata.crossref.org/evidence/20200703-wikipedia-10c04699-1b7d-4a52-a608-1a9e182d281d,add,https://ar.wikipedia.org/wiki/%D8%B6%D8%B9%D9%81_%D8%A7%D9%84%D9%88%D8%B8%D8%A7%,ضعف الوظائف المعرفية بعد العملية الجراحية,https://ar.wikipedia.org/w/index.php?title=%D8%B6%D8%B9%D9%81_%D8%A7%D9%84%D9%88%D8%B8%D8%A7%D8%A6%D,https://ar.wikipedia.org/api/rest_v1/page/html/%D8%B6%D8%B9%D9%81_%D8%A7%D9%84%D9%88%D8%B8%D8%A7%D8%,https://doi.org/10.1016/s0140-6736(97)07382-0,https://doi.org/10.1016/s0140-6736(97)07382-0
37657,wikipedia,https://doi.org/10.1016/s0140-6736(97)07382-0,https://ar.wikipedia.org/api/rest_v1/page/html/%D8%B6%D8%B9%D9%81_%D8%A7%D9%84%D9%88%D8%B8%D8%A7%D8%,00d55f32-4386-4ac6-9b83-5b922f445a3e,2020-07-03 13:20:04,2020-10-16 06:19:24,references,36c35e23-8757-4a9d-aacf-345e9b7eb50d,https://creativecommons.org/publicdomain/zero/1.0/,https://doi.org/10.13003/CED-terms-of-use,,,https://evidence.eventdata.crossref.org/evidence/20200718-wikipedia-a7f01e7f-ae02-4834-b5bd-07727f45c03d,add,https://ar.wikipedia.org/wiki/%D8%B6%D8%B9%D9%81_%D8%A7%D9%84%D9%88%D8%B8%D8%A7%,ضعف الوظائف المعرفية بعد العملية الجراحية,https://ar.wikipedia.org/w/index.php?title=%D8%B6%D8%B9%D9%81_%D8%A7%D9%84%D9%88%D8%B8%D8%A7%D8%A6%D,https://ar.wikipedia.org/api/rest_v1/page/html/%D8%B6%D8%B9%D9%81_%D8%A7%D9%84%D9%88%D8%B8%D8%A7%D8%,https://doi.org/10.1016/s0140-6736(97)07382-0,https://doi.org/10.1016/s0140-6736(97)07382-0
37658,wikipedia,https://doi.org/10.1016/s0140-6736(97)07382-0,https://en.wikipedia.org/api/rest_v1/page/html/Postoperative_cognitive_dysfunction/993823225,bc3057a5-1a96-463e-89fb-1e3d5de02403,2020-12-12 17:59:29,2020-12-12 13:06:45,references,36c35e23-8757-4a9d-aacf-345e9b7eb50d,https://creativecommons.org/publicdomain/zero/1.0/,https://doi.org/10.13003/CED-terms-of-use,,,https://evidence.eventdata.crossref.org/evidence/20201212-wikipedia-44d317ea-b4e5-4e62-9e51-27b4e2aa9b92,add,https://en.wikipedia.org/wiki/Postoperative_cognitive_dysfunction,Postoperative cognitive dysfunction,https://en.wikipedia.org/w/index.php?title=Postoperative_cognitive_dysfunction&oldid=993823225,https://en.wikipedia.org/api/rest_v1/page/html/Postoperative_cognitive_dysfunction/993823225,https://doi.org/10.1016/s0140-6736(97)07382-0,https://doi.org/10.1016/s0140-6736(97)07382-0
37659,wikipedia,https://doi.org/10.1016/S0140-6736(97)07382-0,https://fa.wikipedia.org/api/rest_v1/page/html/%D8%A7%D8%AE%D8%AA%D9%84%D8%A7%D9%84_%D8%B4%D9%86%D8%,4d72027f-5949-4411-9097-48e8dffde2d8,2021-02-02 20:33:05,2021-02-02 16:24:12,references,36c35e23-8757-4a9d-aacf-345e9b7eb50d,https://creativecommons.org/publicdomain/zero/1.0/,https://doi.org/10.13003/CED-terms-of-use,,,https://evidence.eventdata.crossref.org/evidence/20210202-wikipedia-3a81f7c0-368a-4dcb-a52c-1097b6091259,add,https://fa.wikipedia.org/wiki/%D8%A7%D8%AE%D8%AA%D9%84%D8%A7%D9%84_%D8%B4%D9%86%,اختلال شناختاری بعد از جراحی( POCD ),https://fa.wikipedia.org/w/index.php?title=%D8%A7%D8%AE%D8%AA%D9%84%D8%A7%D9%84_%D8%B4%D9%86%D8%A7%D,https://fa.wikipedia.org/api/rest_v1/page/html/%D8%A7%D8%AE%D8%AA%D9%84%D8%A7%D9%84_%D8%B4%D9%86%D8%,https://doi.org/10.1016/S0140-6736(97)07382-0,https://doi.org/10.1016/S0140-6736(97)07382-0
37660,wikipedia,https://doi.org/10.1016/S0140-6736(97)07382-0,https://fa.wikipedia.org/api/rest_v1/page/html/%D8%A7%D8%AE%D8%AA%D9%84%D8%A7%D9%84_%D8%B4%D9%86%D8%,c00ab6f7-5512-4125-8355-74fe5f77366b,2021-02-02 20:34:40,2021-02-02 16:34:00,references,36c35e23-8757-4a9d-aacf-345e9b7eb50d,https://creativecommons.org/publicdomain/zero/1.0/,https://doi.org/10.13003/CED-terms-of-use,,,https://evidence.eventdata.crossref.org/evidence/20210202-wikipedia-c2ced23b-3ce0-4b45-b9b8-7af9197279ac,add,https://fa.wikipedia.org/wiki/%D8%A7%D8%AE%D8%AA%D9%84%D8%A7%D9%84_%D8%B4%D9%86%,اختلال شناختاری بعد از جراحی( POCD ),https://fa.wikipedia.org/w/index.php?title=%D8%A7%D8%AE%D8%AA%D9%84%D8%A7%D9%84_%D8%B4%D9%86%D8%A7%D,https://fa.wikipedia.org/api/rest_v1/page/html/%D8%A7%D8%AE%D8%AA%D9%84%D8%A7%D9%84_%D8%B4%D9%86%D8%,https://doi.org/10.1016/S0140-6736(97)07382-0,https://doi.org/10.1016/S0140-6736(97)07382-0
37661,wikipedia,https://doi.org/10.1016/S0140-6736(97)07382-0,https://fa.wikipedia.org/api/rest_v1/page/html/%D8%A7%D8%AE%D8%AA%D9%84%D8%A7%D9%84_%D8%B4%D9%86%D8%,434ff701-4e47-4598-bcd7-b6861421aad4,2021-02-02 20:43:01,2021-02-02 16:34:41,references,36c35e23-8757-4a9d-aacf-345e9b7eb50d,https://creativecommons.org/publicdomain/zero/1.0/,https://doi.org/10.13003/CED-terms-of-use,,,https://evidence.eventdata.crossref.org/evidence/20210202-wikipedia-816dfbf5-4203-495b-ad33-04039c8d265f,add,https://fa.wikipedia.org/wiki/%D8%A7%D8%AE%D8%AA%D9%84%D8%A7%D9%84_%D8%B4%D9%86%,اختلال شناختاری بعد از جراحی( POCD ),https://fa.wikipedia.org/w/index.php?title=%D8%A7%D8%AE%D8%AA%D9%84%D8%A7%D9%84_%D8%B4%D9%86%D8%A7%D,https://fa.wikipedia.org/api/rest_v1/page/html/%D8%A7%D8%AE%D8%AA%D9%84%D8%A7%D9%84_%D8%B4%D9%86%D8%,https://doi.org/10.1016/S0140-6736(97)07382-0,https://doi.org/10.1016/S0140-6736(97)07382-0
37662,wikipedia,https://doi.org/10.1016/S0140-6736(97)07382-0,https://fa.wikipedia.org/api/rest_v1/page/html/%D8%A7%D8%AE%D8%AA%D9%84%D8%A7%D9%84_%D8%B4%D9%86%D8%,33dda020-91f3-4f08-9157-390e2cc19d0b,2021-02-02 20:41:28,2021-02-02 16:36:18,references,36c35e23-8757-4a9d-aacf-345e9b7eb50d,https://creativecommons.org/publicdomain/zero/1.0/,https://doi.org/10.13003/CED-terms-of-use,,,https://evidence.eventdata.crossref.org/evidence/20210202-wikipedia-c0a21c6a-a81e-4067-b32c-e2d232ed6839,add,https://fa.wikipedia.org/wiki/%D8%A7%D8%AE%D8%AA%D9%84%D8%A7%D9%84_%D8%B4%D9%86%,اختلال شناختاری بعد از جراحی( POCD ),https://fa.wikipedia.org/w/index.php?title=%D8%A7%D8%AE%D8%AA%D9%84%D8%A7%D9%84_%D8%B4%D9%86%D8%A7%D,https://fa.wikipedia.org/api/rest_v1/page/html/%D8%A7%D8%AE%D8%AA%D9%84%D8%A7%D9%84_%D8%B4%D9%86%D8%,https://doi.org/10.1016/S0140-6736(97)07382-0,https://doi.org/10.1016/S0140-6736(97)07382-0
37663,wikipedia,https://doi.org/10.1016/S0140-6736(97)07382-0,https://fa.wikipedia.org/api/rest_v1/page/html/%D8%A7%D8%AE%D8%AA%D9%84%D8%A7%D9%84_%D8%B4%D9%86%D8%,8757317b-9ba8-44d7-aea7-bfa083dcc7b4,2021-02-02 20:34:56,2021-02-02 16:37:39,references,36c35e23-8757-4a9d-aacf-345e9b7eb50d,https://creativecommons.org/publicdomain/zero/1.0/,https://doi.org/10.13003/CED-terms-of-use,,,https://evidence.eventdata.crossref.org/evidence/20210202-wikipedia-3e05e913-5527-4b71-ae7b-dab38d10e27e,add,https://fa.wikipedia.org/wiki/%D8%A7%D8%AE%D8%AA%D9%84%D8%A7%D9%84_%D8%B4%D9%86%,اختلال شناختاری بعد از جراحی( POCD ),https://fa.wikipedia.org/w/index.php?title=%D8%A7%D8%AE%D8%AA%D9%84%D8%A7%D9%84_%D8%B4%D9%86%D8%A7%D,https://fa.wikipedia.org/api/rest_v1/page/html/%D8%A7%D8%AE%D8%AA%D9%84%D8%A7%D9%84_%D8%B4%D9%86%D8%,https://doi.org/10.1016/S0140-6736(97)07382-0,https://doi.org/10.1016/S0140-6736(97)07382-0
37664,wikipedia,https://doi.org/10.1016/S0140-6736(97)07382-0,https://fa.wikipedia.org/api/rest_v1/page/html/%D8%A7%D8%AE%D8%AA%D9%84%D8%A7%D9%84_%D8%B4%D9%86%D8%,0948fbc1-b6a1-44b3-bc3d-1ea30ccdc6fe,2021-02-02 20:33:34,2021-02-02 16:38:34,references,36c35e23-8757-4a9d-aacf-345e9b7eb50d,https://creativecommons.org/publicdomain/zero/1.0/,https://doi.org/10.13003/CED-terms-of-use,,,https://evidence.eventdata.crossref.org/evidence/20210202-wikipedia-6a880c2b-ff78-457b-8603-a3c4fb69da56,add,https://fa.wikipedia.org/wiki/%D8%A7%D8%AE%D8%AA%D9%84%D8%A7%D9%84_%D8%B4%D9%86%,اختلال شناختاری بعد از جراحی( POCD ),https://fa.wikipedia.org/w/index.php?title=%D8%A7%D8%AE%D8%AA%D9%84%D8%A7%D9%84_%D8%B4%D9%86%D8%A7%D,https://fa.wikipedia.org/api/rest_v1/page/html/%D8%A7%D8%AE%D8%AA%D9%84%D8%A7%D9%84_%D8%B4%D9%86%D8%,https://doi.org/10.1016/S0140-6736(97)07382-0,https://doi.org/10.1016/S0140-6736(97)07382-0
37665,wikipedia,https://doi.org/10.1016/S0140-6736(97)07382-0,https://fa.wikipedia.org/api/rest_v1/page/html/%D8%A7%D8%AE%D8%AA%D9%84%D8%A7%D9%84_%D8%B4%D9%86%D8%,3ef46d30-82b4-4cba-81a4-111d2a6f0557,2021-02-02 20:34:23,2021-02-02 16:41:50,references,36c35e23-8757-4a9d-aacf-345e9b7eb50d,https://creativecommons.org/publicdomain/zero/1.0/,https://doi.org/10.13003/CED-terms-of-use,,,https://evidence.eventdata.crossref.org/evidence/20210202-wikipedia-754d1fea-ab75-46f3-afb0-e2b56a9351c3,add,https://fa.wikipedia.org/wiki/%D8%A7%D8%AE%D8%AA%D9%84%D8%A7%D9%84_%D8%B4%D9%86%,اختلال شناختاری بعد از جراحی( POCD ),https://fa.wikipedia.org/w/index.php?title=%D8%A7%D8%AE%D8%AA%D9%84%D8%A7%D9%84_%D8%B4%D9%86%D8%A7%D,https://fa.wikipedia.org/api/rest_v1/page/html/%D8%A7%D8%AE%D8%AA%D9%84%D8%A7%D9%84_%D8%B4%D9%86%D8%,https://doi.org/10.1016/S0140-6736(97)07382-0,https://doi.org/10.1016/S0140-6736(97)07382-0
37666,wikipedia,https://doi.org/10.1016/S0140-6736(97)07382-0,https://fa.wikipedia.org/api/rest_v1/page/html/%D8%A7%D8%AE%D8%AA%D9%84%D8%A7%D9%84_%D8%B4%D9%86%D8%,1cb13d00-7965-4cc2-a9af-ef72edb0b560,2021-02-02 20:34:07,2021-02-02 16:41:51,references,36c35e23-8757-4a9d-aacf-345e9b7eb50d,https://creativecommons.org/publicdomain/zero/1.0/,https://doi.org/10.13003/CED-terms-of-use,,,https://evidence.eventdata.crossref.org/evidence/20210202-wikipedia-60169d92-39ae-408a-8fe4-b88888994f5f,add,https://fa.wikipedia.org/wiki/%D8%A7%D8%AE%D8%AA%D9%84%D8%A7%D9%84_%D8%B4%D9%86%,اختلال شناختاری بعد از جراحی( POCD ),https://fa.wikipedia.org/w/index.php?title=%D8%A7%D8%AE%D8%AA%D9%84%D8%A7%D9%84_%D8%B4%D9%86%D8%A7%D,https://fa.wikipedia.org/api/rest_v1/page/html/%D8%A7%D8%AE%D8%AA%D9%84%D8%A7%D9%84_%D8%B4%D9%86%D8%,https://doi.org/10.1016/S0140-6736(97)07382-0,https://doi.org/10.1016/S0140-6736(97)07382-0
37667,wikipedia,https://doi.org/10.1016/S0140-6736(97)07382-0,https://fa.wikipedia.org/api/rest_v1/page/html/%D8%A7%D8%AE%D8%AA%D9%84%D8%A7%D9%84_%D8%B4%D9%86%D8%,5eae39f6-aa08-4d84-935f-e600064c4b0a,2021-02-02 20:43:21,2021-02-02 17:30:57,references,36c35e23-8757-4a9d-aacf-345e9b7eb50d,https://creativecommons.org/publicdomain/zero/1.0/,https://doi.org/10.13003/CED-terms-of-use,,,https://evidence.eventdata.crossref.org/evidence/20210202-wikipedia-1bbb5884-9a1d-4347-8c73-b8200332193f,add,https://fa.wikipedia.org/wiki/%D8%A7%D8%AE%D8%AA%D9%84%D8%A7%D9%84_%D8%B4%D9%86%,اختلال شناختاری بعد از جراحی( POCD ),https://fa.wikipedia.org/w/index.php?title=%D8%A7%D8%AE%D8%AA%D9%84%D8%A7%D9%84_%D8%B4%D9%86%D8%A7%D,https://fa.wikipedia.org/api/rest_v1/page/html/%D8%A7%D8%AE%D8%AA%D9%84%D8%A7%D9%84_%D8%B4%D9%86%D8%,https://doi.org/10.1016/S0140-6736(97)07382-0,https://doi.org/10.1016/S0140-6736(97)07382-0
37668,wikipedia,https://doi.org/10.1016/S0140-6736(97)07382-0,https://fa.wikipedia.org/api/rest_v1/page/html/%D8%A7%D8%AE%D8%AA%D9%84%D8%A7%D9%84_%D8%B4%D9%86%D8%,9369088f-56e6-43a2-a9da-0fc9e463876b,2021-02-03 06:02:49,2021-02-03 01:08:35,references,36c35e23-8757-4a9d-aacf-345e9b7eb50d,https://creativecommons.org/publicdomain/zero/1.0/,https://doi.org/10.13003/CED-terms-of-use,,,https://evidence.eventdata.crossref.org/evidence/20210203-wikipedia-a56df7b5-8740-4ac5-8764-e2193e92ee2a,add,https://fa.wikipedia.org/wiki/%D8%A7%D8%AE%D8%AA%D9%84%D8%A7%D9%84_%D8%B4%D9%86%,اختلال شناختاری بعد از جراحی( POCD ),https://fa.wikipedia.org/w/index.php?title=%D8%A7%D8%AE%D8%AA%D9%84%D8%A7%D9%84_%D8%B4%D9%86%D8%A7%D,https://fa.wikipedia.org/api/rest_v1/page/html/%D8%A7%D8%AE%D8%AA%D9%84%D8%A7%D9%84_%D8%B4%D9%86%D8%,https://doi.org/10.1016/S0140-6736(97)07382-0,https://doi.org/10.1016/S0140-6736(97)07382-0
37669,wikipedia,https://doi.org/10.1016/S0140-6736(97)07382-0,https://fa.wikipedia.org/api/rest_v1/page/html/%D8%A7%D8%AE%D8%AA%D9%84%D8%A7%D9%84_%D8%B4%D9%86%D8%,74740f19-430a-414f-86b9-472c5dca15f5,2021-02-05 15:49:19,2021-02-05 11:36:01,references,36c35e23-8757-4a9d-aacf-345e9b7eb50d,https://creativecommons.org/publicdomain/zero/1.0/,https://doi.org/10.13003/CED-terms-of-use,,,https://evidence.eventdata.crossref.org/evidence/20210205-wikipedia-19b7c601-9568-4960-b355-60f223695ecb,add,https://fa.wikipedia.org/wiki/%D8%A7%D8%AE%D8%AA%D9%84%D8%A7%D9%84_%D8%B4%D9%86%,اختلال شناختاری بعد از جراحی( POCD ),https://fa.wikipedia.org/w/index.php?title=%D8%A7%D8%AE%D8%AA%D9%84%D8%A7%D9%84_%D8%B4%D9%86%D8%A7%D,https://fa.wikipedia.org/api/rest_v1/page/html/%D8%A7%D8%AE%D8%AA%D9%84%D8%A7%D9%84_%D8%B4%D9%86%D8%,https://doi.org/10.1016/S0140-6736(97)07382-0,https://doi.org/10.1016/S0140-6736(97)07382-0
37670,wikipedia,https://doi.org/10.1016/S0140-6736(97)07382-0,https://fa.wikipedia.org/api/rest_v1/page/html/%D8%A7%D8%AE%D8%AA%D9%84%D8%A7%D9%84_%D8%B4%D9%86%D8%,fae42ce0-f143-4aa8-b2d4-676e85c77ca1,2021-02-05 16:05:20,2021-02-05 11:39:10,references,36c35e23-8757-4a9d-aacf-345e9b7eb50d,https://creativecommons.org/publicdomain/zero/1.0/,https://doi.org/10.13003/CED-terms-of-use,,,https://evidence.eventdata.crossref.org/evidence/20210205-wikipedia-e87a1058-9e75-4d0e-9bb9-1003a09bbb8f,add,https://fa.wikipedia.org/wiki/%D8%A7%D8%AE%D8%AA%D9%84%D8%A7%D9%84_%D8%B4%D9%86%,اختلال شناختاری بعد از جراحی( POCD ),https://fa.wikipedia.org/w/index.php?title=%D8%A7%D8%AE%D8%AA%D9%84%D8%A7%D9%84_%D8%B4%D9%86%D8%A7%D,https://fa.wikipedia.org/api/rest_v1/page/html/%D8%A7%D8%AE%D8%AA%D9%84%D8%A7%D9%84_%D8%B4%D9%86%D8%,https://doi.org/10.1016/S0140-6736(97)07382-0,https://doi.org/10.1016/S0140-6736(97)07382-0
37671,wikipedia,https://doi.org/10.1016/S0140-6736(97)07382-0,https://fa.wikipedia.org/api/rest_v1/page/html/%D8%A7%D8%AE%D8%AA%D9%84%D8%A7%D9%84_%D8%B4%D9%86%D8%,7e7fa7b5-a9e8-4217-ad85-aa976ea8ec94,2021-02-05 16:20:50,2021-02-05 11:43:31,references,36c35e23-8757-4a9d-aacf-345e9b7eb50d,https://creativecommons.org/publicdomain/zero/1.0/,https://doi.org/10.13003/CED-terms-of-use,,,https://evidence.eventdata.crossref.org/evidence/20210205-wikipedia-57a1688c-8a2e-4dd4-8f54-ff426e037d09,add,https://fa.wikipedia.org/wiki/%D8%A7%D8%AE%D8%AA%D9%84%D8%A7%D9%84_%D8%B4%D9%86%,اختلال شناختاری بعد از جراحی( POCD ),https://fa.wikipedia.org/w/index.php?title=%D8%A7%D8%AE%D8%AA%D9%84%D8%A7%D9%84_%D8%B4%D9%86%D8%A7%D,https://fa.wikipedia.org/api/rest_v1/page/html/%D8%A7%D8%AE%D8%AA%D9%84%D8%A7%D9%84_%D8%B4%D9%86%D8%,https://doi.org/10.1016/S0140-6736(97)07382-0,https://doi.org/10.1016/S0140-6736(97)07382-0
37672,wikipedia,https://doi.org/10.1016/S0140-6736(97)07382-0,https://fa.wikipedia.org/api/rest_v1/page/html/%D8%A7%D8%AE%D8%AA%D9%84%D8%A7%D9%84_%D8%B4%D9%86%D8%,6abcbd8f-b592-4b96-ba96-211c132d8b84,2021-02-05 16:19:47,2021-02-05 12:15:47,references,36c35e23-8757-4a9d-aacf-345e9b7eb50d,https://creativecommons.org/publicdomain/zero/1.0/,https://doi.org/10.13003/CED-terms-of-use,,,https://evidence.eventdata.crossref.org/evidence/20210205-wikipedia-a07f85f0-354e-4eeb-b1ee-f0db6ffb7f19,add,https://fa.wikipedia.org/wiki/%D8%A7%D8%AE%D8%AA%D9%84%D8%A7%D9%84_%D8%B4%D9%86%,اختلال شناختاری بعد از جراحی( POCD ),https://fa.wikipedia.org/w/index.php?title=%D8%A7%D8%AE%D8%AA%D9%84%D8%A7%D9%84_%D8%B4%D9%86%D8%A7%D,https://fa.wikipedia.org/api/rest_v1/page/html/%D8%A7%D8%AE%D8%AA%D9%84%D8%A7%D9%84_%D8%B4%D9%86%D8%,https://doi.org/10.1016/S0140-6736(97)07382-0,https://doi.org/10.1016/S0140-6736(97)07382-0
37673,wikipedia,https://doi.org/10.1016/S0140-6736(97)07382-0,https://fa.wikipedia.org/api/rest_v1/page/html/%D8%A7%D8%AE%D8%AA%D9%84%D8%A7%D9%84_%D8%B4%D9%86%D8%,ffa42e4e-252c-48be-b7be-41f384bfa663,2021-02-05 16:31:17,2021-02-05 12:21:30,references,36c35e23-8757-4a9d-aacf-345e9b7eb50d,https://creativecommons.org/publicdomain/zero/1.0/,https://doi.org/10.13003/CED-terms-of-use,,,https://evidence.eventdata.crossref.org/evidence/20210205-wikipedia-500de829-d77d-454d-ab2f-c023897d06fe,add,https://fa.wikipedia.org/wiki/%D8%A7%D8%AE%D8%AA%D9%84%D8%A7%D9%84_%D8%B4%D9%86%,اختلال شناختاری بعد از جراحی( POCD ),https://fa.wikipedia.org/w/index.php?title=%D8%A7%D8%AE%D8%AA%D9%84%D8%A7%D9%84_%D8%B4%D9%86%D8%A7%D,https://fa.wikipedia.org/api/rest_v1/page/html/%D8%A7%D8%AE%D8%AA%D9%84%D8%A7%D9%84_%D8%B4%D9%86%D8%,https://doi.org/10.1016/S0140-6736(97)07382-0,https://doi.org/10.1016/S0140-6736(97)07382-0
37674,wikipedia,https://doi.org/10.1016/S0140-6736(97)07382-0,https://fa.wikipedia.org/api/rest_v1/page/html/%D8%A7%D8%AE%D8%AA%D9%84%D8%A7%D9%84_%D8%B4%D9%86%D8%,120e0b61-9981-475a-83c4-81e3ef226fe6,2021-02-05 16:43:07,2021-02-05 12:30:01,references,36c35e23-8757-4a9d-aacf-345e9b7eb50d,https://creativecommons.org/publicdomain/zero/1.0/,https://doi.org/10.13003/CED-terms-of-use,,,https://evidence.eventdata.crossref.org/evidence/20210205-wikipedia-b91d5f49-4c3a-446b-8195-880bb4a08ea0,add,https://fa.wikipedia.org/wiki/%D8%A7%D8%AE%D8%AA%D9%84%D8%A7%D9%84_%D8%B4%D9%86%,اختلال شناختاری بعد از جراحی( POCD ),https://fa.wikipedia.org/w/index.php?title=%D8%A7%D8%AE%D8%AA%D9%84%D8%A7%D9%84_%D8%B4%D9%86%D8%A7%D,https://fa.wikipedia.org/api/rest_v1/page/html/%D8%A7%D8%AE%D8%AA%D9%84%D8%A7%D9%84_%D8%B4%D9%86%D8%,https://doi.org/10.1016/S0140-6736(97)07382-0,https://doi.org/10.1016/S0140-6736(97)07382-0
37675,wikipedia,https://doi.org/10.1016/S0140-6736(97)07382-0,https://fa.wikipedia.org/api/rest_v1/page/html/%D8%A7%D8%AE%D8%AA%D9%84%D8%A7%D9%84_%D8%B4%D9%86%D8%,14777cc5-9bce-4dab-a5fe-5298a48a4941,2021-02-05 16:38:17,2021-02-05 12:33:41,references,36c35e23-8757-4a9d-aacf-345e9b7eb50d,https://creativecommons.org/publicdomain/zero/1.0/,https://doi.org/10.13003/CED-terms-of-use,,,https://evidence.eventdata.crossref.org/evidence/20210205-wikipedia-727a9e38-908a-4964-a393-eda959a8b6ec,add,https://fa.wikipedia.org/wiki/%D8%A7%D8%AE%D8%AA%D9%84%D8%A7%D9%84_%D8%B4%D9%86%,اختلال شناختاری بعد از جراحی( POCD ),https://fa.wikipedia.org/w/index.php?title=%D8%A7%D8%AE%D8%AA%D9%84%D8%A7%D9%84_%D8%B4%D9%86%D8%A7%D,https://fa.wikipedia.org/api/rest_v1/page/html/%D8%A7%D8%AE%D8%AA%D9%84%D8%A7%D9%84_%D8%B4%D9%86%D8%,https://doi.org/10.1016/S0140-6736(97)07382-0,https://doi.org/10.1016/S0140-6736(97)07382-0
37676,wikipedia,https://doi.org/10.1016/S0140-6736(97)07382-0,https://fa.wikipedia.org/api/rest_v1/page/html/%D8%A7%D8%AE%D8%AA%D9%84%D8%A7%D9%84_%D8%B4%D9%86%D8%,e0728f17-3428-4741-bb38-84ca19b31c17,2021-02-05 16:44:47,2021-02-05 12:44:07,references,36c35e23-8757-4a9d-aacf-345e9b7eb50d,https://creativecommons.org/publicdomain/zero/1.0/,https://doi.org/10.13003/CED-terms-of-use,,,https://evidence.eventdata.crossref.org/evidence/20210205-wikipedia-bfaa20f2-69b4-43d6-9a49-89cecf9dd5d5,add,https://fa.wikipedia.org/wiki/%D8%A7%D8%AE%D8%AA%D9%84%D8%A7%D9%84_%D8%B4%D9%86%,اختلال شناختاری بعد از جراحی( POCD ),https://fa.wikipedia.org/w/index.php?title=%D8%A7%D8%AE%D8%AA%D9%84%D8%A7%D9%84_%D8%B4%D9%86%D8%A7%D,https://fa.wikipedia.org/api/rest_v1/page/html/%D8%A7%D8%AE%D8%AA%D9%84%D8%A7%D9%84_%D8%B4%D9%86%D8%,https://doi.org/10.1016/S0140-6736(97)07382-0,https://doi.org/10.1016/S0140-6736(97)07382-0
37677,wikipedia,https://doi.org/10.1016/S0140-6736(97)07382-0,https://fa.wikipedia.org/api/rest_v1/page/html/%D8%A7%D8%AE%D8%AA%D9%84%D8%A7%D9%84_%D8%B4%D9%86%D8%,77fe2958-b3c8-49d0-950b-76e818a13441,2021-02-05 17:08:41,2021-02-05 12:50:15,references,36c35e23-8757-4a9d-aacf-345e9b7eb50d,https://creativecommons.org/publicdomain/zero/1.0/,https://doi.org/10.13003/CED-terms-of-use,,,https://evidence.eventdata.crossref.org/evidence/20210205-wikipedia-6c511fba-796e-4ddd-8586-3720553da2c9,add,https://fa.wikipedia.org/wiki/%D8%A7%D8%AE%D8%AA%D9%84%D8%A7%D9%84_%D8%B4%D9%86%,اختلال شناختاری بعد از جراحی( POCD ),https://fa.wikipedia.org/w/index.php?title=%D8%A7%D8%AE%D8%AA%D9%84%D8%A7%D9%84_%D8%B4%D9%86%D8%A7%D,https://fa.wikipedia.org/api/rest_v1/page/html/%D8%A7%D8%AE%D8%AA%D9%84%D8%A7%D9%84_%D8%B4%D9%86%D8%,https://doi.org/10.1016/S0140-6736(97)07382-0,https://doi.org/10.1016/S0140-6736(97)07382-0
37678,wikipedia,https://doi.org/10.1016/S0140-6736(97)07382-0,https://fa.wikipedia.org/api/rest_v1/page/html/%D8%A7%D8%AE%D8%AA%D9%84%D8%A7%D9%84_%D8%B4%D9%86%D8%,2d511b10-29a9-439b-970b-43752d2d9019,2021-02-05 16:32:35,2021-02-05 12:53:42,references,36c35e23-8757-4a9d-aacf-345e9b7eb50d,https://creativecommons.org/publicdomain/zero/1.0/,https://doi.org/10.13003/CED-terms-of-use,,,https://evidence.eventdata.crossref.org/evidence/20210205-wikipedia-05ed692e-a7c4-4f5e-8b6c-0dc9ffebe086,add,https://fa.wikipedia.org/wiki/%D8%A7%D8%AE%D8%AA%D9%84%D8%A7%D9%84_%D8%B4%D9%86%,اختلال شناختاری بعد از جراحی( POCD ),https://fa.wikipedia.org/w/index.php?title=%D8%A7%D8%AE%D8%AA%D9%84%D8%A7%D9%84_%D8%B4%D9%86%D8%A7%D,https://fa.wikipedia.org/api/rest_v1/page/html/%D8%A7%D8%AE%D8%AA%D9%84%D8%A7%D9%84_%D8%B4%D9%86%D8%,https://doi.org/10.1016/S0140-6736(97)07382-0,https://doi.org/10.1016/S0140-6736(97)07382-0
37679,wikipedia,https://doi.org/10.1016/S0140-6736(97)07382-0,https://fa.wikipedia.org/api/rest_v1/page/html/%D8%A7%D8%AE%D8%AA%D9%84%D8%A7%D9%84_%D8%B4%D9%86%D8%,0e94e096-1e7e-4626-a9e2-be5327bd7c83,2021-02-05 16:48:05,2021-02-05 14:22:43,references,36c35e23-8757-4a9d-aacf-345e9b7eb50d,https://creativecommons.org/publicdomain/zero/1.0/,https://doi.org/10.13003/CED-terms-of-use,,,https://evidence.eventdata.crossref.org/evidence/20210205-wikipedia-b8be71d0-c336-4eaf-82af-a370cbec4e59,add,https://fa.wikipedia.org/wiki/%D8%A7%D8%AE%D8%AA%D9%84%D8%A7%D9%84_%D8%B4%D9%86%,اختلال شناختاری بعد از جراحی( POCD ),https://fa.wikipedia.org/w/index.php?title=%D8%A7%D8%AE%D8%AA%D9%84%D8%A7%D9%84_%D8%B4%D9%86%D8%A7%D,https://fa.wikipedia.org/api/rest_v1/page/html/%D8%A7%D8%AE%D8%AA%D9%84%D8%A7%D9%84_%D8%B4%D9%86%D8%,https://doi.org/10.1016/S0140-6736(97)07382-0,https://doi.org/10.1016/S0140-6736(97)07382-0
37680,wikipedia,https://doi.org/10.1016/S0140-6736(97)07382-0,https://fa.wikipedia.org/api/rest_v1/page/html/%D8%A7%D8%AE%D8%AA%D9%84%D8%A7%D9%84_%D8%B4%D9%86%D8%,6e00b8dd-2ae5-47a8-b5ec-e7bb0ef18537,2021-02-06 12:18:14,2021-02-06 07:28:35,references,36c35e23-8757-4a9d-aacf-345e9b7eb50d,https://creativecommons.org/publicdomain/zero/1.0/,https://doi.org/10.13003/CED-terms-of-use,,,https://evidence.eventdata.crossref.org/evidence/20210206-wikipedia-6a8f3a83-6d72-4fff-8bab-cb95626b6ab8,add,https://fa.wikipedia.org/wiki/%D8%A7%D8%AE%D8%AA%D9%84%D8%A7%D9%84_%D8%B4%D9%86%,اختلال شناختاری بعد از جراحی( POCD ),https://fa.wikipedia.org/w/index.php?title=%D8%A7%D8%AE%D8%AA%D9%84%D8%A7%D9%84_%D8%B4%D9%86%D8%A7%D,https://fa.wikipedia.org/api/rest_v1/page/html/%D8%A7%D8%AE%D8%AA%D9%84%D8%A7%D9%84_%D8%B4%D9%86%D8%,https://doi.org/10.1016/S0140-6736(97)07382-0,https://doi.org/10.1016/S0140-6736(97)07382-0
37681,wikipedia,https://doi.org/10.1016/S0140-6736(97)07382-0,https://fa.wikipedia.org/api/rest_v1/page/html/%D8%A7%D8%AE%D8%AA%D9%84%D8%A7%D9%84_%D8%B4%D9%86%D8%,c08ae97a-db82-440f-aad0-6cd47ca7fa0d,2021-02-07 15:50:09,2021-02-07 11:45:57,references,36c35e23-8757-4a9d-aacf-345e9b7eb50d,https://creativecommons.org/publicdomain/zero/1.0/,https://doi.org/10.13003/CED-terms-of-use,,,https://evidence.eventdata.crossref.org/evidence/20210207-wikipedia-e3657edd-031c-4fd7-8f5a-5f9770cb0b1c,add,https://fa.wikipedia.org/wiki/%D8%A7%D8%AE%D8%AA%D9%84%D8%A7%D9%84_%D8%B4%D9%86%,اختلال شناختاری بعد از جراحی( POCD ),https://fa.wikipedia.org/w/index.php?title=%D8%A7%D8%AE%D8%AA%D9%84%D8%A7%D9%84_%D8%B4%D9%86%D8%A7%D,https://fa.wikipedia.org/api/rest_v1/page/html/%D8%A7%D8%AE%D8%AA%D9%84%D8%A7%D9%84_%D8%B4%D9%86%D8%,https://doi.org/10.1016/S0140-6736(97)07382-0,https://doi.org/10.1016/S0140-6736(97)07382-0
37682,wikipedia,https://doi.org/10.1016/S0140-6736(97)07382-0,https://fa.wikipedia.org/api/rest_v1/page/html/%D8%A7%D8%AE%D8%AA%D9%84%D8%A7%D9%84_%D8%B4%D9%86%D8%,ce370551-a7ce-40f4-bbf9-8571bd1bccbc,2021-02-08 06:17:20,2021-02-08 01:22:54,references,36c35e23-8757-4a9d-aacf-345e9b7eb50d,https://creativecommons.org/publicdomain/zero/1.0/,https://doi.org/10.13003/CED-terms-of-use,,,https://evidence.eventdata.crossref.org/evidence/20210208-wikipedia-dcbfd007-35ce-4ba8-901a-26713b94de03,add,https://fa.wikipedia.org/wiki/%D8%A7%D8%AE%D8%AA%D9%84%D8%A7%D9%84_%D8%B4%D9%86%,اختلال شناختاری بعد از جراحی,https://fa.wikipedia.org/w/index.php?title=%D8%A7%D8%AE%D8%AA%D9%84%D8%A7%D9%84_%D8%B4%D9%86%D8%A7%D,https://fa.wikipedia.org/api/rest_v1/page/html/%D8%A7%D8%AE%D8%AA%D9%84%D8%A7%D9%84_%D8%B4%D9%86%D8%,https://doi.org/10.1016/S0140-6736(97)07382-0,https://doi.org/10.1016/S0140-6736(97)07382-0
37683,wikipedia,https://doi.org/10.1016/S0140-6736(97)07382-0,https://fa.wikipedia.org/api/rest_v1/page/html/%D8%A7%D8%AE%D8%AA%D9%84%D8%A7%D9%84_%D8%B4%D9%86%D8%,5e0e820c-cc8c-4af2-9fdb-157846aacd05,2021-02-08 06:42:07,2021-02-08 01:44:54,references,36c35e23-8757-4a9d-aacf-345e9b7eb50d,https://creativecommons.org/publicdomain/zero/1.0/,https://doi.org/10.13003/CED-terms-of-use,,,https://evidence.eventdata.crossref.org/evidence/20210208-wikipedia-7e82d70a-9056-4bd3-91e3-2eb6274834a1,add,https://fa.wikipedia.org/wiki/%D8%A7%D8%AE%D8%AA%D9%84%D8%A7%D9%84_%D8%B4%D9%86%,اختلال شناختاری بعد از جراحی,https://fa.wikipedia.org/w/index.php?title=%D8%A7%D8%AE%D8%AA%D9%84%D8%A7%D9%84_%D8%B4%D9%86%D8%A7%D,https://fa.wikipedia.org/api/rest_v1/page/html/%D8%A7%D8%AE%D8%AA%D9%84%D8%A7%D9%84_%D8%B4%D9%86%D8%,https://doi.org/10.1016/S0140-6736(97)07382-0,https://doi.org/10.1016/S0140-6736(97)07382-0
37684,wikipedia,https://doi.org/10.1016/S0140-6736(97)07382-0,https://fa.wikipedia.org/api/rest_v1/page/html/%D8%A7%D8%AE%D8%AA%D9%84%D8%A7%D9%84_%D8%B4%D9%86%D8%,a4f24b72-dc94-4e59-89ca-0b115b33f61d,2021-02-08 09:04:51,2021-02-08 04:17:39,references,36c35e23-8757-4a9d-aacf-345e9b7eb50d,https://creativecommons.org/publicdomain/zero/1.0/,https://doi.org/10.13003/CED-terms-of-use,,,https://evidence.eventdata.crossref.org/evidence/20210208-wikipedia-6b94c71c-9a2d-4767-a37b-1c9a7ec986c6,add,https://fa.wikipedia.org/wiki/%D8%A7%D8%AE%D8%AA%D9%84%D8%A7%D9%84_%D8%B4%D9%86%,اختلال شناختاری بعد از جراحی,https://fa.wikipedia.org/w/index.php?title=%D8%A7%D8%AE%D8%AA%D9%84%D8%A7%D9%84_%D8%B4%D9%86%D8%A7%D,https://fa.wikipedia.org/api/rest_v1/page/html/%D8%A7%D8%AE%D8%AA%D9%84%D8%A7%D9%84_%D8%B4%D9%86%D8%,https://doi.org/10.1016/S0140-6736(97)07382-0,https://doi.org/10.1016/S0140-6736(97)07382-0
37685,wikipedia,https://doi.org/10.1016/S0140-6736(97)07382-0,https://fa.wikipedia.org/api/rest_v1/page/html/%D8%A7%D8%AE%D8%AA%D9%84%D8%A7%D9%84_%D8%B4%D9%86%D8%,cc580d35-2c3d-4d37-89b1-b425610b112b,2021-02-08 09:04:57,2021-02-08 04:17:40,references,36c35e23-8757-4a9d-aacf-345e9b7eb50d,https://creativecommons.org/publicdomain/zero/1.0/,https://doi.org/10.13003/CED-terms-of-use,,,https://evidence.eventdata.crossref.org/evidence/20210208-wikipedia-6b94c71c-9a2d-4767-a37b-1c9a7ec986c6,add,https://fa.wikipedia.org/wiki/%D8%A7%D8%AE%D8%AA%D9%84%D8%A7%D9%84_%D8%B4%D9%86%,اختلال شناختاری بعد از جراحی,https://fa.wikipedia.org/w/index.php?title=%D8%A7%D8%AE%D8%AA%D9%84%D8%A7%D9%84_%D8%B4%D9%86%D8%A7%D,https://fa.wikipedia.org/api/rest_v1/page/html/%D8%A7%D8%AE%D8%AA%D9%84%D8%A7%D9%84_%D8%B4%D9%86%D8%,https://doi.org/10.1016/S0140-6736(97)07382-0,https://doi.org/10.1016/S0140-6736(97)07382-0
37686,wikipedia,https://doi.org/10.1016/S0140-6736(97)07382-0,https://fa.wikipedia.org/api/rest_v1/page/html/%D8%A7%D8%AE%D8%AA%D9%84%D8%A7%D9%84_%D8%B4%D9%86%D8%,072d395d-5099-46e7-b39e-05923a5aa5b5,2021-02-08 11:10:51,2021-02-08 06:15:55,references,36c35e23-8757-4a9d-aacf-345e9b7eb50d,https://creativecommons.org/publicdomain/zero/1.0/,https://doi.org/10.13003/CED-terms-of-use,,,https://evidence.eventdata.crossref.org/evidence/20210208-wikipedia-36110163-71d4-4fc0-9653-494922b9d6d5,add,https://fa.wikipedia.org/wiki/%D8%A7%D8%AE%D8%AA%D9%84%D8%A7%D9%84_%D8%B4%D9%86%,اختلال شناختاری بعد از جراحی,https://fa.wikipedia.org/w/index.php?title=%D8%A7%D8%AE%D8%AA%D9%84%D8%A7%D9%84_%D8%B4%D9%86%D8%A7%D,https://fa.wikipedia.org/api/rest_v1/page/html/%D8%A7%D8%AE%D8%AA%D9%84%D8%A7%D9%84_%D8%B4%D9%86%D8%,https://doi.org/10.1016/S0140-6736(97)07382-0,https://doi.org/10.1016/S0140-6736(97)07382-0
37687,wikipedia,https://doi.org/10.1016/S0140-6736(97)07382-0,https://fa.wikipedia.org/api/rest_v1/page/html/%D8%A7%D8%AE%D8%AA%D9%84%D8%A7%D9%84_%D8%B4%D9%86%D8%,59a1e83b-65b1-4a8e-bc5a-af0ac3181213,2021-02-08 11:14:28,2021-02-08 06:19:17,references,36c35e23-8757-4a9d-aacf-345e9b7eb50d,https://creativecommons.org/publicdomain/zero/1.0/,https://doi.org/10.13003/CED-terms-of-use,,,https://evidence.eventdata.crossref.org/evidence/20210208-wikipedia-e2db0bce-04e6-4c4b-bb05-0de308b84401,add,https://fa.wikipedia.org/wiki/%D8%A7%D8%AE%D8%AA%D9%84%D8%A7%D9%84_%D8%B4%D9%86%,اختلال شناختاری بعد از جراحی,https://fa.wikipedia.org/w/index.php?title=%D8%A7%D8%AE%D8%AA%D9%84%D8%A7%D9%84_%D8%B4%D9%86%D8%A7%D,https://fa.wikipedia.org/api/rest_v1/page/html/%D8%A7%D8%AE%D8%AA%D9%84%D8%A7%D9%84_%D8%B4%D9%86%D8%,https://doi.org/10.1016/S0140-6736(97)07382-0,https://doi.org/10.1016/S0140-6736(97)07382-0
37688,wikipedia,https://doi.org/10.1016/S0140-6736(97)07382-0,https://fa.wikipedia.org/api/rest_v1/page/html/%D8%A7%D8%AE%D8%AA%D9%84%D8%A7%D9%84_%D8%B4%D9%86%D8%,010db7b4-d677-429e-930f-d09b5edb6f8a,2021-02-08 12:47:40,2021-02-08 07:56:54,references,36c35e23-8757-4a9d-aacf-345e9b7eb50d,https://creativecommons.org/publicdomain/zero/1.0/,https://doi.org/10.13003/CED-terms-of-use,,,https://evidence.eventdata.crossref.org/evidence/20210208-wikipedia-6dd16dee-c707-4bf2-a22c-96a9d7995b63,add,https://fa.wikipedia.org/wiki/%D8%A7%D8%AE%D8%AA%D9%84%D8%A7%D9%84_%D8%B4%D9%86%,اختلال شناختاری بعد از جراحی( POCD ),https://fa.wikipedia.org/w/index.php?title=%D8%A7%D8%AE%D8%AA%D9%84%D8%A7%D9%84_%D8%B4%D9%86%D8%A7%D,https://fa.wikipedia.org/api/rest_v1/page/html/%D8%A7%D8%AE%D8%AA%D9%84%D8%A7%D9%84_%D8%B4%D9%86%D8%,https://doi.org/10.1016/S0140-6736(97)07382-0,https://doi.org/10.1016/S0140-6736(97)07382-0
37689,wikipedia,https://doi.org/10.1016/S0140-6736(97)07382-0,https://fa.wikipedia.org/api/rest_v1/page/html/%D8%A7%D8%AE%D8%AA%D9%84%D8%A7%D9%84_%D8%B4%D9%86%D8%,a700df94-2681-446e-8e0b-faf92a1134e2,2021-02-08 15:56:49,2021-02-08 11:03:54,references,36c35e23-8757-4a9d-aacf-345e9b7eb50d,https://creativecommons.org/publicdomain/zero/1.0/,https://doi.org/10.13003/CED-terms-of-use,,,https://evidence.eventdata.crossref.org/evidence/20210208-wikipedia-19030d20-ab5f-4f6e-9205-f754030076f5,add,https://fa.wikipedia.org/wiki/%D8%A7%D8%AE%D8%AA%D9%84%D8%A7%D9%84_%D8%B4%D9%86%,اختلال شناختاری بعد از جراحی,https://fa.wikipedia.org/w/index.php?title=%D8%A7%D8%AE%D8%AA%D9%84%D8%A7%D9%84_%D8%B4%D9%86%D8%A7%D,https://fa.wikipedia.org/api/rest_v1/page/html/%D8%A7%D8%AE%D8%AA%D9%84%D8%A7%D9%84_%D8%B4%D9%86%D8%,https://doi.org/10.1016/S0140-6736(97)07382-0,https://doi.org/10.1016/S0140-6736(97)07382-0
37690,wikipedia,https://doi.org/10.1016/S0140-6736(97)07382-0,https://fa.wikipedia.org/api/rest_v1/page/html/%D8%A7%D8%AE%D8%AA%D9%84%D8%A7%D9%84_%D8%B4%D9%86%D8%,192be38f-95b5-47b1-8a30-b55639994046,2021-02-08 15:55:43,2021-02-08 11:07:13,references,36c35e23-8757-4a9d-aacf-345e9b7eb50d,https://creativecommons.org/publicdomain/zero/1.0/,https://doi.org/10.13003/CED-terms-of-use,,,https://evidence.eventdata.crossref.org/evidence/20210208-wikipedia-90ee5a6d-22dc-48d0-9853-31adaa899ea3,add,https://fa.wikipedia.org/wiki/%D8%A7%D8%AE%D8%AA%D9%84%D8%A7%D9%84_%D8%B4%D9%86%,اختلال شناختاری بعد از جراحی,https://fa.wikipedia.org/w/index.php?title=%D8%A7%D8%AE%D8%AA%D9%84%D8%A7%D9%84_%D8%B4%D9%86%D8%A7%D,https://fa.wikipedia.org/api/rest_v1/page/html/%D8%A7%D8%AE%D8%AA%D9%84%D8%A7%D9%84_%D8%B4%D9%86%D8%,https://doi.org/10.1016/S0140-6736(97)07382-0,https://doi.org/10.1016/S0140-6736(97)07382-0
37691,wikipedia,https://doi.org/10.1016/S0140-6736(97)07382-0,https://fa.wikipedia.org/api/rest_v1/page/html/%D8%A7%D8%AE%D8%AA%D9%84%D8%A7%D9%84_%D8%B4%D9%86%D8%,aeedd7bf-d06a-408a-9af2-185747b692e8,2021-02-10 19:54:31,2021-02-10 19:49:56,references,36c35e23-8757-4a9d-aacf-345e9b7eb50d,https://creativecommons.org/publicdomain/zero/1.0/,https://doi.org/10.13003/CED-terms-of-use,,,https://evidence.eventdata.crossref.org/evidence/20210210-wikipedia-203be072-91b8-486b-896c-a8e2951620a0,add,https://fa.wikipedia.org/wiki/%D8%A7%D8%AE%D8%AA%D9%84%D8%A7%D9%84_%D8%B4%D9%86%,اختلال شناختاری بعد از جراحی( POCD ),https://fa.wikipedia.org/w/index.php?title=%D8%A7%D8%AE%D8%AA%D9%84%D8%A7%D9%84_%D8%B4%D9%86%D8%A7%D,https://fa.wikipedia.org/api/rest_v1/page/html/%D8%A7%D8%AE%D8%AA%D9%84%D8%A7%D9%84_%D8%B4%D9%86%D8%,https://doi.org/10.1016/S0140-6736(97)07382-0,https://doi.org/10.1016/S0140-6736(97)07382-0
37692,wikipedia,https://doi.org/10.1016/S0140-6736(97)07382-0,https://fa.wikipedia.org/api/rest_v1/page/html/%D8%A7%D8%AE%D8%AA%D9%84%D8%A7%D9%84_%D8%B4%D9%86%D8%,fe482c2f-a485-4656-a915-aebdabd0dab1,2021-02-11 13:04:51,2021-02-11 08:30:08,references,36c35e23-8757-4a9d-aacf-345e9b7eb50d,https://creativecommons.org/publicdomain/zero/1.0/,https://doi.org/10.13003/CED-terms-of-use,,,https://evidence.eventdata.crossref.org/evidence/20210211-wikipedia-e372cbd3-4510-4565-914e-88024cdefbd0,add,https://fa.wikipedia.org/wiki/%D8%A7%D8%AE%D8%AA%D9%84%D8%A7%D9%84_%D8%B4%D9%86%,اختلال شناختاری بعد از جراحی( POCD ),https://fa.wikipedia.org/w/index.php?title=%D8%A7%D8%AE%D8%AA%D9%84%D8%A7%D9%84_%D8%B4%D9%86%D8%A7%D,https://fa.wikipedia.org/api/rest_v1/page/html/%D8%A7%D8%AE%D8%AA%D9%84%D8%A7%D9%84_%D8%B4%D9%86%D8%,https://doi.org/10.1016/S0140-6736(97)07382-0,https://doi.org/10.1016/S0140-6736(97)07382-0
