wikipediaIncrement,sourceID,objectID,subjectID,eventID,occurredAt,timeObserved,relationType,sourceToken,license,termsOfUse,updatedDate,updatedReason,evidenceRecord,eventAction,subjectPID,subjectTitle,subjectURL,subjectAPIURL,objectPID,objectURL
5281,wikipedia,https://doi.org/10.1001/jama.280.3.294,https://ca.wikipedia.org/api/rest_v1/page/html/Gema_Revuelta/23405531,20aa7cc7-1460-4bad-951b-c6a0d8a5f478,2020-05-02 19:51:09,2020-10-14 13:22:38,references,36c35e23-8757-4a9d-aacf-345e9b7eb50d,https://creativecommons.org/publicdomain/zero/1.0/,https://doi.org/10.13003/CED-terms-of-use,,,https://evidence.eventdata.crossref.org/evidence/20200502-wikipedia-237a5939-3d0b-4f7a-8dae-19759ced4993,add,https://ca.wikipedia.org/wiki/Gema_Revuelta,Gema Revuelta,https://ca.wikipedia.org/w/index.php?title=Gema_Revuelta&oldid=23405531,https://ca.wikipedia.org/api/rest_v1/page/html/Gema_Revuelta/23405531,https://doi.org/10.1001/jama.280.3.294,http://jamanetwork.com/journals/jama/fullarticle/187769
5282,wikipedia,https://doi.org/10.1001/jama.280.3.294,https://ca.wikipedia.org/api/rest_v1/page/html/Gema_Revuelta/23434216,c63394bd-dbe8-465f-938f-f55e5e430eb6,2020-05-04 19:16:07,2020-10-14 14:18:53,references,36c35e23-8757-4a9d-aacf-345e9b7eb50d,https://creativecommons.org/publicdomain/zero/1.0/,https://doi.org/10.13003/CED-terms-of-use,,,https://evidence.eventdata.crossref.org/evidence/20200504-wikipedia-5bb9b73c-ddd1-4a65-8d05-3647120030f8,add,https://ca.wikipedia.org/wiki/Gema_Revuelta,Gema Revuelta,https://ca.wikipedia.org/w/index.php?title=Gema_Revuelta&oldid=23434216,https://ca.wikipedia.org/api/rest_v1/page/html/Gema_Revuelta/23434216,https://doi.org/10.1001/jama.280.3.294,http://jamanetwork.com/journals/jama/fullarticle/187769
5283,wikipedia,https://doi.org/10.1001/jama.280.3.294,https://ca.wikipedia.org/api/rest_v1/page/html/Gema_Revuelta/23521479,84adb1c4-dc3a-4026-8346-a788a0e51aa5,2020-05-12 06:57:50,2020-10-14 17:51:35,references,36c35e23-8757-4a9d-aacf-345e9b7eb50d,https://creativecommons.org/publicdomain/zero/1.0/,https://doi.org/10.13003/CED-terms-of-use,,,https://evidence.eventdata.crossref.org/evidence/20200512-wikipedia-2795651a-4b18-455c-b935-0159919fd582,add,https://ca.wikipedia.org/wiki/Gema_Revuelta,Gema Revuelta,https://ca.wikipedia.org/w/index.php?title=Gema_Revuelta&oldid=23521479,https://ca.wikipedia.org/api/rest_v1/page/html/Gema_Revuelta/23521479,https://doi.org/10.1001/jama.280.3.294,http://jamanetwork.com/journals/jama/fullarticle/187769
5284,wikipedia,https://doi.org/10.1001/jama.280.3.294,https://ca.wikipedia.org/api/rest_v1/page/html/Gema_Revuelta/24147379,e533a39f-16ff-47cb-b913-914862f471f7,2020-07-18 16:27:24,2020-10-16 05:06:46,references,36c35e23-8757-4a9d-aacf-345e9b7eb50d,https://creativecommons.org/publicdomain/zero/1.0/,https://doi.org/10.13003/CED-terms-of-use,,,https://evidence.eventdata.crossref.org/evidence/20200718-wikipedia-676556bf-9c09-4fc0-9d18-6b55f39a468c,add,https://ca.wikipedia.org/wiki/Gema_Revuelta,Gema Revuelta,https://ca.wikipedia.org/w/index.php?title=Gema_Revuelta&oldid=24147379,https://ca.wikipedia.org/api/rest_v1/page/html/Gema_Revuelta/24147379,https://doi.org/10.1001/jama.280.3.294,http://jamanetwork.com/journals/jama/fullarticle/187769
5285,wikipedia,https://doi.org/10.1001/jama.280.3.294,https://ca.wikipedia.org/api/rest_v1/page/html/Gema_Revuelta/25664453,9a493c3f-9ee8-430f-864e-73ae3fcb49a8,2020-12-12 09:43:22,2020-12-12 04:50:04,references,36c35e23-8757-4a9d-aacf-345e9b7eb50d,https://creativecommons.org/publicdomain/zero/1.0/,https://doi.org/10.13003/CED-terms-of-use,,,https://evidence.eventdata.crossref.org/evidence/20201212-wikipedia-018e0df2-59e5-41de-ab7f-d0c5d7139c0f,add,https://ca.wikipedia.org/wiki/Gema_Revuelta,Gema Revuelta,https://ca.wikipedia.org/w/index.php?title=Gema_Revuelta&oldid=25664453,https://ca.wikipedia.org/api/rest_v1/page/html/Gema_Revuelta/25664453,https://doi.org/10.1001/jama.280.3.294,http://jamanetwork.com/journals/jama/fullarticle/187769
5286,wikipedia,https://doi.org/10.1001/jama.280.3.294,https://ca.wikipedia.org/api/rest_v1/page/html/Gema_Revuelta/25711803,b2d17a0b-a5be-4f24-b8db-b4b0cf81ed0d,2020-12-17 14:24:14,2020-12-17 09:36:28,references,36c35e23-8757-4a9d-aacf-345e9b7eb50d,https://creativecommons.org/publicdomain/zero/1.0/,https://doi.org/10.13003/CED-terms-of-use,,,https://evidence.eventdata.crossref.org/evidence/20201217-wikipedia-6dfb2165-954c-418d-a8fc-5f32cecfdbc0,add,https://ca.wikipedia.org/wiki/Gema_Revuelta,Gema Revuelta,https://ca.wikipedia.org/w/index.php?title=Gema_Revuelta&oldid=25711803,https://ca.wikipedia.org/api/rest_v1/page/html/Gema_Revuelta/25711803,https://doi.org/10.1001/jama.280.3.294,http://jamanetwork.com/journals/jama/fullarticle/187769
