cambiaIncrement,sourceID,objectID,subjectID,eventID,occurredAt,timeObserved,relationType,sourceToken,license,termsOfUse,updatedReason,updated,eventAction,workSubtypeID,workTypeID,subjectTitle,subjectPID,jurisdiction,updatedDate
15315,cambia-lens,https://doi.org/10.1006/jcss.1997.1534,https://lens.org/105-134-378-753-356,7f70afa3-ffc2-688a-1a6e-feadfb3e82e6,2012-03-13 00:00:00,2017-11-09 20:40:52,cites,1ad0b713-78ed-4bb9-8d5d-a3c2d163d46f,https://creativecommons.org/licenses/by-sa/4.0/,https://doi.org/10.13003/CED-terms-of-use,,,add,Granted Patent,patent,Collaborative Filtering,https://lens.org/105-134-378-753-356,US,
15316,cambia-lens,https://doi.org/10.1006/jcss.1997.1534,https://lens.org/113-870-283-371-65X,96da1cb5-ae0f-3db0-b920-39824d20c455,2012-05-22 00:00:00,2017-11-09 22:56:52,cites,1ad0b713-78ed-4bb9-8d5d-a3c2d163d46f,https://creativecommons.org/licenses/by-sa/4.0/,https://doi.org/10.13003/CED-terms-of-use,,,add,Granted Patent,patent,Scalable User Clustering Based On Set Similarity,https://lens.org/113-870-283-371-65X,US,
15317,cambia-lens,https://doi.org/10.1006/jcss.1997.1534,https://lens.org/120-712-801-767-25X,d0931efd-3397-c182-ab0e-0100036205d0,2010-06-29 00:00:00,2017-11-10 00:42:33,cites,1ad0b713-78ed-4bb9-8d5d-a3c2d163d46f,https://creativecommons.org/licenses/by-sa/4.0/,https://doi.org/10.13003/CED-terms-of-use,,,add,Granted Patent,patent,Algorithms And Estimators For Summarization Of Unaggregated Data Streams,https://lens.org/120-712-801-767-25X,US,
15318,cambia-lens,https://doi.org/10.1006/jcss.1997.1534,https://lens.org/124-580-332-532-573,eb2e6f79-1942-55e4-e6c6-85041501af00,2015-09-29 00:00:00,2017-11-10 01:41:38,cites,1ad0b713-78ed-4bb9-8d5d-a3c2d163d46f,https://creativecommons.org/licenses/by-sa/4.0/,https://doi.org/10.13003/CED-terms-of-use,,,add,Granted Patent,patent,Adaptive Optimization Of Iterative Or Recursive Query Execution By Database Systems,https://lens.org/124-580-332-532-573,US,
15319,cambia-lens,https://doi.org/10.1006/jcss.1997.1534,https://lens.org/134-604-516-959-172,371ad22f-e7b0-6216-8d7c-ffb921040312,2013-02-12 00:00:00,2017-11-10 04:17:17,cites,1ad0b713-78ed-4bb9-8d5d-a3c2d163d46f,https://creativecommons.org/licenses/by-sa/4.0/,https://doi.org/10.13003/CED-terms-of-use,,,add,Granted Patent,patent,Presenting A Diversity Of Recommendations,https://lens.org/134-604-516-959-172,US,
15320,cambia-lens,https://doi.org/10.1006/jcss.1997.1534,https://lens.org/141-733-781-053-747,3f9f8bff-3ca8-6f4f-3368-27e1e763e384,2011-09-06 00:00:00,2017-11-10 06:07:46,cites,1ad0b713-78ed-4bb9-8d5d-a3c2d163d46f,https://creativecommons.org/licenses/by-sa/4.0/,https://doi.org/10.13003/CED-terms-of-use,,,add,Granted Patent,patent,Detecting Duplicate And Near-Duplicate Files,https://lens.org/141-733-781-053-747,US,
15321,cambia-lens,https://doi.org/10.1006/jcss.1997.1534,https://lens.org/147-462-269-734-814,9972af48-68a7-5c20-d000-473322f8951f,2010-06-15 00:00:00,2017-11-10 07:36:31,cites,1ad0b713-78ed-4bb9-8d5d-a3c2d163d46f,https://creativecommons.org/licenses/by-sa/4.0/,https://doi.org/10.13003/CED-terms-of-use,,,add,Granted Patent,patent,Scalable User Clustering Based On Set Similarity,https://lens.org/147-462-269-734-814,US,
15322,cambia-lens,https://doi.org/10.1006/jcss.1997.1534,https://lens.org/156-073-242-132-327,a149814d-f486-93d5-d1db-8319a9193b32,2015-10-06 00:00:00,2017-11-10 09:49:29,cites,1ad0b713-78ed-4bb9-8d5d-a3c2d163d46f,https://creativecommons.org/licenses/by-sa/4.0/,https://doi.org/10.13003/CED-terms-of-use,,,add,Granted Patent,patent,Estimating Number Of Iterations Or Self Joins Required To Evaluate Iterative Or Recursive Database Queries,https://lens.org/156-073-242-132-327,US,
15323,cambia-lens,https://doi.org/10.1006/jcss.1997.1534,https://lens.org/172-663-974-266-494,7cdc368b-1017-ff3e-98fd-6bff194873cd,2010-07-27 00:00:00,2017-11-10 14:23:37,cites,1ad0b713-78ed-4bb9-8d5d-a3c2d163d46f,https://creativecommons.org/licenses/by-sa/4.0/,https://doi.org/10.13003/CED-terms-of-use,,,add,Granted Patent,patent,Algorithms And Estimators For Summarization Of Unaggregated Data Streams,https://lens.org/172-663-974-266-494,US,
15324,cambia-lens,https://doi.org/10.1006/jcss.1997.1534,https://lens.org/175-067-231-606-134,062fdc1d-3e41-3e35-d1da-b23a89472e72,2013-03-26 00:00:00,2017-11-10 15:05:38,cites,1ad0b713-78ed-4bb9-8d5d-a3c2d163d46f,https://creativecommons.org/licenses/by-sa/4.0/,https://doi.org/10.13003/CED-terms-of-use,,,add,Granted Patent,patent,Collaborative Filtering,https://lens.org/175-067-231-606-134,US,
15325,cambia-lens,https://doi.org/10.1006/jcss.1997.1534,https://lens.org/180-401-522-116-743,42bdf7e3-4012-26cd-9d79-a8dfb76afb5f,2011-06-14 00:00:00,2017-11-10 16:35:47,cites,1ad0b713-78ed-4bb9-8d5d-a3c2d163d46f,https://creativecommons.org/licenses/by-sa/4.0/,https://doi.org/10.13003/CED-terms-of-use,,,add,Granted Patent,patent,Scalable User Clustering Based On Set Similarity,https://lens.org/180-401-522-116-743,US,
15326,cambia-lens,https://doi.org/10.1006/jcss.1997.1534,https://lens.org/198-842-299-875-882,204055e8-edaf-8e89-0533-b2134ec820bc,2013-03-26 00:00:00,2017-11-10 21:49:28,cites,1ad0b713-78ed-4bb9-8d5d-a3c2d163d46f,https://creativecommons.org/licenses/by-sa/4.0/,https://doi.org/10.13003/CED-terms-of-use,,,add,Granted Patent,patent,Collaborative Filtering,https://lens.org/198-842-299-875-882,US,
15327,cambia-lens,https://doi.org/10.1006/jcss.1997.1534,https://lens.org/002-697-774-567-664,815208e4-78e9-4d68-8c6e-4184809a0910,2011-08-23 00:00:00,2017-11-10 23:58:17,cites,1ad0b713-78ed-4bb9-8d5d-a3c2d163d46f,https://creativecommons.org/licenses/by-sa/4.0/,https://doi.org/10.13003/CED-terms-of-use,,,add,Granted Patent,patent,Variance-Optimal Sampling-Based Estimation Of Subset Sums,https://lens.org/002-697-774-567-664,US,
15328,cambia-lens,https://doi.org/10.1006/jcss.1997.1534,https://lens.org/043-033-373-932-320,49468d00-7d2f-2e61-d745-73a24dc5878c,2015-11-03 00:00:00,2017-11-11 04:07:05,cites,1ad0b713-78ed-4bb9-8d5d-a3c2d163d46f,https://creativecommons.org/licenses/by-sa/4.0/,https://doi.org/10.13003/CED-terms-of-use,,,add,Granted Patent,patent,Collaborative Filtering,https://lens.org/043-033-373-932-320,US,
15329,cambia-lens,https://doi.org/10.1006/jcss.1997.1534,https://lens.org/066-921-261-427-274,d645a2af-94f5-d94f-7945-4fc1ba90634c,2017-06-27 00:00:00,2017-11-11 10:18:33,cites,1ad0b713-78ed-4bb9-8d5d-a3c2d163d46f,https://creativecommons.org/licenses/by-sa/4.0/,https://doi.org/10.13003/CED-terms-of-use,,,add,Granted Patent,patent,Performing Graph Operations Using Historic Inverse Probability Estimators,https://lens.org/066-921-261-427-274,US,
15330,cambia-lens,https://doi.org/10.1006/jcss.1997.1534,https://lens.org/098-369-538-623-927,49fe9f43-6bb7-53b4-f191-d0abe67e64af,2011-11-22 00:00:00,2017-11-11 19:09:59,cites,1ad0b713-78ed-4bb9-8d5d-a3c2d163d46f,https://creativecommons.org/licenses/by-sa/4.0/,https://doi.org/10.13003/CED-terms-of-use,,,add,Granted Patent,patent,Presenting A Diversity Of Recommendations,https://lens.org/098-369-538-623-927,US,
