twitterIncrement,sourceID,subjectID,objectID,eventID,occurredAt,timeObserved,relationType,sourceToken,license,termsOfUse,tweetAuthor,originalTweetAuthor,updatedReason,updated,evidenceRecord,eventAction,subjectPID,originalTweetURL,alternativeID,title,issued,objectPID,objectURL,updatedDate
41446,twitter,http://twitter.com/A_J_Higgins/statuses/841455007950110720,https://doi.org/10.1007/s001930050093,f4083eac-92bf-464c-9ff6-6650f132b6bb,2017-03-14 01:04:42,2017-03-13 21:05:20,discusses,45a1ef76-4f43-4cdc-9ba8-5a6ad01cc231,https://creativecommons.org/publicdomain/zero/1.0/,https://doi.org/10.13003/CED-terms-of-use,http://www.twitter.com/A_J_Higgins,,,,https://evidence.eventdata.crossref.org/evidence/201703146f56fcf3-1def-4712-8dd7-025014fa5485,add,http://twitter.com/A_J_Higgins/statuses/841455007950110720,http://twitter.com/A_J_Higgins/statuses/841455007950110720,841455007950110720,Tweet 841455007950110720,2017-03-14 01:04:42,https://doi.org/10.1007/s001930050093,https://link.springer.com/article/10.1007/s001930050093,
41447,twitter,http://twitter.com/mrbeamjockey/statuses/841683498607943682,https://doi.org/10.1007/s001930050093,939016c8-cef8-42d2-8bcb-d7011a6218c7,2017-03-14 16:12:38,2017-03-14 12:12:51,discusses,45a1ef76-4f43-4cdc-9ba8-5a6ad01cc231,https://creativecommons.org/publicdomain/zero/1.0/,https://doi.org/10.13003/CED-terms-of-use,http://www.twitter.com/mrbeamjockey,,,,https://evidence.eventdata.crossref.org/evidence/201703148a583e6e-68be-4718-9eb9-165003897a7f,add,http://twitter.com/mrbeamjockey/statuses/841683498607943682,http://twitter.com/mrbeamjockey/statuses/841683498607943682,841683498607943682,Tweet 841683498607943682,2017-03-14 16:12:38,https://doi.org/10.1007/s001930050093,https://link.springer.com/article/10.1007/s001930050093,
41448,twitter,http://twitter.com/A_J_Higgins/statuses/1079080224543907842,https://doi.org/10.1007/s001930050093,20b19d3b-beeb-4122-9ca6-c76b145dcf4f,2018-12-29 18:22:28,2018-12-29 13:29:00,discusses,45a1ef76-4f43-4cdc-9ba8-5a6ad01cc231,https://creativecommons.org/publicdomain/zero/1.0/,https://doi.org/10.13003/CED-terms-of-use,http://www.twitter.com/A_J_Higgins,,,,https://evidence.eventdata.crossref.org/evidence/20181229-twitter-c88e09bf-9b3e-40f9-93d0-32d595d834,add,http://twitter.com/A_J_Higgins/statuses/1079080224543907842,http://twitter.com/A_J_Higgins/statuses/1079080224543907842,1079080224543907842,Tweet 1079080224543907842,2018-12-29 18:22:28,https://doi.org/10.1007/s001930050093,https://link.springer.com/article/10.1007/s001930050093,
41449,twitter,http://twitter.com/A_J_Higgins/statuses/1079433536900349959,https://doi.org/10.1007/s001930050093,78016485-9cd6-42a1-9a32-bc1f93c468d0,2018-12-30 17:46:24,2018-12-30 12:49:57,discusses,45a1ef76-4f43-4cdc-9ba8-5a6ad01cc231,https://creativecommons.org/publicdomain/zero/1.0/,https://doi.org/10.13003/CED-terms-of-use,http://www.twitter.com/A_J_Higgins,,,,https://evidence.eventdata.crossref.org/evidence/20181230-twitter-648ab2f7-9227-4600-bf4c-fe5e4e334e,add,http://twitter.com/A_J_Higgins/statuses/1079433536900349959,http://twitter.com/A_J_Higgins/statuses/1079433536900349959,1079433536900349959,Tweet 1079433536900349959,2018-12-30 17:46:24,https://doi.org/10.1007/s001930050093,https://link.springer.com/epdf/10.1007/s001930050093?shared_access_token=hCOsu6fno9E_GvjOkQi0FPe4Rwl,
41450,twitter,http://twitter.com/A_J_Higgins/statuses/1079473583473217537,https://doi.org/10.1007/s001930050093,6d33d6bd-ad30-4590-a9f8-431ccf7f67e0,2018-12-30 20:25:32,2018-12-30 15:30:30,discusses,45a1ef76-4f43-4cdc-9ba8-5a6ad01cc231,https://creativecommons.org/publicdomain/zero/1.0/,https://doi.org/10.13003/CED-terms-of-use,http://www.twitter.com/A_J_Higgins,,,,https://evidence.eventdata.crossref.org/evidence/20181230-twitter-46f0f8b3-8edf-4a59-be75-187b13fec0,add,http://twitter.com/A_J_Higgins/statuses/1079473583473217537,http://twitter.com/A_J_Higgins/statuses/1079473583473217537,1079473583473217537,Tweet 1079473583473217537,2018-12-30 20:25:32,https://doi.org/10.1007/s001930050093,https://link.springer.com/epdf/10.1007/s001930050093?shared_access_token=hCOsu6fno9E_GvjOkQi0FPe4Rwl,
41451,twitter,http://twitter.com/A_J_Higgins/statuses/1079473941444472834,https://doi.org/10.1007/s001930050093,fe1d1171-aedc-48fd-b2f1-fa7eff6f1c22,2018-12-30 20:26:57,2018-12-30 15:30:35,discusses,45a1ef76-4f43-4cdc-9ba8-5a6ad01cc231,https://creativecommons.org/publicdomain/zero/1.0/,https://doi.org/10.13003/CED-terms-of-use,http://www.twitter.com/A_J_Higgins,,,,https://evidence.eventdata.crossref.org/evidence/20181230-twitter-0d141440-ca7a-4589-ba63-b695db180d,add,http://twitter.com/A_J_Higgins/statuses/1079473941444472834,http://twitter.com/A_J_Higgins/statuses/1079473941444472834,1079473941444472834,Tweet 1079473941444472834,2018-12-30 20:26:57,https://doi.org/10.1007/s001930050093,https://link.springer.com/article/10.1007%2Fs001930050093,
41452,twitter,http://twitter.com/ToughSf/statuses/1079475306308743169,https://doi.org/10.1007/s001930050093,dc400dd8-f23c-4d67-a1fd-abaf71cdd382,2018-12-30 20:32:23,2018-12-30 15:35:54,discusses,45a1ef76-4f43-4cdc-9ba8-5a6ad01cc231,https://creativecommons.org/publicdomain/zero/1.0/,https://doi.org/10.13003/CED-terms-of-use,http://www.twitter.com/ToughSf,http://www.twitter.com/A_J_Higgins,,,https://evidence.eventdata.crossref.org/evidence/20181230-twitter-6bb10fab-b10d-4343-a32a-24be4ed36a,add,http://twitter.com/ToughSf/statuses/1079475306308743169,http://twitter.com/A_J_Higgins/statuses/1079473941444472834,1079475306308743169,Tweet 1079475306308743169,2018-12-30 20:32:23,https://doi.org/10.1007/s001930050093,https://link.springer.com/article/10.1007%2Fs001930050093,
41453,twitter,http://twitter.com/AetherCzar/statuses/1079484136832843777,https://doi.org/10.1007/s001930050093,e5dcf33d-837c-4c5a-9f9f-70a8440ec4b9,2018-12-30 21:07:28,2018-12-30 16:11:39,discusses,45a1ef76-4f43-4cdc-9ba8-5a6ad01cc231,https://creativecommons.org/publicdomain/zero/1.0/,https://doi.org/10.13003/CED-terms-of-use,http://www.twitter.com/AetherCzar,http://www.twitter.com/A_J_Higgins,,,https://evidence.eventdata.crossref.org/evidence/20181230-twitter-1c5ebc65-7e6b-4b9d-b30a-5608010bf9,add,http://twitter.com/AetherCzar/statuses/1079484136832843777,http://twitter.com/A_J_Higgins/statuses/1079473941444472834,1079484136832843777,Tweet 1079484136832843777,2018-12-30 21:07:28,https://doi.org/10.1007/s001930050093,https://link.springer.com/article/10.1007%2Fs001930050093,
41454,twitter,http://twitter.com/AetherCzar/statuses/1079484127064268804,https://doi.org/10.1007/s001930050093,64d4cc23-997c-4d31-976e-11f00581461f,2018-12-30 21:07:26,2018-12-30 16:11:40,discusses,45a1ef76-4f43-4cdc-9ba8-5a6ad01cc231,https://creativecommons.org/publicdomain/zero/1.0/,https://doi.org/10.13003/CED-terms-of-use,http://www.twitter.com/AetherCzar,http://www.twitter.com/A_J_Higgins,,,https://evidence.eventdata.crossref.org/evidence/20181230-twitter-1c5ebc65-7e6b-4b9d-b30a-5608010bf9,add,http://twitter.com/AetherCzar/statuses/1079484127064268804,http://twitter.com/A_J_Higgins/statuses/1079473583473217537,1079484127064268804,Tweet 1079484127064268804,2018-12-30 21:07:26,https://doi.org/10.1007/s001930050093,https://link.springer.com/epdf/10.1007/s001930050093?shared_access_token=hCOsu6fno9E_GvjOkQi0FPe4Rwl,
