{
  "0":{
    "wordPressIncrement":20,
    "sourceID":"wordpressdotcom",
    "objectID":"https:\/\/doi.org\/10.1001\/jama.280.18.1601",
    "subjectID":"https:\/\/doesyogawork.com\/reference-list\/",
    "eventID":"dfcfa898-e369-4129-b435-c9fe0aa3a6a4",
    "occurredAt":1607797563000,
    "timeObserved":1607823871000,
    "relationType":"discusses",
    "sourceToken":"7750d578-d74d-4e92-9348-cd443cbb7afa",
    "license":"https:\/\/creativecommons.org\/publicdomain\/zero\/1.0\/",
    "termsOfUse":"https:\/\/doi.org\/10.13003\/CED-terms-of-use",
    "evidenceRecord":"https:\/\/evidence.eventdata.crossref.org\/evidence\/20201213-wordpressdotcom-02d80e7e-64ce-4103-bd67-6dd4832fcf3a",
    "eventAction":"add",
    "subjectPID":"https:\/\/doesyogawork.com\/reference-list\/",
    "subjectTitle":"REFERENCE LIST",
    "subjectType":"post-weblog",
    "objectPID":"https:\/\/doi.org\/10.1001\/jama.280.18.1601",
    "objectURL":"https:\/\/doi.org\/10.1001\/jama.280.18.1601"
  }
}