wikipediaIncrement,sourceID,objectID,subjectID,eventID,occurredAt,timeObserved,relationType,sourceToken,license,termsOfUse,updatedDate,updatedReason,evidenceRecord,eventAction,subjectPID,subjectTitle,subjectURL,subjectAPIURL,objectPID,objectURL
10350,wikipedia,https://doi.org/10.1016/s0002-8223(98)00204-1,https://en.wikipedia.org/api/rest_v1/page/html/Clinical_nutrition/952114676,e5e172ec-4c80-4259-a3cc-a3ae8c9e7794,2020-04-20 16:55:19,2020-10-14 08:14:26,references,36c35e23-8757-4a9d-aacf-345e9b7eb50d,https://creativecommons.org/publicdomain/zero/1.0/,https://doi.org/10.13003/CED-terms-of-use,,,https://evidence.eventdata.crossref.org/evidence/20200420-wikipedia-fffaa10c-57cf-457a-8fb3-478357bae1f0,add,https://en.wikipedia.org/wiki/Clinical_nutrition,Clinical nutrition,https://en.wikipedia.org/w/index.php?title=Clinical_nutrition&oldid=952114676,https://en.wikipedia.org/api/rest_v1/page/html/Clinical_nutrition/952114676,https://doi.org/10.1016/s0002-8223(98)00204-1,https://doi.org/10.1016/s0002-8223(98)00204-1
10351,wikipedia,https://doi.org/10.1016/s0002-8223(98)00204-1,https://en.wikipedia.org/api/rest_v1/page/html/Clinical_nutrition/975020839,8c93b3f8-38db-45a9-bb4d-a2c014530951,2020-08-26 08:08:15,2020-10-17 03:32:48,references,36c35e23-8757-4a9d-aacf-345e9b7eb50d,https://creativecommons.org/publicdomain/zero/1.0/,https://doi.org/10.13003/CED-terms-of-use,,,https://evidence.eventdata.crossref.org/evidence/20200826-wikipedia-869755c9-0acd-4f09-b87a-c1b7923e8dff,add,https://en.wikipedia.org/wiki/Clinical_nutrition,Clinical nutrition,https://en.wikipedia.org/w/index.php?title=Clinical_nutrition&oldid=975020839,https://en.wikipedia.org/api/rest_v1/page/html/Clinical_nutrition/975020839,https://doi.org/10.1016/s0002-8223(98)00204-1,https://doi.org/10.1016/s0002-8223(98)00204-1
10352,wikipedia,https://doi.org/10.1016/s0002-8223(98)00204-1,https://en.wikipedia.org/api/rest_v1/page/html/Clinical_nutrition/991675991,073252ff-640b-44d7-91dc-b889edbc8d03,2020-12-01 07:28:54,2020-12-01 04:26:29,references,36c35e23-8757-4a9d-aacf-345e9b7eb50d,https://creativecommons.org/publicdomain/zero/1.0/,https://doi.org/10.13003/CED-terms-of-use,,,https://evidence.eventdata.crossref.org/evidence/20201201-wikipedia-ed4ab1c4-b7b8-4688-ba00-1afdd58a721c,add,https://en.wikipedia.org/wiki/Clinical_nutrition,Clinical nutrition,https://en.wikipedia.org/w/index.php?title=Clinical_nutrition&oldid=991675991,https://en.wikipedia.org/api/rest_v1/page/html/Clinical_nutrition/991675991,https://doi.org/10.1016/s0002-8223(98)00204-1,https://doi.org/10.1016/s0002-8223(98)00204-1
10353,wikipedia,https://doi.org/10.1016/S0002-8223(98)00204-1,https://en.wikipedia.org/api/rest_v1/page/html/Clinical_nutrition/1003637484,8d3f6d8c-b64b-41b6-8984-a030df6c4147,2021-01-29 23:17:39,2021-01-29 18:23:12,references,36c35e23-8757-4a9d-aacf-345e9b7eb50d,https://creativecommons.org/publicdomain/zero/1.0/,https://doi.org/10.13003/CED-terms-of-use,,,https://evidence.eventdata.crossref.org/evidence/20210129-wikipedia-d6502955-9dbd-49b6-b5fb-0d817d9a4aca,add,https://en.wikipedia.org/wiki/Clinical_nutrition,Clinical nutrition,https://en.wikipedia.org/w/index.php?title=Clinical_nutrition&oldid=1003637484,https://en.wikipedia.org/api/rest_v1/page/html/Clinical_nutrition/1003637484,https://doi.org/10.1016/S0002-8223(98)00204-1,https://doi.org/10.1016/S0002-8223(98)00204-1
