{
  "0":{
    "crossRefIncrement":58934,
    "sourceID":"crossref",
    "objectID":"https:\/\/doi.org\/10.1177\/070674379704200909",
    "subjectID":"https:\/\/doi.org\/10.1007\/BF03256634",
    "eventID":"c7176bb6-e12b-4a7e-93e9-d7c46ed9d7fd",
    "occurredAt":1044057600000,
    "timeObserved":1562257597000,
    "relationType":"references",
    "sourceToken":"8676e950-8ac5-4074-8ac3-c0a18ada7e99",
    "license":"https:\/\/doi.org\/10.13003\/CED-terms-of-use",
    "crossrefTermsOfUse":"https:\/\/doi.org\/10.13003\/CED-terms-of-use",
    "messageAction":"create"
  }
}