{
  "0":{
    "DOI":"10.1177\/070674379704200909",
    "URL":"http:\/\/dx.doi.org\/10.1177\/070674379704200909",
    "title":"Depression in Primary Care\u2014More like Asthma Than Appendicitis: The Michigan Depression Project",
    "container_title":"The Canadian Journal of Psychiatry",
    "authors":"Michael S Klinkman",
    "page":"966-973",
    "publisher":"SAGE Publications",
    "language":"en",
    "alternative_id":"10.1177\/070674379704200909",
    "created_date_time":1483666358000,
    "deposited_date_time":1515577095000,
    "is_referenced_by_count":42,
    "issue":"9",
    "issued_date_parts":"1997\/11",
    "prefix":"10.1177",
    "published_online_date_parts":"2016\/11\/30",
    "published_print_date_parts":"1997\/11"
  },
  "1":{
    "DOI":"10.1177\/070674379704200909",
    "URL":"http:\/\/dx.doi.org\/10.1177\/070674379704200909",
    "title":"Depression in Primary Care\u2014More like Asthma Than Appendicitis: The Michigan Depression Project",
    "container_title":"The Canadian Journal of Psychiatry",
    "authors":"Thomas L Schwenk",
    "page":"966-973",
    "publisher":"SAGE Publications",
    "language":"en",
    "alternative_id":"10.1177\/070674379704200909",
    "created_date_time":1483666358000,
    "deposited_date_time":1515577095000,
    "is_referenced_by_count":42,
    "issue":"9",
    "issued_date_parts":"1997\/11",
    "prefix":"10.1177",
    "published_online_date_parts":"2016\/11\/30",
    "published_print_date_parts":"1997\/11"
  },
  "2":{
    "DOI":"10.1177\/070674379704200909",
    "URL":"http:\/\/dx.doi.org\/10.1177\/070674379704200909",
    "title":"Depression in Primary Care\u2014More like Asthma Than Appendicitis: The Michigan Depression Project",
    "container_title":"The Canadian Journal of Psychiatry",
    "authors":"James C Coyne",
    "page":"966-973",
    "publisher":"SAGE Publications",
    "language":"en",
    "alternative_id":"10.1177\/070674379704200909",
    "created_date_time":1483666358000,
    "deposited_date_time":1515577095000,
    "is_referenced_by_count":42,
    "issue":"9",
    "issued_date_parts":"1997\/11",
    "prefix":"10.1177",
    "published_online_date_parts":"2016\/11\/30",
    "published_print_date_parts":"1997\/11"
  },
  "3":{
    "DOI":"10.1177\/070674379704200909",
    "URL":"http:\/\/dx.doi.org\/10.1177\/070674379704200909",
    "title":"Depression in Primary Care\u2014More like Asthma Than Appendicitis: The Michigan Depression Project",
    "container_title":"The Canadian Journal of Psychiatry",
    "authors":"Michael S Klinkman",
    "page":"966-973",
    "publisher":"SAGE Publications",
    "language":"en",
    "alternative_id":"10.1177\/070674379704200909",
    "created_date_time":1483666358000,
    "deposited_date_time":1515577095000,
    "is_referenced_by_count":42,
    "issue":"9",
    "issued_date_parts":"1997\/11",
    "prefix":"10.1177",
    "published_online_date_parts":"2016\/11\/30",
    "published_print_date_parts":"1997\/11"
  },
  "4":{
    "DOI":"10.1177\/070674379704200909",
    "URL":"http:\/\/dx.doi.org\/10.1177\/070674379704200909",
    "title":"Depression in Primary Care\u2014More like Asthma Than Appendicitis: The Michigan Depression Project",
    "container_title":"The Canadian Journal of Psychiatry",
    "authors":"Thomas L Schwenk",
    "page":"966-973",
    "publisher":"SAGE Publications",
    "language":"en",
    "alternative_id":"10.1177\/070674379704200909",
    "created_date_time":1483666358000,
    "deposited_date_time":1515577095000,
    "is_referenced_by_count":42,
    "issue":"9",
    "issued_date_parts":"1997\/11",
    "prefix":"10.1177",
    "published_online_date_parts":"2016\/11\/30",
    "published_print_date_parts":"1997\/11"
  },
  "5":{
    "DOI":"10.1177\/070674379704200909",
    "URL":"http:\/\/dx.doi.org\/10.1177\/070674379704200909",
    "title":"Depression in Primary Care\u2014More like Asthma Than Appendicitis: The Michigan Depression Project",
    "container_title":"The Canadian Journal of Psychiatry",
    "authors":"James C Coyne",
    "page":"966-973",
    "publisher":"SAGE Publications",
    "language":"en",
    "alternative_id":"10.1177\/070674379704200909",
    "created_date_time":1483666358000,
    "deposited_date_time":1515577095000,
    "is_referenced_by_count":42,
    "issue":"9",
    "issued_date_parts":"1997\/11",
    "prefix":"10.1177",
    "published_online_date_parts":"2016\/11\/30",
    "published_print_date_parts":"1997\/11"
  }
}