crossRefIncrement,sourceID,objectID,subjectID,eventID,occurredAt,timeObserved,relationType,sourceToken,license,crossrefTermsOfUse,messageAction
1846,crossref,https://doi.org/10.1016/S0091-2182(97)00117-1,https://doi.org/10.1177/1757975917714287,58c34bfa-826a-4c13-a894-e20def8ac11a,2017-08-14 00:00:00,2019-06-22 04:31:39,references,8676e950-8ac5-4074-8ac3-c0a18ada7e99,https://doi.org/10.13003/CED-terms-of-use,https://doi.org/10.13003/CED-terms-of-use,create
1847,crossref,https://doi.org/10.1016/S0091-2182(97)00117-1,https://doi.org/10.1007/s10995-018-2559-1,7438571f-0822-44ea-851b-5ef0153eac4b,2018-06-22 00:00:00,2019-06-22 19:18:22,references,8676e950-8ac5-4074-8ac3-c0a18ada7e99,https://doi.org/10.13003/CED-terms-of-use,https://doi.org/10.13003/CED-terms-of-use,create
1848,crossref,https://doi.org/10.1016/S0091-2182(97)00117-1,https://doi.org/10.1007/s10995-019-02784-7,3a590dc5-38e5-418a-ac69-50d9894ba20d,2019-06-24 00:00:00,2019-06-25 18:55:03,references,8676e950-8ac5-4074-8ac3-c0a18ada7e99,https://doi.org/10.13003/CED-terms-of-use,https://doi.org/10.13003/CED-terms-of-use,create
1849,crossref,https://doi.org/10.1016/S0091-2182(97)00117-1,https://doi.org/10.1097/AOG.0000000000001940,7353dc84-fdf9-4aee-a3a9-b31ea1656f5e,2017-04-01 00:00:00,2019-07-10 02:50:08,references,8676e950-8ac5-4074-8ac3-c0a18ada7e99,https://doi.org/10.13003/CED-terms-of-use,https://doi.org/10.13003/CED-terms-of-use,create
1850,crossref,https://doi.org/10.1016/S0091-2182(97)00117-1,https://doi.org/10.1186/s12978-019-0820-8,d3a75b40-f900-4a02-a692-894d45f86a06,2019-10-22 00:00:00,2019-12-02 23:00:54,references,8676e950-8ac5-4074-8ac3-c0a18ada7e99,https://doi.org/10.13003/CED-terms-of-use,https://doi.org/10.13003/CED-terms-of-use,create
