{
  "0":{
    "affiliation":"",
    "authenticated_orcid":null,
    "family":"Abbott",
    "given":"Robert D.",
    "name":"Robert D. Abbott",
    "orcid":null,
    "sequence":"additional",
    "suffix":null
  },
  "1":{
    "affiliation":"",
    "authenticated_orcid":null,
    "family":"Abbott",
    "given":"Sylvia P.",
    "name":"Sylvia P. Abbott",
    "orcid":null,
    "sequence":"additional",
    "suffix":null
  },
  "2":{
    "affiliation":"",
    "authenticated_orcid":null,
    "family":"Abbott",
    "given":"Alison",
    "name":"Alison Abbott",
    "orcid":null,
    "sequence":"first",
    "suffix":null
  },
  "3":{
    "affiliation":"",
    "authenticated_orcid":null,
    "family":"Abbott",
    "given":"B.",
    "name":"B. Abbott",
    "orcid":null,
    "sequence":"additional",
    "suffix":null
  },
  "4":{
    "affiliation":"",
    "authenticated_orcid":null,
    "family":"Abbott",
    "given":"Ian",
    "name":"Ian Abbott",
    "orcid":null,
    "sequence":"first",
    "suffix":null
  },
  "5":{
    "affiliation":"",
    "authenticated_orcid":null,
    "family":"Abbott",
    "given":"S. L.",
    "name":"S. L. Abbott",
    "orcid":null,
    "sequence":"additional",
    "suffix":null
  }
}