{
  "0":{
    "affiliation":"",
    "authenticated_orcid":null,
    "family":"Okamoto",
    "given":"K.",
    "name":"K. Okamoto",
    "orcid":null,
    "sequence":"first",
    "suffix":null
  },
  "2":{
    "affiliation":"",
    "authenticated_orcid":null,
    "family":"Okamoto",
    "given":"Kazufumi",
    "name":"Kazufumi Okamoto",
    "orcid":null,
    "sequence":"additional",
    "suffix":null
  },
  "3":{
    "affiliation":"",
    "authenticated_orcid":null,
    "family":"Okamoto",
    "given":"Hiroshi",
    "name":"Hiroshi Okamoto",
    "orcid":null,
    "sequence":"additional",
    "suffix":null
  }
}