{
  "0":{
    "DOI":"10.1044\/jslhr.4006.1245",
    "URL":"http:\/\/dx.doi.org\/10.1044\/jslhr.4006.1245",
    "title":"Prevalence of Specific Language Impairment in Kindergarten Children",
    "container_title":"Journal of Speech, Language, and Hearing Research",
    "author":"Xuyang Zhang",
    "page":"1245-1260",
    "publisher":"American Speech Language Hearing Association",
    "language":"en",
    "alternative_id":"10.1044\/jslhr.4006.1245",
    "created_date_time":1406667568000,
    "deposited_date_time":1577113265000,
    "is_referenced_by_count":1004.0,
    "issue":"6",
    "issued_date_parts":"1997\/12",
    "prefix":"10.1044",
    "published_online_date_parts":null,
    "published_print_date_parts":"1997\/12"
  },
  "1":{
    "DOI":"10.1016\/s0092-8674(00)81683-9",
    "URL":"http:\/\/dx.doi.org\/10.1016\/s0092-8674(00)81683-9",
    "title":"The Hallmarks of Cancer",
    "container_title":"Cell",
    "author":"Zhang Peizhen",
    "page":"57-70",
    "publisher":"Elsevier BV",
    "language":"en",
    "alternative_id":"S0092867400816839",
    "created_date_time":1081589969000,
    "deposited_date_time":1585696036000,
    "is_referenced_by_count":15686.0,
    "issue":"1",
    "issued_date_parts":"2000\/1",
    "prefix":"10.1016",
    "published_online_date_parts":null,
    "published_print_date_parts":"2000\/1"
  },
  "2":{
    "DOI":null,
    "URL":null,
    "title":null,
    "container_title":null,
    "author":"Shaowu Zhang",
    "page":null,
    "publisher":null,
    "language":null,
    "alternative_id":null,
    "created_date_time":null,
    "deposited_date_time":null,
    "is_referenced_by_count":null,
    "issue":null,
    "issued_date_parts":null,
    "prefix":null,
    "published_online_date_parts":null,
    "published_print_date_parts":null
  },
  "3":{
    "DOI":"10.2165\/00019053-200017040-00004",
    "URL":"http:\/\/dx.doi.org\/10.2165\/00019053-200017040-00004",
    "title":"Inference for the Cost-Effectiveness Acceptability Curve and Cost-Effectiveness Ratio",
    "container_title":"PharmacoEconomics",
    "author":"S. M. Zhang",
    "page":"339-349",
    "publisher":"Springer Science and Business Media LLC",
    "language":"en",
    "alternative_id":"17040339",
    "created_date_time":1138010616000,
    "deposited_date_time":1510514604000,
    "is_referenced_by_count":62.0,
    "issue":"4",
    "issued_date_parts":"2000\/4",
    "prefix":"10.1007",
    "published_online_date_parts":"2012\/10\/15",
    "published_print_date_parts":"2000\/4"
  }
}