{
  "0":{
    "DOI":"10.1210\/jc.82.12.4020",
    "URL":"http:\/\/dx.doi.org\/10.1210\/jc.82.12.4020",
    "title":"Thyroid Nodules in the Follow-Up of Irradiated Individuals: Comparison of Thyroid Ultrasound with Scanning and Palpation",
    "container_title":"Journal of Clinical Endocrinology & Metabolism",
    "authors":"A. B. Schneider",
    "page":"4020-4027",
    "publisher":"The Endocrine Society",
    "language":"en",
    "alternative_id":null,
    "created_date_time":1077746202000,
    "deposited_date_time":1480716414000,
    "is_referenced_by_count":24,
    "issue":"12",
    "issued_date_parts":"1997\/12\/1",
    "prefix":"10.1210",
    "published_online_date_parts":null,
    "published_print_date_parts":"1997\/12\/1"
  }
}