{
  "0":{
    "DOI":"10.1021\/ed075p116",
    "URL":"http:\/\/dx.doi.org\/10.1021\/ed075p116",
    "title":"The Real Reason Why Oil and Water Don't Mix",
    "container_title":"Journal of Chemical Education",
    "authors":"Todd P. Silverstein",
    "affiliation":"Willamette University, Chemistry Department, 900 State Street, Salem, OR 97301-3922",
    "page":"116",
    "publisher":"American Chemical Society (ACS)",
    "language":"en",
    "alternative_id":"10.1021\/ed075p116",
    "created_date_time":1261451807000,
    "deposited_date_time":1570576743000,
    "is_referenced_by_count":43,
    "issue":"1",
    "issued_date_parts":"1998\/1",
    "prefix":"10.1021",
    "published_online_date_parts":null,
    "published_print_date_parts":"1998\/1"
  }
}