crossRefIncrement,sourceID,objectID,subjectID,eventID,occurredAt,timeObserved,relationType,sourceToken,license,crossrefTermsOfUse,messageAction
1331,crossref,https://doi.org/10.1016/S0028-3932(98)00002-5,https://doi.org/10.1080/17470218.2011.611888,ba00180b-d5b3-4c14-a071-42606a703306,2012-01-01 00:00:00,2019-06-17 14:02:58,references,8676e950-8ac5-4074-8ac3-c0a18ada7e99,https://doi.org/10.13003/CED-terms-of-use,https://doi.org/10.13003/CED-terms-of-use,create
1332,crossref,https://doi.org/10.1016/S0028-3932(98)00002-5,https://doi.org/10.1080/17470218.2014.897358,8b8c61df-0769-465a-b144-67055d3cfb09,2014-08-01 00:00:00,2019-06-20 03:36:38,references,8676e950-8ac5-4074-8ac3-c0a18ada7e99,https://doi.org/10.13003/CED-terms-of-use,https://doi.org/10.13003/CED-terms-of-use,create
1333,crossref,https://doi.org/10.1016/S0028-3932(98)00002-5,https://doi.org/10.1080/17470218.2014.902976,b0e445e5-7029-4ddb-8df9-be5399d75a9b,2014-08-01 00:00:00,2019-06-21 18:43:40,references,8676e950-8ac5-4074-8ac3-c0a18ada7e99,https://doi.org/10.13003/CED-terms-of-use,https://doi.org/10.13003/CED-terms-of-use,create
1334,crossref,https://doi.org/10.1016/S0028-3932(98)00002-5,https://doi.org/10.1098/rstb.2017.0125,e8fbb8a1-696f-44f7-9fa2-b8b58ea3ac85,2018-06-18 00:00:00,2019-07-20 14:51:32,references,8676e950-8ac5-4074-8ac3-c0a18ada7e99,https://doi.org/10.13003/CED-terms-of-use,https://doi.org/10.13003/CED-terms-of-use,create
1335,crossref,https://doi.org/10.1016/S0028-3932(98)00002-5,https://doi.org/10.3389/fpsyg.2019.01479,ce9f812a-5d90-47f6-a8d0-f9f74f074957,2019-06-28 00:00:00,2019-07-21 18:10:58,references,8676e950-8ac5-4074-8ac3-c0a18ada7e99,https://doi.org/10.13003/CED-terms-of-use,https://doi.org/10.13003/CED-terms-of-use,create
1336,crossref,https://doi.org/10.1016/S0028-3932(98)00002-5,https://doi.org/10.1038/s41598-018-29337-2,c808ed8b-9e52-444f-b7bb-7e9032b1dca4,2018-07-20 00:00:00,2019-07-22 04:54:32,references,8676e950-8ac5-4074-8ac3-c0a18ada7e99,https://doi.org/10.13003/CED-terms-of-use,https://doi.org/10.13003/CED-terms-of-use,create
1337,crossref,https://doi.org/10.1016/S0028-3932(98)00002-5,https://doi.org/10.5057/kei.11.171,e711d0d7-d90e-487c-bd64-d22f77e805e5,2012-01-01 00:00:00,2019-12-21 07:34:12,references,8676e950-8ac5-4074-8ac3-c0a18ada7e99,https://doi.org/10.13003/CED-terms-of-use,https://doi.org/10.13003/CED-terms-of-use,create
