wikipediaIncrement,sourceID,objectID,subjectID,eventID,occurredAt,timeObserved,relationType,sourceToken,license,termsOfUse,updatedDate,updatedReason,evidenceRecord,eventAction,subjectPID,subjectTitle,subjectURL,subjectAPIURL,objectPID,objectURL
19518,wikipedia,https://doi.org/10.1016/s0028-3932(98)00002-5,https://en.wikipedia.org/w/index.php?title=Stimulus%E2%80%93response_compatibility&oldid=788478265,3cec01f0-dce7-4618-9fb2-c3c2b76c2d06,2017-07-01 17:00:26,2017-07-05 04:54:25,references,36c35e23-8757-4a9d-aacf-345e9b7eb50d,https://creativecommons.org/publicdomain/zero/1.0/,https://doi.org/10.13003/CED-terms-of-use,,,https://evidence.eventdata.crossref.org/evidence/20170701-wikipedia-84092afe-a020-4be7-8838-7960bc79fd3b,add,https://en.wikipedia.org/w/index.php?title=Stimulus%E2%80%93response_compatibili,Stimulus–response compatibility,https://en.wikipedia.org/wiki/Stimulus%E2%80%93response_compatibility,https://en.wikipedia.org/api/rest_v1/page/html/Stimulus%E2%80%93response_compatibility/788478265,https://doi.org/10.1016/s0028-3932(98)00002-5,https://doi.org/10.1016/s0028-3932(98)00002-5
19519,wikipedia,https://doi.org/10.1016/s0028-3932(98)00002-5,https://en.wikipedia.org/api/rest_v1/page/html/Stimulus%E2%80%93response_compatibility/806566273,5360f843-2e2c-402c-beb4-4331c39a387b,2017-10-22 21:17:37,2017-10-22 17:18:35,references,36c35e23-8757-4a9d-aacf-345e9b7eb50d,https://creativecommons.org/publicdomain/zero/1.0/,https://doi.org/10.13003/CED-terms-of-use,,,https://evidence.eventdata.crossref.org/evidence/20171022-wikipedia-71b370dc-6d89-4f4b-be16-cc8cc0c4c85f,add,https://en.wikipedia.org/w/index.php?title=Stimulus%E2%80%93response_compatibili,Stimulus–response compatibility,https://en.wikipedia.org/wiki/Stimulus%E2%80%93response_compatibility,https://en.wikipedia.org/api/rest_v1/page/html/Stimulus%E2%80%93response_compatibility/806566273,https://doi.org/10.1016/s0028-3932(98)00002-5,https://doi.org/10.1016/s0028-3932(98)00002-5
19520,wikipedia,https://doi.org/10.1016/s0028-3932(98)00002-5,https://en.wikipedia.org/api/rest_v1/page/html/Stimulus%E2%80%93response_compatibility/806566463,7fd5c6ab-47d1-417f-837f-486342ed1d57,2017-10-22 21:18:46,2017-10-22 17:20:41,references,36c35e23-8757-4a9d-aacf-345e9b7eb50d,https://creativecommons.org/publicdomain/zero/1.0/,https://doi.org/10.13003/CED-terms-of-use,,,https://evidence.eventdata.crossref.org/evidence/20171022-wikipedia-f1cfa716-dc40-4c9b-950e-789e7d5fd3e8,add,https://en.wikipedia.org/w/index.php?title=Stimulus%E2%80%93response_compatibili,Stimulus–response compatibility,https://en.wikipedia.org/wiki/Stimulus%E2%80%93response_compatibility,https://en.wikipedia.org/api/rest_v1/page/html/Stimulus%E2%80%93response_compatibility/806566463,https://doi.org/10.1016/s0028-3932(98)00002-5,https://doi.org/10.1016/s0028-3932(98)00002-5
19521,wikipedia,https://doi.org/10.1016/s0028-3932(98)00002-5,https://en.wikipedia.org/api/rest_v1/page/html/Stimulus%E2%80%93response_compatibility/809138270,048dcc3a-373b-4f05-8f5e-c4a9675b4f47,2017-11-07 10:10:13,2017-11-07 05:10:55,references,36c35e23-8757-4a9d-aacf-345e9b7eb50d,https://creativecommons.org/publicdomain/zero/1.0/,https://doi.org/10.13003/CED-terms-of-use,,,https://evidence.eventdata.crossref.org/evidence/20171107-wikipedia-3dc64cee-61a4-4737-b2e1-a271a93c51de,add,https://en.wikipedia.org/w/index.php?title=Stimulus%E2%80%93response_compatibili,Stimulus–response compatibility,https://en.wikipedia.org/wiki/Stimulus%E2%80%93response_compatibility,https://en.wikipedia.org/api/rest_v1/page/html/Stimulus%E2%80%93response_compatibility/809138270,https://doi.org/10.1016/s0028-3932(98)00002-5,https://doi.org/10.1016/s0028-3932(98)00002-5
19522,wikipedia,https://doi.org/10.1016/s0028-3932(98)00002-5,https://en.wikipedia.org/api/rest_v1/page/html/Stimulus%E2%80%93response_compatibility/830676352,9f4f86c0-f1a8-41d6-adfb-9c04f5b85845,2018-03-16 08:31:52,2018-03-16 04:33:15,references,36c35e23-8757-4a9d-aacf-345e9b7eb50d,https://creativecommons.org/publicdomain/zero/1.0/,https://doi.org/10.13003/CED-terms-of-use,,,https://evidence.eventdata.crossref.org/evidence/20180316-wikipedia-c7683f7c-8977-4676-ac3d-aeb8e9421dbe,add,https://en.wikipedia.org/wiki/Stimulus%E2%80%93response_compatibility,Stimulus–response compatibility,https://en.wikipedia.org/w/index.php?title=Stimulus%E2%80%93response_compatibility&oldid=830676352,https://en.wikipedia.org/api/rest_v1/page/html/Stimulus%E2%80%93response_compatibility/830676352,https://doi.org/10.1016/s0028-3932(98)00002-5,https://doi.org/10.1016/s0028-3932(98)00002-5
19523,wikipedia,https://doi.org/10.1016/s0028-3932(98)00002-5,https://en.wikipedia.org/api/rest_v1/page/html/Stimulus%E2%80%93response_compatibility/835370026,1e5c6514-8ac7-4051-a6cf-c4cedfac8cad,2018-04-08 08:41:04,2018-04-08 04:42:43,references,36c35e23-8757-4a9d-aacf-345e9b7eb50d,https://creativecommons.org/publicdomain/zero/1.0/,https://doi.org/10.13003/CED-terms-of-use,,,https://evidence.eventdata.crossref.org/evidence/20180408-wikipedia-49b5289a-2d9f-4f6c-873c-996a53724206,add,https://en.wikipedia.org/wiki/Stimulus%E2%80%93response_compatibility,Stimulus–response compatibility,https://en.wikipedia.org/w/index.php?title=Stimulus%E2%80%93response_compatibility&oldid=835370026,https://en.wikipedia.org/api/rest_v1/page/html/Stimulus%E2%80%93response_compatibility/835370026,https://doi.org/10.1016/s0028-3932(98)00002-5,https://doi.org/10.1016/s0028-3932(98)00002-5
19524,wikipedia,https://doi.org/10.1016/s0028-3932(98)00002-5,https://en.wikipedia.org/api/rest_v1/page/html/Stimulus%E2%80%93response_compatibility/840213676,d105a671-ed43-4ea2-83bb-09aa05d558d5,2018-05-08 12:57:10,2018-05-08 09:02:47,references,36c35e23-8757-4a9d-aacf-345e9b7eb50d,https://creativecommons.org/publicdomain/zero/1.0/,https://doi.org/10.13003/CED-terms-of-use,,,https://evidence.eventdata.crossref.org/evidence/20180508-wikipedia-a7ad1d14-692e-49d6-b1fa-2718ac478000,add,https://en.wikipedia.org/wiki/Stimulus%E2%80%93response_compatibility,Stimulus–response compatibility,https://en.wikipedia.org/w/index.php?title=Stimulus%E2%80%93response_compatibility&oldid=840213676,https://en.wikipedia.org/api/rest_v1/page/html/Stimulus%E2%80%93response_compatibility/840213676,https://doi.org/10.1016/s0028-3932(98)00002-5,https://doi.org/10.1016/s0028-3932(98)00002-5
19525,wikipedia,https://doi.org/10.1016/s0028-3932(98)00002-5,https://en.wikipedia.org/api/rest_v1/page/html/Stimulus%E2%80%93response_compatibility/856558461,ed6a6cbe-c7d9-4d97-8659-b856751f1de9,2018-08-26 02:34:48,2018-08-25 22:38:05,references,36c35e23-8757-4a9d-aacf-345e9b7eb50d,https://creativecommons.org/publicdomain/zero/1.0/,https://doi.org/10.13003/CED-terms-of-use,,,https://evidence.eventdata.crossref.org/evidence/20180826-wikipedia-8adb2c9a-4fb7-49e4-b051-5de8a2cece1f,add,https://en.wikipedia.org/wiki/Stimulus%E2%80%93response_compatibility,Stimulus–response compatibility,https://en.wikipedia.org/w/index.php?title=Stimulus%E2%80%93response_compatibility&oldid=856558461,https://en.wikipedia.org/api/rest_v1/page/html/Stimulus%E2%80%93response_compatibility/856558461,https://doi.org/10.1016/s0028-3932(98)00002-5,https://doi.org/10.1016/s0028-3932(98)00002-5
19526,wikipedia,https://doi.org/10.1016/s0028-3932(98)00002-5,https://en.wikipedia.org/api/rest_v1/page/html/Stimulus%E2%80%93response_compatibility/882445253,00609fe1-ca21-4a41-a7ab-1583b32ab56d,2019-02-09 03:53:15,2019-02-08 23:01:21,references,36c35e23-8757-4a9d-aacf-345e9b7eb50d,https://creativecommons.org/publicdomain/zero/1.0/,https://doi.org/10.13003/CED-terms-of-use,,,https://evidence.eventdata.crossref.org/evidence/20190209-wikipedia-26e60e0e-6342-4b3a-bf7e-45698fa46955,add,https://en.wikipedia.org/wiki/Stimulus%E2%80%93response_compatibility,Stimulus–response compatibility,https://en.wikipedia.org/w/index.php?title=Stimulus%E2%80%93response_compatibility&oldid=882445253,https://en.wikipedia.org/api/rest_v1/page/html/Stimulus%E2%80%93response_compatibility/882445253,https://doi.org/10.1016/s0028-3932(98)00002-5,https://doi.org/10.1016/s0028-3932(98)00002-5
19527,wikipedia,https://doi.org/10.1016/s0028-3932(98)00002-5,https://en.wikipedia.org/api/rest_v1/page/html/Stimulus%E2%80%93response_compatibility/928607262,f1a72cf3-4d5c-463b-b0e9-cc650b7195c7,2019-11-30 12:46:14,2019-11-30 07:50:03,references,36c35e23-8757-4a9d-aacf-345e9b7eb50d,https://creativecommons.org/publicdomain/zero/1.0/,https://doi.org/10.13003/CED-terms-of-use,,,https://evidence.eventdata.crossref.org/evidence/20191130-wikipedia-582967c6-cab7-4fb2-bb4a-abe4f19513c6,add,https://en.wikipedia.org/wiki/Stimulus%E2%80%93response_compatibility,Stimulus–response compatibility,https://en.wikipedia.org/w/index.php?title=Stimulus%E2%80%93response_compatibility&oldid=928607262,https://en.wikipedia.org/api/rest_v1/page/html/Stimulus%E2%80%93response_compatibility/928607262,https://doi.org/10.1016/s0028-3932(98)00002-5,https://doi.org/10.1016/s0028-3932(98)00002-5
19528,wikipedia,https://doi.org/10.1016/s0028-3932(98)00002-5,https://en.wikipedia.org/api/rest_v1/page/html/Stimulus%E2%80%93response_compatibility/948225414,76ee6408-9792-438d-a7a8-a22f27c728cf,2020-03-30 20:51:47,2020-10-13 20:11:09,references,36c35e23-8757-4a9d-aacf-345e9b7eb50d,https://creativecommons.org/publicdomain/zero/1.0/,https://doi.org/10.13003/CED-terms-of-use,,,https://evidence.eventdata.crossref.org/evidence/20200330-wikipedia-4395e62d-74c4-43b5-a05c-9daeca0b3222,add,https://en.wikipedia.org/wiki/Stimulus%E2%80%93response_compatibility,Stimulus–response compatibility,https://en.wikipedia.org/w/index.php?title=Stimulus%E2%80%93response_compatibility&oldid=948225414,https://en.wikipedia.org/api/rest_v1/page/html/Stimulus%E2%80%93response_compatibility/948225414,https://doi.org/10.1016/s0028-3932(98)00002-5,https://doi.org/10.1016/s0028-3932(98)00002-5
19529,wikipedia,https://doi.org/10.1016/s0028-3932(98)00002-5,https://en.wikipedia.org/api/rest_v1/page/html/Stimulus%E2%80%93response_compatibility/953513598,3af4e402-f85b-4442-873d-9cb9fe2bcc60,2020-04-27 15:54:48,2020-10-14 11:27:17,references,36c35e23-8757-4a9d-aacf-345e9b7eb50d,https://creativecommons.org/publicdomain/zero/1.0/,https://doi.org/10.13003/CED-terms-of-use,,,https://evidence.eventdata.crossref.org/evidence/20200427-wikipedia-fdeb6e21-9e4d-4a6c-abfb-d03b1d76f266,add,https://en.wikipedia.org/wiki/Stimulus%E2%80%93response_compatibility,Stimulus–response compatibility,https://en.wikipedia.org/w/index.php?title=Stimulus%E2%80%93response_compatibility&oldid=953513598,https://en.wikipedia.org/api/rest_v1/page/html/Stimulus%E2%80%93response_compatibility/953513598,https://doi.org/10.1016/s0028-3932(98)00002-5,https://doi.org/10.1016/s0028-3932(98)00002-5
19530,wikipedia,https://doi.org/10.1016/s0028-3932(98)00002-5,https://en.wikipedia.org/api/rest_v1/page/html/Stimulus%E2%80%93response_compatibility/988991547,d6fc4c07-898a-4043-a6d1-d2e0790c6ea8,2020-11-16 12:28:43,2020-11-17 07:57:22,references,36c35e23-8757-4a9d-aacf-345e9b7eb50d,https://creativecommons.org/publicdomain/zero/1.0/,https://doi.org/10.13003/CED-terms-of-use,,,https://evidence.eventdata.crossref.org/evidence/20201116-wikipedia-0a8b6a17-67e2-4ee6-9a79-3d14256b7c02,add,https://en.wikipedia.org/wiki/Stimulus%E2%80%93response_compatibility,Stimulus–response compatibility,https://en.wikipedia.org/w/index.php?title=Stimulus%E2%80%93response_compatibility&oldid=988991547,https://en.wikipedia.org/api/rest_v1/page/html/Stimulus%E2%80%93response_compatibility/988991547,https://doi.org/10.1016/s0028-3932(98)00002-5,https://doi.org/10.1016/s0028-3932(98)00002-5
19531,wikipedia,https://doi.org/10.1016/s0028-3932(98)00002-5,https://en.wikipedia.org/api/rest_v1/page/html/Stimulus%E2%80%93response_compatibility/988991552,42c3b634-62b6-4dfa-af57-4e60a393fe0e,2020-11-16 12:28:46,2020-11-17 09:00:32,references,36c35e23-8757-4a9d-aacf-345e9b7eb50d,https://creativecommons.org/publicdomain/zero/1.0/,https://doi.org/10.13003/CED-terms-of-use,,,https://evidence.eventdata.crossref.org/evidence/20201116-wikipedia-0a8b6a17-67e2-4ee6-9a79-3d14256b7c02,add,https://en.wikipedia.org/wiki/Stimulus%E2%80%93response_compatibility,Stimulus–response compatibility,https://en.wikipedia.org/w/index.php?title=Stimulus%E2%80%93response_compatibility&oldid=988991552,https://en.wikipedia.org/api/rest_v1/page/html/Stimulus%E2%80%93response_compatibility/988991552,https://doi.org/10.1016/s0028-3932(98)00002-5,https://doi.org/10.1016/s0028-3932(98)00002-5
19532,wikipedia,https://doi.org/10.1016/s0028-3932(98)00002-5,https://en.wikipedia.org/api/rest_v1/page/html/Stimulus%E2%80%93response_compatibility/994682352,6b782e8d-57d9-49b8-9674-802d29a3f705,2020-12-17 00:09:20,2020-12-16 19:19:37,references,36c35e23-8757-4a9d-aacf-345e9b7eb50d,https://creativecommons.org/publicdomain/zero/1.0/,https://doi.org/10.13003/CED-terms-of-use,,,https://evidence.eventdata.crossref.org/evidence/20201217-wikipedia-08cf5cf9-fe45-49e3-9814-decd315c6eac,add,https://en.wikipedia.org/wiki/Stimulus%E2%80%93response_compatibility,Stimulus–response compatibility,https://en.wikipedia.org/w/index.php?title=Stimulus%E2%80%93response_compatibility&oldid=994682352,https://en.wikipedia.org/api/rest_v1/page/html/Stimulus%E2%80%93response_compatibility/994682352,https://doi.org/10.1016/s0028-3932(98)00002-5,https://doi.org/10.1016/s0028-3932(98)00002-5
