twitterIncrement,sourceID,subjectID,objectID,eventID,occurredAt,timeObserved,relationType,sourceToken,license,termsOfUse,tweetAuthor,originalTweetAuthor,updatedReason,updated,evidenceRecord,eventAction,subjectPID,originalTweetURL,alternativeID,title,issued,objectPID,objectURL,updatedDate
10706,twitter,twitter://status?id=1140648463576829952,https://doi.org/10.1001/jama.280.3.231,4e4130e6-463d-4af6-b028-d2c0c619839e,2019-06-17 15:52:40,2019-06-18 02:13:38,discusses,45a1ef76-4f43-4cdc-9ba8-5a6ad01cc231,https://creativecommons.org/publicdomain/zero/1.0/,https://doi.org/10.13003/CED-terms-of-use,twitter://user?screen_name=NephRodby,twitter://user?screen_name=Wagner_Nephro,,,https://evidence.eventdata.crossref.org/evidence/20190617-twitter-b3da8003-10b2-4283-923f-804e644b70,add,twitter://status?id=1140648463576829952,twitter://status?id=1140639986233950209,1140648463576829952,Tweet 1140648463576829952,2019-06-17 15:52:40,https://doi.org/10.1001/jama.280.3.231,https://jamanetwork.com/journals/jama/article-abstract/187762,
10707,twitter,twitter://status?id=1140681656354975744,https://doi.org/10.1001/jama.280.3.231,03d6a0fd-87df-4d8e-a9d0-a2b5e2667205,2019-06-17 18:04:34,2019-06-18 03:20:31,discusses,45a1ef76-4f43-4cdc-9ba8-5a6ad01cc231,https://creativecommons.org/publicdomain/zero/1.0/,https://doi.org/10.13003/CED-terms-of-use,twitter://user?screen_name=merrylindseyphd,twitter://user?screen_name=Wagner_Nephro,,,https://evidence.eventdata.crossref.org/evidence/20190617-twitter-28257e54-5247-4959-b548-881670e756,add,twitter://status?id=1140681656354975744,twitter://status?id=1140639986233950209,1140681656354975744,Tweet 1140681656354975744,2019-06-17 18:04:34,https://doi.org/10.1001/jama.280.3.231,https://jamanetwork.com/journals/jama/article-abstract/187762,
11322,twitter,twitter://status?id=1140648463576829952,https://doi.org/10.1001/jama.280.3.231,4e4130e6-463d-4af6-b028-d2c0c619839e,2019-06-17 15:52:40,2019-06-18 02:13:38,discusses,45a1ef76-4f43-4cdc-9ba8-5a6ad01cc231,https://creativecommons.org/publicdomain/zero/1.0/,https://doi.org/10.13003/CED-terms-of-use,twitter://user?screen_name=NephRodby,twitter://user?screen_name=Wagner_Nephro,,,https://evidence.eventdata.crossref.org/evidence/20190617-twitter-b3da8003-10b2-4283-923f-804e644b70,add,twitter://status?id=1140648463576829952,twitter://status?id=1140639986233950209,1140648463576829952,Tweet 1140648463576829952,2019-06-17 15:52:40,https://doi.org/10.1001/jama.280.3.231,https://jamanetwork.com/journals/jama/article-abstract/187762,
11323,twitter,twitter://status?id=1140681656354975744,https://doi.org/10.1001/jama.280.3.231,03d6a0fd-87df-4d8e-a9d0-a2b5e2667205,2019-06-17 18:04:34,2019-06-18 03:20:31,discusses,45a1ef76-4f43-4cdc-9ba8-5a6ad01cc231,https://creativecommons.org/publicdomain/zero/1.0/,https://doi.org/10.13003/CED-terms-of-use,twitter://user?screen_name=merrylindseyphd,twitter://user?screen_name=Wagner_Nephro,,,https://evidence.eventdata.crossref.org/evidence/20190617-twitter-28257e54-5247-4959-b548-881670e756,add,twitter://status?id=1140681656354975744,twitter://status?id=1140639986233950209,1140681656354975744,Tweet 1140681656354975744,2019-06-17 18:04:34,https://doi.org/10.1001/jama.280.3.231,https://jamanetwork.com/journals/jama/article-abstract/187762,
12118,twitter,twitter://status?id=1140648463576829952,https://doi.org/10.1001/jama.280.3.231,4e4130e6-463d-4af6-b028-d2c0c619839e,2019-06-17 15:52:40,2019-06-18 02:13:38,discusses,45a1ef76-4f43-4cdc-9ba8-5a6ad01cc231,https://creativecommons.org/publicdomain/zero/1.0/,https://doi.org/10.13003/CED-terms-of-use,twitter://user?screen_name=NephRodby,twitter://user?screen_name=Wagner_Nephro,,,https://evidence.eventdata.crossref.org/evidence/20190617-twitter-b3da8003-10b2-4283-923f-804e644b70,add,twitter://status?id=1140648463576829952,twitter://status?id=1140639986233950209,1140648463576829952,Tweet 1140648463576829952,2019-06-17 15:52:40,https://doi.org/10.1001/jama.280.3.231,https://jamanetwork.com/journals/jama/article-abstract/187762,
12119,twitter,twitter://status?id=1140681656354975744,https://doi.org/10.1001/jama.280.3.231,03d6a0fd-87df-4d8e-a9d0-a2b5e2667205,2019-06-17 18:04:34,2019-06-18 03:20:31,discusses,45a1ef76-4f43-4cdc-9ba8-5a6ad01cc231,https://creativecommons.org/publicdomain/zero/1.0/,https://doi.org/10.13003/CED-terms-of-use,twitter://user?screen_name=merrylindseyphd,twitter://user?screen_name=Wagner_Nephro,,,https://evidence.eventdata.crossref.org/evidence/20190617-twitter-28257e54-5247-4959-b548-881670e756,add,twitter://status?id=1140681656354975744,twitter://status?id=1140639986233950209,1140681656354975744,Tweet 1140681656354975744,2019-06-17 18:04:34,https://doi.org/10.1001/jama.280.3.231,https://jamanetwork.com/journals/jama/article-abstract/187762,
