{
  "0":{
    "twitterIncrement":10610,
    "sourceID":"twitter",
    "subjectID":"twitter:\/\/status?id=1266961626978230273",
    "objectID":"https:\/\/doi.org\/10.1001\/archinte.159.10.1082",
    "eventID":"d6c27c43-4073-4a3d-a3b1-420ccf6641b6",
    "occurredAt":1590902165000,
    "timeObserved":1602732067000,
    "relationType":"discusses",
    "sourceToken":"45a1ef76-4f43-4cdc-9ba8-5a6ad01cc231",
    "license":"https:\/\/creativecommons.org\/publicdomain\/zero\/1.0\/",
    "termsOfUse":"https:\/\/doi.org\/10.13003\/CED-terms-of-use",
    "tweetAuthor":"twitter:\/\/user?screen_name=LessIsMoreMed",
    "originalTweetAuthor":null,
    "updatedReason":null,
    "updated":null,
    "evidenceRecord":"https:\/\/evidence.eventdata.crossref.org\/evidence\/20200531-twitter-ae443a1e-5629-4fe5-b2ab-a513265726",
    "eventAction":"add",
    "subjectPID":"twitter:\/\/status?id=1266961626978230273",
    "originalTweetURL":"twitter:\/\/status?id=1266961626978230273",
    "alternativeID":"1266961626978230273",
    "title":"Tweet 1266961626978230273",
    "issued":1590902165000,
    "objectPID":"https:\/\/doi.org\/10.1001\/archinte.159.10.1082",
    "objectURL":"https:\/\/jamanetwork.com\/journals\/jamainternalmedicine\/fullarticle\/485032",
    "updatedDate":null
  },
  "1":{
    "twitterIncrement":11226,
    "sourceID":"twitter",
    "subjectID":"twitter:\/\/status?id=1266961626978230273",
    "objectID":"https:\/\/doi.org\/10.1001\/archinte.159.10.1082",
    "eventID":"d6c27c43-4073-4a3d-a3b1-420ccf6641b6",
    "occurredAt":1590902165000,
    "timeObserved":1602732067000,
    "relationType":"discusses",
    "sourceToken":"45a1ef76-4f43-4cdc-9ba8-5a6ad01cc231",
    "license":"https:\/\/creativecommons.org\/publicdomain\/zero\/1.0\/",
    "termsOfUse":"https:\/\/doi.org\/10.13003\/CED-terms-of-use",
    "tweetAuthor":"twitter:\/\/user?screen_name=LessIsMoreMed",
    "originalTweetAuthor":null,
    "updatedReason":null,
    "updated":null,
    "evidenceRecord":"https:\/\/evidence.eventdata.crossref.org\/evidence\/20200531-twitter-ae443a1e-5629-4fe5-b2ab-a513265726",
    "eventAction":"add",
    "subjectPID":"twitter:\/\/status?id=1266961626978230273",
    "originalTweetURL":"twitter:\/\/status?id=1266961626978230273",
    "alternativeID":"1266961626978230273",
    "title":"Tweet 1266961626978230273",
    "issued":1590902165000,
    "objectPID":"https:\/\/doi.org\/10.1001\/archinte.159.10.1082",
    "objectURL":"https:\/\/jamanetwork.com\/journals\/jamainternalmedicine\/fullarticle\/485032",
    "updatedDate":null
  },
  "2":{
    "twitterIncrement":11841,
    "sourceID":"twitter",
    "subjectID":"twitter:\/\/status?id=1266961626978230273",
    "objectID":"https:\/\/doi.org\/10.1001\/archinte.159.10.1082",
    "eventID":"d6c27c43-4073-4a3d-a3b1-420ccf6641b6",
    "occurredAt":1590902165000,
    "timeObserved":1602732067000,
    "relationType":"discusses",
    "sourceToken":"45a1ef76-4f43-4cdc-9ba8-5a6ad01cc231",
    "license":"https:\/\/creativecommons.org\/publicdomain\/zero\/1.0\/",
    "termsOfUse":"https:\/\/doi.org\/10.13003\/CED-terms-of-use",
    "tweetAuthor":"twitter:\/\/user?screen_name=LessIsMoreMed",
    "originalTweetAuthor":null,
    "updatedReason":null,
    "updated":null,
    "evidenceRecord":"https:\/\/evidence.eventdata.crossref.org\/evidence\/20200531-twitter-ae443a1e-5629-4fe5-b2ab-a513265726",
    "eventAction":"add",
    "subjectPID":"twitter:\/\/status?id=1266961626978230273",
    "originalTweetURL":"twitter:\/\/status?id=1266961626978230273",
    "alternativeID":"1266961626978230273",
    "title":"Tweet 1266961626978230273",
    "issued":1590902165000,
    "objectPID":"https:\/\/doi.org\/10.1001\/archinte.159.10.1082",
    "objectURL":"https:\/\/jamanetwork.com\/journals\/jamainternalmedicine\/fullarticle\/485032",
    "updatedDate":null
  }
}