wikipediaIncrement,sourceID,objectID,subjectID,eventID,occurredAt,timeObserved,relationType,sourceToken,license,termsOfUse,updatedDate,updatedReason,evidenceRecord,eventAction,subjectPID,subjectTitle,subjectURL,subjectAPIURL,objectPID,objectURL
493807,wikipedia,https://doi.org/10.1007/pl00009575,https://en.wikipedia.org/wiki/Thickening_agent,8f8b4dc7-29f9-4d6b-8aba-078d596a5616,2017-04-29 20:05:16,2017-04-29 16:05:49,references,36c35e23-8757-4a9d-aacf-345e9b7eb50d,https://creativecommons.org/publicdomain/zero/1.0/,https://doi.org/10.13003/CED-terms-of-use,2018-01-31 17:30:00,https://evidence.eventdata.crossref.org/announcements/2018-01-19T00-00-00Z-ED-15.json,https://evidence.eventdata.crossref.org/evidence/20170429-wikipedia-c9a7bf2c-fe4f-468a-b963-7e2dd5ce48f4,add,https://en.wikipedia.org/wiki/Thickening_agent,Thickening agent,https://en.wikipedia.org/w/index.php?title=Thickening_agent&oldid=777866675,https://en.wikipedia.org/api/rest_v1/page/html/Thickening_agent/777866675,https://doi.org/10.1007/pl00009575,http://link.springer.com/article/10.1007/PL00009575
493808,wikipedia,https://doi.org/10.1007/pl00009575,https://pt.wikipedia.org/wiki/Agente_espessante,403ff413-fa45-4391-b207-ed87c0dcc4c5,2017-05-20 15:16:52,2017-05-20 11:17:23,references,36c35e23-8757-4a9d-aacf-345e9b7eb50d,https://creativecommons.org/publicdomain/zero/1.0/,https://doi.org/10.13003/CED-terms-of-use,2018-01-31 17:30:00,https://evidence.eventdata.crossref.org/announcements/2018-01-19T00-00-00Z-ED-15.json,https://evidence.eventdata.crossref.org/evidence/20170520-wikipedia-88e94c73-be41-42b7-935e-bfed0d4a9fb7,add,https://pt.wikipedia.org/wiki/Agente_espessante,Agente espessante,https://pt.wikipedia.org/w/index.php?title=Agente_espessante&oldid=48844272,https://pt.wikipedia.org/api/rest_v1/page/html/Agente_espessante/48844272,https://doi.org/10.1007/pl00009575,http://link.springer.com/article/10.1007/PL00009575
493809,wikipedia,https://doi.org/10.1007/pl00009575,https://pt.wikipedia.org/api/rest_v1/page/html/Agente_espessante/50476058,88b56dac-d53e-4b97-a6cd-4c86abd5bb21,2017-11-14 16:56:46,2017-11-14 11:58:26,references,36c35e23-8757-4a9d-aacf-345e9b7eb50d,https://creativecommons.org/publicdomain/zero/1.0/,https://doi.org/10.13003/CED-terms-of-use,,,https://evidence.eventdata.crossref.org/evidence/20171114-wikipedia-5446a22e-ca1e-4448-9c88-45ead2e75540,add,https://pt.wikipedia.org/w/index.php?title=Agente_espessante&oldid=50476058,Agente espessante,https://pt.wikipedia.org/wiki/Agente_espessante,https://pt.wikipedia.org/api/rest_v1/page/html/Agente_espessante/50476058,https://doi.org/10.1007/pl00009575,http://link.springer.com/article/10.1007/PL00009575
493810,wikipedia,https://doi.org/10.1007/pl00009575,https://pt.wikipedia.org/api/rest_v1/page/html/Agente_espessante/50476066,bbf220c8-01b2-4e65-a1ff-cece4af5a726,2017-11-14 16:57:19,2017-11-14 11:58:43,references,36c35e23-8757-4a9d-aacf-345e9b7eb50d,https://creativecommons.org/publicdomain/zero/1.0/,https://doi.org/10.13003/CED-terms-of-use,,,https://evidence.eventdata.crossref.org/evidence/20171114-wikipedia-8f3fa626-2f69-4984-8f23-4e637e742564,add,https://pt.wikipedia.org/w/index.php?title=Agente_espessante&oldid=50476066,Agente espessante,https://pt.wikipedia.org/wiki/Agente_espessante,https://pt.wikipedia.org/api/rest_v1/page/html/Agente_espessante/50476066,https://doi.org/10.1007/pl00009575,http://link.springer.com/article/10.1007/PL00009575
493811,wikipedia,https://doi.org/10.1007/pl00009575,https://en.wikipedia.org/api/rest_v1/page/html/Thickening_agent/830029352,c17042fb-2ead-4517-a00b-e55d768861c0,2018-03-12 09:04:22,2018-03-12 05:05:49,references,36c35e23-8757-4a9d-aacf-345e9b7eb50d,https://creativecommons.org/publicdomain/zero/1.0/,https://doi.org/10.13003/CED-terms-of-use,,,https://evidence.eventdata.crossref.org/evidence/20180312-wikipedia-12bfe44c-4cfe-49c2-bf29-a6c7e2d5acc1,add,https://en.wikipedia.org/wiki/Thickening_agent,Thickening agent,https://en.wikipedia.org/w/index.php?title=Thickening_agent&oldid=830029352,https://en.wikipedia.org/api/rest_v1/page/html/Thickening_agent/830029352,https://doi.org/10.1007/pl00009575,https://doi.org/10.1007/pl00009575
493812,wikipedia,https://doi.org/10.1007/pl00009575,https://en.wikipedia.org/api/rest_v1/page/html/Thickening_agent/832406809,ea08084e-515c-4ff7-8484-584398d67e10,2018-03-25 20:29:01,2018-03-25 16:30:33,references,36c35e23-8757-4a9d-aacf-345e9b7eb50d,https://creativecommons.org/publicdomain/zero/1.0/,https://doi.org/10.13003/CED-terms-of-use,,,https://evidence.eventdata.crossref.org/evidence/20180325-wikipedia-2a30907f-9830-4015-ac83-ecc41d8ecf73,add,https://en.wikipedia.org/wiki/Thickening_agent,Thickening agent,https://en.wikipedia.org/w/index.php?title=Thickening_agent&oldid=832406809,https://en.wikipedia.org/api/rest_v1/page/html/Thickening_agent/832406809,https://doi.org/10.1007/pl00009575,https://doi.org/10.1007/pl00009575
493813,wikipedia,https://doi.org/10.1007/pl00009575,https://pt.wikipedia.org/api/rest_v1/page/html/Agente_espessante/51851986,69ca970b-bb2b-4ba0-a818-a33e7b482476,2018-04-19 20:58:36,2018-04-19 17:00:16,references,36c35e23-8757-4a9d-aacf-345e9b7eb50d,https://creativecommons.org/publicdomain/zero/1.0/,https://doi.org/10.13003/CED-terms-of-use,,,https://evidence.eventdata.crossref.org/evidence/20180419-wikipedia-a30b1836-6e9b-4e3b-907e-773a11f86508,add,https://pt.wikipedia.org/wiki/Agente_espessante,Agente espessante,https://pt.wikipedia.org/w/index.php?title=Agente_espessante&oldid=51851986,https://pt.wikipedia.org/api/rest_v1/page/html/Agente_espessante/51851986,https://doi.org/10.1007/pl00009575,http://link.springer.com/article/10.1007/PL00009575
493814,wikipedia,https://doi.org/10.1007/pl00009575,https://en.wikipedia.org/api/rest_v1/page/html/Thickening_agent/838388256,78cfd6df-86c9-4774-ae23-c1d0ecc272fd,2018-04-26 17:46:52,2018-04-26 13:48:52,references,36c35e23-8757-4a9d-aacf-345e9b7eb50d,https://creativecommons.org/publicdomain/zero/1.0/,https://doi.org/10.13003/CED-terms-of-use,,,https://evidence.eventdata.crossref.org/evidence/20180426-wikipedia-dce631f5-b5f6-4b33-a9c3-b63aad858e90,add,https://en.wikipedia.org/wiki/Thickening_agent,Thickening agent,https://en.wikipedia.org/w/index.php?title=Thickening_agent&oldid=838388256,https://en.wikipedia.org/api/rest_v1/page/html/Thickening_agent/838388256,https://doi.org/10.1007/pl00009575,https://doi.org/10.1007/pl00009575
493815,wikipedia,https://doi.org/10.1007/pl00009575,https://pt.wikipedia.org/api/rest_v1/page/html/Agente_espessante/52245029,c9ce8066-4768-4149-8180-6c6db617c5af,2018-06-02 01:52:50,2018-06-01 21:55:52,references,36c35e23-8757-4a9d-aacf-345e9b7eb50d,https://creativecommons.org/publicdomain/zero/1.0/,https://doi.org/10.13003/CED-terms-of-use,,,https://evidence.eventdata.crossref.org/evidence/20180602-wikipedia-20c5259c-4aba-482a-a3ab-bb16a6e0dd89,add,https://pt.wikipedia.org/wiki/Agente_espessante,Agente espessante,https://pt.wikipedia.org/w/index.php?title=Agente_espessante&oldid=52245029,https://pt.wikipedia.org/api/rest_v1/page/html/Agente_espessante/52245029,https://doi.org/10.1007/pl00009575,http://link.springer.com/article/10.1007/PL00009575
493816,wikipedia,https://doi.org/10.1007/pl00009575,https://en.wikipedia.org/api/rest_v1/page/html/Thickening_agent/847124441,d3b518fb-f1a7-4306-ae54-de6c10207a0f,2018-06-23 03:36:24,2018-06-22 23:38:35,references,36c35e23-8757-4a9d-aacf-345e9b7eb50d,https://creativecommons.org/publicdomain/zero/1.0/,https://doi.org/10.13003/CED-terms-of-use,,,https://evidence.eventdata.crossref.org/evidence/20180623-wikipedia-e2e70a59-22bc-4c1d-8473-c18feee9a940,add,https://en.wikipedia.org/wiki/Thickening_agent,Thickening agent,https://en.wikipedia.org/w/index.php?title=Thickening_agent&oldid=847124441,https://en.wikipedia.org/api/rest_v1/page/html/Thickening_agent/847124441,https://doi.org/10.1007/pl00009575,https://doi.org/10.1007/pl00009575
493817,wikipedia,https://doi.org/10.1007/pl00009575,https://en.wikipedia.org/api/rest_v1/page/html/Thickening_agent/853425613,f73014eb-5f73-43f2-9bf0-3b3d1cd05fda,2018-08-04 18:15:50,2018-08-04 14:17:18,references,36c35e23-8757-4a9d-aacf-345e9b7eb50d,https://creativecommons.org/publicdomain/zero/1.0/,https://doi.org/10.13003/CED-terms-of-use,,,https://evidence.eventdata.crossref.org/evidence/20180804-wikipedia-5fa8a759-e7bf-418a-b187-1e4c609789e7,add,https://en.wikipedia.org/wiki/Thickening_agent,Thickening agent,https://en.wikipedia.org/w/index.php?title=Thickening_agent&oldid=853425613,https://en.wikipedia.org/api/rest_v1/page/html/Thickening_agent/853425613,https://doi.org/10.1007/pl00009575,https://doi.org/10.1007/pl00009575
493818,wikipedia,https://doi.org/10.1007/pl00009575,https://en.wikipedia.org/api/rest_v1/page/html/Thickening_agent/859913565,f7a92f91-b0fa-41c3-8c04-51a6482b92ea,2018-09-17 03:16:21,2018-09-16 23:18:35,references,36c35e23-8757-4a9d-aacf-345e9b7eb50d,https://creativecommons.org/publicdomain/zero/1.0/,https://doi.org/10.13003/CED-terms-of-use,,,https://evidence.eventdata.crossref.org/evidence/20180917-wikipedia-d81acfd5-7b8c-4479-b993-c3283fdef46a,add,https://en.wikipedia.org/wiki/Thickening_agent,Thickening agent,https://en.wikipedia.org/w/index.php?title=Thickening_agent&oldid=859913565,https://en.wikipedia.org/api/rest_v1/page/html/Thickening_agent/859913565,https://doi.org/10.1007/pl00009575,https://doi.org/10.1007/pl00009575
493819,wikipedia,https://doi.org/10.1007/pl00009575,https://en.wikipedia.org/api/rest_v1/page/html/Thickening_agent/862207951,bf2b2fca-143c-4360-8d62-d3b024c3a757,2018-10-02 21:16:22,2018-10-02 17:19:24,references,36c35e23-8757-4a9d-aacf-345e9b7eb50d,https://creativecommons.org/publicdomain/zero/1.0/,https://doi.org/10.13003/CED-terms-of-use,,,https://evidence.eventdata.crossref.org/evidence/20181002-wikipedia-dc228508-d4b1-4fcb-9907-af8404828409,add,https://en.wikipedia.org/wiki/Thickening_agent,Thickening agent,https://en.wikipedia.org/w/index.php?title=Thickening_agent&oldid=862207951,https://en.wikipedia.org/api/rest_v1/page/html/Thickening_agent/862207951,https://doi.org/10.1007/pl00009575,https://doi.org/10.1007/pl00009575
493820,wikipedia,https://doi.org/10.1007/pl00009575,https://en.wikipedia.org/api/rest_v1/page/html/Thickening_agent/874157071,da8d24e7-30f8-4069-8561-8028a1d4fbfc,2018-12-17 14:29:06,2018-12-17 09:33:17,references,36c35e23-8757-4a9d-aacf-345e9b7eb50d,https://creativecommons.org/publicdomain/zero/1.0/,https://doi.org/10.13003/CED-terms-of-use,,,https://evidence.eventdata.crossref.org/evidence/20181217-wikipedia-7060540a-aa4a-478f-b2c7-cb6bf219ebf9,add,https://en.wikipedia.org/wiki/Thickening_agent,Thickening agent,https://en.wikipedia.org/w/index.php?title=Thickening_agent&oldid=874157071,https://en.wikipedia.org/api/rest_v1/page/html/Thickening_agent/874157071,https://doi.org/10.1007/pl00009575,https://doi.org/10.1007/pl00009575
493821,wikipedia,https://doi.org/10.1007/pl00009575,https://en.wikipedia.org/api/rest_v1/page/html/Thickening_agent/905637595,aeb4426e-face-4ba3-ab3a-d78bb53dcbef,2019-07-10 10:50:51,2019-07-10 06:56:55,references,36c35e23-8757-4a9d-aacf-345e9b7eb50d,https://creativecommons.org/publicdomain/zero/1.0/,https://doi.org/10.13003/CED-terms-of-use,,,https://evidence.eventdata.crossref.org/evidence/20190710-wikipedia-0e120f50-7193-4d2b-84bf-d5d221381ce9,add,https://en.wikipedia.org/wiki/Thickening_agent,Thickening agent,https://en.wikipedia.org/w/index.php?title=Thickening_agent&oldid=905637595,https://en.wikipedia.org/api/rest_v1/page/html/Thickening_agent/905637595,https://doi.org/10.1007/pl00009575,https://doi.org/10.1007/pl00009575
493822,wikipedia,https://doi.org/10.1007/pl00009575,https://id.wikipedia.org/api/rest_v1/page/html/Bahan_pengental/15396460,4fe3cddd-1fe4-476d-aa42-147e17534c37,2019-07-28 15:20:58,2019-07-28 11:30:02,references,36c35e23-8757-4a9d-aacf-345e9b7eb50d,https://creativecommons.org/publicdomain/zero/1.0/,https://doi.org/10.13003/CED-terms-of-use,,,https://evidence.eventdata.crossref.org/evidence/20190728-wikipedia-65ad1398-02cd-4556-804e-9902c01d3e20,add,https://id.wikipedia.org/wiki/Bahan_pengental,Bahan pengental,https://id.wikipedia.org/w/index.php?title=Bahan_pengental&oldid=15396460,https://id.wikipedia.org/api/rest_v1/page/html/Bahan_pengental/15396460,https://doi.org/10.1007/pl00009575,https://doi.org/10.1007/pl00009575
493823,wikipedia,https://doi.org/10.1007/pl00009575,https://en.wikipedia.org/api/rest_v1/page/html/Thickening_agent/920883542,e28a32c0-1ded-4dd6-ab53-a27a3b807b08,2019-10-12 13:57:49,2019-10-12 10:01:57,references,36c35e23-8757-4a9d-aacf-345e9b7eb50d,https://creativecommons.org/publicdomain/zero/1.0/,https://doi.org/10.13003/CED-terms-of-use,,,https://evidence.eventdata.crossref.org/evidence/20191012-wikipedia-468e7750-161d-4df8-85e5-b7e8ba1bafed,add,https://en.wikipedia.org/wiki/Thickening_agent,Thickening agent,https://en.wikipedia.org/w/index.php?title=Thickening_agent&oldid=920883542,https://en.wikipedia.org/api/rest_v1/page/html/Thickening_agent/920883542,https://doi.org/10.1007/pl00009575,https://doi.org/10.1007/pl00009575
493824,wikipedia,https://doi.org/10.1007/pl00009575,https://en.wikipedia.org/api/rest_v1/page/html/Thickening_agent/920884670,ea58b6df-e6cf-40ce-94b3-233443d6b294,2019-10-12 14:04:17,2019-10-12 10:10:38,references,36c35e23-8757-4a9d-aacf-345e9b7eb50d,https://creativecommons.org/publicdomain/zero/1.0/,https://doi.org/10.13003/CED-terms-of-use,,,https://evidence.eventdata.crossref.org/evidence/20191012-wikipedia-09b8c4f8-be8e-4116-8322-e5d9960dbfc8,add,https://en.wikipedia.org/wiki/Thickening_agent,Thickening agent,https://en.wikipedia.org/w/index.php?title=Thickening_agent&oldid=920884670,https://en.wikipedia.org/api/rest_v1/page/html/Thickening_agent/920884670,https://doi.org/10.1007/pl00009575,https://doi.org/10.1007/pl00009575
493825,wikipedia,https://doi.org/10.1007/pl00009575,https://en.wikipedia.org/api/rest_v1/page/html/Thickening_agent/981599466,701713c7-161e-4676-abf4-667494db73a4,2020-10-03 09:47:02,2020-10-03 05:54:30,references,36c35e23-8757-4a9d-aacf-345e9b7eb50d,https://creativecommons.org/publicdomain/zero/1.0/,https://doi.org/10.13003/CED-terms-of-use,,,https://evidence.eventdata.crossref.org/evidence/20201003-wikipedia-a882a0c4-a830-4f8f-9b87-5348ef34f21d,add,https://en.wikipedia.org/wiki/Thickening_agent,Thickening agent,https://en.wikipedia.org/w/index.php?title=Thickening_agent&oldid=981599466,https://en.wikipedia.org/api/rest_v1/page/html/Thickening_agent/981599466,https://doi.org/10.1007/pl00009575,https://doi.org/10.1007/pl00009575
493826,wikipedia,https://doi.org/10.1007/pl00009575,https://en.wikipedia.org/api/rest_v1/page/html/Thickening_agent/949770692,446f220e-0d6d-4e23-8c76-a085f785b975,2020-04-08 12:54:10,2020-10-14 01:08:30,references,36c35e23-8757-4a9d-aacf-345e9b7eb50d,https://creativecommons.org/publicdomain/zero/1.0/,https://doi.org/10.13003/CED-terms-of-use,,,https://evidence.eventdata.crossref.org/evidence/20200408-wikipedia-49cab6ff-49d4-46f3-a987-0550d9a48a7c,add,https://en.wikipedia.org/wiki/Thickening_agent,Thickening agent,https://en.wikipedia.org/w/index.php?title=Thickening_agent&oldid=949770692,https://en.wikipedia.org/api/rest_v1/page/html/Thickening_agent/949770692,https://doi.org/10.1007/pl00009575,https://doi.org/10.1007/pl00009575
493827,wikipedia,https://doi.org/10.1007/pl00009575,https://en.wikipedia.org/api/rest_v1/page/html/Thickening_agent/949737021,86d266eb-4276-44c4-a959-52cdf8e048fc,2020-04-08 06:58:18,2020-10-14 01:13:47,references,36c35e23-8757-4a9d-aacf-345e9b7eb50d,https://creativecommons.org/publicdomain/zero/1.0/,https://doi.org/10.13003/CED-terms-of-use,,,https://evidence.eventdata.crossref.org/evidence/20200408-wikipedia-7ee744ff-e0e3-4371-9104-011bd1cbebfd,add,https://en.wikipedia.org/wiki/Thickening_agent,Thickening agent,https://en.wikipedia.org/w/index.php?title=Thickening_agent&oldid=949737021,https://en.wikipedia.org/api/rest_v1/page/html/Thickening_agent/949737021,https://doi.org/10.1007/pl00009575,https://doi.org/10.1007/pl00009575
493828,wikipedia,https://doi.org/10.1007/pl00009575,https://en.wikipedia.org/api/rest_v1/page/html/Thickening_agent/966975183,a13bd93e-9756-4c91-b7be-1ca2a315da28,2020-07-10 11:06:40,2020-10-16 18:37:19,references,36c35e23-8757-4a9d-aacf-345e9b7eb50d,https://creativecommons.org/publicdomain/zero/1.0/,https://doi.org/10.13003/CED-terms-of-use,,,https://evidence.eventdata.crossref.org/evidence/20200808-wikipedia-8a4fd6f0-e899-4ff0-ac24-12cd880c3bc4,add,https://en.wikipedia.org/wiki/Thickening_agent,Thickening agent,https://en.wikipedia.org/w/index.php?title=Thickening_agent&oldid=966975183,https://en.wikipedia.org/api/rest_v1/page/html/Thickening_agent/966975183,https://doi.org/10.1007/pl00009575,https://doi.org/10.1007/pl00009575
493829,wikipedia,https://doi.org/10.1007/pl00009575,https://en.wikipedia.org/api/rest_v1/page/html/Thickening_agent/995085216,561850b9-e86d-4d26-b431-344d627cd4fa,2020-12-19 03:47:51,2020-12-18 22:56:28,references,36c35e23-8757-4a9d-aacf-345e9b7eb50d,https://creativecommons.org/publicdomain/zero/1.0/,https://doi.org/10.13003/CED-terms-of-use,,,https://evidence.eventdata.crossref.org/evidence/20201219-wikipedia-673e0f98-cf07-4184-8e40-a99d4b731c59,add,https://en.wikipedia.org/wiki/Thickening_agent,Thickening agent,https://en.wikipedia.org/w/index.php?title=Thickening_agent&oldid=995085216,https://en.wikipedia.org/api/rest_v1/page/html/Thickening_agent/995085216,https://doi.org/10.1007/pl00009575,https://doi.org/10.1007/pl00009575
493830,wikipedia,https://doi.org/10.1007/pl00009575,https://en.wikipedia.org/api/rest_v1/page/html/Thickening_agent/999287761,9dff6dca-cee0-418c-a8c6-6ba75c02e028,2021-01-09 12:10:57,2021-01-09 07:16:55,references,36c35e23-8757-4a9d-aacf-345e9b7eb50d,https://creativecommons.org/publicdomain/zero/1.0/,https://doi.org/10.13003/CED-terms-of-use,,,https://evidence.eventdata.crossref.org/evidence/20210109-wikipedia-62fe133c-c3f5-42dd-b76c-ccc43d1fd097,add,https://en.wikipedia.org/wiki/Thickening_agent,Thickening agent,https://en.wikipedia.org/w/index.php?title=Thickening_agent&oldid=999287761,https://en.wikipedia.org/api/rest_v1/page/html/Thickening_agent/999287761,https://doi.org/10.1007/pl00009575,https://doi.org/10.1007/pl00009575
493831,wikipedia,https://doi.org/10.1007/pl00009575,https://en.wikipedia.org/api/rest_v1/page/html/Thickening_agent/999289820,b2ec6096-0ee7-4d0b-8482-459bf3ca32e3,2021-01-09 12:28:21,2021-01-09 07:36:24,references,36c35e23-8757-4a9d-aacf-345e9b7eb50d,https://creativecommons.org/publicdomain/zero/1.0/,https://doi.org/10.13003/CED-terms-of-use,,,https://evidence.eventdata.crossref.org/evidence/20210109-wikipedia-6a869942-f1e2-4213-8ec7-a7af72abf4cd,add,https://en.wikipedia.org/wiki/Thickening_agent,Thickening agent,https://en.wikipedia.org/w/index.php?title=Thickening_agent&oldid=999289820,https://en.wikipedia.org/api/rest_v1/page/html/Thickening_agent/999289820,https://doi.org/10.1007/pl00009575,https://doi.org/10.1007/pl00009575
