{
  "0":{
    "increment":14246,
    "objectID":"https:\/\/doi.org\/10.1001\/jama.280.18.1596",
    "totalEvents":211,
    "totalCambiaEvents":9,
    "firstCambiaEvent":1510257043000,
    "lastCambiaEvent":1510423893000,
    "totalCrossrefEvents":null,
    "firstCrossrefEvent":null,
    "lastCrossrefEvent":null,
    "totalDataciteEvents":null,
    "firstDataciteEvent":null,
    "lastDataciteEvent":null,
    "totalF1000Events":null,
    "firstF1000Event":null,
    "lastF1000Event":null,
    "totalHypothesisEvents":null,
    "firstHypothesisEvent":null,
    "lastHypothesisEvent":null,
    "totalNewsfeedEvents":2,
    "firstNewsfeedEvent":1539891882000,
    "lastNewsfeedEvent":1579861529000,
    "totalRedditEvents":1,
    "firstRedditEvent":1487765005000,
    "lastRedditEvent":1487765005000,
    "totalRedditLinksEvents":null,
    "firstRedditLinksEvent":null,
    "lastRedditLinksEvent":null,
    "totalStackExchangeEvents":null,
    "firstStackExchangeEvent":null,
    "lastStackExchangeEvent":null,
    "totalTwitterEvents":null,
    "firstTwitterEvent":null,
    "lastTwitterEvent":null,
    "totalWebEvents":null,
    "firstWebEvent":null,
    "lastWebEvent":null,
    "totalWikipediaEvents":196,
    "firstWikipediaEvent":1493971580000,
    "lastWikipediaEvent":1612556308000,
    "totalWordpressEvents":3,
    "firstWordpressEvent":1542290001000,
    "lastWordPressEvent":1542290006000
  }
}