{
  "0":{
    "dataCiteIncrement":2658,
    "sourceID":"datacite",
    "objectID":"https:\/\/doi.org\/10.1146\/annurev.ecolsys.28.1.621",
    "subjectID":"https:\/\/doi.org\/10.1007\/s00267-019-01180-9",
    "eventID":"9824bf67-beac-4259-8bfc-ef3ee656e8e9",
    "occurredAt":1569776329000,
    "timeObserved":1569784099000,
    "relationType":"references",
    "license":"https:\/\/creativecommons.org\/publicdomain\/zero\/1.0\/",
    "termsOfUse":"https:\/\/doi.org\/10.13003\/CED-terms-of-use",
    "messageAction":"create"
  },
  "1":{
    "dataCiteIncrement":2659,
    "sourceID":"datacite",
    "objectID":"https:\/\/doi.org\/10.1146\/annurev.ecolsys.28.1.621",
    "subjectID":"https:\/\/doi.org\/10.1139\/f06-138",
    "eventID":"bdb2311f-9145-4596-af26-f39376ab395b",
    "occurredAt":1569785452000,
    "timeObserved":1569794953000,
    "relationType":"references",
    "license":"https:\/\/creativecommons.org\/publicdomain\/zero\/1.0\/",
    "termsOfUse":"https:\/\/doi.org\/10.13003\/CED-terms-of-use",
    "messageAction":"create"
  },
  "2":{
    "dataCiteIncrement":2660,
    "sourceID":"datacite",
    "objectID":"https:\/\/doi.org\/10.1146\/annurev.ecolsys.28.1.621",
    "subjectID":"https:\/\/doi.org\/10.1191\/0309133306pp490pr",
    "eventID":"679a8cf8-b3c9-45b2-8200-2cfaaba4f758",
    "occurredAt":1569857778000,
    "timeObserved":1569851192000,
    "relationType":"references",
    "license":"https:\/\/creativecommons.org\/publicdomain\/zero\/1.0\/",
    "termsOfUse":"https:\/\/doi.org\/10.13003\/CED-terms-of-use",
    "messageAction":"create"
  },
  "3":{
    "dataCiteIncrement":2661,
    "sourceID":"datacite",
    "objectID":"https:\/\/doi.org\/10.1146\/annurev.ecolsys.28.1.621",
    "subjectID":"https:\/\/doi.org\/10.1111\/fwb.13088",
    "eventID":"78ab2f5b-b49c-42cd-ab25-97365a7a952b",
    "occurredAt":1567624640000,
    "timeObserved":1569917451000,
    "relationType":"references",
    "license":"https:\/\/creativecommons.org\/publicdomain\/zero\/1.0\/",
    "termsOfUse":"https:\/\/doi.org\/10.13003\/CED-terms-of-use",
    "messageAction":"create"
  }
}