{
  "0":{
    "increment":622810,
    "objectID":"https:\/\/doi.org\/10.1146\/annurev.ecolsys.28.1.621",
    "totalEvents":53,
    "totalCambiaEvents":null,
    "firstCambiaEvent":null,
    "lastCambiaEvent":null,
    "totalCrossrefEvents":48,
    "firstCrossrefEvent":1561068993000,
    "lastCrossrefEvent":1578625349000,
    "totalDataciteEvents":4,
    "firstDataciteEvent":1569784099000,
    "lastDataciteEvent":1569917451000,
    "totalF1000Events":null,
    "firstF1000Event":null,
    "lastF1000Event":null,
    "totalHypothesisEvents":null,
    "firstHypothesisEvent":null,
    "lastHypothesisEvent":null,
    "totalNewsfeedEvents":null,
    "firstNewsfeedEvent":null,
    "lastNewsfeedEvent":null,
    "totalRedditEvents":null,
    "firstRedditEvent":null,
    "lastRedditEvent":null,
    "totalRedditLinksEvents":null,
    "firstRedditLinksEvent":null,
    "lastRedditLinksEvent":null,
    "totalStackExchangeEvents":null,
    "firstStackExchangeEvent":null,
    "lastStackExchangeEvent":null,
    "totalTwitterEvents":1,
    "firstTwitterEvent":1502817929000,
    "lastTwitterEvent":1502817929000,
    "totalWebEvents":null,
    "firstWebEvent":null,
    "lastWebEvent":null,
    "totalWikipediaEvents":null,
    "firstWikipediaEvent":null,
    "lastWikipediaEvent":null,
    "totalWordpressEvents":null,
    "firstWordpressEvent":null,
    "lastWordPressEvent":null
  }
}