{
  "0":{
    "twitterIncrement":40961,
    "sourceID":"twitter",
    "subjectID":"http:\/\/twitter.com\/nealhaddaway\/statuses\/897380986408902656",
    "objectID":"https:\/\/doi.org\/10.1146\/annurev.ecolsys.28.1.621",
    "eventID":"d0e2ae33-88d2-40ef-a88d-7d260a260904",
    "occurredAt":1502787274000,
    "timeObserved":1502817929000,
    "relationType":"discusses",
    "sourceToken":"45a1ef76-4f43-4cdc-9ba8-5a6ad01cc231",
    "license":"https:\/\/creativecommons.org\/publicdomain\/zero\/1.0\/",
    "termsOfUse":"https:\/\/doi.org\/10.13003\/CED-terms-of-use",
    "tweetAuthor":"http:\/\/www.twitter.com\/nealhaddaway",
    "originalTweetAuthor":null,
    "updatedReason":null,
    "updated":null,
    "evidenceRecord":"https:\/\/evidence.eventdata.crossref.org\/evidence\/20170815-twitter-e6e88a91-cee9-4581-a81d-67cda4ad90",
    "eventAction":"add",
    "subjectPID":"http:\/\/twitter.com\/nealhaddaway\/statuses\/897380986408902656",
    "originalTweetURL":"http:\/\/twitter.com\/nealhaddaway\/statuses\/897380986408902656",
    "alternativeID":"897380986408902656",
    "title":"Tweet 897380986408902656",
    "issued":1502787274000,
    "objectPID":"https:\/\/doi.org\/10.1146\/annurev.ecolsys.28.1.621",
    "objectURL":"http:\/\/www.annualreviews.org\/doi\/pdf\/10.1146\/annurev.ecolsys.28.1.621",
    "updatedDate":null
  }
}