crossRefIncrement,sourceID,objectID,subjectID,eventID,occurredAt,timeObserved,relationType,sourceToken,license,crossrefTermsOfUse,messageAction
4722,crossref,https://doi.org/10.1016/S0167-2681(97)00045-0,https://doi.org/10.1093/jae/ejs038,5c2b9760-1379-4b28-96c9-a5c512b4e119,2013-01-24 00:00:00,2019-07-09 18:57:27,references,8676e950-8ac5-4074-8ac3-c0a18ada7e99,https://doi.org/10.13003/CED-terms-of-use,https://doi.org/10.13003/CED-terms-of-use,create
4723,crossref,https://doi.org/10.1016/S0167-2681(97)00045-0,https://doi.org/10.1111/ecoj.12034,ba3e9279-e11d-497f-89f3-2283db89cefd,2013-06-03 00:00:00,2019-07-11 19:34:26,references,8676e950-8ac5-4074-8ac3-c0a18ada7e99,https://doi.org/10.13003/CED-terms-of-use,https://doi.org/10.13003/CED-terms-of-use,create
4724,crossref,https://doi.org/10.1016/S0167-2681(97)00045-0,https://doi.org/10.1002/jid.2893,a10c90ac-e844-41b1-a79e-382140caebdf,2012-11-20 00:00:00,2019-07-21 08:42:03,references,8676e950-8ac5-4074-8ac3-c0a18ada7e99,https://doi.org/10.13003/CED-terms-of-use,https://doi.org/10.13003/CED-terms-of-use,create
4725,crossref,https://doi.org/10.1016/S0167-2681(97)00045-0,https://doi.org/10.2174/1874331501812010046,3f0a261c-8867-4fd1-83e9-913fc1ac217f,2018-04-26 00:00:00,2019-12-21 19:48:12,references,8676e950-8ac5-4074-8ac3-c0a18ada7e99,https://doi.org/10.13003/CED-terms-of-use,https://doi.org/10.13003/CED-terms-of-use,create
4726,crossref,https://doi.org/10.1016/S0167-2681(97)00045-0,https://doi.org/10.1007/978-3-642-28626-1_31,53c69dc8-8840-4925-8332-fff692710e95,2012-01-01 00:00:00,2019-12-22 20:37:02,references,8676e950-8ac5-4074-8ac3-c0a18ada7e99,https://doi.org/10.13003/CED-terms-of-use,https://doi.org/10.13003/CED-terms-of-use,create
4727,crossref,https://doi.org/10.1016/S0167-2681(97)00045-0,https://doi.org/10.1080/13600818.2019.1578877,4669d86e-c308-4d91-9d14-69e025f688db,2019-02-14 00:00:00,2019-12-23 10:59:01,references,8676e950-8ac5-4074-8ac3-c0a18ada7e99,https://doi.org/10.13003/CED-terms-of-use,https://doi.org/10.13003/CED-terms-of-use,create
