wikipediaIncrement,sourceID,objectID,subjectID,eventID,occurredAt,timeObserved,relationType,sourceToken,license,termsOfUse,updatedDate,updatedReason,evidenceRecord,eventAction,subjectPID,subjectTitle,subjectURL,subjectAPIURL,objectPID,objectURL
45873,wikipedia,https://doi.org/10.1016/s0167-2681(97)00045-0,https://fr.wikipedia.org/api/rest_v1/page/html/Catastrophe_malthusienne/167836411,c7d264fd-2440-4385-bfad-ecba0fe78c16,2020-02-26 12:02:31,2020-02-26 07:18:34,references,36c35e23-8757-4a9d-aacf-345e9b7eb50d,https://creativecommons.org/publicdomain/zero/1.0/,https://doi.org/10.13003/CED-terms-of-use,,,https://evidence.eventdata.crossref.org/evidence/20200226-wikipedia-2cc08db0-e2b2-4404-a56a-ef644b769cf9,add,https://fr.wikipedia.org/wiki/Catastrophe_malthusienne,Catastrophe malthusienne,https://fr.wikipedia.org/w/index.php?title=Catastrophe_malthusienne&oldid=167836411,https://fr.wikipedia.org/api/rest_v1/page/html/Catastrophe_malthusienne/167836411,https://doi.org/10.1016/s0167-2681(97)00045-0,https://dx.doi.org/10.1016%2FS0167-2681%2897%2900045-0
45874,wikipedia,https://doi.org/10.1016/s0167-2681(97)00045-0,https://fr.wikipedia.org/api/rest_v1/page/html/Catastrophe_malthusienne/173411763,66b83a54-d80a-4b12-a1e9-694544b1a0a5,2020-07-30 12:56:44,2020-10-16 12:24:33,references,36c35e23-8757-4a9d-aacf-345e9b7eb50d,https://creativecommons.org/publicdomain/zero/1.0/,https://doi.org/10.13003/CED-terms-of-use,,,https://evidence.eventdata.crossref.org/evidence/20200730-wikipedia-9241c6f2-93b7-4450-b751-839ec93e0bdb,add,https://fr.wikipedia.org/wiki/Catastrophe_malthusienne,Catastrophe malthusienne,https://fr.wikipedia.org/w/index.php?title=Catastrophe_malthusienne&oldid=173411763,https://fr.wikipedia.org/api/rest_v1/page/html/Catastrophe_malthusienne/173411763,https://doi.org/10.1016/s0167-2681(97)00045-0,https://doi.org/10.1016/s0167-2681(97)00045-0
45875,wikipedia,https://doi.org/10.1016/s0167-2681(97)00045-0,https://fr.wikipedia.org/api/rest_v1/page/html/Catastrophe_malthusienne/173418235,0081f1ce-924a-44d0-b7b4-3ea28b39d0cc,2020-07-30 16:34:06,2020-10-16 12:29:28,references,36c35e23-8757-4a9d-aacf-345e9b7eb50d,https://creativecommons.org/publicdomain/zero/1.0/,https://doi.org/10.13003/CED-terms-of-use,,,https://evidence.eventdata.crossref.org/evidence/20200730-wikipedia-caec3359-7fb3-4c84-bdbf-6fd65196f3cf,add,https://fr.wikipedia.org/wiki/Catastrophe_malthusienne,Catastrophe malthusienne,https://fr.wikipedia.org/w/index.php?title=Catastrophe_malthusienne&oldid=173418235,https://fr.wikipedia.org/api/rest_v1/page/html/Catastrophe_malthusienne/173418235,https://doi.org/10.1016/s0167-2681(97)00045-0,https://doi.org/10.1016/s0167-2681(97)00045-0
45876,wikipedia,https://doi.org/10.1016/s0167-2681(97)00045-0,https://fr.wikipedia.org/api/rest_v1/page/html/Catastrophe_malthusienne/177607446,2b670949-0e2d-45ec-95f3-28f63b69f738,2020-12-13 21:06:33,2020-12-13 16:19:21,references,36c35e23-8757-4a9d-aacf-345e9b7eb50d,https://creativecommons.org/publicdomain/zero/1.0/,https://doi.org/10.13003/CED-terms-of-use,,,https://evidence.eventdata.crossref.org/evidence/20201213-wikipedia-afc3ac24-03ec-4b0e-ac74-7bbb2ad255a3,add,https://fr.wikipedia.org/wiki/Catastrophe_malthusienne,Catastrophe malthusienne,https://fr.wikipedia.org/w/index.php?title=Catastrophe_malthusienne&oldid=177607446,https://fr.wikipedia.org/api/rest_v1/page/html/Catastrophe_malthusienne/177607446,https://doi.org/10.1016/s0167-2681(97)00045-0,http://www.sciencedirect.com/science/article/pii/S0167268197000450
