{
  "0":{
    "redditLinksIncrement":11,
    "sourceID":"reddit-links",
    "objectID":"https:\/\/doi.org\/10.1001\/jama.280.19.1690",
    "subjectID":"https:\/\/jamanetwork.com\/journals\/jamapsychiatry\/fullarticle\/2110027",
    "eventID":"1bd5ec0b-c37f-4969-9bfd-3d68a5e8424a",
    "occurredAt":1492261722000,
    "timeObserved":1492311483000,
    "relationType":"discusses",
    "sourceToken":"93df90e8-1881-40fc-b19d-49d78cc9ee24",
    "license":"https:\/\/creativecommons.org\/publicdomain\/zero\/1.0\/",
    "termsOfUse":"https:\/\/doi.org\/10.13003\/CED-terms-of-use",
    "updatedReason":"https:\/\/evidence.eventdata.crossref.org\/announcements\/2017-10-06T00-00-00Z-ED-12.json",
    "updated":"edited",
    "evidenceRecord":"https:\/\/evidence.eventdata.crossref.org\/evidence\/20170416-reddit-links-e0aedd1c-d1eb-48fe-8394-5366a2ae929f",
    "eventAction":"add",
    "subjectPID":"https:\/\/jamanetwork.com\/journals\/jamapsychiatry\/fullarticle\/2110027",
    "subjectURL":"http:\/\/jamanetwork.com\/journals\/jamapsychiatry\/fullarticle\/2110027",
    "objectPID":"https:\/\/doi.org\/10.1001\/jama.280.19.1690",
    "objectURL":"http:\/\/dx.doi.org\/10.1001\/jama.280.19.1690",
    "updatedDate":1507916430000
  },
  "1":{
    "redditLinksIncrement":12,
    "sourceID":"reddit-links",
    "objectID":"https:\/\/doi.org\/10.1001\/jama.280.19.1690",
    "subjectID":"https:\/\/hcqmeta.com\/",
    "eventID":"04075f6b-8d14-4d4a-868e-d0fec3614520",
    "occurredAt":1607167312000,
    "timeObserved":1609122103000,
    "relationType":"discusses",
    "sourceToken":"93df90e8-1881-40fc-b19d-49d78cc9ee24",
    "license":"https:\/\/creativecommons.org\/publicdomain\/zero\/1.0\/",
    "termsOfUse":"https:\/\/doi.org\/10.13003\/CED-terms-of-use",
    "updatedReason":null,
    "updated":null,
    "evidenceRecord":"https:\/\/evidence.eventdata.crossref.org\/evidence\/20201228-reddit-links-07be332f-8649-4830-9d0b-ed71a6c34e66",
    "eventAction":"add",
    "subjectPID":"https:\/\/hcqmeta.com\/",
    "subjectURL":"https:\/\/hcqmeta.com\/",
    "objectPID":"https:\/\/doi.org\/10.1001\/jama.280.19.1690",
    "objectURL":"https:\/\/jamanetwork.com\/journals\/jama\/fullarticle\/188182",
    "updatedDate":null
  },
  "2":{
    "redditLinksIncrement":13,
    "sourceID":"reddit-links",
    "objectID":"https:\/\/doi.org\/10.1001\/jama.280.19.1690",
    "subjectID":"https:\/\/link.springer.com\/article\/10.1007\/s40273-020-00937-z",
    "eventID":"e0bc3537-da1a-47b2-b0dc-21c3857a6569",
    "occurredAt":1597387024000,
    "timeObserved":1609145052000,
    "relationType":"discusses",
    "sourceToken":"93df90e8-1881-40fc-b19d-49d78cc9ee24",
    "license":"https:\/\/creativecommons.org\/publicdomain\/zero\/1.0\/",
    "termsOfUse":"https:\/\/doi.org\/10.13003\/CED-terms-of-use",
    "updatedReason":null,
    "updated":null,
    "evidenceRecord":"https:\/\/evidence.eventdata.crossref.org\/evidence\/20201228-reddit-links-74e55f88-ac8b-4d9a-bb32-4e8485bf44bb",
    "eventAction":"add",
    "subjectPID":"https:\/\/link.springer.com\/article\/10.1007\/s40273-020-00937-z",
    "subjectURL":"https:\/\/idp.springer.com\/transit?redirect_uri=https%3A%2F%2Flink.springer.com%2Farticle%2F10.1007%2Fs40273-020-00937-z&code=92c18734-8e5f-4262-b9f1-a38559ff32b9",
    "objectPID":"https:\/\/doi.org\/10.1001\/jama.280.19.1690",
    "objectURL":"https:\/\/doi.org\/10.1001%2Fjama.280.19.1690",
    "updatedDate":null
  },
  "3":{
    "redditLinksIncrement":14,
    "sourceID":"reddit-links",
    "objectID":"https:\/\/doi.org\/10.1001\/jama.280.19.1690",
    "subjectID":"https:\/\/ivmmeta.com",
    "eventID":"df30be84-9d6f-413b-85ac-14cbe6e5566b",
    "occurredAt":1609278241000,
    "timeObserved":1609265251000,
    "relationType":"discusses",
    "sourceToken":"93df90e8-1881-40fc-b19d-49d78cc9ee24",
    "license":"https:\/\/creativecommons.org\/publicdomain\/zero\/1.0\/",
    "termsOfUse":"https:\/\/doi.org\/10.13003\/CED-terms-of-use",
    "updatedReason":null,
    "updated":null,
    "evidenceRecord":"https:\/\/evidence.eventdata.crossref.org\/evidence\/20201229-reddit-links-ddf47459-272d-499c-8c02-e0b79cae780b",
    "eventAction":"add",
    "subjectPID":"https:\/\/ivmmeta.com",
    "subjectURL":"https:\/\/ivmmeta.com",
    "objectPID":"https:\/\/doi.org\/10.1001\/jama.280.19.1690",
    "objectURL":"https:\/\/jamanetwork.com\/journals\/jama\/fullarticle\/188182",
    "updatedDate":null
  }
}