{
  "0":{
    "stackExchangeIncrement":2,
    "sourceID":"stackexchange",
    "objectID":"https:\/\/doi.org\/10.1001\/jama.280.19.1690",
    "subjectID":"https:\/\/stats.stackexchange.com\/a\/309095",
    "eventID":"6e2d4904-2d2e-45d3-82ed-8c712004c488",
    "occurredAt":1508525422000,
    "timeObserved":1508762519000,
    "relationType":"discusses",
    "sourceToken":"a8affc7d-9395-4f1f-a1fd-d00cfbdfa718",
    "license":"https:\/\/creativecommons.org\/publicdomain\/zero\/1.0\/",
    "termsOfUse":"https:\/\/doi.org\/10.13003\/CED-terms-of-use",
    "evidenceRecord":"https:\/\/evidence.eventdata.crossref.org\/evidence\/20171023-stackexchange-94c4783a-8475-4d8a-972f-90890f03c032",
    "subjectPID":"https:\/\/stats.stackexchange.com\/a\/309095",
    "subjectTitle":"Convert hazards ratio to odds ratio",
    "subjectIssuedDate":1508525422000,
    "subjectType":"comment",
    "subjectAuthorURL":"https:\/\/stats.stackexchange.com\/users\/181670\/sacha",
    "subjectAuthorName":"sacha",
    "subjectAuthorID":181670,
    "objectPID":"https:\/\/doi.org\/10.1001\/jama.280.19.1690",
    "objectURL":"https:\/\/doi.org\/10.1001\/jama.280.19.1690"
  }
}