{
  "0":{
    "twitterIncrement":10641,
    "sourceID":"twitter",
    "subjectID":"http:\/\/twitter.com\/nutrepi\/statuses\/1082587806717919233",
    "objectID":"https:\/\/doi.org\/10.1001\/jama.280.19.1690",
    "eventID":"72898aba-405a-40ba-ab08-65c66694fb92",
    "occurredAt":1546944021000,
    "timeObserved":1546926462000,
    "relationType":"discusses",
    "sourceToken":"45a1ef76-4f43-4cdc-9ba8-5a6ad01cc231",
    "license":"https:\/\/creativecommons.org\/publicdomain\/zero\/1.0\/",
    "termsOfUse":"https:\/\/doi.org\/10.13003\/CED-terms-of-use",
    "tweetAuthor":"http:\/\/www.twitter.com\/nutrepi",
    "originalTweetAuthor":null,
    "updatedReason":null,
    "updated":null,
    "evidenceRecord":"https:\/\/evidence.eventdata.crossref.org\/evidence\/20190108-twitter-b35dca0d-0eb1-44d8-8469-a8cde025f8",
    "eventAction":"add",
    "subjectPID":"http:\/\/twitter.com\/nutrepi\/statuses\/1082587806717919233",
    "originalTweetURL":"http:\/\/twitter.com\/nutrepi\/statuses\/1082587806717919233",
    "alternativeID":"1082587806717919233",
    "title":"Tweet 1082587806717919233",
    "issued":1546944021000,
    "objectPID":"https:\/\/doi.org\/10.1001\/jama.280.19.1690",
    "objectURL":"https:\/\/jamanetwork.com\/journals\/jama\/fullarticle\/188182",
    "updatedDate":null
  },
  "1":{
    "twitterIncrement":10642,
    "sourceID":"twitter",
    "subjectID":"http:\/\/twitter.com\/sankyoh\/statuses\/1082597561716826112",
    "objectID":"https:\/\/doi.org\/10.1001\/jama.280.19.1690",
    "eventID":"cc962864-cf7a-4373-9a34-ffde3b206ad4",
    "occurredAt":1546946347000,
    "timeObserved":1546928607000,
    "relationType":"discusses",
    "sourceToken":"45a1ef76-4f43-4cdc-9ba8-5a6ad01cc231",
    "license":"https:\/\/creativecommons.org\/publicdomain\/zero\/1.0\/",
    "termsOfUse":"https:\/\/doi.org\/10.13003\/CED-terms-of-use",
    "tweetAuthor":"http:\/\/www.twitter.com\/sankyoh",
    "originalTweetAuthor":"http:\/\/www.twitter.com\/nutrepi",
    "updatedReason":null,
    "updated":null,
    "evidenceRecord":"https:\/\/evidence.eventdata.crossref.org\/evidence\/20190108-twitter-7246cb6d-c4d7-443e-b2a9-ceee3a91b3",
    "eventAction":"add",
    "subjectPID":"http:\/\/twitter.com\/sankyoh\/statuses\/1082597561716826112",
    "originalTweetURL":"http:\/\/twitter.com\/nutrepi\/statuses\/1082587806717919233",
    "alternativeID":"1082597561716826112",
    "title":"Tweet 1082597561716826112",
    "issued":1546946347000,
    "objectPID":"https:\/\/doi.org\/10.1001\/jama.280.19.1690",
    "objectURL":"https:\/\/jamanetwork.com\/journals\/jama\/fullarticle\/188182",
    "updatedDate":null
  },
  "2":{
    "twitterIncrement":10643,
    "sourceID":"twitter",
    "subjectID":"http:\/\/twitter.com\/MinatoNakazawa\/statuses\/1082942741493907456",
    "objectID":"https:\/\/doi.org\/10.1001\/jama.280.19.1690",
    "eventID":"60ab8c57-1a26-4ea2-ab8d-bc141dda7598",
    "occurredAt":1547028644000,
    "timeObserved":1547010809000,
    "relationType":"discusses",
    "sourceToken":"45a1ef76-4f43-4cdc-9ba8-5a6ad01cc231",
    "license":"https:\/\/creativecommons.org\/publicdomain\/zero\/1.0\/",
    "termsOfUse":"https:\/\/doi.org\/10.13003\/CED-terms-of-use",
    "tweetAuthor":"http:\/\/www.twitter.com\/MinatoNakazawa",
    "originalTweetAuthor":"http:\/\/www.twitter.com\/nutrepi",
    "updatedReason":null,
    "updated":null,
    "evidenceRecord":"https:\/\/evidence.eventdata.crossref.org\/evidence\/20190109-twitter-a16bf6b8-20f7-4a01-ae91-30e4aeaaf1",
    "eventAction":"add",
    "subjectPID":"http:\/\/twitter.com\/MinatoNakazawa\/statuses\/1082942741493907456",
    "originalTweetURL":"http:\/\/twitter.com\/nutrepi\/statuses\/1082587806717919233",
    "alternativeID":"1082942741493907456",
    "title":"Tweet 1082942741493907456",
    "issued":1547028644000,
    "objectPID":"https:\/\/doi.org\/10.1001\/jama.280.19.1690",
    "objectURL":"https:\/\/jamanetwork.com\/journals\/jama\/fullarticle\/188182",
    "updatedDate":null
  },
  "3":{
    "twitterIncrement":10644,
    "sourceID":"twitter",
    "subjectID":"twitter:\/\/status?id=1105781949279297536",
    "objectID":"https:\/\/doi.org\/10.1001\/jama.280.19.1690",
    "eventID":"a5e7fb74-82dd-4db2-bf99-d5e57196c94b",
    "occurredAt":1552473935000,
    "timeObserved":1552460012000,
    "relationType":"discusses",
    "sourceToken":"45a1ef76-4f43-4cdc-9ba8-5a6ad01cc231",
    "license":"https:\/\/creativecommons.org\/publicdomain\/zero\/1.0\/",
    "termsOfUse":"https:\/\/doi.org\/10.13003\/CED-terms-of-use",
    "tweetAuthor":"twitter:\/\/user?screen_name=Shuntarooo3",
    "originalTweetAuthor":null,
    "updatedReason":null,
    "updated":null,
    "evidenceRecord":"https:\/\/evidence.eventdata.crossref.org\/evidence\/20190313-twitter-8292dfce-e35a-463d-82e3-ff0e5ce7d8",
    "eventAction":"add",
    "subjectPID":"twitter:\/\/status?id=1105781949279297536",
    "originalTweetURL":"twitter:\/\/status?id=1105781949279297536",
    "alternativeID":"1105781949279297536",
    "title":"Tweet 1105781949279297536",
    "issued":1552473935000,
    "objectPID":"https:\/\/doi.org\/10.1001\/jama.280.19.1690",
    "objectURL":"https:\/\/jamanetwork.com\/journals\/jama\/fullarticle\/188182?utm_source=twitter&utm_campaign=content-sha",
    "updatedDate":null
  },
  "4":{
    "twitterIncrement":10645,
    "sourceID":"twitter",
    "subjectID":"twitter:\/\/status?id=1108354577504628737",
    "objectID":"https:\/\/doi.org\/10.1001\/jama.280.19.1690",
    "eventID":"8fb333b6-bf16-4d20-ad46-29fa715ad23f",
    "occurredAt":1553087298000,
    "timeObserved":1553373308000,
    "relationType":"discusses",
    "sourceToken":"45a1ef76-4f43-4cdc-9ba8-5a6ad01cc231",
    "license":"https:\/\/creativecommons.org\/publicdomain\/zero\/1.0\/",
    "termsOfUse":"https:\/\/doi.org\/10.13003\/CED-terms-of-use",
    "tweetAuthor":"twitter:\/\/user?screen_name=BaileyDeBarmore",
    "originalTweetAuthor":null,
    "updatedReason":null,
    "updated":null,
    "evidenceRecord":"https:\/\/evidence.eventdata.crossref.org\/evidence\/20190320-twitter-39cb1ab9-18a1-443e-ba58-812f2bd5df",
    "eventAction":"add",
    "subjectPID":"twitter:\/\/status?id=1108354577504628737",
    "originalTweetURL":"twitter:\/\/status?id=1108354577504628737",
    "alternativeID":"1108354577504628737",
    "title":"Tweet 1108354577504628737",
    "issued":1553087298000,
    "objectPID":"https:\/\/doi.org\/10.1001\/jama.280.19.1690",
    "objectURL":"https:\/\/jamanetwork.com\/journals\/jama\/fullarticle\/188182",
    "updatedDate":null
  },
  "5":{
    "twitterIncrement":10646,
    "sourceID":"twitter",
    "subjectID":"twitter:\/\/status?id=1108367858361204739",
    "objectID":"https:\/\/doi.org\/10.1001\/jama.280.19.1690",
    "eventID":"4b995185-b639-4707-8536-5c40c89d5a01",
    "occurredAt":1553090464000,
    "timeObserved":1553377089000,
    "relationType":"discusses",
    "sourceToken":"45a1ef76-4f43-4cdc-9ba8-5a6ad01cc231",
    "license":"https:\/\/creativecommons.org\/publicdomain\/zero\/1.0\/",
    "termsOfUse":"https:\/\/doi.org\/10.13003\/CED-terms-of-use",
    "tweetAuthor":"twitter:\/\/user?screen_name=epi_twit",
    "originalTweetAuthor":"twitter:\/\/user?screen_name=BaileyDeBarmore",
    "updatedReason":null,
    "updated":null,
    "evidenceRecord":"https:\/\/evidence.eventdata.crossref.org\/evidence\/20190320-twitter-f810c496-97ea-40c5-b2fb-1e5f9a0bfa",
    "eventAction":"add",
    "subjectPID":"twitter:\/\/status?id=1108367858361204739",
    "originalTweetURL":"twitter:\/\/status?id=1108354577504628737",
    "alternativeID":"1108367858361204739",
    "title":"Tweet 1108367858361204739",
    "issued":1553090464000,
    "objectPID":"https:\/\/doi.org\/10.1001\/jama.280.19.1690",
    "objectURL":"https:\/\/jamanetwork.com\/journals\/jama\/fullarticle\/188182",
    "updatedDate":null
  },
  "6":{
    "twitterIncrement":10647,
    "sourceID":"twitter",
    "subjectID":"twitter:\/\/status?id=1108375669354852352",
    "objectID":"https:\/\/doi.org\/10.1001\/jama.280.19.1690",
    "eventID":"632851c5-0964-45f3-a526-ed1c7b1d5864",
    "occurredAt":1553092326000,
    "timeObserved":1553380009000,
    "relationType":"discusses",
    "sourceToken":"45a1ef76-4f43-4cdc-9ba8-5a6ad01cc231",
    "license":"https:\/\/creativecommons.org\/publicdomain\/zero\/1.0\/",
    "termsOfUse":"https:\/\/doi.org\/10.13003\/CED-terms-of-use",
    "tweetAuthor":"twitter:\/\/user?screen_name=Pankaj2Dhaka2",
    "originalTweetAuthor":"twitter:\/\/user?screen_name=BaileyDeBarmore",
    "updatedReason":null,
    "updated":null,
    "evidenceRecord":"https:\/\/evidence.eventdata.crossref.org\/evidence\/20190320-twitter-f4406c9d-763d-4cf6-8f93-144ba6b4e6",
    "eventAction":"add",
    "subjectPID":"twitter:\/\/status?id=1108375669354852352",
    "originalTweetURL":"twitter:\/\/status?id=1108354577504628737",
    "alternativeID":"1108375669354852352",
    "title":"Tweet 1108375669354852352",
    "issued":1553092326000,
    "objectPID":"https:\/\/doi.org\/10.1001\/jama.280.19.1690",
    "objectURL":"https:\/\/jamanetwork.com\/journals\/jama\/fullarticle\/188182",
    "updatedDate":null
  },
  "7":{
    "twitterIncrement":10648,
    "sourceID":"twitter",
    "subjectID":"twitter:\/\/status?id=1108396034202484736",
    "objectID":"https:\/\/doi.org\/10.1001\/jama.280.19.1690",
    "eventID":"b3f0820f-df81-437c-b955-184c3ed5a9a6",
    "occurredAt":1553097182000,
    "timeObserved":1553385107000,
    "relationType":"discusses",
    "sourceToken":"45a1ef76-4f43-4cdc-9ba8-5a6ad01cc231",
    "license":"https:\/\/creativecommons.org\/publicdomain\/zero\/1.0\/",
    "termsOfUse":"https:\/\/doi.org\/10.13003\/CED-terms-of-use",
    "tweetAuthor":"twitter:\/\/user?screen_name=EpiEllie",
    "originalTweetAuthor":null,
    "updatedReason":null,
    "updated":null,
    "evidenceRecord":"https:\/\/evidence.eventdata.crossref.org\/evidence\/20190320-twitter-e4bb92a5-aabe-417d-943f-c3db3e3c0d",
    "eventAction":"add",
    "subjectPID":"twitter:\/\/status?id=1108396034202484736",
    "originalTweetURL":"twitter:\/\/status?id=1108396034202484736",
    "alternativeID":"1108396034202484736",
    "title":"Tweet 1108396034202484736",
    "issued":1553097182000,
    "objectPID":"https:\/\/doi.org\/10.1001\/jama.280.19.1690",
    "objectURL":"https:\/\/jamanetwork.com\/journals\/jama\/fullarticle\/188182",
    "updatedDate":null
  },
  "8":{
    "twitterIncrement":10649,
    "sourceID":"twitter",
    "subjectID":"twitter:\/\/status?id=1108406630415286273",
    "objectID":"https:\/\/doi.org\/10.1001\/jama.280.19.1690",
    "eventID":"c7403916-0cfa-4f63-a192-22e145291f43",
    "occurredAt":1553099708000,
    "timeObserved":1553387439000,
    "relationType":"discusses",
    "sourceToken":"45a1ef76-4f43-4cdc-9ba8-5a6ad01cc231",
    "license":"https:\/\/creativecommons.org\/publicdomain\/zero\/1.0\/",
    "termsOfUse":"https:\/\/doi.org\/10.13003\/CED-terms-of-use",
    "tweetAuthor":"twitter:\/\/user?screen_name=amitbhavsar85",
    "originalTweetAuthor":"twitter:\/\/user?screen_name=BaileyDeBarmore",
    "updatedReason":null,
    "updated":null,
    "evidenceRecord":"https:\/\/evidence.eventdata.crossref.org\/evidence\/20190320-twitter-a2257a80-8471-4515-8f7c-eef01f1884",
    "eventAction":"add",
    "subjectPID":"twitter:\/\/status?id=1108406630415286273",
    "originalTweetURL":"twitter:\/\/status?id=1108354577504628737",
    "alternativeID":"1108406630415286273",
    "title":"Tweet 1108406630415286273",
    "issued":1553099708000,
    "objectPID":"https:\/\/doi.org\/10.1001\/jama.280.19.1690",
    "objectURL":"https:\/\/jamanetwork.com\/journals\/jama\/fullarticle\/188182",
    "updatedDate":null
  },
  "9":{
    "twitterIncrement":10650,
    "sourceID":"twitter",
    "subjectID":"twitter:\/\/status?id=1108521964862406658",
    "objectID":"https:\/\/doi.org\/10.1001\/jama.280.19.1690",
    "eventID":"9df569a6-4422-48e5-9b97-4a89de82176e",
    "occurredAt":1553127206000,
    "timeObserved":1553422380000,
    "relationType":"discusses",
    "sourceToken":"45a1ef76-4f43-4cdc-9ba8-5a6ad01cc231",
    "license":"https:\/\/creativecommons.org\/publicdomain\/zero\/1.0\/",
    "termsOfUse":"https:\/\/doi.org\/10.13003\/CED-terms-of-use",
    "tweetAuthor":"twitter:\/\/user?screen_name=marcyambayamba",
    "originalTweetAuthor":"twitter:\/\/user?screen_name=BaileyDeBarmore",
    "updatedReason":null,
    "updated":null,
    "evidenceRecord":"https:\/\/evidence.eventdata.crossref.org\/evidence\/20190321-twitter-ffd60a5b-9bf6-426d-90c8-decaecc6b5",
    "eventAction":"add",
    "subjectPID":"twitter:\/\/status?id=1108521964862406658",
    "originalTweetURL":"twitter:\/\/status?id=1108354577504628737",
    "alternativeID":"1108521964862406658",
    "title":"Tweet 1108521964862406658",
    "issued":1553127206000,
    "objectPID":"https:\/\/doi.org\/10.1001\/jama.280.19.1690",
    "objectURL":"https:\/\/jamanetwork.com\/journals\/jama\/fullarticle\/188182",
    "updatedDate":null
  },
  "10":{
    "twitterIncrement":10651,
    "sourceID":"twitter",
    "subjectID":"twitter:\/\/status?id=1108550292176584704",
    "objectID":"https:\/\/doi.org\/10.1001\/jama.280.19.1690",
    "eventID":"9c98ccea-37ee-451f-bc2a-5b1c72587bab",
    "occurredAt":1553133960000,
    "timeObserved":1553428178000,
    "relationType":"discusses",
    "sourceToken":"45a1ef76-4f43-4cdc-9ba8-5a6ad01cc231",
    "license":"https:\/\/creativecommons.org\/publicdomain\/zero\/1.0\/",
    "termsOfUse":"https:\/\/doi.org\/10.13003\/CED-terms-of-use",
    "tweetAuthor":"twitter:\/\/user?screen_name=likita_Murtala",
    "originalTweetAuthor":"twitter:\/\/user?screen_name=BaileyDeBarmore",
    "updatedReason":null,
    "updated":null,
    "evidenceRecord":"https:\/\/evidence.eventdata.crossref.org\/evidence\/20190321-twitter-1f629d96-33e5-4f52-84e0-ee0d07de95",
    "eventAction":"add",
    "subjectPID":"twitter:\/\/status?id=1108550292176584704",
    "originalTweetURL":"twitter:\/\/status?id=1108354577504628737",
    "alternativeID":"1108550292176584704",
    "title":"Tweet 1108550292176584704",
    "issued":1553133960000,
    "objectPID":"https:\/\/doi.org\/10.1001\/jama.280.19.1690",
    "objectURL":"https:\/\/jamanetwork.com\/journals\/jama\/fullarticle\/188182",
    "updatedDate":null
  },
  "11":{
    "twitterIncrement":10652,
    "sourceID":"twitter",
    "subjectID":"twitter:\/\/status?id=1108587563030212608",
    "objectID":"https:\/\/doi.org\/10.1001\/jama.280.19.1690",
    "eventID":"318d374a-dede-412f-a384-b320c4864f77",
    "occurredAt":1553142846000,
    "timeObserved":1553429235000,
    "relationType":"discusses",
    "sourceToken":"45a1ef76-4f43-4cdc-9ba8-5a6ad01cc231",
    "license":"https:\/\/creativecommons.org\/publicdomain\/zero\/1.0\/",
    "termsOfUse":"https:\/\/doi.org\/10.13003\/CED-terms-of-use",
    "tweetAuthor":"twitter:\/\/user?screen_name=hssling",
    "originalTweetAuthor":"twitter:\/\/user?screen_name=BaileyDeBarmore",
    "updatedReason":null,
    "updated":null,
    "evidenceRecord":"https:\/\/evidence.eventdata.crossref.org\/evidence\/20190321-twitter-be58202e-c762-442b-a736-5115bdf13a",
    "eventAction":"add",
    "subjectPID":"twitter:\/\/status?id=1108587563030212608",
    "originalTweetURL":"twitter:\/\/status?id=1108354577504628737",
    "alternativeID":"1108587563030212608",
    "title":"Tweet 1108587563030212608",
    "issued":1553142846000,
    "objectPID":"https:\/\/doi.org\/10.1001\/jama.280.19.1690",
    "objectURL":"https:\/\/jamanetwork.com\/journals\/jama\/fullarticle\/188182",
    "updatedDate":null
  },
  "12":{
    "twitterIncrement":10653,
    "sourceID":"twitter",
    "subjectID":"twitter:\/\/status?id=1108652482471829504",
    "objectID":"https:\/\/doi.org\/10.1001\/jama.280.19.1690",
    "eventID":"ae4e8681-ecc2-4e77-b3d9-d96f5aecb8c6",
    "occurredAt":1553158324000,
    "timeObserved":1553440007000,
    "relationType":"discusses",
    "sourceToken":"45a1ef76-4f43-4cdc-9ba8-5a6ad01cc231",
    "license":"https:\/\/creativecommons.org\/publicdomain\/zero\/1.0\/",
    "termsOfUse":"https:\/\/doi.org\/10.13003\/CED-terms-of-use",
    "tweetAuthor":"twitter:\/\/user?screen_name=akimova_eva",
    "originalTweetAuthor":"twitter:\/\/user?screen_name=BaileyDeBarmore",
    "updatedReason":null,
    "updated":null,
    "evidenceRecord":"https:\/\/evidence.eventdata.crossref.org\/evidence\/20190321-twitter-302f8f4d-a9d1-4ee4-9a9f-09df5f3c89",
    "eventAction":"add",
    "subjectPID":"twitter:\/\/status?id=1108652482471829504",
    "originalTweetURL":"twitter:\/\/status?id=1108354577504628737",
    "alternativeID":"1108652482471829504",
    "title":"Tweet 1108652482471829504",
    "issued":1553158324000,
    "objectPID":"https:\/\/doi.org\/10.1001\/jama.280.19.1690",
    "objectURL":"https:\/\/jamanetwork.com\/journals\/jama\/fullarticle\/188182",
    "updatedDate":null
  },
  "13":{
    "twitterIncrement":10654,
    "sourceID":"twitter",
    "subjectID":"twitter:\/\/status?id=1147664119136489472",
    "objectID":"https:\/\/doi.org\/10.1001\/jama.280.19.1690",
    "eventID":"1ebdf998-9d8b-4a27-bf8a-eeff3d67b0f6",
    "occurredAt":1562459423000,
    "timeObserved":1562445169000,
    "relationType":"discusses",
    "sourceToken":"45a1ef76-4f43-4cdc-9ba8-5a6ad01cc231",
    "license":"https:\/\/creativecommons.org\/publicdomain\/zero\/1.0\/",
    "termsOfUse":"https:\/\/doi.org\/10.13003\/CED-terms-of-use",
    "tweetAuthor":"twitter:\/\/user?screen_name=nutrepi",
    "originalTweetAuthor":null,
    "updatedReason":null,
    "updated":null,
    "evidenceRecord":"https:\/\/evidence.eventdata.crossref.org\/evidence\/20190707-twitter-14038423-5f3b-4307-90ac-98fa77615b",
    "eventAction":"add",
    "subjectPID":"twitter:\/\/status?id=1147664119136489472",
    "originalTweetURL":"twitter:\/\/status?id=1147664119136489472",
    "alternativeID":"1147664119136489472",
    "title":"Tweet 1147664119136489472",
    "issued":1562459423000,
    "objectPID":"https:\/\/doi.org\/10.1001\/jama.280.19.1690",
    "objectURL":"https:\/\/jamanetwork.com\/journals\/jama\/fullarticle\/188182?utm_source=twitter&utm_campaign=content-sha",
    "updatedDate":null
  },
  "14":{
    "twitterIncrement":10655,
    "sourceID":"twitter",
    "subjectID":"twitter:\/\/status?id=1337167635646181377",
    "objectID":"https:\/\/doi.org\/10.1001\/jama.280.19.1690",
    "eventID":"aadc50cc-4435-4f4f-a891-15fdf819ab1c",
    "occurredAt":1607640582000,
    "timeObserved":1607623214000,
    "relationType":"discusses",
    "sourceToken":"45a1ef76-4f43-4cdc-9ba8-5a6ad01cc231",
    "license":"https:\/\/creativecommons.org\/publicdomain\/zero\/1.0\/",
    "termsOfUse":"https:\/\/doi.org\/10.13003\/CED-terms-of-use",
    "tweetAuthor":"twitter:\/\/user?screen_name=DorylisK",
    "originalTweetAuthor":null,
    "updatedReason":null,
    "updated":null,
    "evidenceRecord":"https:\/\/evidence.eventdata.crossref.org\/evidence\/20201210-twitter-dc841fcf-d275-4a7e-a94c-f531c5a0ae",
    "eventAction":"add",
    "subjectPID":"twitter:\/\/status?id=1337167635646181377",
    "originalTweetURL":"twitter:\/\/status?id=1337167635646181377",
    "alternativeID":"1337167635646181377",
    "title":"Tweet 1337167635646181377",
    "issued":1607640582000,
    "objectPID":"https:\/\/doi.org\/10.1001\/jama.280.19.1690",
    "objectURL":"https:\/\/jamanetwork.com\/journals\/jama\/fullarticle\/188182",
    "updatedDate":null
  },
  "15":{
    "twitterIncrement":11257,
    "sourceID":"twitter",
    "subjectID":"http:\/\/twitter.com\/nutrepi\/statuses\/1082587806717919233",
    "objectID":"https:\/\/doi.org\/10.1001\/jama.280.19.1690",
    "eventID":"72898aba-405a-40ba-ab08-65c66694fb92",
    "occurredAt":1546944021000,
    "timeObserved":1546926462000,
    "relationType":"discusses",
    "sourceToken":"45a1ef76-4f43-4cdc-9ba8-5a6ad01cc231",
    "license":"https:\/\/creativecommons.org\/publicdomain\/zero\/1.0\/",
    "termsOfUse":"https:\/\/doi.org\/10.13003\/CED-terms-of-use",
    "tweetAuthor":"http:\/\/www.twitter.com\/nutrepi",
    "originalTweetAuthor":null,
    "updatedReason":null,
    "updated":null,
    "evidenceRecord":"https:\/\/evidence.eventdata.crossref.org\/evidence\/20190108-twitter-b35dca0d-0eb1-44d8-8469-a8cde025f8",
    "eventAction":"add",
    "subjectPID":"http:\/\/twitter.com\/nutrepi\/statuses\/1082587806717919233",
    "originalTweetURL":"http:\/\/twitter.com\/nutrepi\/statuses\/1082587806717919233",
    "alternativeID":"1082587806717919233",
    "title":"Tweet 1082587806717919233",
    "issued":1546944021000,
    "objectPID":"https:\/\/doi.org\/10.1001\/jama.280.19.1690",
    "objectURL":"https:\/\/jamanetwork.com\/journals\/jama\/fullarticle\/188182",
    "updatedDate":null
  },
  "16":{
    "twitterIncrement":11258,
    "sourceID":"twitter",
    "subjectID":"http:\/\/twitter.com\/sankyoh\/statuses\/1082597561716826112",
    "objectID":"https:\/\/doi.org\/10.1001\/jama.280.19.1690",
    "eventID":"cc962864-cf7a-4373-9a34-ffde3b206ad4",
    "occurredAt":1546946347000,
    "timeObserved":1546928607000,
    "relationType":"discusses",
    "sourceToken":"45a1ef76-4f43-4cdc-9ba8-5a6ad01cc231",
    "license":"https:\/\/creativecommons.org\/publicdomain\/zero\/1.0\/",
    "termsOfUse":"https:\/\/doi.org\/10.13003\/CED-terms-of-use",
    "tweetAuthor":"http:\/\/www.twitter.com\/sankyoh",
    "originalTweetAuthor":"http:\/\/www.twitter.com\/nutrepi",
    "updatedReason":null,
    "updated":null,
    "evidenceRecord":"https:\/\/evidence.eventdata.crossref.org\/evidence\/20190108-twitter-7246cb6d-c4d7-443e-b2a9-ceee3a91b3",
    "eventAction":"add",
    "subjectPID":"http:\/\/twitter.com\/sankyoh\/statuses\/1082597561716826112",
    "originalTweetURL":"http:\/\/twitter.com\/nutrepi\/statuses\/1082587806717919233",
    "alternativeID":"1082597561716826112",
    "title":"Tweet 1082597561716826112",
    "issued":1546946347000,
    "objectPID":"https:\/\/doi.org\/10.1001\/jama.280.19.1690",
    "objectURL":"https:\/\/jamanetwork.com\/journals\/jama\/fullarticle\/188182",
    "updatedDate":null
  },
  "17":{
    "twitterIncrement":11259,
    "sourceID":"twitter",
    "subjectID":"http:\/\/twitter.com\/MinatoNakazawa\/statuses\/1082942741493907456",
    "objectID":"https:\/\/doi.org\/10.1001\/jama.280.19.1690",
    "eventID":"60ab8c57-1a26-4ea2-ab8d-bc141dda7598",
    "occurredAt":1547028644000,
    "timeObserved":1547010809000,
    "relationType":"discusses",
    "sourceToken":"45a1ef76-4f43-4cdc-9ba8-5a6ad01cc231",
    "license":"https:\/\/creativecommons.org\/publicdomain\/zero\/1.0\/",
    "termsOfUse":"https:\/\/doi.org\/10.13003\/CED-terms-of-use",
    "tweetAuthor":"http:\/\/www.twitter.com\/MinatoNakazawa",
    "originalTweetAuthor":"http:\/\/www.twitter.com\/nutrepi",
    "updatedReason":null,
    "updated":null,
    "evidenceRecord":"https:\/\/evidence.eventdata.crossref.org\/evidence\/20190109-twitter-a16bf6b8-20f7-4a01-ae91-30e4aeaaf1",
    "eventAction":"add",
    "subjectPID":"http:\/\/twitter.com\/MinatoNakazawa\/statuses\/1082942741493907456",
    "originalTweetURL":"http:\/\/twitter.com\/nutrepi\/statuses\/1082587806717919233",
    "alternativeID":"1082942741493907456",
    "title":"Tweet 1082942741493907456",
    "issued":1547028644000,
    "objectPID":"https:\/\/doi.org\/10.1001\/jama.280.19.1690",
    "objectURL":"https:\/\/jamanetwork.com\/journals\/jama\/fullarticle\/188182",
    "updatedDate":null
  },
  "18":{
    "twitterIncrement":11260,
    "sourceID":"twitter",
    "subjectID":"twitter:\/\/status?id=1105781949279297536",
    "objectID":"https:\/\/doi.org\/10.1001\/jama.280.19.1690",
    "eventID":"a5e7fb74-82dd-4db2-bf99-d5e57196c94b",
    "occurredAt":1552473935000,
    "timeObserved":1552460012000,
    "relationType":"discusses",
    "sourceToken":"45a1ef76-4f43-4cdc-9ba8-5a6ad01cc231",
    "license":"https:\/\/creativecommons.org\/publicdomain\/zero\/1.0\/",
    "termsOfUse":"https:\/\/doi.org\/10.13003\/CED-terms-of-use",
    "tweetAuthor":"twitter:\/\/user?screen_name=Shuntarooo3",
    "originalTweetAuthor":null,
    "updatedReason":null,
    "updated":null,
    "evidenceRecord":"https:\/\/evidence.eventdata.crossref.org\/evidence\/20190313-twitter-8292dfce-e35a-463d-82e3-ff0e5ce7d8",
    "eventAction":"add",
    "subjectPID":"twitter:\/\/status?id=1105781949279297536",
    "originalTweetURL":"twitter:\/\/status?id=1105781949279297536",
    "alternativeID":"1105781949279297536",
    "title":"Tweet 1105781949279297536",
    "issued":1552473935000,
    "objectPID":"https:\/\/doi.org\/10.1001\/jama.280.19.1690",
    "objectURL":"https:\/\/jamanetwork.com\/journals\/jama\/fullarticle\/188182?utm_source=twitter&utm_campaign=content-sha",
    "updatedDate":null
  },
  "19":{
    "twitterIncrement":11261,
    "sourceID":"twitter",
    "subjectID":"twitter:\/\/status?id=1108354577504628737",
    "objectID":"https:\/\/doi.org\/10.1001\/jama.280.19.1690",
    "eventID":"8fb333b6-bf16-4d20-ad46-29fa715ad23f",
    "occurredAt":1553087298000,
    "timeObserved":1553373308000,
    "relationType":"discusses",
    "sourceToken":"45a1ef76-4f43-4cdc-9ba8-5a6ad01cc231",
    "license":"https:\/\/creativecommons.org\/publicdomain\/zero\/1.0\/",
    "termsOfUse":"https:\/\/doi.org\/10.13003\/CED-terms-of-use",
    "tweetAuthor":"twitter:\/\/user?screen_name=BaileyDeBarmore",
    "originalTweetAuthor":null,
    "updatedReason":null,
    "updated":null,
    "evidenceRecord":"https:\/\/evidence.eventdata.crossref.org\/evidence\/20190320-twitter-39cb1ab9-18a1-443e-ba58-812f2bd5df",
    "eventAction":"add",
    "subjectPID":"twitter:\/\/status?id=1108354577504628737",
    "originalTweetURL":"twitter:\/\/status?id=1108354577504628737",
    "alternativeID":"1108354577504628737",
    "title":"Tweet 1108354577504628737",
    "issued":1553087298000,
    "objectPID":"https:\/\/doi.org\/10.1001\/jama.280.19.1690",
    "objectURL":"https:\/\/jamanetwork.com\/journals\/jama\/fullarticle\/188182",
    "updatedDate":null
  },
  "20":{
    "twitterIncrement":11262,
    "sourceID":"twitter",
    "subjectID":"twitter:\/\/status?id=1108367858361204739",
    "objectID":"https:\/\/doi.org\/10.1001\/jama.280.19.1690",
    "eventID":"4b995185-b639-4707-8536-5c40c89d5a01",
    "occurredAt":1553090464000,
    "timeObserved":1553377089000,
    "relationType":"discusses",
    "sourceToken":"45a1ef76-4f43-4cdc-9ba8-5a6ad01cc231",
    "license":"https:\/\/creativecommons.org\/publicdomain\/zero\/1.0\/",
    "termsOfUse":"https:\/\/doi.org\/10.13003\/CED-terms-of-use",
    "tweetAuthor":"twitter:\/\/user?screen_name=epi_twit",
    "originalTweetAuthor":"twitter:\/\/user?screen_name=BaileyDeBarmore",
    "updatedReason":null,
    "updated":null,
    "evidenceRecord":"https:\/\/evidence.eventdata.crossref.org\/evidence\/20190320-twitter-f810c496-97ea-40c5-b2fb-1e5f9a0bfa",
    "eventAction":"add",
    "subjectPID":"twitter:\/\/status?id=1108367858361204739",
    "originalTweetURL":"twitter:\/\/status?id=1108354577504628737",
    "alternativeID":"1108367858361204739",
    "title":"Tweet 1108367858361204739",
    "issued":1553090464000,
    "objectPID":"https:\/\/doi.org\/10.1001\/jama.280.19.1690",
    "objectURL":"https:\/\/jamanetwork.com\/journals\/jama\/fullarticle\/188182",
    "updatedDate":null
  },
  "21":{
    "twitterIncrement":11263,
    "sourceID":"twitter",
    "subjectID":"twitter:\/\/status?id=1108375669354852352",
    "objectID":"https:\/\/doi.org\/10.1001\/jama.280.19.1690",
    "eventID":"632851c5-0964-45f3-a526-ed1c7b1d5864",
    "occurredAt":1553092326000,
    "timeObserved":1553380009000,
    "relationType":"discusses",
    "sourceToken":"45a1ef76-4f43-4cdc-9ba8-5a6ad01cc231",
    "license":"https:\/\/creativecommons.org\/publicdomain\/zero\/1.0\/",
    "termsOfUse":"https:\/\/doi.org\/10.13003\/CED-terms-of-use",
    "tweetAuthor":"twitter:\/\/user?screen_name=Pankaj2Dhaka2",
    "originalTweetAuthor":"twitter:\/\/user?screen_name=BaileyDeBarmore",
    "updatedReason":null,
    "updated":null,
    "evidenceRecord":"https:\/\/evidence.eventdata.crossref.org\/evidence\/20190320-twitter-f4406c9d-763d-4cf6-8f93-144ba6b4e6",
    "eventAction":"add",
    "subjectPID":"twitter:\/\/status?id=1108375669354852352",
    "originalTweetURL":"twitter:\/\/status?id=1108354577504628737",
    "alternativeID":"1108375669354852352",
    "title":"Tweet 1108375669354852352",
    "issued":1553092326000,
    "objectPID":"https:\/\/doi.org\/10.1001\/jama.280.19.1690",
    "objectURL":"https:\/\/jamanetwork.com\/journals\/jama\/fullarticle\/188182",
    "updatedDate":null
  },
  "22":{
    "twitterIncrement":11264,
    "sourceID":"twitter",
    "subjectID":"twitter:\/\/status?id=1108396034202484736",
    "objectID":"https:\/\/doi.org\/10.1001\/jama.280.19.1690",
    "eventID":"b3f0820f-df81-437c-b955-184c3ed5a9a6",
    "occurredAt":1553097182000,
    "timeObserved":1553385107000,
    "relationType":"discusses",
    "sourceToken":"45a1ef76-4f43-4cdc-9ba8-5a6ad01cc231",
    "license":"https:\/\/creativecommons.org\/publicdomain\/zero\/1.0\/",
    "termsOfUse":"https:\/\/doi.org\/10.13003\/CED-terms-of-use",
    "tweetAuthor":"twitter:\/\/user?screen_name=EpiEllie",
    "originalTweetAuthor":null,
    "updatedReason":null,
    "updated":null,
    "evidenceRecord":"https:\/\/evidence.eventdata.crossref.org\/evidence\/20190320-twitter-e4bb92a5-aabe-417d-943f-c3db3e3c0d",
    "eventAction":"add",
    "subjectPID":"twitter:\/\/status?id=1108396034202484736",
    "originalTweetURL":"twitter:\/\/status?id=1108396034202484736",
    "alternativeID":"1108396034202484736",
    "title":"Tweet 1108396034202484736",
    "issued":1553097182000,
    "objectPID":"https:\/\/doi.org\/10.1001\/jama.280.19.1690",
    "objectURL":"https:\/\/jamanetwork.com\/journals\/jama\/fullarticle\/188182",
    "updatedDate":null
  },
  "23":{
    "twitterIncrement":11265,
    "sourceID":"twitter",
    "subjectID":"twitter:\/\/status?id=1108406630415286273",
    "objectID":"https:\/\/doi.org\/10.1001\/jama.280.19.1690",
    "eventID":"c7403916-0cfa-4f63-a192-22e145291f43",
    "occurredAt":1553099708000,
    "timeObserved":1553387439000,
    "relationType":"discusses",
    "sourceToken":"45a1ef76-4f43-4cdc-9ba8-5a6ad01cc231",
    "license":"https:\/\/creativecommons.org\/publicdomain\/zero\/1.0\/",
    "termsOfUse":"https:\/\/doi.org\/10.13003\/CED-terms-of-use",
    "tweetAuthor":"twitter:\/\/user?screen_name=amitbhavsar85",
    "originalTweetAuthor":"twitter:\/\/user?screen_name=BaileyDeBarmore",
    "updatedReason":null,
    "updated":null,
    "evidenceRecord":"https:\/\/evidence.eventdata.crossref.org\/evidence\/20190320-twitter-a2257a80-8471-4515-8f7c-eef01f1884",
    "eventAction":"add",
    "subjectPID":"twitter:\/\/status?id=1108406630415286273",
    "originalTweetURL":"twitter:\/\/status?id=1108354577504628737",
    "alternativeID":"1108406630415286273",
    "title":"Tweet 1108406630415286273",
    "issued":1553099708000,
    "objectPID":"https:\/\/doi.org\/10.1001\/jama.280.19.1690",
    "objectURL":"https:\/\/jamanetwork.com\/journals\/jama\/fullarticle\/188182",
    "updatedDate":null
  },
  "24":{
    "twitterIncrement":11266,
    "sourceID":"twitter",
    "subjectID":"twitter:\/\/status?id=1108521964862406658",
    "objectID":"https:\/\/doi.org\/10.1001\/jama.280.19.1690",
    "eventID":"9df569a6-4422-48e5-9b97-4a89de82176e",
    "occurredAt":1553127206000,
    "timeObserved":1553422380000,
    "relationType":"discusses",
    "sourceToken":"45a1ef76-4f43-4cdc-9ba8-5a6ad01cc231",
    "license":"https:\/\/creativecommons.org\/publicdomain\/zero\/1.0\/",
    "termsOfUse":"https:\/\/doi.org\/10.13003\/CED-terms-of-use",
    "tweetAuthor":"twitter:\/\/user?screen_name=marcyambayamba",
    "originalTweetAuthor":"twitter:\/\/user?screen_name=BaileyDeBarmore",
    "updatedReason":null,
    "updated":null,
    "evidenceRecord":"https:\/\/evidence.eventdata.crossref.org\/evidence\/20190321-twitter-ffd60a5b-9bf6-426d-90c8-decaecc6b5",
    "eventAction":"add",
    "subjectPID":"twitter:\/\/status?id=1108521964862406658",
    "originalTweetURL":"twitter:\/\/status?id=1108354577504628737",
    "alternativeID":"1108521964862406658",
    "title":"Tweet 1108521964862406658",
    "issued":1553127206000,
    "objectPID":"https:\/\/doi.org\/10.1001\/jama.280.19.1690",
    "objectURL":"https:\/\/jamanetwork.com\/journals\/jama\/fullarticle\/188182",
    "updatedDate":null
  },
  "25":{
    "twitterIncrement":11267,
    "sourceID":"twitter",
    "subjectID":"twitter:\/\/status?id=1108550292176584704",
    "objectID":"https:\/\/doi.org\/10.1001\/jama.280.19.1690",
    "eventID":"9c98ccea-37ee-451f-bc2a-5b1c72587bab",
    "occurredAt":1553133960000,
    "timeObserved":1553428178000,
    "relationType":"discusses",
    "sourceToken":"45a1ef76-4f43-4cdc-9ba8-5a6ad01cc231",
    "license":"https:\/\/creativecommons.org\/publicdomain\/zero\/1.0\/",
    "termsOfUse":"https:\/\/doi.org\/10.13003\/CED-terms-of-use",
    "tweetAuthor":"twitter:\/\/user?screen_name=likita_Murtala",
    "originalTweetAuthor":"twitter:\/\/user?screen_name=BaileyDeBarmore",
    "updatedReason":null,
    "updated":null,
    "evidenceRecord":"https:\/\/evidence.eventdata.crossref.org\/evidence\/20190321-twitter-1f629d96-33e5-4f52-84e0-ee0d07de95",
    "eventAction":"add",
    "subjectPID":"twitter:\/\/status?id=1108550292176584704",
    "originalTweetURL":"twitter:\/\/status?id=1108354577504628737",
    "alternativeID":"1108550292176584704",
    "title":"Tweet 1108550292176584704",
    "issued":1553133960000,
    "objectPID":"https:\/\/doi.org\/10.1001\/jama.280.19.1690",
    "objectURL":"https:\/\/jamanetwork.com\/journals\/jama\/fullarticle\/188182",
    "updatedDate":null
  },
  "26":{
    "twitterIncrement":11268,
    "sourceID":"twitter",
    "subjectID":"twitter:\/\/status?id=1108587563030212608",
    "objectID":"https:\/\/doi.org\/10.1001\/jama.280.19.1690",
    "eventID":"318d374a-dede-412f-a384-b320c4864f77",
    "occurredAt":1553142846000,
    "timeObserved":1553429235000,
    "relationType":"discusses",
    "sourceToken":"45a1ef76-4f43-4cdc-9ba8-5a6ad01cc231",
    "license":"https:\/\/creativecommons.org\/publicdomain\/zero\/1.0\/",
    "termsOfUse":"https:\/\/doi.org\/10.13003\/CED-terms-of-use",
    "tweetAuthor":"twitter:\/\/user?screen_name=hssling",
    "originalTweetAuthor":"twitter:\/\/user?screen_name=BaileyDeBarmore",
    "updatedReason":null,
    "updated":null,
    "evidenceRecord":"https:\/\/evidence.eventdata.crossref.org\/evidence\/20190321-twitter-be58202e-c762-442b-a736-5115bdf13a",
    "eventAction":"add",
    "subjectPID":"twitter:\/\/status?id=1108587563030212608",
    "originalTweetURL":"twitter:\/\/status?id=1108354577504628737",
    "alternativeID":"1108587563030212608",
    "title":"Tweet 1108587563030212608",
    "issued":1553142846000,
    "objectPID":"https:\/\/doi.org\/10.1001\/jama.280.19.1690",
    "objectURL":"https:\/\/jamanetwork.com\/journals\/jama\/fullarticle\/188182",
    "updatedDate":null
  },
  "27":{
    "twitterIncrement":11269,
    "sourceID":"twitter",
    "subjectID":"twitter:\/\/status?id=1108652482471829504",
    "objectID":"https:\/\/doi.org\/10.1001\/jama.280.19.1690",
    "eventID":"ae4e8681-ecc2-4e77-b3d9-d96f5aecb8c6",
    "occurredAt":1553158324000,
    "timeObserved":1553440007000,
    "relationType":"discusses",
    "sourceToken":"45a1ef76-4f43-4cdc-9ba8-5a6ad01cc231",
    "license":"https:\/\/creativecommons.org\/publicdomain\/zero\/1.0\/",
    "termsOfUse":"https:\/\/doi.org\/10.13003\/CED-terms-of-use",
    "tweetAuthor":"twitter:\/\/user?screen_name=akimova_eva",
    "originalTweetAuthor":"twitter:\/\/user?screen_name=BaileyDeBarmore",
    "updatedReason":null,
    "updated":null,
    "evidenceRecord":"https:\/\/evidence.eventdata.crossref.org\/evidence\/20190321-twitter-302f8f4d-a9d1-4ee4-9a9f-09df5f3c89",
    "eventAction":"add",
    "subjectPID":"twitter:\/\/status?id=1108652482471829504",
    "originalTweetURL":"twitter:\/\/status?id=1108354577504628737",
    "alternativeID":"1108652482471829504",
    "title":"Tweet 1108652482471829504",
    "issued":1553158324000,
    "objectPID":"https:\/\/doi.org\/10.1001\/jama.280.19.1690",
    "objectURL":"https:\/\/jamanetwork.com\/journals\/jama\/fullarticle\/188182",
    "updatedDate":null
  },
  "28":{
    "twitterIncrement":11270,
    "sourceID":"twitter",
    "subjectID":"twitter:\/\/status?id=1147664119136489472",
    "objectID":"https:\/\/doi.org\/10.1001\/jama.280.19.1690",
    "eventID":"1ebdf998-9d8b-4a27-bf8a-eeff3d67b0f6",
    "occurredAt":1562459423000,
    "timeObserved":1562445169000,
    "relationType":"discusses",
    "sourceToken":"45a1ef76-4f43-4cdc-9ba8-5a6ad01cc231",
    "license":"https:\/\/creativecommons.org\/publicdomain\/zero\/1.0\/",
    "termsOfUse":"https:\/\/doi.org\/10.13003\/CED-terms-of-use",
    "tweetAuthor":"twitter:\/\/user?screen_name=nutrepi",
    "originalTweetAuthor":null,
    "updatedReason":null,
    "updated":null,
    "evidenceRecord":"https:\/\/evidence.eventdata.crossref.org\/evidence\/20190707-twitter-14038423-5f3b-4307-90ac-98fa77615b",
    "eventAction":"add",
    "subjectPID":"twitter:\/\/status?id=1147664119136489472",
    "originalTweetURL":"twitter:\/\/status?id=1147664119136489472",
    "alternativeID":"1147664119136489472",
    "title":"Tweet 1147664119136489472",
    "issued":1562459423000,
    "objectPID":"https:\/\/doi.org\/10.1001\/jama.280.19.1690",
    "objectURL":"https:\/\/jamanetwork.com\/journals\/jama\/fullarticle\/188182?utm_source=twitter&utm_campaign=content-sha",
    "updatedDate":null
  },
  "29":{
    "twitterIncrement":11271,
    "sourceID":"twitter",
    "subjectID":"twitter:\/\/status?id=1337167635646181377",
    "objectID":"https:\/\/doi.org\/10.1001\/jama.280.19.1690",
    "eventID":"aadc50cc-4435-4f4f-a891-15fdf819ab1c",
    "occurredAt":1607640582000,
    "timeObserved":1607623214000,
    "relationType":"discusses",
    "sourceToken":"45a1ef76-4f43-4cdc-9ba8-5a6ad01cc231",
    "license":"https:\/\/creativecommons.org\/publicdomain\/zero\/1.0\/",
    "termsOfUse":"https:\/\/doi.org\/10.13003\/CED-terms-of-use",
    "tweetAuthor":"twitter:\/\/user?screen_name=DorylisK",
    "originalTweetAuthor":null,
    "updatedReason":null,
    "updated":null,
    "evidenceRecord":"https:\/\/evidence.eventdata.crossref.org\/evidence\/20201210-twitter-dc841fcf-d275-4a7e-a94c-f531c5a0ae",
    "eventAction":"add",
    "subjectPID":"twitter:\/\/status?id=1337167635646181377",
    "originalTweetURL":"twitter:\/\/status?id=1337167635646181377",
    "alternativeID":"1337167635646181377",
    "title":"Tweet 1337167635646181377",
    "issued":1607640582000,
    "objectPID":"https:\/\/doi.org\/10.1001\/jama.280.19.1690",
    "objectURL":"https:\/\/jamanetwork.com\/journals\/jama\/fullarticle\/188182",
    "updatedDate":null
  },
  "30":{
    "twitterIncrement":11978,
    "sourceID":"twitter",
    "subjectID":"http:\/\/twitter.com\/nutrepi\/statuses\/1082587806717919233",
    "objectID":"https:\/\/doi.org\/10.1001\/jama.280.19.1690",
    "eventID":"72898aba-405a-40ba-ab08-65c66694fb92",
    "occurredAt":1546944021000,
    "timeObserved":1546926462000,
    "relationType":"discusses",
    "sourceToken":"45a1ef76-4f43-4cdc-9ba8-5a6ad01cc231",
    "license":"https:\/\/creativecommons.org\/publicdomain\/zero\/1.0\/",
    "termsOfUse":"https:\/\/doi.org\/10.13003\/CED-terms-of-use",
    "tweetAuthor":"http:\/\/www.twitter.com\/nutrepi",
    "originalTweetAuthor":null,
    "updatedReason":null,
    "updated":null,
    "evidenceRecord":"https:\/\/evidence.eventdata.crossref.org\/evidence\/20190108-twitter-b35dca0d-0eb1-44d8-8469-a8cde025f8",
    "eventAction":"add",
    "subjectPID":"http:\/\/twitter.com\/nutrepi\/statuses\/1082587806717919233",
    "originalTweetURL":"http:\/\/twitter.com\/nutrepi\/statuses\/1082587806717919233",
    "alternativeID":"1082587806717919233",
    "title":"Tweet 1082587806717919233",
    "issued":1546944021000,
    "objectPID":"https:\/\/doi.org\/10.1001\/jama.280.19.1690",
    "objectURL":"https:\/\/jamanetwork.com\/journals\/jama\/fullarticle\/188182",
    "updatedDate":null
  },
  "31":{
    "twitterIncrement":11979,
    "sourceID":"twitter",
    "subjectID":"http:\/\/twitter.com\/sankyoh\/statuses\/1082597561716826112",
    "objectID":"https:\/\/doi.org\/10.1001\/jama.280.19.1690",
    "eventID":"cc962864-cf7a-4373-9a34-ffde3b206ad4",
    "occurredAt":1546946347000,
    "timeObserved":1546928607000,
    "relationType":"discusses",
    "sourceToken":"45a1ef76-4f43-4cdc-9ba8-5a6ad01cc231",
    "license":"https:\/\/creativecommons.org\/publicdomain\/zero\/1.0\/",
    "termsOfUse":"https:\/\/doi.org\/10.13003\/CED-terms-of-use",
    "tweetAuthor":"http:\/\/www.twitter.com\/sankyoh",
    "originalTweetAuthor":"http:\/\/www.twitter.com\/nutrepi",
    "updatedReason":null,
    "updated":null,
    "evidenceRecord":"https:\/\/evidence.eventdata.crossref.org\/evidence\/20190108-twitter-7246cb6d-c4d7-443e-b2a9-ceee3a91b3",
    "eventAction":"add",
    "subjectPID":"http:\/\/twitter.com\/sankyoh\/statuses\/1082597561716826112",
    "originalTweetURL":"http:\/\/twitter.com\/nutrepi\/statuses\/1082587806717919233",
    "alternativeID":"1082597561716826112",
    "title":"Tweet 1082597561716826112",
    "issued":1546946347000,
    "objectPID":"https:\/\/doi.org\/10.1001\/jama.280.19.1690",
    "objectURL":"https:\/\/jamanetwork.com\/journals\/jama\/fullarticle\/188182",
    "updatedDate":null
  },
  "32":{
    "twitterIncrement":11980,
    "sourceID":"twitter",
    "subjectID":"http:\/\/twitter.com\/MinatoNakazawa\/statuses\/1082942741493907456",
    "objectID":"https:\/\/doi.org\/10.1001\/jama.280.19.1690",
    "eventID":"60ab8c57-1a26-4ea2-ab8d-bc141dda7598",
    "occurredAt":1547028644000,
    "timeObserved":1547010809000,
    "relationType":"discusses",
    "sourceToken":"45a1ef76-4f43-4cdc-9ba8-5a6ad01cc231",
    "license":"https:\/\/creativecommons.org\/publicdomain\/zero\/1.0\/",
    "termsOfUse":"https:\/\/doi.org\/10.13003\/CED-terms-of-use",
    "tweetAuthor":"http:\/\/www.twitter.com\/MinatoNakazawa",
    "originalTweetAuthor":"http:\/\/www.twitter.com\/nutrepi",
    "updatedReason":null,
    "updated":null,
    "evidenceRecord":"https:\/\/evidence.eventdata.crossref.org\/evidence\/20190109-twitter-a16bf6b8-20f7-4a01-ae91-30e4aeaaf1",
    "eventAction":"add",
    "subjectPID":"http:\/\/twitter.com\/MinatoNakazawa\/statuses\/1082942741493907456",
    "originalTweetURL":"http:\/\/twitter.com\/nutrepi\/statuses\/1082587806717919233",
    "alternativeID":"1082942741493907456",
    "title":"Tweet 1082942741493907456",
    "issued":1547028644000,
    "objectPID":"https:\/\/doi.org\/10.1001\/jama.280.19.1690",
    "objectURL":"https:\/\/jamanetwork.com\/journals\/jama\/fullarticle\/188182",
    "updatedDate":null
  },
  "33":{
    "twitterIncrement":11981,
    "sourceID":"twitter",
    "subjectID":"twitter:\/\/status?id=1105781949279297536",
    "objectID":"https:\/\/doi.org\/10.1001\/jama.280.19.1690",
    "eventID":"a5e7fb74-82dd-4db2-bf99-d5e57196c94b",
    "occurredAt":1552473935000,
    "timeObserved":1552460012000,
    "relationType":"discusses",
    "sourceToken":"45a1ef76-4f43-4cdc-9ba8-5a6ad01cc231",
    "license":"https:\/\/creativecommons.org\/publicdomain\/zero\/1.0\/",
    "termsOfUse":"https:\/\/doi.org\/10.13003\/CED-terms-of-use",
    "tweetAuthor":"twitter:\/\/user?screen_name=Shuntarooo3",
    "originalTweetAuthor":null,
    "updatedReason":null,
    "updated":null,
    "evidenceRecord":"https:\/\/evidence.eventdata.crossref.org\/evidence\/20190313-twitter-8292dfce-e35a-463d-82e3-ff0e5ce7d8",
    "eventAction":"add",
    "subjectPID":"twitter:\/\/status?id=1105781949279297536",
    "originalTweetURL":"twitter:\/\/status?id=1105781949279297536",
    "alternativeID":"1105781949279297536",
    "title":"Tweet 1105781949279297536",
    "issued":1552473935000,
    "objectPID":"https:\/\/doi.org\/10.1001\/jama.280.19.1690",
    "objectURL":"https:\/\/jamanetwork.com\/journals\/jama\/fullarticle\/188182?utm_source=twitter&utm_campaign=content-sha",
    "updatedDate":null
  },
  "34":{
    "twitterIncrement":11982,
    "sourceID":"twitter",
    "subjectID":"twitter:\/\/status?id=1108354577504628737",
    "objectID":"https:\/\/doi.org\/10.1001\/jama.280.19.1690",
    "eventID":"8fb333b6-bf16-4d20-ad46-29fa715ad23f",
    "occurredAt":1553087298000,
    "timeObserved":1553373308000,
    "relationType":"discusses",
    "sourceToken":"45a1ef76-4f43-4cdc-9ba8-5a6ad01cc231",
    "license":"https:\/\/creativecommons.org\/publicdomain\/zero\/1.0\/",
    "termsOfUse":"https:\/\/doi.org\/10.13003\/CED-terms-of-use",
    "tweetAuthor":"twitter:\/\/user?screen_name=BaileyDeBarmore",
    "originalTweetAuthor":null,
    "updatedReason":null,
    "updated":null,
    "evidenceRecord":"https:\/\/evidence.eventdata.crossref.org\/evidence\/20190320-twitter-39cb1ab9-18a1-443e-ba58-812f2bd5df",
    "eventAction":"add",
    "subjectPID":"twitter:\/\/status?id=1108354577504628737",
    "originalTweetURL":"twitter:\/\/status?id=1108354577504628737",
    "alternativeID":"1108354577504628737",
    "title":"Tweet 1108354577504628737",
    "issued":1553087298000,
    "objectPID":"https:\/\/doi.org\/10.1001\/jama.280.19.1690",
    "objectURL":"https:\/\/jamanetwork.com\/journals\/jama\/fullarticle\/188182",
    "updatedDate":null
  },
  "35":{
    "twitterIncrement":11983,
    "sourceID":"twitter",
    "subjectID":"twitter:\/\/status?id=1108367858361204739",
    "objectID":"https:\/\/doi.org\/10.1001\/jama.280.19.1690",
    "eventID":"4b995185-b639-4707-8536-5c40c89d5a01",
    "occurredAt":1553090464000,
    "timeObserved":1553377089000,
    "relationType":"discusses",
    "sourceToken":"45a1ef76-4f43-4cdc-9ba8-5a6ad01cc231",
    "license":"https:\/\/creativecommons.org\/publicdomain\/zero\/1.0\/",
    "termsOfUse":"https:\/\/doi.org\/10.13003\/CED-terms-of-use",
    "tweetAuthor":"twitter:\/\/user?screen_name=epi_twit",
    "originalTweetAuthor":"twitter:\/\/user?screen_name=BaileyDeBarmore",
    "updatedReason":null,
    "updated":null,
    "evidenceRecord":"https:\/\/evidence.eventdata.crossref.org\/evidence\/20190320-twitter-f810c496-97ea-40c5-b2fb-1e5f9a0bfa",
    "eventAction":"add",
    "subjectPID":"twitter:\/\/status?id=1108367858361204739",
    "originalTweetURL":"twitter:\/\/status?id=1108354577504628737",
    "alternativeID":"1108367858361204739",
    "title":"Tweet 1108367858361204739",
    "issued":1553090464000,
    "objectPID":"https:\/\/doi.org\/10.1001\/jama.280.19.1690",
    "objectURL":"https:\/\/jamanetwork.com\/journals\/jama\/fullarticle\/188182",
    "updatedDate":null
  },
  "36":{
    "twitterIncrement":11984,
    "sourceID":"twitter",
    "subjectID":"twitter:\/\/status?id=1108375669354852352",
    "objectID":"https:\/\/doi.org\/10.1001\/jama.280.19.1690",
    "eventID":"632851c5-0964-45f3-a526-ed1c7b1d5864",
    "occurredAt":1553092326000,
    "timeObserved":1553380009000,
    "relationType":"discusses",
    "sourceToken":"45a1ef76-4f43-4cdc-9ba8-5a6ad01cc231",
    "license":"https:\/\/creativecommons.org\/publicdomain\/zero\/1.0\/",
    "termsOfUse":"https:\/\/doi.org\/10.13003\/CED-terms-of-use",
    "tweetAuthor":"twitter:\/\/user?screen_name=Pankaj2Dhaka2",
    "originalTweetAuthor":"twitter:\/\/user?screen_name=BaileyDeBarmore",
    "updatedReason":null,
    "updated":null,
    "evidenceRecord":"https:\/\/evidence.eventdata.crossref.org\/evidence\/20190320-twitter-f4406c9d-763d-4cf6-8f93-144ba6b4e6",
    "eventAction":"add",
    "subjectPID":"twitter:\/\/status?id=1108375669354852352",
    "originalTweetURL":"twitter:\/\/status?id=1108354577504628737",
    "alternativeID":"1108375669354852352",
    "title":"Tweet 1108375669354852352",
    "issued":1553092326000,
    "objectPID":"https:\/\/doi.org\/10.1001\/jama.280.19.1690",
    "objectURL":"https:\/\/jamanetwork.com\/journals\/jama\/fullarticle\/188182",
    "updatedDate":null
  },
  "37":{
    "twitterIncrement":11985,
    "sourceID":"twitter",
    "subjectID":"twitter:\/\/status?id=1108396034202484736",
    "objectID":"https:\/\/doi.org\/10.1001\/jama.280.19.1690",
    "eventID":"b3f0820f-df81-437c-b955-184c3ed5a9a6",
    "occurredAt":1553097182000,
    "timeObserved":1553385107000,
    "relationType":"discusses",
    "sourceToken":"45a1ef76-4f43-4cdc-9ba8-5a6ad01cc231",
    "license":"https:\/\/creativecommons.org\/publicdomain\/zero\/1.0\/",
    "termsOfUse":"https:\/\/doi.org\/10.13003\/CED-terms-of-use",
    "tweetAuthor":"twitter:\/\/user?screen_name=EpiEllie",
    "originalTweetAuthor":null,
    "updatedReason":null,
    "updated":null,
    "evidenceRecord":"https:\/\/evidence.eventdata.crossref.org\/evidence\/20190320-twitter-e4bb92a5-aabe-417d-943f-c3db3e3c0d",
    "eventAction":"add",
    "subjectPID":"twitter:\/\/status?id=1108396034202484736",
    "originalTweetURL":"twitter:\/\/status?id=1108396034202484736",
    "alternativeID":"1108396034202484736",
    "title":"Tweet 1108396034202484736",
    "issued":1553097182000,
    "objectPID":"https:\/\/doi.org\/10.1001\/jama.280.19.1690",
    "objectURL":"https:\/\/jamanetwork.com\/journals\/jama\/fullarticle\/188182",
    "updatedDate":null
  },
  "38":{
    "twitterIncrement":11986,
    "sourceID":"twitter",
    "subjectID":"twitter:\/\/status?id=1108406630415286273",
    "objectID":"https:\/\/doi.org\/10.1001\/jama.280.19.1690",
    "eventID":"c7403916-0cfa-4f63-a192-22e145291f43",
    "occurredAt":1553099708000,
    "timeObserved":1553387439000,
    "relationType":"discusses",
    "sourceToken":"45a1ef76-4f43-4cdc-9ba8-5a6ad01cc231",
    "license":"https:\/\/creativecommons.org\/publicdomain\/zero\/1.0\/",
    "termsOfUse":"https:\/\/doi.org\/10.13003\/CED-terms-of-use",
    "tweetAuthor":"twitter:\/\/user?screen_name=amitbhavsar85",
    "originalTweetAuthor":"twitter:\/\/user?screen_name=BaileyDeBarmore",
    "updatedReason":null,
    "updated":null,
    "evidenceRecord":"https:\/\/evidence.eventdata.crossref.org\/evidence\/20190320-twitter-a2257a80-8471-4515-8f7c-eef01f1884",
    "eventAction":"add",
    "subjectPID":"twitter:\/\/status?id=1108406630415286273",
    "originalTweetURL":"twitter:\/\/status?id=1108354577504628737",
    "alternativeID":"1108406630415286273",
    "title":"Tweet 1108406630415286273",
    "issued":1553099708000,
    "objectPID":"https:\/\/doi.org\/10.1001\/jama.280.19.1690",
    "objectURL":"https:\/\/jamanetwork.com\/journals\/jama\/fullarticle\/188182",
    "updatedDate":null
  },
  "39":{
    "twitterIncrement":11987,
    "sourceID":"twitter",
    "subjectID":"twitter:\/\/status?id=1108521964862406658",
    "objectID":"https:\/\/doi.org\/10.1001\/jama.280.19.1690",
    "eventID":"9df569a6-4422-48e5-9b97-4a89de82176e",
    "occurredAt":1553127206000,
    "timeObserved":1553422380000,
    "relationType":"discusses",
    "sourceToken":"45a1ef76-4f43-4cdc-9ba8-5a6ad01cc231",
    "license":"https:\/\/creativecommons.org\/publicdomain\/zero\/1.0\/",
    "termsOfUse":"https:\/\/doi.org\/10.13003\/CED-terms-of-use",
    "tweetAuthor":"twitter:\/\/user?screen_name=marcyambayamba",
    "originalTweetAuthor":"twitter:\/\/user?screen_name=BaileyDeBarmore",
    "updatedReason":null,
    "updated":null,
    "evidenceRecord":"https:\/\/evidence.eventdata.crossref.org\/evidence\/20190321-twitter-ffd60a5b-9bf6-426d-90c8-decaecc6b5",
    "eventAction":"add",
    "subjectPID":"twitter:\/\/status?id=1108521964862406658",
    "originalTweetURL":"twitter:\/\/status?id=1108354577504628737",
    "alternativeID":"1108521964862406658",
    "title":"Tweet 1108521964862406658",
    "issued":1553127206000,
    "objectPID":"https:\/\/doi.org\/10.1001\/jama.280.19.1690",
    "objectURL":"https:\/\/jamanetwork.com\/journals\/jama\/fullarticle\/188182",
    "updatedDate":null
  },
  "40":{
    "twitterIncrement":11988,
    "sourceID":"twitter",
    "subjectID":"twitter:\/\/status?id=1108550292176584704",
    "objectID":"https:\/\/doi.org\/10.1001\/jama.280.19.1690",
    "eventID":"9c98ccea-37ee-451f-bc2a-5b1c72587bab",
    "occurredAt":1553133960000,
    "timeObserved":1553428178000,
    "relationType":"discusses",
    "sourceToken":"45a1ef76-4f43-4cdc-9ba8-5a6ad01cc231",
    "license":"https:\/\/creativecommons.org\/publicdomain\/zero\/1.0\/",
    "termsOfUse":"https:\/\/doi.org\/10.13003\/CED-terms-of-use",
    "tweetAuthor":"twitter:\/\/user?screen_name=likita_Murtala",
    "originalTweetAuthor":"twitter:\/\/user?screen_name=BaileyDeBarmore",
    "updatedReason":null,
    "updated":null,
    "evidenceRecord":"https:\/\/evidence.eventdata.crossref.org\/evidence\/20190321-twitter-1f629d96-33e5-4f52-84e0-ee0d07de95",
    "eventAction":"add",
    "subjectPID":"twitter:\/\/status?id=1108550292176584704",
    "originalTweetURL":"twitter:\/\/status?id=1108354577504628737",
    "alternativeID":"1108550292176584704",
    "title":"Tweet 1108550292176584704",
    "issued":1553133960000,
    "objectPID":"https:\/\/doi.org\/10.1001\/jama.280.19.1690",
    "objectURL":"https:\/\/jamanetwork.com\/journals\/jama\/fullarticle\/188182",
    "updatedDate":null
  },
  "41":{
    "twitterIncrement":11989,
    "sourceID":"twitter",
    "subjectID":"twitter:\/\/status?id=1108587563030212608",
    "objectID":"https:\/\/doi.org\/10.1001\/jama.280.19.1690",
    "eventID":"318d374a-dede-412f-a384-b320c4864f77",
    "occurredAt":1553142846000,
    "timeObserved":1553429235000,
    "relationType":"discusses",
    "sourceToken":"45a1ef76-4f43-4cdc-9ba8-5a6ad01cc231",
    "license":"https:\/\/creativecommons.org\/publicdomain\/zero\/1.0\/",
    "termsOfUse":"https:\/\/doi.org\/10.13003\/CED-terms-of-use",
    "tweetAuthor":"twitter:\/\/user?screen_name=hssling",
    "originalTweetAuthor":"twitter:\/\/user?screen_name=BaileyDeBarmore",
    "updatedReason":null,
    "updated":null,
    "evidenceRecord":"https:\/\/evidence.eventdata.crossref.org\/evidence\/20190321-twitter-be58202e-c762-442b-a736-5115bdf13a",
    "eventAction":"add",
    "subjectPID":"twitter:\/\/status?id=1108587563030212608",
    "originalTweetURL":"twitter:\/\/status?id=1108354577504628737",
    "alternativeID":"1108587563030212608",
    "title":"Tweet 1108587563030212608",
    "issued":1553142846000,
    "objectPID":"https:\/\/doi.org\/10.1001\/jama.280.19.1690",
    "objectURL":"https:\/\/jamanetwork.com\/journals\/jama\/fullarticle\/188182",
    "updatedDate":null
  },
  "42":{
    "twitterIncrement":11990,
    "sourceID":"twitter",
    "subjectID":"twitter:\/\/status?id=1108652482471829504",
    "objectID":"https:\/\/doi.org\/10.1001\/jama.280.19.1690",
    "eventID":"ae4e8681-ecc2-4e77-b3d9-d96f5aecb8c6",
    "occurredAt":1553158324000,
    "timeObserved":1553440007000,
    "relationType":"discusses",
    "sourceToken":"45a1ef76-4f43-4cdc-9ba8-5a6ad01cc231",
    "license":"https:\/\/creativecommons.org\/publicdomain\/zero\/1.0\/",
    "termsOfUse":"https:\/\/doi.org\/10.13003\/CED-terms-of-use",
    "tweetAuthor":"twitter:\/\/user?screen_name=akimova_eva",
    "originalTweetAuthor":"twitter:\/\/user?screen_name=BaileyDeBarmore",
    "updatedReason":null,
    "updated":null,
    "evidenceRecord":"https:\/\/evidence.eventdata.crossref.org\/evidence\/20190321-twitter-302f8f4d-a9d1-4ee4-9a9f-09df5f3c89",
    "eventAction":"add",
    "subjectPID":"twitter:\/\/status?id=1108652482471829504",
    "originalTweetURL":"twitter:\/\/status?id=1108354577504628737",
    "alternativeID":"1108652482471829504",
    "title":"Tweet 1108652482471829504",
    "issued":1553158324000,
    "objectPID":"https:\/\/doi.org\/10.1001\/jama.280.19.1690",
    "objectURL":"https:\/\/jamanetwork.com\/journals\/jama\/fullarticle\/188182",
    "updatedDate":null
  },
  "43":{
    "twitterIncrement":11991,
    "sourceID":"twitter",
    "subjectID":"twitter:\/\/status?id=1147664119136489472",
    "objectID":"https:\/\/doi.org\/10.1001\/jama.280.19.1690",
    "eventID":"1ebdf998-9d8b-4a27-bf8a-eeff3d67b0f6",
    "occurredAt":1562459423000,
    "timeObserved":1562445169000,
    "relationType":"discusses",
    "sourceToken":"45a1ef76-4f43-4cdc-9ba8-5a6ad01cc231",
    "license":"https:\/\/creativecommons.org\/publicdomain\/zero\/1.0\/",
    "termsOfUse":"https:\/\/doi.org\/10.13003\/CED-terms-of-use",
    "tweetAuthor":"twitter:\/\/user?screen_name=nutrepi",
    "originalTweetAuthor":null,
    "updatedReason":null,
    "updated":null,
    "evidenceRecord":"https:\/\/evidence.eventdata.crossref.org\/evidence\/20190707-twitter-14038423-5f3b-4307-90ac-98fa77615b",
    "eventAction":"add",
    "subjectPID":"twitter:\/\/status?id=1147664119136489472",
    "originalTweetURL":"twitter:\/\/status?id=1147664119136489472",
    "alternativeID":"1147664119136489472",
    "title":"Tweet 1147664119136489472",
    "issued":1562459423000,
    "objectPID":"https:\/\/doi.org\/10.1001\/jama.280.19.1690",
    "objectURL":"https:\/\/jamanetwork.com\/journals\/jama\/fullarticle\/188182?utm_source=twitter&utm_campaign=content-sha",
    "updatedDate":null
  },
  "44":{
    "twitterIncrement":11992,
    "sourceID":"twitter",
    "subjectID":"twitter:\/\/status?id=1337167635646181377",
    "objectID":"https:\/\/doi.org\/10.1001\/jama.280.19.1690",
    "eventID":"aadc50cc-4435-4f4f-a891-15fdf819ab1c",
    "occurredAt":1607640582000,
    "timeObserved":1607623214000,
    "relationType":"discusses",
    "sourceToken":"45a1ef76-4f43-4cdc-9ba8-5a6ad01cc231",
    "license":"https:\/\/creativecommons.org\/publicdomain\/zero\/1.0\/",
    "termsOfUse":"https:\/\/doi.org\/10.13003\/CED-terms-of-use",
    "tweetAuthor":"twitter:\/\/user?screen_name=DorylisK",
    "originalTweetAuthor":null,
    "updatedReason":null,
    "updated":null,
    "evidenceRecord":"https:\/\/evidence.eventdata.crossref.org\/evidence\/20201210-twitter-dc841fcf-d275-4a7e-a94c-f531c5a0ae",
    "eventAction":"add",
    "subjectPID":"twitter:\/\/status?id=1337167635646181377",
    "originalTweetURL":"twitter:\/\/status?id=1337167635646181377",
    "alternativeID":"1337167635646181377",
    "title":"Tweet 1337167635646181377",
    "issued":1607640582000,
    "objectPID":"https:\/\/doi.org\/10.1001\/jama.280.19.1690",
    "objectURL":"https:\/\/jamanetwork.com\/journals\/jama\/fullarticle\/188182",
    "updatedDate":null
  }
}