{
  "0":{
    "wordPressIncrement":21,
    "sourceID":"wordpressdotcom",
    "objectID":"https:\/\/doi.org\/10.1001\/jama.280.19.1690",
    "subjectID":"https:\/\/actubible.wordpress.com\/2020\/12\/15\/la-meta-analyse-qui-donne-raison-a-didier-raoult\/",
    "eventID":"55e4c89c-b5ca-446a-a88e-aafe4f559552",
    "occurredAt":1608054471000,
    "timeObserved":1608062383000,
    "relationType":"discusses",
    "sourceToken":"7750d578-d74d-4e92-9348-cd443cbb7afa",
    "license":"https:\/\/creativecommons.org\/publicdomain\/zero\/1.0\/",
    "termsOfUse":"https:\/\/doi.org\/10.13003\/CED-terms-of-use",
    "evidenceRecord":"https:\/\/evidence.eventdata.crossref.org\/evidence\/20201216-wordpressdotcom-b259a2c0-098f-4065-89a1-b5789513b379",
    "eventAction":"add",
    "subjectPID":"https:\/\/actubible.wordpress.com\/2020\/12\/15\/la-meta-analyse-qui-donne-raison-a-didier-raoult\/",
    "subjectTitle":"La  M\u00e9ta-Analyse qui donne raison \u00e0 Didier Raoult : l'Hydroxychloroquine est efficace contre la Covid-19.",
    "subjectType":"post-weblog",
    "objectPID":"https:\/\/doi.org\/10.1001\/jama.280.19.1690",
    "objectURL":"https:\/\/doi.org\/10.1001\/jama.280.19.1690"
  }
}