dataCiteIncrement,sourceID,objectID,subjectID,eventID,occurredAt,timeObserved,relationType,license,termsOfUse,messageAction
2658,datacite,https://doi.org/10.1146/annurev.ecolsys.28.1.621,https://doi.org/10.1007/s00267-019-01180-9,9824bf67-beac-4259-8bfc-ef3ee656e8e9,2019-09-29 16:58:49,2019-09-29 19:08:19,references,https://creativecommons.org/publicdomain/zero/1.0/,https://doi.org/10.13003/CED-terms-of-use,create
2659,datacite,https://doi.org/10.1146/annurev.ecolsys.28.1.621,https://doi.org/10.1139/f06-138,bdb2311f-9145-4596-af26-f39376ab395b,2019-09-29 19:30:52,2019-09-29 22:09:13,references,https://creativecommons.org/publicdomain/zero/1.0/,https://doi.org/10.13003/CED-terms-of-use,create
2660,datacite,https://doi.org/10.1146/annurev.ecolsys.28.1.621,https://doi.org/10.1191/0309133306pp490pr,679a8cf8-b3c9-45b2-8200-2cfaaba4f758,2019-09-30 15:36:18,2019-09-30 13:46:32,references,https://creativecommons.org/publicdomain/zero/1.0/,https://doi.org/10.13003/CED-terms-of-use,create
2661,datacite,https://doi.org/10.1146/annurev.ecolsys.28.1.621,https://doi.org/10.1111/fwb.13088,78ab2f5b-b49c-42cd-ab25-97365a7a952b,2019-09-04 19:17:20,2019-10-01 08:10:51,references,https://creativecommons.org/publicdomain/zero/1.0/,https://doi.org/10.13003/CED-terms-of-use,create
