DOI,URL,title,container_title,authors,affiliation,page,publisher,language,alternative_id,created_date_time,deposited_date_time,is_referenced_by_count,issue,issued_date_parts,prefix,published_online_date_parts,published_print_date_parts
10.1177/070674379704200909,http://dx.doi.org/10.1177/070674379704200909,Depression in Primary Care—More like Asthma Than Appendicitis: The Michigan Depression Project,The Canadian Journal of Psychiatry,Michael S Klinkman,"Assistant Professor, Department of Family Medicine, University of Michigan, Ann Arbor, Michigan",966-973,SAGE Publications,en,10.1177/070674379704200909,2017-01-06 01:32:38,2018-01-10 09:38:15,42,9,1997/11,10.1177,2016/11/30,1997/11
10.1177/070674379704200909,http://dx.doi.org/10.1177/070674379704200909,Depression in Primary Care—More like Asthma Than Appendicitis: The Michigan Depression Project,The Canadian Journal of Psychiatry,Thomas L Schwenk,"Professor, Department of Family Medicine, University of Michigan, Ann Arbor, Michigan",966-973,SAGE Publications,en,10.1177/070674379704200909,2017-01-06 01:32:38,2018-01-10 09:38:15,42,9,1997/11,10.1177,2016/11/30,1997/11
10.1177/070674379704200909,http://dx.doi.org/10.1177/070674379704200909,Depression in Primary Care—More like Asthma Than Appendicitis: The Michigan Depression Project,The Canadian Journal of Psychiatry,James C Coyne,"Departments of Family Medicine and Psychiatry, University of Michigan, Ann Arbor, Michigan",966-973,SAGE Publications,en,10.1177/070674379704200909,2017-01-06 01:32:38,2018-01-10 09:38:15,42,9,1997/11,10.1177,2016/11/30,1997/11
10.1016/s0042-6989(99)00180-7,http://dx.doi.org/10.1016/s0042-6989(99)00180-7,Tilt dependency of slant aftereffect,Vision Research,Samuel R. Sommers,"University of Michigan,",349-357,Elsevier BV,en,S0042698999001807,2002-07-25 12:20:17,2019-04-26 01:22:13,5,3,2000/2,10.1016,,2000/2
10.1016/s0042-6989(99)00180-7,http://dx.doi.org/10.1016/s0042-6989(99)00180-7,Tilt dependency of slant aftereffect,Vision Research,Phoebe C. Ellsworth,University of Michigan,349-357,Elsevier BV,en,S0042698999001807,2002-07-25 12:20:17,2019-04-26 01:22:13,5,3,2000/2,10.1016,,2000/2
