crossRefIncrement,sourceID,objectID,subjectID,eventID,occurredAt,timeObserved,relationType,sourceToken,license,crossrefTermsOfUse,messageAction
4440,crossref,https://doi.org/10.1016/S0165-1889(97)00071-7,https://doi.org/10.1007/s13595-019-0813-3,b7409675-a97f-450b-a760-4647d06667de,2019-04-02 00:00:00,2019-06-28 11:32:56,references,8676e950-8ac5-4074-8ac3-c0a18ada7e99,https://doi.org/10.13003/CED-terms-of-use,https://doi.org/10.13003/CED-terms-of-use,create
4441,crossref,https://doi.org/10.1016/S0165-1889(97)00071-7,https://doi.org/10.1016/j.jfe.2017.09.002,3e1debda-c2c6-4e73-9aac-8eccd7394994,2017-12-01 00:00:00,2019-07-04 09:42:05,references,8676e950-8ac5-4074-8ac3-c0a18ada7e99,https://doi.org/10.13003/CED-terms-of-use,https://doi.org/10.13003/CED-terms-of-use,create
4442,crossref,https://doi.org/10.1016/S0165-1889(97)00071-7,https://doi.org/10.1142/S0218339010003263,06645227-a3f3-48b3-8429-d1941462e527,2010-03-01 00:00:00,2019-10-19 02:13:22,references,8676e950-8ac5-4074-8ac3-c0a18ada7e99,https://doi.org/10.13003/CED-terms-of-use,https://doi.org/10.13003/CED-terms-of-use,create
4443,crossref,https://doi.org/10.1016/S0165-1889(97)00071-7,https://doi.org/10.1078/1104-6899-00002,fa1c5e91-0847-4e97-9a78-ee7649cc5da0,2002-01-01 00:00:00,2019-12-15 21:48:22,references,8676e950-8ac5-4074-8ac3-c0a18ada7e99,https://doi.org/10.13003/CED-terms-of-use,https://doi.org/10.13003/CED-terms-of-use,create
4444,crossref,https://doi.org/10.1016/S0165-1889(97)00071-7,https://doi.org/10.1007/s00186-019-00665-x,71a0ef55-0706-4312-b4a7-5baa858ba929,2019-04-06 00:00:00,2019-12-27 18:33:19,references,8676e950-8ac5-4074-8ac3-c0a18ada7e99,https://doi.org/10.13003/CED-terms-of-use,https://doi.org/10.13003/CED-terms-of-use,create
4445,crossref,https://doi.org/10.1016/S0165-1889(97)00071-7,https://doi.org/10.1111/j.1467-8276.2005.00759.x,2396b9ea-065d-4f8a-be62-15f94b1ed8ca,2005-08-01 00:00:00,2020-01-01 19:56:26,references,8676e950-8ac5-4074-8ac3-c0a18ada7e99,https://doi.org/10.13003/CED-terms-of-use,https://doi.org/10.13003/CED-terms-of-use,create
