DOI,URL,title,container_title,authors,page,publisher,language,alternative_id,created_date_time,deposited_date_time,is_referenced_by_count,issue,issued_date_parts,prefix,published_online_date_parts,published_print_date_parts
10.1016/s0091-6749(98)70192-7,http://dx.doi.org/10.1016/s0091-6749(98)70192-7,Do dairy products induce bronchoconstriction in adults with asthma?,Journal of Allergy and Clinical Immunology,Rosalie K. Woods,45-50,Elsevier BV,en,S0091674998701927,2005-11-16 12:24:41,2019-01-21 01:20:53,30,1,1998/1,10.1016,,1998/1
10.1016/s0091-6749(98)70192-7,http://dx.doi.org/10.1016/s0091-6749(98)70192-7,Do dairy products induce bronchoconstriction in adults with asthma?,Journal of Allergy and Clinical Immunology,John M. Weiner,45-50,Elsevier BV,en,S0091674998701927,2005-11-16 12:24:41,2019-01-21 01:20:53,30,1,1998/1,10.1016,,1998/1
10.1016/s0091-6749(98)70192-7,http://dx.doi.org/10.1016/s0091-6749(98)70192-7,Do dairy products induce bronchoconstriction in adults with asthma?,Journal of Allergy and Clinical Immunology,Michael Abramson,45-50,Elsevier BV,en,S0091674998701927,2005-11-16 12:24:41,2019-01-21 01:20:53,30,1,1998/1,10.1016,,1998/1
10.1016/s0091-6749(98)70192-7,http://dx.doi.org/10.1016/s0091-6749(98)70192-7,Do dairy products induce bronchoconstriction in adults with asthma?,Journal of Allergy and Clinical Immunology,Francis Thien,45-50,Elsevier BV,en,S0091674998701927,2005-11-16 12:24:41,2019-01-21 01:20:53,30,1,1998/1,10.1016,,1998/1
10.1016/s0091-6749(98)70192-7,http://dx.doi.org/10.1016/s0091-6749(98)70192-7,Do dairy products induce bronchoconstriction in adults with asthma?,Journal of Allergy and Clinical Immunology,E.Haydn Walters,45-50,Elsevier BV,en,S0091674998701927,2005-11-16 12:24:41,2019-01-21 01:20:53,30,1,1998/1,10.1016,,1998/1
