DOI,URL,title,container_title,author,page,publisher,language,alternative_id,created_date_time,deposited_date_time,is_referenced_by_count,issue,issued_date_parts,prefix,published_online_date_parts,published_print_date_parts
10.1044/jslhr.4006.1245,http://dx.doi.org/10.1044/jslhr.4006.1245,Prevalence of Specific Language Impairment in Kindergarten Children,"Journal of Speech, Language, and Hearing Research",Xuyang Zhang,1245-1260,American Speech Language Hearing Association,en,10.1044/jslhr.4006.1245,2014-07-29 20:59:28,2019-12-23 15:01:05,1004.0,6,1997/12,10.1044,,1997/12
10.1016/s0092-8674(00)81683-9,http://dx.doi.org/10.1016/s0092-8674(00)81683-9,The Hallmarks of Cancer,Cell,Zhang Peizhen,57-70,Elsevier BV,en,S0092867400816839,2004-04-10 09:39:29,2020-03-31 23:07:16,15686.0,1,2000/1,10.1016,,2000/1
,,,,Shaowu Zhang,,,,,,,,,,,,
10.2165/00019053-200017040-00004,http://dx.doi.org/10.2165/00019053-200017040-00004,Inference for the Cost-Effectiveness Acceptability Curve and Cost-Effectiveness Ratio,PharmacoEconomics,S. M. Zhang,339-349,Springer Science and Business Media LLC,en,17040339,2006-01-23 10:03:36,2017-11-12 19:23:24,62.0,4,2000/4,10.1007,2012/10/15,2000/4
