twitterIncrement,sourceID,subjectID,objectID,eventID,occurredAt,timeObserved,relationType,sourceToken,license,termsOfUse,tweetAuthor,originalTweetAuthor,updatedReason,updated,evidenceRecord,eventAction,subjectPID,originalTweetURL,alternativeID,title,issued,objectPID,objectURL,updatedDate
10708,twitter,twitter://status?id=1084467900415660032,https://doi.org/10.1001/jama.280.3.237,74d742b0-0744-4861-92d6-1b4cd445ae1d,2019-01-13 15:11:10,2019-01-13 10:16:15,discusses,45a1ef76-4f43-4cdc-9ba8-5a6ad01cc231,https://creativecommons.org/publicdomain/zero/1.0/,https://doi.org/10.13003/CED-terms-of-use,twitter://user?screen_name=butsch_ramone,,,,https://evidence.eventdata.crossref.org/evidence/20190113-twitter-a2dc33f7-c9bb-4922-94eb-c94498ff5a,add,twitter://status?id=1084467900415660032,twitter://status?id=1084467900415660032,1084467900415660032,Tweet 1084467900415660032,2019-01-13 15:11:10,https://doi.org/10.1001/jama.280.3.237,https://jamanetwork.com/journals/jama/fullarticle/187748,
10709,twitter,twitter://status?id=1084621296262991872,https://doi.org/10.1001/jama.280.3.237,fa735f81-bf18-429f-94e0-9770d593ab10,2019-01-14 01:20:42,2019-01-13 20:26:01,discusses,45a1ef76-4f43-4cdc-9ba8-5a6ad01cc231,https://creativecommons.org/publicdomain/zero/1.0/,https://doi.org/10.13003/CED-terms-of-use,twitter://user?screen_name=preview_sneak,twitter://user?screen_name=butsch_ramone,,,https://evidence.eventdata.crossref.org/evidence/20190114-twitter-6b89ed33-270d-4810-9f7e-b1111384cd,add,twitter://status?id=1084621296262991872,twitter://status?id=1084467900415660032,1084621296262991872,Tweet 1084621296262991872,2019-01-14 01:20:42,https://doi.org/10.1001/jama.280.3.237,https://jamanetwork.com/journals/jama/fullarticle/187748,
10710,twitter,twitter://status?id=1084631816676564992,https://doi.org/10.1001/jama.280.3.237,d30e6f5e-6cc4-43d4-a548-66a0ca0d9e73,2019-01-14 02:02:31,2019-01-13 21:08:11,discusses,45a1ef76-4f43-4cdc-9ba8-5a6ad01cc231,https://creativecommons.org/publicdomain/zero/1.0/,https://doi.org/10.13003/CED-terms-of-use,twitter://user?screen_name=tracy__e,twitter://user?screen_name=butsch_ramone,,,https://evidence.eventdata.crossref.org/evidence/20190114-twitter-71b0021b-d6c5-470c-8ce6-ca95fdd40b,add,twitter://status?id=1084631816676564992,twitter://status?id=1084467900415660032,1084631816676564992,Tweet 1084631816676564992,2019-01-14 02:02:31,https://doi.org/10.1001/jama.280.3.237,https://jamanetwork.com/journals/jama/fullarticle/187748,
10711,twitter,twitter://status?id=1261733901585780737,https://doi.org/10.1001/jama.280.3.237,50b506f7-db86-45e6-9af7-41b318c1e804,2020-05-16 19:02:58,2020-10-14 19:35:06,discusses,45a1ef76-4f43-4cdc-9ba8-5a6ad01cc231,https://creativecommons.org/publicdomain/zero/1.0/,https://doi.org/10.13003/CED-terms-of-use,twitter://user?screen_name=mxo1,twitter://user?screen_name=SizweLo,,,https://evidence.eventdata.crossref.org/evidence/20200516-twitter-0195f285-a511-4a17-9494-bd8d6d06f8,add,twitter://status?id=1261733901585780737,twitter://status?id=1261657555270602752,1261733901585780737,Tweet 1261733901585780737,2020-05-16 19:02:58,https://doi.org/10.1001/jama.280.3.237,https://jamanetwork.com/journals/jama/fullarticle/187748#COMMENT,
10712,twitter,twitter://status?id=1261681232884178945,https://doi.org/10.1001/jama.280.3.237,e5aeeac2-02ef-4fdf-a906-081922bcf236,2020-05-16 15:33:41,2020-10-14 19:35:38,discusses,45a1ef76-4f43-4cdc-9ba8-5a6ad01cc231,https://creativecommons.org/publicdomain/zero/1.0/,https://doi.org/10.13003/CED-terms-of-use,twitter://user?screen_name=slargeliving,twitter://user?screen_name=SizweLo,,,https://evidence.eventdata.crossref.org/evidence/20200516-twitter-22587430-fc78-48ab-83bd-c6ae350473,add,twitter://status?id=1261681232884178945,twitter://status?id=1261657555270602752,1261681232884178945,Tweet 1261681232884178945,2020-05-16 15:33:41,https://doi.org/10.1001/jama.280.3.237,https://jamanetwork.com/journals/jama/fullarticle/187748#COMMENT,
10713,twitter,twitter://status?id=1261664812817416195,https://doi.org/10.1001/jama.280.3.237,a2787aeb-6f5b-4821-88f1-9e1ad1d58e2b,2020-05-16 14:28:26,2020-10-14 19:35:41,discusses,45a1ef76-4f43-4cdc-9ba8-5a6ad01cc231,https://creativecommons.org/publicdomain/zero/1.0/,https://doi.org/10.13003/CED-terms-of-use,twitter://user?screen_name=AlkebulanThe,twitter://user?screen_name=SizweLo,,,https://evidence.eventdata.crossref.org/evidence/20200516-twitter-260a60a7-5e08-424e-9bdd-d06f9e8a6a,add,twitter://status?id=1261664812817416195,twitter://status?id=1261657555270602752,1261664812817416195,Tweet 1261664812817416195,2020-05-16 14:28:26,https://doi.org/10.1001/jama.280.3.237,https://jamanetwork.com/journals/jama/fullarticle/187748#COMMENT,
10714,twitter,twitter://status?id=1261692378865373185,https://doi.org/10.1001/jama.280.3.237,1fd4b7f9-14e6-469e-9567-d84754a98f78,2020-05-16 16:17:58,2020-10-14 19:36:20,discusses,45a1ef76-4f43-4cdc-9ba8-5a6ad01cc231,https://creativecommons.org/publicdomain/zero/1.0/,https://doi.org/10.13003/CED-terms-of-use,twitter://user?screen_name=IndWorldThinker,twitter://user?screen_name=SizweLo,,,https://evidence.eventdata.crossref.org/evidence/20200516-twitter-4cdc7ae0-90c9-43f4-8701-5b860286db,add,twitter://status?id=1261692378865373185,twitter://status?id=1261657555270602752,1261692378865373185,Tweet 1261692378865373185,2020-05-16 16:17:58,https://doi.org/10.1001/jama.280.3.237,https://jamanetwork.com/journals/jama/fullarticle/187748#COMMENT,
10715,twitter,twitter://status?id=1261696226757611523,https://doi.org/10.1001/jama.280.3.237,f3ef4e33-345c-4297-92d9-18feea7a240c,2020-05-16 16:33:16,2020-10-14 19:38:05,discusses,45a1ef76-4f43-4cdc-9ba8-5a6ad01cc231,https://creativecommons.org/publicdomain/zero/1.0/,https://doi.org/10.13003/CED-terms-of-use,twitter://user?screen_name=Tlhalef01943580,twitter://user?screen_name=SizweLo,,,https://evidence.eventdata.crossref.org/evidence/20200516-twitter-bdda5d5f-d6f1-47f8-a46f-c6d134c225,add,twitter://status?id=1261696226757611523,twitter://status?id=1261657555270602752,1261696226757611523,Tweet 1261696226757611523,2020-05-16 16:33:16,https://doi.org/10.1001/jama.280.3.237,https://jamanetwork.com/journals/jama/fullarticle/187748#COMMENT,
10716,twitter,twitter://status?id=1261733750054027266,https://doi.org/10.1001/jama.280.3.237,5fec5abf-160b-4aa5-84ac-84ac1e198ae0,2020-05-16 19:02:22,2020-10-14 19:38:12,discusses,45a1ef76-4f43-4cdc-9ba8-5a6ad01cc231,https://creativecommons.org/publicdomain/zero/1.0/,https://doi.org/10.13003/CED-terms-of-use,twitter://user?screen_name=Ndumiso41410102,twitter://user?screen_name=SizweLo,,,https://evidence.eventdata.crossref.org/evidence/20200516-twitter-c5da604c-7602-4d7d-9376-14507ee157,add,twitter://status?id=1261733750054027266,twitter://status?id=1261657555270602752,1261733750054027266,Tweet 1261733750054027266,2020-05-16 19:02:22,https://doi.org/10.1001/jama.280.3.237,https://jamanetwork.com/journals/jama/fullarticle/187748#COMMENT,
10717,twitter,twitter://status?id=1261670616727465984,https://doi.org/10.1001/jama.280.3.237,a18ea7d6-6151-4ed5-a997-eb107513f55a,2020-05-16 14:51:30,2020-10-14 19:38:21,discusses,45a1ef76-4f43-4cdc-9ba8-5a6ad01cc231,https://creativecommons.org/publicdomain/zero/1.0/,https://doi.org/10.13003/CED-terms-of-use,twitter://user?screen_name=DESCOLONIZADORA,twitter://user?screen_name=SizweLo,,,https://evidence.eventdata.crossref.org/evidence/20200516-twitter-ca94da89-4c53-4848-94b6-2cdb9f7105,add,twitter://status?id=1261670616727465984,twitter://status?id=1261657555270602752,1261670616727465984,Tweet 1261670616727465984,2020-05-16 14:51:30,https://doi.org/10.1001/jama.280.3.237,https://jamanetwork.com/journals/jama/fullarticle/187748#COMMENT,
10718,twitter,twitter://status?id=1261657555270602752,https://doi.org/10.1001/jama.280.3.237,76971bc6-2647-43e9-92d4-c28c5473335a,2020-05-16 13:59:36,2020-10-14 19:38:50,discusses,45a1ef76-4f43-4cdc-9ba8-5a6ad01cc231,https://creativecommons.org/publicdomain/zero/1.0/,https://doi.org/10.13003/CED-terms-of-use,twitter://user?screen_name=SizweLo,,,,https://evidence.eventdata.crossref.org/evidence/20200516-twitter-eb29cf45-bfaa-4e24-ba8f-9de27c9c91,add,twitter://status?id=1261657555270602752,twitter://status?id=1261657555270602752,1261657555270602752,Tweet 1261657555270602752,2020-05-16 13:59:36,https://doi.org/10.1001/jama.280.3.237,https://jamanetwork.com/journals/jama/fullarticle/187748#COMMENT,
10719,twitter,twitter://status?id=1261985935551598593,https://doi.org/10.1001/jama.280.3.237,341e27bc-472b-42fe-93af-edf413996a5a,2020-05-17 11:44:28,2020-10-14 20:07:15,discusses,45a1ef76-4f43-4cdc-9ba8-5a6ad01cc231,https://creativecommons.org/publicdomain/zero/1.0/,https://doi.org/10.13003/CED-terms-of-use,twitter://user?screen_name=lwazintombela,twitter://user?screen_name=SizweLo,,,https://evidence.eventdata.crossref.org/evidence/20200517-twitter-d6e9f0e0-d19f-4bbd-ba1c-4cfc58fc8c,add,twitter://status?id=1261985935551598593,twitter://status?id=1261657555270602752,1261985935551598593,Tweet 1261985935551598593,2020-05-17 11:44:28,https://doi.org/10.1001/jama.280.3.237,https://jamanetwork.com/journals/jama/fullarticle/187748#COMMENT,
10720,twitter,twitter://status?id=1261893118011596801,https://doi.org/10.1001/jama.280.3.237,7472715b-58d2-42a6-8039-2151046301e8,2020-05-17 05:35:38,2020-10-14 20:07:18,discusses,45a1ef76-4f43-4cdc-9ba8-5a6ad01cc231,https://creativecommons.org/publicdomain/zero/1.0/,https://doi.org/10.13003/CED-terms-of-use,twitter://user?screen_name=SammyN36174614,,,,https://evidence.eventdata.crossref.org/evidence/20200517-twitter-d70e2291-c404-4f88-a901-18684ebbdf,add,twitter://status?id=1261893118011596801,twitter://status?id=1261893118011596801,1261893118011596801,Tweet 1261893118011596801,2020-05-17 05:35:38,https://doi.org/10.1001/jama.280.3.237,https://jamanetwork.com/journals/jama/fullarticle/187748#COMMENT,
10721,twitter,twitter://status?id=1262175619057664004,https://doi.org/10.1001/jama.280.3.237,3f1c0403-c038-442e-9518-90a966c447a0,2020-05-18 00:18:12,2020-10-14 20:37:13,discusses,45a1ef76-4f43-4cdc-9ba8-5a6ad01cc231,https://creativecommons.org/publicdomain/zero/1.0/,https://doi.org/10.13003/CED-terms-of-use,twitter://user?screen_name=Regoworldwide,twitter://user?screen_name=SizweLo,,,https://evidence.eventdata.crossref.org/evidence/20200518-twitter-92c76c56-824f-4129-97b4-1580635980,add,twitter://status?id=1262175619057664004,twitter://status?id=1261657555270602752,1262175619057664004,Tweet 1262175619057664004,2020-05-18 00:18:12,https://doi.org/10.1001/jama.280.3.237,https://jamanetwork.com/journals/jama/fullarticle/187748#COMMENT,
10722,twitter,twitter://status?id=1264455832315531264,https://doi.org/10.1001/jama.280.3.237,719dd70f-1683-45cf-90c3-9eb9d33e671a,2020-05-24 07:18:57,2020-10-14 23:42:25,discusses,45a1ef76-4f43-4cdc-9ba8-5a6ad01cc231,https://creativecommons.org/publicdomain/zero/1.0/,https://doi.org/10.13003/CED-terms-of-use,twitter://user?screen_name=Lunga_Linda,twitter://user?screen_name=SizweLo,,,https://evidence.eventdata.crossref.org/evidence/20200524-twitter-df0873f3-ee2e-489f-93bf-7444656f2c,add,twitter://status?id=1264455832315531264,twitter://status?id=1261657555270602752,1264455832315531264,Tweet 1264455832315531264,2020-05-24 07:18:57,https://doi.org/10.1001/jama.280.3.237,https://jamanetwork.com/journals/jama/fullarticle/187748#COMMENT,
10723,twitter,twitter://status?id=1269133624990994432,https://doi.org/10.1001/jama.280.3.237,b321a0e1-1809-4c0c-a1d4-00274f48e3f1,2020-06-06 05:06:50,2020-10-15 06:12:51,discusses,45a1ef76-4f43-4cdc-9ba8-5a6ad01cc231,https://creativecommons.org/publicdomain/zero/1.0/,https://doi.org/10.13003/CED-terms-of-use,twitter://user?screen_name=butsch_ramone,,,,https://evidence.eventdata.crossref.org/evidence/20200606-twitter-ed87fa3d-2afe-43b2-97d0-01924381c2,add,twitter://status?id=1269133624990994432,twitter://status?id=1269133624990994432,1269133624990994432,Tweet 1269133624990994432,2020-06-06 05:06:50,https://doi.org/10.1001/jama.280.3.237,https://jamanetwork.com/journals/jama/fullarticle/187748,
11324,twitter,twitter://status?id=1084467900415660032,https://doi.org/10.1001/jama.280.3.237,74d742b0-0744-4861-92d6-1b4cd445ae1d,2019-01-13 15:11:10,2019-01-13 10:16:15,discusses,45a1ef76-4f43-4cdc-9ba8-5a6ad01cc231,https://creativecommons.org/publicdomain/zero/1.0/,https://doi.org/10.13003/CED-terms-of-use,twitter://user?screen_name=butsch_ramone,,,,https://evidence.eventdata.crossref.org/evidence/20190113-twitter-a2dc33f7-c9bb-4922-94eb-c94498ff5a,add,twitter://status?id=1084467900415660032,twitter://status?id=1084467900415660032,1084467900415660032,Tweet 1084467900415660032,2019-01-13 15:11:10,https://doi.org/10.1001/jama.280.3.237,https://jamanetwork.com/journals/jama/fullarticle/187748,
11325,twitter,twitter://status?id=1084621296262991872,https://doi.org/10.1001/jama.280.3.237,fa735f81-bf18-429f-94e0-9770d593ab10,2019-01-14 01:20:42,2019-01-13 20:26:01,discusses,45a1ef76-4f43-4cdc-9ba8-5a6ad01cc231,https://creativecommons.org/publicdomain/zero/1.0/,https://doi.org/10.13003/CED-terms-of-use,twitter://user?screen_name=preview_sneak,twitter://user?screen_name=butsch_ramone,,,https://evidence.eventdata.crossref.org/evidence/20190114-twitter-6b89ed33-270d-4810-9f7e-b1111384cd,add,twitter://status?id=1084621296262991872,twitter://status?id=1084467900415660032,1084621296262991872,Tweet 1084621296262991872,2019-01-14 01:20:42,https://doi.org/10.1001/jama.280.3.237,https://jamanetwork.com/journals/jama/fullarticle/187748,
11326,twitter,twitter://status?id=1084631816676564992,https://doi.org/10.1001/jama.280.3.237,d30e6f5e-6cc4-43d4-a548-66a0ca0d9e73,2019-01-14 02:02:31,2019-01-13 21:08:11,discusses,45a1ef76-4f43-4cdc-9ba8-5a6ad01cc231,https://creativecommons.org/publicdomain/zero/1.0/,https://doi.org/10.13003/CED-terms-of-use,twitter://user?screen_name=tracy__e,twitter://user?screen_name=butsch_ramone,,,https://evidence.eventdata.crossref.org/evidence/20190114-twitter-71b0021b-d6c5-470c-8ce6-ca95fdd40b,add,twitter://status?id=1084631816676564992,twitter://status?id=1084467900415660032,1084631816676564992,Tweet 1084631816676564992,2019-01-14 02:02:31,https://doi.org/10.1001/jama.280.3.237,https://jamanetwork.com/journals/jama/fullarticle/187748,
11327,twitter,twitter://status?id=1261733901585780737,https://doi.org/10.1001/jama.280.3.237,50b506f7-db86-45e6-9af7-41b318c1e804,2020-05-16 19:02:58,2020-10-14 19:35:06,discusses,45a1ef76-4f43-4cdc-9ba8-5a6ad01cc231,https://creativecommons.org/publicdomain/zero/1.0/,https://doi.org/10.13003/CED-terms-of-use,twitter://user?screen_name=mxo1,twitter://user?screen_name=SizweLo,,,https://evidence.eventdata.crossref.org/evidence/20200516-twitter-0195f285-a511-4a17-9494-bd8d6d06f8,add,twitter://status?id=1261733901585780737,twitter://status?id=1261657555270602752,1261733901585780737,Tweet 1261733901585780737,2020-05-16 19:02:58,https://doi.org/10.1001/jama.280.3.237,https://jamanetwork.com/journals/jama/fullarticle/187748#COMMENT,
11328,twitter,twitter://status?id=1261681232884178945,https://doi.org/10.1001/jama.280.3.237,e5aeeac2-02ef-4fdf-a906-081922bcf236,2020-05-16 15:33:41,2020-10-14 19:35:38,discusses,45a1ef76-4f43-4cdc-9ba8-5a6ad01cc231,https://creativecommons.org/publicdomain/zero/1.0/,https://doi.org/10.13003/CED-terms-of-use,twitter://user?screen_name=slargeliving,twitter://user?screen_name=SizweLo,,,https://evidence.eventdata.crossref.org/evidence/20200516-twitter-22587430-fc78-48ab-83bd-c6ae350473,add,twitter://status?id=1261681232884178945,twitter://status?id=1261657555270602752,1261681232884178945,Tweet 1261681232884178945,2020-05-16 15:33:41,https://doi.org/10.1001/jama.280.3.237,https://jamanetwork.com/journals/jama/fullarticle/187748#COMMENT,
11329,twitter,twitter://status?id=1261664812817416195,https://doi.org/10.1001/jama.280.3.237,a2787aeb-6f5b-4821-88f1-9e1ad1d58e2b,2020-05-16 14:28:26,2020-10-14 19:35:41,discusses,45a1ef76-4f43-4cdc-9ba8-5a6ad01cc231,https://creativecommons.org/publicdomain/zero/1.0/,https://doi.org/10.13003/CED-terms-of-use,twitter://user?screen_name=AlkebulanThe,twitter://user?screen_name=SizweLo,,,https://evidence.eventdata.crossref.org/evidence/20200516-twitter-260a60a7-5e08-424e-9bdd-d06f9e8a6a,add,twitter://status?id=1261664812817416195,twitter://status?id=1261657555270602752,1261664812817416195,Tweet 1261664812817416195,2020-05-16 14:28:26,https://doi.org/10.1001/jama.280.3.237,https://jamanetwork.com/journals/jama/fullarticle/187748#COMMENT,
11330,twitter,twitter://status?id=1261692378865373185,https://doi.org/10.1001/jama.280.3.237,1fd4b7f9-14e6-469e-9567-d84754a98f78,2020-05-16 16:17:58,2020-10-14 19:36:20,discusses,45a1ef76-4f43-4cdc-9ba8-5a6ad01cc231,https://creativecommons.org/publicdomain/zero/1.0/,https://doi.org/10.13003/CED-terms-of-use,twitter://user?screen_name=IndWorldThinker,twitter://user?screen_name=SizweLo,,,https://evidence.eventdata.crossref.org/evidence/20200516-twitter-4cdc7ae0-90c9-43f4-8701-5b860286db,add,twitter://status?id=1261692378865373185,twitter://status?id=1261657555270602752,1261692378865373185,Tweet 1261692378865373185,2020-05-16 16:17:58,https://doi.org/10.1001/jama.280.3.237,https://jamanetwork.com/journals/jama/fullarticle/187748#COMMENT,
11331,twitter,twitter://status?id=1261696226757611523,https://doi.org/10.1001/jama.280.3.237,f3ef4e33-345c-4297-92d9-18feea7a240c,2020-05-16 16:33:16,2020-10-14 19:38:05,discusses,45a1ef76-4f43-4cdc-9ba8-5a6ad01cc231,https://creativecommons.org/publicdomain/zero/1.0/,https://doi.org/10.13003/CED-terms-of-use,twitter://user?screen_name=Tlhalef01943580,twitter://user?screen_name=SizweLo,,,https://evidence.eventdata.crossref.org/evidence/20200516-twitter-bdda5d5f-d6f1-47f8-a46f-c6d134c225,add,twitter://status?id=1261696226757611523,twitter://status?id=1261657555270602752,1261696226757611523,Tweet 1261696226757611523,2020-05-16 16:33:16,https://doi.org/10.1001/jama.280.3.237,https://jamanetwork.com/journals/jama/fullarticle/187748#COMMENT,
11332,twitter,twitter://status?id=1261733750054027266,https://doi.org/10.1001/jama.280.3.237,5fec5abf-160b-4aa5-84ac-84ac1e198ae0,2020-05-16 19:02:22,2020-10-14 19:38:12,discusses,45a1ef76-4f43-4cdc-9ba8-5a6ad01cc231,https://creativecommons.org/publicdomain/zero/1.0/,https://doi.org/10.13003/CED-terms-of-use,twitter://user?screen_name=Ndumiso41410102,twitter://user?screen_name=SizweLo,,,https://evidence.eventdata.crossref.org/evidence/20200516-twitter-c5da604c-7602-4d7d-9376-14507ee157,add,twitter://status?id=1261733750054027266,twitter://status?id=1261657555270602752,1261733750054027266,Tweet 1261733750054027266,2020-05-16 19:02:22,https://doi.org/10.1001/jama.280.3.237,https://jamanetwork.com/journals/jama/fullarticle/187748#COMMENT,
11333,twitter,twitter://status?id=1261670616727465984,https://doi.org/10.1001/jama.280.3.237,a18ea7d6-6151-4ed5-a997-eb107513f55a,2020-05-16 14:51:30,2020-10-14 19:38:21,discusses,45a1ef76-4f43-4cdc-9ba8-5a6ad01cc231,https://creativecommons.org/publicdomain/zero/1.0/,https://doi.org/10.13003/CED-terms-of-use,twitter://user?screen_name=DESCOLONIZADORA,twitter://user?screen_name=SizweLo,,,https://evidence.eventdata.crossref.org/evidence/20200516-twitter-ca94da89-4c53-4848-94b6-2cdb9f7105,add,twitter://status?id=1261670616727465984,twitter://status?id=1261657555270602752,1261670616727465984,Tweet 1261670616727465984,2020-05-16 14:51:30,https://doi.org/10.1001/jama.280.3.237,https://jamanetwork.com/journals/jama/fullarticle/187748#COMMENT,
11334,twitter,twitter://status?id=1261657555270602752,https://doi.org/10.1001/jama.280.3.237,76971bc6-2647-43e9-92d4-c28c5473335a,2020-05-16 13:59:36,2020-10-14 19:38:50,discusses,45a1ef76-4f43-4cdc-9ba8-5a6ad01cc231,https://creativecommons.org/publicdomain/zero/1.0/,https://doi.org/10.13003/CED-terms-of-use,twitter://user?screen_name=SizweLo,,,,https://evidence.eventdata.crossref.org/evidence/20200516-twitter-eb29cf45-bfaa-4e24-ba8f-9de27c9c91,add,twitter://status?id=1261657555270602752,twitter://status?id=1261657555270602752,1261657555270602752,Tweet 1261657555270602752,2020-05-16 13:59:36,https://doi.org/10.1001/jama.280.3.237,https://jamanetwork.com/journals/jama/fullarticle/187748#COMMENT,
11335,twitter,twitter://status?id=1261985935551598593,https://doi.org/10.1001/jama.280.3.237,341e27bc-472b-42fe-93af-edf413996a5a,2020-05-17 11:44:28,2020-10-14 20:07:15,discusses,45a1ef76-4f43-4cdc-9ba8-5a6ad01cc231,https://creativecommons.org/publicdomain/zero/1.0/,https://doi.org/10.13003/CED-terms-of-use,twitter://user?screen_name=lwazintombela,twitter://user?screen_name=SizweLo,,,https://evidence.eventdata.crossref.org/evidence/20200517-twitter-d6e9f0e0-d19f-4bbd-ba1c-4cfc58fc8c,add,twitter://status?id=1261985935551598593,twitter://status?id=1261657555270602752,1261985935551598593,Tweet 1261985935551598593,2020-05-17 11:44:28,https://doi.org/10.1001/jama.280.3.237,https://jamanetwork.com/journals/jama/fullarticle/187748#COMMENT,
11336,twitter,twitter://status?id=1261893118011596801,https://doi.org/10.1001/jama.280.3.237,7472715b-58d2-42a6-8039-2151046301e8,2020-05-17 05:35:38,2020-10-14 20:07:18,discusses,45a1ef76-4f43-4cdc-9ba8-5a6ad01cc231,https://creativecommons.org/publicdomain/zero/1.0/,https://doi.org/10.13003/CED-terms-of-use,twitter://user?screen_name=SammyN36174614,,,,https://evidence.eventdata.crossref.org/evidence/20200517-twitter-d70e2291-c404-4f88-a901-18684ebbdf,add,twitter://status?id=1261893118011596801,twitter://status?id=1261893118011596801,1261893118011596801,Tweet 1261893118011596801,2020-05-17 05:35:38,https://doi.org/10.1001/jama.280.3.237,https://jamanetwork.com/journals/jama/fullarticle/187748#COMMENT,
11337,twitter,twitter://status?id=1262175619057664004,https://doi.org/10.1001/jama.280.3.237,3f1c0403-c038-442e-9518-90a966c447a0,2020-05-18 00:18:12,2020-10-14 20:37:13,discusses,45a1ef76-4f43-4cdc-9ba8-5a6ad01cc231,https://creativecommons.org/publicdomain/zero/1.0/,https://doi.org/10.13003/CED-terms-of-use,twitter://user?screen_name=Regoworldwide,twitter://user?screen_name=SizweLo,,,https://evidence.eventdata.crossref.org/evidence/20200518-twitter-92c76c56-824f-4129-97b4-1580635980,add,twitter://status?id=1262175619057664004,twitter://status?id=1261657555270602752,1262175619057664004,Tweet 1262175619057664004,2020-05-18 00:18:12,https://doi.org/10.1001/jama.280.3.237,https://jamanetwork.com/journals/jama/fullarticle/187748#COMMENT,
11338,twitter,twitter://status?id=1264455832315531264,https://doi.org/10.1001/jama.280.3.237,719dd70f-1683-45cf-90c3-9eb9d33e671a,2020-05-24 07:18:57,2020-10-14 23:42:25,discusses,45a1ef76-4f43-4cdc-9ba8-5a6ad01cc231,https://creativecommons.org/publicdomain/zero/1.0/,https://doi.org/10.13003/CED-terms-of-use,twitter://user?screen_name=Lunga_Linda,twitter://user?screen_name=SizweLo,,,https://evidence.eventdata.crossref.org/evidence/20200524-twitter-df0873f3-ee2e-489f-93bf-7444656f2c,add,twitter://status?id=1264455832315531264,twitter://status?id=1261657555270602752,1264455832315531264,Tweet 1264455832315531264,2020-05-24 07:18:57,https://doi.org/10.1001/jama.280.3.237,https://jamanetwork.com/journals/jama/fullarticle/187748#COMMENT,
11339,twitter,twitter://status?id=1269133624990994432,https://doi.org/10.1001/jama.280.3.237,b321a0e1-1809-4c0c-a1d4-00274f48e3f1,2020-06-06 05:06:50,2020-10-15 06:12:51,discusses,45a1ef76-4f43-4cdc-9ba8-5a6ad01cc231,https://creativecommons.org/publicdomain/zero/1.0/,https://doi.org/10.13003/CED-terms-of-use,twitter://user?screen_name=butsch_ramone,,,,https://evidence.eventdata.crossref.org/evidence/20200606-twitter-ed87fa3d-2afe-43b2-97d0-01924381c2,add,twitter://status?id=1269133624990994432,twitter://status?id=1269133624990994432,1269133624990994432,Tweet 1269133624990994432,2020-06-06 05:06:50,https://doi.org/10.1001/jama.280.3.237,https://jamanetwork.com/journals/jama/fullarticle/187748,
12127,twitter,twitter://status?id=1084467900415660032,https://doi.org/10.1001/jama.280.3.237,74d742b0-0744-4861-92d6-1b4cd445ae1d,2019-01-13 15:11:10,2019-01-13 10:16:15,discusses,45a1ef76-4f43-4cdc-9ba8-5a6ad01cc231,https://creativecommons.org/publicdomain/zero/1.0/,https://doi.org/10.13003/CED-terms-of-use,twitter://user?screen_name=butsch_ramone,,,,https://evidence.eventdata.crossref.org/evidence/20190113-twitter-a2dc33f7-c9bb-4922-94eb-c94498ff5a,add,twitter://status?id=1084467900415660032,twitter://status?id=1084467900415660032,1084467900415660032,Tweet 1084467900415660032,2019-01-13 15:11:10,https://doi.org/10.1001/jama.280.3.237,https://jamanetwork.com/journals/jama/fullarticle/187748,
12128,twitter,twitter://status?id=1084621296262991872,https://doi.org/10.1001/jama.280.3.237,fa735f81-bf18-429f-94e0-9770d593ab10,2019-01-14 01:20:42,2019-01-13 20:26:01,discusses,45a1ef76-4f43-4cdc-9ba8-5a6ad01cc231,https://creativecommons.org/publicdomain/zero/1.0/,https://doi.org/10.13003/CED-terms-of-use,twitter://user?screen_name=preview_sneak,twitter://user?screen_name=butsch_ramone,,,https://evidence.eventdata.crossref.org/evidence/20190114-twitter-6b89ed33-270d-4810-9f7e-b1111384cd,add,twitter://status?id=1084621296262991872,twitter://status?id=1084467900415660032,1084621296262991872,Tweet 1084621296262991872,2019-01-14 01:20:42,https://doi.org/10.1001/jama.280.3.237,https://jamanetwork.com/journals/jama/fullarticle/187748,
12129,twitter,twitter://status?id=1084631816676564992,https://doi.org/10.1001/jama.280.3.237,d30e6f5e-6cc4-43d4-a548-66a0ca0d9e73,2019-01-14 02:02:31,2019-01-13 21:08:11,discusses,45a1ef76-4f43-4cdc-9ba8-5a6ad01cc231,https://creativecommons.org/publicdomain/zero/1.0/,https://doi.org/10.13003/CED-terms-of-use,twitter://user?screen_name=tracy__e,twitter://user?screen_name=butsch_ramone,,,https://evidence.eventdata.crossref.org/evidence/20190114-twitter-71b0021b-d6c5-470c-8ce6-ca95fdd40b,add,twitter://status?id=1084631816676564992,twitter://status?id=1084467900415660032,1084631816676564992,Tweet 1084631816676564992,2019-01-14 02:02:31,https://doi.org/10.1001/jama.280.3.237,https://jamanetwork.com/journals/jama/fullarticle/187748,
12130,twitter,twitter://status?id=1261733901585780737,https://doi.org/10.1001/jama.280.3.237,50b506f7-db86-45e6-9af7-41b318c1e804,2020-05-16 19:02:58,2020-10-14 19:35:06,discusses,45a1ef76-4f43-4cdc-9ba8-5a6ad01cc231,https://creativecommons.org/publicdomain/zero/1.0/,https://doi.org/10.13003/CED-terms-of-use,twitter://user?screen_name=mxo1,twitter://user?screen_name=SizweLo,,,https://evidence.eventdata.crossref.org/evidence/20200516-twitter-0195f285-a511-4a17-9494-bd8d6d06f8,add,twitter://status?id=1261733901585780737,twitter://status?id=1261657555270602752,1261733901585780737,Tweet 1261733901585780737,2020-05-16 19:02:58,https://doi.org/10.1001/jama.280.3.237,https://jamanetwork.com/journals/jama/fullarticle/187748#COMMENT,
12131,twitter,twitter://status?id=1261681232884178945,https://doi.org/10.1001/jama.280.3.237,e5aeeac2-02ef-4fdf-a906-081922bcf236,2020-05-16 15:33:41,2020-10-14 19:35:38,discusses,45a1ef76-4f43-4cdc-9ba8-5a6ad01cc231,https://creativecommons.org/publicdomain/zero/1.0/,https://doi.org/10.13003/CED-terms-of-use,twitter://user?screen_name=slargeliving,twitter://user?screen_name=SizweLo,,,https://evidence.eventdata.crossref.org/evidence/20200516-twitter-22587430-fc78-48ab-83bd-c6ae350473,add,twitter://status?id=1261681232884178945,twitter://status?id=1261657555270602752,1261681232884178945,Tweet 1261681232884178945,2020-05-16 15:33:41,https://doi.org/10.1001/jama.280.3.237,https://jamanetwork.com/journals/jama/fullarticle/187748#COMMENT,
12132,twitter,twitter://status?id=1261664812817416195,https://doi.org/10.1001/jama.280.3.237,a2787aeb-6f5b-4821-88f1-9e1ad1d58e2b,2020-05-16 14:28:26,2020-10-14 19:35:41,discusses,45a1ef76-4f43-4cdc-9ba8-5a6ad01cc231,https://creativecommons.org/publicdomain/zero/1.0/,https://doi.org/10.13003/CED-terms-of-use,twitter://user?screen_name=AlkebulanThe,twitter://user?screen_name=SizweLo,,,https://evidence.eventdata.crossref.org/evidence/20200516-twitter-260a60a7-5e08-424e-9bdd-d06f9e8a6a,add,twitter://status?id=1261664812817416195,twitter://status?id=1261657555270602752,1261664812817416195,Tweet 1261664812817416195,2020-05-16 14:28:26,https://doi.org/10.1001/jama.280.3.237,https://jamanetwork.com/journals/jama/fullarticle/187748#COMMENT,
12133,twitter,twitter://status?id=1261692378865373185,https://doi.org/10.1001/jama.280.3.237,1fd4b7f9-14e6-469e-9567-d84754a98f78,2020-05-16 16:17:58,2020-10-14 19:36:20,discusses,45a1ef76-4f43-4cdc-9ba8-5a6ad01cc231,https://creativecommons.org/publicdomain/zero/1.0/,https://doi.org/10.13003/CED-terms-of-use,twitter://user?screen_name=IndWorldThinker,twitter://user?screen_name=SizweLo,,,https://evidence.eventdata.crossref.org/evidence/20200516-twitter-4cdc7ae0-90c9-43f4-8701-5b860286db,add,twitter://status?id=1261692378865373185,twitter://status?id=1261657555270602752,1261692378865373185,Tweet 1261692378865373185,2020-05-16 16:17:58,https://doi.org/10.1001/jama.280.3.237,https://jamanetwork.com/journals/jama/fullarticle/187748#COMMENT,
12134,twitter,twitter://status?id=1261696226757611523,https://doi.org/10.1001/jama.280.3.237,f3ef4e33-345c-4297-92d9-18feea7a240c,2020-05-16 16:33:16,2020-10-14 19:38:05,discusses,45a1ef76-4f43-4cdc-9ba8-5a6ad01cc231,https://creativecommons.org/publicdomain/zero/1.0/,https://doi.org/10.13003/CED-terms-of-use,twitter://user?screen_name=Tlhalef01943580,twitter://user?screen_name=SizweLo,,,https://evidence.eventdata.crossref.org/evidence/20200516-twitter-bdda5d5f-d6f1-47f8-a46f-c6d134c225,add,twitter://status?id=1261696226757611523,twitter://status?id=1261657555270602752,1261696226757611523,Tweet 1261696226757611523,2020-05-16 16:33:16,https://doi.org/10.1001/jama.280.3.237,https://jamanetwork.com/journals/jama/fullarticle/187748#COMMENT,
12135,twitter,twitter://status?id=1261733750054027266,https://doi.org/10.1001/jama.280.3.237,5fec5abf-160b-4aa5-84ac-84ac1e198ae0,2020-05-16 19:02:22,2020-10-14 19:38:12,discusses,45a1ef76-4f43-4cdc-9ba8-5a6ad01cc231,https://creativecommons.org/publicdomain/zero/1.0/,https://doi.org/10.13003/CED-terms-of-use,twitter://user?screen_name=Ndumiso41410102,twitter://user?screen_name=SizweLo,,,https://evidence.eventdata.crossref.org/evidence/20200516-twitter-c5da604c-7602-4d7d-9376-14507ee157,add,twitter://status?id=1261733750054027266,twitter://status?id=1261657555270602752,1261733750054027266,Tweet 1261733750054027266,2020-05-16 19:02:22,https://doi.org/10.1001/jama.280.3.237,https://jamanetwork.com/journals/jama/fullarticle/187748#COMMENT,
12136,twitter,twitter://status?id=1261670616727465984,https://doi.org/10.1001/jama.280.3.237,a18ea7d6-6151-4ed5-a997-eb107513f55a,2020-05-16 14:51:30,2020-10-14 19:38:21,discusses,45a1ef76-4f43-4cdc-9ba8-5a6ad01cc231,https://creativecommons.org/publicdomain/zero/1.0/,https://doi.org/10.13003/CED-terms-of-use,twitter://user?screen_name=DESCOLONIZADORA,twitter://user?screen_name=SizweLo,,,https://evidence.eventdata.crossref.org/evidence/20200516-twitter-ca94da89-4c53-4848-94b6-2cdb9f7105,add,twitter://status?id=1261670616727465984,twitter://status?id=1261657555270602752,1261670616727465984,Tweet 1261670616727465984,2020-05-16 14:51:30,https://doi.org/10.1001/jama.280.3.237,https://jamanetwork.com/journals/jama/fullarticle/187748#COMMENT,
12137,twitter,twitter://status?id=1261657555270602752,https://doi.org/10.1001/jama.280.3.237,76971bc6-2647-43e9-92d4-c28c5473335a,2020-05-16 13:59:36,2020-10-14 19:38:50,discusses,45a1ef76-4f43-4cdc-9ba8-5a6ad01cc231,https://creativecommons.org/publicdomain/zero/1.0/,https://doi.org/10.13003/CED-terms-of-use,twitter://user?screen_name=SizweLo,,,,https://evidence.eventdata.crossref.org/evidence/20200516-twitter-eb29cf45-bfaa-4e24-ba8f-9de27c9c91,add,twitter://status?id=1261657555270602752,twitter://status?id=1261657555270602752,1261657555270602752,Tweet 1261657555270602752,2020-05-16 13:59:36,https://doi.org/10.1001/jama.280.3.237,https://jamanetwork.com/journals/jama/fullarticle/187748#COMMENT,
12138,twitter,twitter://status?id=1261985935551598593,https://doi.org/10.1001/jama.280.3.237,341e27bc-472b-42fe-93af-edf413996a5a,2020-05-17 11:44:28,2020-10-14 20:07:15,discusses,45a1ef76-4f43-4cdc-9ba8-5a6ad01cc231,https://creativecommons.org/publicdomain/zero/1.0/,https://doi.org/10.13003/CED-terms-of-use,twitter://user?screen_name=lwazintombela,twitter://user?screen_name=SizweLo,,,https://evidence.eventdata.crossref.org/evidence/20200517-twitter-d6e9f0e0-d19f-4bbd-ba1c-4cfc58fc8c,add,twitter://status?id=1261985935551598593,twitter://status?id=1261657555270602752,1261985935551598593,Tweet 1261985935551598593,2020-05-17 11:44:28,https://doi.org/10.1001/jama.280.3.237,https://jamanetwork.com/journals/jama/fullarticle/187748#COMMENT,
12139,twitter,twitter://status?id=1261893118011596801,https://doi.org/10.1001/jama.280.3.237,7472715b-58d2-42a6-8039-2151046301e8,2020-05-17 05:35:38,2020-10-14 20:07:18,discusses,45a1ef76-4f43-4cdc-9ba8-5a6ad01cc231,https://creativecommons.org/publicdomain/zero/1.0/,https://doi.org/10.13003/CED-terms-of-use,twitter://user?screen_name=SammyN36174614,,,,https://evidence.eventdata.crossref.org/evidence/20200517-twitter-d70e2291-c404-4f88-a901-18684ebbdf,add,twitter://status?id=1261893118011596801,twitter://status?id=1261893118011596801,1261893118011596801,Tweet 1261893118011596801,2020-05-17 05:35:38,https://doi.org/10.1001/jama.280.3.237,https://jamanetwork.com/journals/jama/fullarticle/187748#COMMENT,
12140,twitter,twitter://status?id=1262175619057664004,https://doi.org/10.1001/jama.280.3.237,3f1c0403-c038-442e-9518-90a966c447a0,2020-05-18 00:18:12,2020-10-14 20:37:13,discusses,45a1ef76-4f43-4cdc-9ba8-5a6ad01cc231,https://creativecommons.org/publicdomain/zero/1.0/,https://doi.org/10.13003/CED-terms-of-use,twitter://user?screen_name=Regoworldwide,twitter://user?screen_name=SizweLo,,,https://evidence.eventdata.crossref.org/evidence/20200518-twitter-92c76c56-824f-4129-97b4-1580635980,add,twitter://status?id=1262175619057664004,twitter://status?id=1261657555270602752,1262175619057664004,Tweet 1262175619057664004,2020-05-18 00:18:12,https://doi.org/10.1001/jama.280.3.237,https://jamanetwork.com/journals/jama/fullarticle/187748#COMMENT,
12141,twitter,twitter://status?id=1264455832315531264,https://doi.org/10.1001/jama.280.3.237,719dd70f-1683-45cf-90c3-9eb9d33e671a,2020-05-24 07:18:57,2020-10-14 23:42:25,discusses,45a1ef76-4f43-4cdc-9ba8-5a6ad01cc231,https://creativecommons.org/publicdomain/zero/1.0/,https://doi.org/10.13003/CED-terms-of-use,twitter://user?screen_name=Lunga_Linda,twitter://user?screen_name=SizweLo,,,https://evidence.eventdata.crossref.org/evidence/20200524-twitter-df0873f3-ee2e-489f-93bf-7444656f2c,add,twitter://status?id=1264455832315531264,twitter://status?id=1261657555270602752,1264455832315531264,Tweet 1264455832315531264,2020-05-24 07:18:57,https://doi.org/10.1001/jama.280.3.237,https://jamanetwork.com/journals/jama/fullarticle/187748#COMMENT,
12142,twitter,twitter://status?id=1269133624990994432,https://doi.org/10.1001/jama.280.3.237,b321a0e1-1809-4c0c-a1d4-00274f48e3f1,2020-06-06 05:06:50,2020-10-15 06:12:51,discusses,45a1ef76-4f43-4cdc-9ba8-5a6ad01cc231,https://creativecommons.org/publicdomain/zero/1.0/,https://doi.org/10.13003/CED-terms-of-use,twitter://user?screen_name=butsch_ramone,,,,https://evidence.eventdata.crossref.org/evidence/20200606-twitter-ed87fa3d-2afe-43b2-97d0-01924381c2,add,twitter://status?id=1269133624990994432,twitter://status?id=1269133624990994432,1269133624990994432,Tweet 1269133624990994432,2020-06-06 05:06:50,https://doi.org/10.1001/jama.280.3.237,https://jamanetwork.com/journals/jama/fullarticle/187748,
