{
  "0":{
    "dataCiteIncrement":18,
    "sourceID":"datacite",
    "objectID":"https:\/\/doi.org\/10.1001\/jama.280.19.1690",
    "subjectID":"https:\/\/doi.org\/10.1186\/1471-2288-8-9",
    "eventID":"2e969850-dd4f-499c-8b88-f1bc570bfca9",
    "occurredAt":1569858016000,
    "timeObserved":1569851881000,
    "relationType":"references",
    "license":"https:\/\/creativecommons.org\/publicdomain\/zero\/1.0\/",
    "termsOfUse":"https:\/\/doi.org\/10.13003\/CED-terms-of-use",
    "messageAction":"create"
  }
}