{
  "0":{
    "increment":14487,
    "objectID":"https:\/\/doi.org\/10.1001\/jama.280.19.1690",
    "totalEvents":1926,
    "totalCambiaEvents":null,
    "firstCambiaEvent":null,
    "lastCambiaEvent":null,
    "totalCrossrefEvents":null,
    "firstCrossrefEvent":null,
    "lastCrossrefEvent":null,
    "totalDataciteEvents":1,
    "firstDataciteEvent":1569851881000,
    "lastDataciteEvent":1569851881000,
    "totalF1000Events":null,
    "firstF1000Event":null,
    "lastF1000Event":null,
    "totalHypothesisEvents":null,
    "firstHypothesisEvent":null,
    "lastHypothesisEvent":null,
    "totalNewsfeedEvents":null,
    "firstNewsfeedEvent":null,
    "lastNewsfeedEvent":null,
    "totalRedditEvents":null,
    "firstRedditEvent":null,
    "lastRedditEvent":null,
    "totalRedditLinksEvents":4,
    "firstRedditLinksEvent":1492311483000,
    "lastRedditLinksEvent":1609265251000,
    "totalStackExchangeEvents":1,
    "firstStackExchangeEvent":1508762519000,
    "lastStackExchangeEvent":1508762519000,
    "totalTwitterEvents":45,
    "firstTwitterEvent":1546926462000,
    "lastTwitterEvent":1607623214000,
    "totalWebEvents":null,
    "firstWebEvent":null,
    "lastWebEvent":null,
    "totalWikipediaEvents":1874,
    "firstWikipediaEvent":1494991626000,
    "lastWikipediaEvent":1613466601000,
    "totalWordpressEvents":1,
    "firstWordpressEvent":1608062383000,
    "lastWordPressEvent":1608062383000
  }
}