crossRefIncrement,sourceID,objectID,subjectID,eventID,occurredAt,timeObserved,relationType,sourceToken,license,crossrefTermsOfUse,messageAction
3728,crossref,https://doi.org/10.1016/S0140-6736(97)10471-8,https://doi.org/10.1002/14651858.CD005111.pub3,a80bb85c-633a-4836-9288-db6d183c89a2,2012-05-16 00:00:00,2019-07-02 13:05:43,references,8676e950-8ac5-4074-8ac3-c0a18ada7e99,https://doi.org/10.13003/CED-terms-of-use,https://doi.org/10.13003/CED-terms-of-use,create
3729,crossref,https://doi.org/10.1016/S0140-6736(97)10471-8,https://doi.org/10.1016/j.pain.2012.05.005,ef5cbd67-d8e1-47f5-882b-f84edb1bcd4e,2012-08-01 00:00:00,2019-07-02 19:20:40,references,8676e950-8ac5-4074-8ac3-c0a18ada7e99,https://doi.org/10.13003/CED-terms-of-use,https://doi.org/10.13003/CED-terms-of-use,create
3730,crossref,https://doi.org/10.1016/S0140-6736(97)10471-8,https://doi.org/10.1007/978-1-4614-3357-6_23,bfd74f16-3671-455e-a094-0df54baf0056,2012-06-22 00:00:00,2019-07-03 13:46:40,references,8676e950-8ac5-4074-8ac3-c0a18ada7e99,https://doi.org/10.13003/CED-terms-of-use,https://doi.org/10.13003/CED-terms-of-use,create
3731,crossref,https://doi.org/10.1016/S0140-6736(97)10471-8,https://doi.org/10.1016/j.pain.2012.05.026,f2902237-ba96-4315-a9b5-6592675baf66,2012-09-01 00:00:00,2019-07-07 00:47:17,references,8676e950-8ac5-4074-8ac3-c0a18ada7e99,https://doi.org/10.13003/CED-terms-of-use,https://doi.org/10.13003/CED-terms-of-use,create
3732,crossref,https://doi.org/10.1016/S0140-6736(97)10471-8,https://doi.org/10.1007/s00520-013-1720-z,4d412560-e4e6-47fc-a7ab-5b7888e5b906,2013-01-20 00:00:00,2019-07-09 19:59:56,references,8676e950-8ac5-4074-8ac3-c0a18ada7e99,https://doi.org/10.13003/CED-terms-of-use,https://doi.org/10.13003/CED-terms-of-use,create
3733,crossref,https://doi.org/10.1016/S0140-6736(97)10471-8,https://doi.org/10.1007/s11926-012-0295-x,4cb1c76e-5fea-4ed8-8c58-42b1d95e436f,2012-10-07 00:00:00,2019-07-20 13:03:16,references,8676e950-8ac5-4074-8ac3-c0a18ada7e99,https://doi.org/10.13003/CED-terms-of-use,https://doi.org/10.13003/CED-terms-of-use,create
3734,crossref,https://doi.org/10.1016/S0140-6736(97)10471-8,https://doi.org/10.1002/14651858.CD007700.pub3,6bc0d182-84fa-4c6d-8822-6e032dd15478,2013-03-28 00:00:00,2019-08-02 20:42:54,references,8676e950-8ac5-4074-8ac3-c0a18ada7e99,https://doi.org/10.13003/CED-terms-of-use,https://doi.org/10.13003/CED-terms-of-use,create
3735,crossref,https://doi.org/10.1016/S0140-6736(97)10471-8,https://doi.org/10.1002/14651858.CD004046.pub4,db0edbf2-9812-447b-99e9-5f4caacb5bdf,2018-03-04 00:00:00,2019-10-13 01:03:12,references,8676e950-8ac5-4074-8ac3-c0a18ada7e99,https://doi.org/10.13003/CED-terms-of-use,https://doi.org/10.13003/CED-terms-of-use,create
3736,crossref,https://doi.org/10.1016/s0140-6736(97)10471-8,https://doi.org/10.3389/fnins.2019.01110,f2d82362-6426-48cf-87d5-083d9eb74dfe,2019-10-17 00:00:00,2019-10-18 02:12:08,references,8676e950-8ac5-4074-8ac3-c0a18ada7e99,https://doi.org/10.13003/CED-terms-of-use,https://doi.org/10.13003/CED-terms-of-use,create
3737,crossref,https://doi.org/10.1016/S0140-6736(97)10471-8,https://doi.org/10.1097/j.pain.0000000000001651,27e3da70-2d6a-41e6-bb77-eed5bf60cd23,2019-11-01 00:00:00,2019-10-26 04:10:57,references,8676e950-8ac5-4074-8ac3-c0a18ada7e99,https://doi.org/10.13003/CED-terms-of-use,https://doi.org/10.13003/CED-terms-of-use,create
3738,crossref,https://doi.org/10.1016/S0140-6736(97)10471-8,https://doi.org/10.1142/S0192415X09006990,274407ab-8167-4a15-aa50-3b0a27ec0d00,2009-01-01 00:00:00,2019-10-27 09:53:32,references,8676e950-8ac5-4074-8ac3-c0a18ada7e99,https://doi.org/10.13003/CED-terms-of-use,https://doi.org/10.13003/CED-terms-of-use,create
3739,crossref,https://doi.org/10.1016/S0140-6736(97)10471-8,https://doi.org/10.1098/rstb.2010.0385,0a129ee1-49f3-4a9c-8103-16f78c4d9070,2011-06-27 00:00:00,2019-11-05 01:20:50,references,8676e950-8ac5-4074-8ac3-c0a18ada7e99,https://doi.org/10.13003/CED-terms-of-use,https://doi.org/10.13003/CED-terms-of-use,create
3740,crossref,https://doi.org/10.1016/S0140-6736(97)10471-8,https://doi.org/10.1371/journal.pone.0029651,aef78460-34c1-45c4-a810-361375ea2e36,2012-01-06 00:00:00,2019-12-13 15:09:40,references,8676e950-8ac5-4074-8ac3-c0a18ada7e99,https://doi.org/10.13003/CED-terms-of-use,https://doi.org/10.13003/CED-terms-of-use,create
3741,crossref,https://doi.org/10.1016/S0140-6736(97)10471-8,https://doi.org/10.1201/b11349-4,71ed7746-853f-4bdc-a5b3-9e0416adfbfa,2011-12-19 00:00:00,2019-12-23 00:17:03,references,8676e950-8ac5-4074-8ac3-c0a18ada7e99,https://doi.org/10.13003/CED-terms-of-use,https://doi.org/10.13003/CED-terms-of-use,create
3742,crossref,https://doi.org/10.1016/S0140-6736(97)10471-8,https://doi.org/10.14406/acu.2018.015,f9dce51f-14d6-48af-90e9-49d9ee12b630,2018-06-27 00:00:00,2019-12-25 15:33:11,references,8676e950-8ac5-4074-8ac3-c0a18ada7e99,https://doi.org/10.13003/CED-terms-of-use,https://doi.org/10.13003/CED-terms-of-use,create
3743,crossref,https://doi.org/10.1016/S0140-6736(97)10471-8,https://doi.org/10.1142/S0192415X00000052,1b5d02d3-0d71-4f00-9212-257a3e39666d,2000-01-01 00:00:00,2019-12-29 19:58:17,references,8676e950-8ac5-4074-8ac3-c0a18ada7e99,https://doi.org/10.13003/CED-terms-of-use,https://doi.org/10.13003/CED-terms-of-use,create
