wikipediaIncrement,sourceID,objectID,subjectID,eventID,occurredAt,timeObserved,relationType,sourceToken,license,termsOfUse,updatedDate,updatedReason,evidenceRecord,eventAction,subjectPID,subjectTitle,subjectURL,subjectAPIURL,objectPID,objectURL
356009,wikipedia,https://doi.org/10.1006/jhev.1997.0197,https://de.wikipedia.org/api/rest_v1/page/html/Lee_Berger/178703209,3d20e008-d9ab-43f3-8a82-37a95f46ac43,2018-06-28 15:54:05,2018-06-28 11:55:48,references,36c35e23-8757-4a9d-aacf-345e9b7eb50d,https://creativecommons.org/publicdomain/zero/1.0/,https://doi.org/10.13003/CED-terms-of-use,,,https://evidence.eventdata.crossref.org/evidence/20180628-wikipedia-9011f53e-1b70-4212-8b4f-a7c873636a86,add,https://de.wikipedia.org/wiki/Lee_Berger,Lee Berger,https://de.wikipedia.org/w/index.php?title=Lee_Berger&oldid=178703209,https://de.wikipedia.org/api/rest_v1/page/html/Lee_Berger/178703209,https://doi.org/10.1006/jhev.1997.0197,https://doi.org/10.1006/jhev.1997.0197
356010,wikipedia,https://doi.org/10.1006/jhev.1997.0197,https://de.wikipedia.org/api/rest_v1/page/html/Lee_Berger/187652451,22478ed9-bf7a-44e6-bede-01aea1cef6fa,2019-04-17 13:56:12,2019-04-17 09:58:28,references,36c35e23-8757-4a9d-aacf-345e9b7eb50d,https://creativecommons.org/publicdomain/zero/1.0/,https://doi.org/10.13003/CED-terms-of-use,,,https://evidence.eventdata.crossref.org/evidence/20190417-wikipedia-ab79b930-e246-4a8d-8828-6909d101933b,add,https://de.wikipedia.org/wiki/Lee_Berger,Lee Berger,https://de.wikipedia.org/w/index.php?title=Lee_Berger&oldid=187652451,https://de.wikipedia.org/api/rest_v1/page/html/Lee_Berger/187652451,https://doi.org/10.1006/jhev.1997.0197,https://doi.org/10.1006/jhev.1997.0197
356011,wikipedia,https://doi.org/10.1006/jhev.1997.0197,https://de.wikipedia.org/api/rest_v1/page/html/Lee_Berger/187891283,e449d4bc-373b-4e02-b6ae-0a3c3d3f9d59,2019-04-25 08:07:02,2019-04-25 04:08:52,references,36c35e23-8757-4a9d-aacf-345e9b7eb50d,https://creativecommons.org/publicdomain/zero/1.0/,https://doi.org/10.13003/CED-terms-of-use,,,https://evidence.eventdata.crossref.org/evidence/20190425-wikipedia-f437421d-4f31-45d8-9813-a5b08fb15f2a,add,https://de.wikipedia.org/wiki/Lee_Berger,Lee Berger,https://de.wikipedia.org/w/index.php?title=Lee_Berger&oldid=187891283,https://de.wikipedia.org/api/rest_v1/page/html/Lee_Berger/187891283,https://doi.org/10.1006/jhev.1997.0197,https://doi.org/10.1006/jhev.1997.0197
356012,wikipedia,https://doi.org/10.1006/jhev.1997.0197,https://de.wikipedia.org/api/rest_v1/page/html/Lee_Berger/187891667,9b1031ec-efc1-4112-b6ae-982ba82fbde9,2019-04-25 08:21:54,2019-04-25 04:24:19,references,36c35e23-8757-4a9d-aacf-345e9b7eb50d,https://creativecommons.org/publicdomain/zero/1.0/,https://doi.org/10.13003/CED-terms-of-use,,,https://evidence.eventdata.crossref.org/evidence/20190425-wikipedia-05bd51f6-48ff-42f7-b911-967e87280e42,add,https://de.wikipedia.org/wiki/Lee_Berger,Lee Berger,https://de.wikipedia.org/w/index.php?title=Lee_Berger&oldid=187891667,https://de.wikipedia.org/api/rest_v1/page/html/Lee_Berger/187891667,https://doi.org/10.1006/jhev.1997.0197,https://doi.org/10.1006/jhev.1997.0197
356013,wikipedia,https://doi.org/10.1006/jhev.1997.0197,https://de.wikipedia.org/api/rest_v1/page/html/Lee_Berger/187891718,5d6c99d2-ab2a-469e-a9c2-ec1d44e3a2fd,2019-04-25 08:23:32,2019-04-25 04:26:07,references,36c35e23-8757-4a9d-aacf-345e9b7eb50d,https://creativecommons.org/publicdomain/zero/1.0/,https://doi.org/10.13003/CED-terms-of-use,,,https://evidence.eventdata.crossref.org/evidence/20190425-wikipedia-be15469e-1972-4446-a749-c3f78425ae56,add,https://de.wikipedia.org/wiki/Lee_Berger,Lee Berger,https://de.wikipedia.org/w/index.php?title=Lee_Berger&oldid=187891718,https://de.wikipedia.org/api/rest_v1/page/html/Lee_Berger/187891718,https://doi.org/10.1006/jhev.1997.0197,https://doi.org/10.1006/jhev.1997.0197
356014,wikipedia,https://doi.org/10.1006/jhev.1997.0197,https://de.wikipedia.org/api/rest_v1/page/html/Lee_Berger/187892366,44e88381-642b-44b6-9b22-4d619f3a6fa5,2019-04-25 08:46:02,2019-04-25 04:50:53,references,36c35e23-8757-4a9d-aacf-345e9b7eb50d,https://creativecommons.org/publicdomain/zero/1.0/,https://doi.org/10.13003/CED-terms-of-use,,,https://evidence.eventdata.crossref.org/evidence/20190425-wikipedia-27e3db03-ba35-4b08-b14a-620183870575,add,https://de.wikipedia.org/wiki/Lee_Berger,Lee Berger,https://de.wikipedia.org/w/index.php?title=Lee_Berger&oldid=187892366,https://de.wikipedia.org/api/rest_v1/page/html/Lee_Berger/187892366,https://doi.org/10.1006/jhev.1997.0197,https://doi.org/10.1006/jhev.1997.0197
356015,wikipedia,https://doi.org/10.1006/jhev.1997.0197,https://de.wikipedia.org/api/rest_v1/page/html/Lee_Berger/188809850,2522b5d8-6fe7-49d3-a9b4-3d7f0d020666,2019-05-21 16:03:59,2019-05-21 12:14:47,references,36c35e23-8757-4a9d-aacf-345e9b7eb50d,https://creativecommons.org/publicdomain/zero/1.0/,https://doi.org/10.13003/CED-terms-of-use,,,https://evidence.eventdata.crossref.org/evidence/20190521-wikipedia-89cfed09-6528-4fcd-9809-d9911c7c42b3,add,https://de.wikipedia.org/wiki/Lee_Berger,Lee Berger,https://de.wikipedia.org/w/index.php?title=Lee_Berger&oldid=188809850,https://de.wikipedia.org/api/rest_v1/page/html/Lee_Berger/188809850,https://doi.org/10.1006/jhev.1997.0197,https://doi.org/10.1006/jhev.1997.0197
356016,wikipedia,https://doi.org/10.1006/jhev.1997.0197,https://de.wikipedia.org/api/rest_v1/page/html/Lee_Berger/194446997,4d1143f4-7b20-4c3e-adb7-6745b576f0c1,2019-11-28 06:07:18,2019-11-28 01:18:15,references,36c35e23-8757-4a9d-aacf-345e9b7eb50d,https://creativecommons.org/publicdomain/zero/1.0/,https://doi.org/10.13003/CED-terms-of-use,,,https://evidence.eventdata.crossref.org/evidence/20191128-wikipedia-63f77640-309f-4462-bd3e-0362c969a62f,add,https://de.wikipedia.org/wiki/Lee_Berger,Lee Berger,https://de.wikipedia.org/w/index.php?title=Lee_Berger&oldid=194446997,https://de.wikipedia.org/api/rest_v1/page/html/Lee_Berger/194446997,https://doi.org/10.1006/jhev.1997.0197,https://doi.org/10.1006/jhev.1997.0197
356017,wikipedia,https://doi.org/10.1006/jhev.1997.0197,https://de.wikipedia.org/api/rest_v1/page/html/Lee_Berger/194456194,b2ea4189-04da-4a4e-8513-3674cb504eaf,2019-11-28 12:01:57,2019-11-28 07:07:32,references,36c35e23-8757-4a9d-aacf-345e9b7eb50d,https://creativecommons.org/publicdomain/zero/1.0/,https://doi.org/10.13003/CED-terms-of-use,,,https://evidence.eventdata.crossref.org/evidence/20191128-wikipedia-f5c1a80c-5812-41de-b5dc-3bb53d86c760,add,https://de.wikipedia.org/wiki/Lee_Berger,Lee Berger,https://de.wikipedia.org/w/index.php?title=Lee_Berger&oldid=194456194,https://de.wikipedia.org/api/rest_v1/page/html/Lee_Berger/194456194,https://doi.org/10.1006/jhev.1997.0197,https://doi.org/10.1006/jhev.1997.0197
356018,wikipedia,https://doi.org/10.1006/jhev.1997.0197,https://de.wikipedia.org/api/rest_v1/page/html/Lee_Berger/207020444,76330e1f-1831-4d0c-8add-45d4ffe6f798,2020-12-29 08:14:22,2020-12-29 04:09:07,references,36c35e23-8757-4a9d-aacf-345e9b7eb50d,https://creativecommons.org/publicdomain/zero/1.0/,https://doi.org/10.13003/CED-terms-of-use,,,https://evidence.eventdata.crossref.org/evidence/20201229-wikipedia-6a71f3a5-6c17-435e-a05e-f7fc0dc4367e,add,https://de.wikipedia.org/wiki/Lee_Berger,Lee Berger,https://de.wikipedia.org/w/index.php?title=Lee_Berger&oldid=207020444,https://de.wikipedia.org/api/rest_v1/page/html/Lee_Berger/207020444,https://doi.org/10.1006/jhev.1997.0197,https://doi.org/10.1006/jhev.1997.0197
