cambiaIncrement,sourceID,objectID,subjectID,eventID,occurredAt,timeObserved,relationType,sourceToken,license,termsOfUse,updatedReason,updated,eventAction,workSubtypeID,workTypeID,subjectTitle,subjectPID,jurisdiction,updatedDate
416,cambia-lens,https://doi.org/10.1016/s0040-4039(98)00687-x,https://lens.org/014-141-789-010-174,d3cb32ad-b930-34a6-7cfc-2959c7826a30,2016-08-23 00:00:00,2017-11-10 06:02:57,cites,1ad0b713-78ed-4bb9-8d5d-a3c2d163d46f,https://creativecommons.org/licenses/by-sa/4.0/,https://doi.org/10.13003/CED-terms-of-use,,,add,Granted Patent,patent,同位体を有するリン酸化合物の製造方法,https://lens.org/014-141-789-010-174,JP,
417,cambia-lens,https://doi.org/10.1016/s0040-4039(98)00687-x,https://lens.org/142-245-965-882-113,a69e13f9-37b1-bfd4-6533-975eace99bd1,2016-11-17 00:00:00,2017-11-10 06:15:46,cites,1ad0b713-78ed-4bb9-8d5d-a3c2d163d46f,https://creativecommons.org/licenses/by-sa/4.0/,https://doi.org/10.13003/CED-terms-of-use,,,add,Granted Patent,patent,Process For Preparing Phosphate Compound Bearing Isotope,https://lens.org/142-245-965-882-113,AU,
418,cambia-lens,https://doi.org/10.1016/s0040-4039(98)00687-x,https://lens.org/146-003-001-155-724,99de156e-ccd5-a5eb-d7b6-541ce68bd219,2012-11-15 00:00:00,2017-11-10 07:13:55,cites,1ad0b713-78ed-4bb9-8d5d-a3c2d163d46f,https://creativecommons.org/licenses/by-sa/4.0/,https://doi.org/10.13003/CED-terms-of-use,,,add,Patent Application,patent,Process For Preparing Phosphate Compound Bearing Isotope,https://lens.org/146-003-001-155-724,WO,
419,cambia-lens,https://doi.org/10.1016/s0040-4039(98)00687-x,https://lens.org/147-339-235-596-827,7aa50ba9-15b5-7264-c771-ca29dadf41e9,2016-04-19 00:00:00,2017-11-10 07:34:39,cites,1ad0b713-78ed-4bb9-8d5d-a3c2d163d46f,https://creativecommons.org/licenses/by-sa/4.0/,https://doi.org/10.13003/CED-terms-of-use,,,add,Granted Patent,patent,Process For Preparing Phosphate Compound Bearing Isotope,https://lens.org/147-339-235-596-827,US,
