DOI,URL,title,container_title,authors,page,publisher,language,alternative_id,created_date_time,deposited_date_time,is_referenced_by_count,issue,issued_date_parts,prefix,published_online_date_parts,published_print_date_parts
10.1016/s0091-6749(98)70190-3,http://dx.doi.org/10.1016/s0091-6749(98)70190-3,Epinephrine absorption in children with a history of anaphylaxis,Journal of Allergy and Clinical Immunology,F.Estelle R. Simons,33-37,Elsevier BV,en,S0091674998701903,2005-11-16 12:24:41,2019-01-21 01:20:55,247,1,1998/1,10.1016,,1998/1
10.1016/s0091-6749(98)70190-3,http://dx.doi.org/10.1016/s0091-6749(98)70190-3,Epinephrine absorption in children with a history of anaphylaxis,Journal of Allergy and Clinical Immunology,Janet R. Roberts,33-37,Elsevier BV,en,S0091674998701903,2005-11-16 12:24:41,2019-01-21 01:20:55,247,1,1998/1,10.1016,,1998/1
10.1016/s0091-6749(98)70190-3,http://dx.doi.org/10.1016/s0091-6749(98)70190-3,Epinephrine absorption in children with a history of anaphylaxis,Journal of Allergy and Clinical Immunology,Xiaochen Gu,33-37,Elsevier BV,en,S0091674998701903,2005-11-16 12:24:41,2019-01-21 01:20:55,247,1,1998/1,10.1016,,1998/1
10.1016/s0091-6749(98)70190-3,http://dx.doi.org/10.1016/s0091-6749(98)70190-3,Epinephrine absorption in children with a history of anaphylaxis,Journal of Allergy and Clinical Immunology,Keith J. Simons,33-37,Elsevier BV,en,S0091674998701903,2005-11-16 12:24:41,2019-01-21 01:20:55,247,1,1998/1,10.1016,,1998/1
