cambiaIncrement,sourceID,objectID,subjectID,eventID,occurredAt,timeObserved,relationType,sourceToken,license,termsOfUse,updatedReason,updated,eventAction,workSubtypeID,workTypeID,subjectTitle,subjectPID,jurisdiction,updatedDate
1523,cambia-lens,https://doi.org/10.1016/s0140-6736(05)79168-6,https://lens.org/113-121-656-218-706,3e13e6fd-3402-43f8-31ee-30cfc9cf048e,2013-06-11 00:00:00,2017-11-09 22:45:17,cites,1ad0b713-78ed-4bb9-8d5d-a3c2d163d46f,https://creativecommons.org/licenses/by-sa/4.0/,https://doi.org/10.13003/CED-terms-of-use,,,add,Granted Patent,patent,Trihydroxy Polyunsaturated Eicosanoid Derivatives,https://lens.org/113-121-656-218-706,US,
1524,cambia-lens,https://doi.org/10.1016/s0140-6736(05)79168-6,https://lens.org/115-968-239-485-615,52cb868b-cb77-bb4e-4fce-8d2337be9363,2012-09-25 00:00:00,2017-11-09 23:29:09,cites,1ad0b713-78ed-4bb9-8d5d-a3c2d163d46f,https://creativecommons.org/licenses/by-sa/4.0/,https://doi.org/10.13003/CED-terms-of-use,,,add,Granted Patent,patent,Anti-Inflammatory Actions Of Neuroprotectin D1/Protectin D1 And It'S Natural Stereoisomers,https://lens.org/115-968-239-485-615,US,
1525,cambia-lens,https://doi.org/10.1016/s0140-6736(05)79168-6,https://lens.org/127-947-443-471-643,d3c65a64-3076-c92e-ee1d-8cfb0e351970,2009-09-08 00:00:00,2017-11-10 02:33:54,cites,1ad0b713-78ed-4bb9-8d5d-a3c2d163d46f,https://creativecommons.org/licenses/by-sa/4.0/,https://doi.org/10.13003/CED-terms-of-use,,,add,Granted Patent,patent,Resolvins: Biotemplates For Novel Therapeutic Interventions,https://lens.org/127-947-443-471-643,US,
1526,cambia-lens,https://doi.org/10.1016/s0140-6736(05)79168-6,https://lens.org/145-315-391-673-274,694c30ab-bb91-930f-ff57-9c8d492b9bd5,2014-08-12 00:00:00,2017-11-10 07:03:24,cites,1ad0b713-78ed-4bb9-8d5d-a3c2d163d46f,https://creativecommons.org/licenses/by-sa/4.0/,https://doi.org/10.13003/CED-terms-of-use,,,add,Granted Patent,patent,Trihydroxy Polyunsaturated Eicosanoid Derivatives,https://lens.org/145-315-391-673-274,US,
1527,cambia-lens,https://doi.org/10.1016/s0140-6736(05)79168-6,https://lens.org/162-863-848-404-28X,d3d339eb-9a49-05fe-7990-f13bc0c7590d,2011-03-08 00:00:00,2017-11-10 11:35:36,cites,1ad0b713-78ed-4bb9-8d5d-a3c2d163d46f,https://creativecommons.org/licenses/by-sa/4.0/,https://doi.org/10.13003/CED-terms-of-use,,,add,Granted Patent,patent,Trihydroxy Polyunsaturated Eicosanoid,https://lens.org/162-863-848-404-28X,US,
1528,cambia-lens,https://doi.org/10.1016/s0140-6736(05)79168-6,https://lens.org/174-941-519-748-74X,dffa3c51-0d89-05e3-85aa-f928c2f2773b,2014-01-28 00:00:00,2017-11-10 15:03:15,cites,1ad0b713-78ed-4bb9-8d5d-a3c2d163d46f,https://creativecommons.org/licenses/by-sa/4.0/,https://doi.org/10.13003/CED-terms-of-use,,,add,Granted Patent,patent,Treatment And Prevention Of Bone Loss Using Resolvins,https://lens.org/174-941-519-748-74X,US,
1529,cambia-lens,https://doi.org/10.1016/s0140-6736(05)79168-6,https://lens.org/197-037-778-830-069,994d73ec-569b-2a4c-3cc7-067240c83055,2013-07-09 00:00:00,2017-11-10 21:17:59,cites,1ad0b713-78ed-4bb9-8d5d-a3c2d163d46f,https://creativecommons.org/licenses/by-sa/4.0/,https://doi.org/10.13003/CED-terms-of-use,,,add,Granted Patent,patent,Trihydroxy Polyunsaturated Eicosanoid Derivatives,https://lens.org/197-037-778-830-069,US,
1530,cambia-lens,https://doi.org/10.1016/s0140-6736(05)79168-6,https://lens.org/029-007-425-114-551,113789d3-078a-5322-e791-aa23de689724,2010-06-15 00:00:00,2017-11-11 00:29:48,cites,1ad0b713-78ed-4bb9-8d5d-a3c2d163d46f,https://creativecommons.org/licenses/by-sa/4.0/,https://doi.org/10.13003/CED-terms-of-use,,,add,Granted Patent,patent,Aspirin-Triggered Lipid Mediators,https://lens.org/029-007-425-114-551,US,
1531,cambia-lens,https://doi.org/10.1016/s0140-6736(05)79168-6,https://lens.org/078-530-516-253-331,5dab95a9-df1d-dafe-9db0-892e04e94562,2013-01-08 00:00:00,2017-11-11 13:31:09,cites,1ad0b713-78ed-4bb9-8d5d-a3c2d163d46f,https://creativecommons.org/licenses/by-sa/4.0/,https://doi.org/10.13003/CED-terms-of-use,,,add,Granted Patent,patent,Aspirin-Triggered Lipid Mediators,https://lens.org/078-530-516-253-331,US,
1532,cambia-lens,https://doi.org/10.1016/s0140-6736(05)79168-6,https://lens.org/081-683-010-962-830,7014274e-3433-7a7e-6a51-90d00b1f3c95,2016-06-14 00:00:00,2017-11-11 14:24:10,cites,1ad0b713-78ed-4bb9-8d5d-a3c2d163d46f,https://creativecommons.org/licenses/by-sa/4.0/,https://doi.org/10.13003/CED-terms-of-use,,,add,Granted Patent,patent,Anti-Inflammatory Actions Of Neuroprotectin D1/Protectin D1 And Its Natural Stereoisomers,https://lens.org/081-683-010-962-830,US,
1533,cambia-lens,https://doi.org/10.1016/s0140-6736(05)79168-6,https://lens.org/094-303-838-156-673,79858825-ecfb-9d9c-18b3-3f60e7670285,2010-09-28 00:00:00,2017-11-11 17:58:28,cites,1ad0b713-78ed-4bb9-8d5d-a3c2d163d46f,https://creativecommons.org/licenses/by-sa/4.0/,https://doi.org/10.13003/CED-terms-of-use,,,add,Granted Patent,patent,Methods For Identification Of Eicosapentaenoic Acid Analogs Using Anti-Inflammatory Receptors,https://lens.org/094-303-838-156-673,US,
