crossRefIncrement,sourceID,objectID,subjectID,eventID,occurredAt,timeObserved,relationType,sourceToken,license,crossrefTermsOfUse,messageAction
3635,crossref,https://doi.org/10.1016/S0140-6736(05)79168-6,https://doi.org/10.1177/026010600902000106,b09c6932-523d-43df-9f4f-7c50aaa72ba8,2009-01-01 00:00:00,2019-06-23 12:56:11,references,8676e950-8ac5-4074-8ac3-c0a18ada7e99,https://doi.org/10.13003/CED-terms-of-use,https://doi.org/10.13003/CED-terms-of-use,create
3636,crossref,https://doi.org/10.1016/S0140-6736(05)79168-6,https://doi.org/10.1177/026010600701900212,cdd80408-a279-4086-9b06-933e31fa715f,2007-07-01 00:00:00,2019-06-23 14:37:59,references,8676e950-8ac5-4074-8ac3-c0a18ada7e99,https://doi.org/10.13003/CED-terms-of-use,https://doi.org/10.13003/CED-terms-of-use,create
3637,crossref,https://doi.org/10.1016/S0140-6736(05)79168-6,https://doi.org/10.1177/026010600701900204,eed94fb6-f4e3-45a8-9cb7-4aa0b978d96f,2007-07-01 00:00:00,2019-06-23 18:25:29,references,8676e950-8ac5-4074-8ac3-c0a18ada7e99,https://doi.org/10.13003/CED-terms-of-use,https://doi.org/10.13003/CED-terms-of-use,create
3638,crossref,https://doi.org/10.1016/S0140-6736(05)79168-6,https://doi.org/10.1093/aje/kwr472,81e18450-46b8-41e7-aefc-3ef8ea5953a8,2012-02-02 00:00:00,2019-06-24 01:12:47,references,8676e950-8ac5-4074-8ac3-c0a18ada7e99,https://doi.org/10.13003/CED-terms-of-use,https://doi.org/10.13003/CED-terms-of-use,create
3639,crossref,https://doi.org/10.1016/S0140-6736(05)79168-6,https://doi.org/10.1177/026010600601800309,5280876d-9831-4482-baa9-5f5309972859,2006-07-01 00:00:00,2019-06-24 08:02:40,references,8676e950-8ac5-4074-8ac3-c0a18ada7e99,https://doi.org/10.13003/CED-terms-of-use,https://doi.org/10.13003/CED-terms-of-use,create
3640,crossref,https://doi.org/10.1016/S0140-6736(05)79168-6,https://doi.org/10.1080/24750573.2019.1625587,eeab4568-f3fe-4686-a2f6-368bf9109759,2019-06-17 00:00:00,2019-06-25 05:18:14,references,8676e950-8ac5-4074-8ac3-c0a18ada7e99,https://doi.org/10.13003/CED-terms-of-use,https://doi.org/10.13003/CED-terms-of-use,create
3641,crossref,https://doi.org/10.1016/S0140-6736(05)79168-6,https://doi.org/10.1177/2045125319858901,3f8b6306-7a9d-4834-bbe1-5e42f1fc631e,2019-01-01 00:00:00,2019-06-25 13:12:31,references,8676e950-8ac5-4074-8ac3-c0a18ada7e99,https://doi.org/10.13003/CED-terms-of-use,https://doi.org/10.13003/CED-terms-of-use,create
3642,crossref,https://doi.org/10.1016/S0140-6736(05)79168-6,https://doi.org/10.1177/026010601102000408,c333ce92-939c-4e69-958a-56fae87f072f,2011-07-01 00:00:00,2019-06-26 15:29:15,references,8676e950-8ac5-4074-8ac3-c0a18ada7e99,https://doi.org/10.13003/CED-terms-of-use,https://doi.org/10.13003/CED-terms-of-use,create
3643,crossref,https://doi.org/10.1016/S0140-6736(05)79168-6,https://doi.org/10.1177/1076167502250784,900a6ece-52d7-419c-bec3-f262054f077a,2003-04-01 00:00:00,2019-06-29 12:12:52,references,8676e950-8ac5-4074-8ac3-c0a18ada7e99,https://doi.org/10.13003/CED-terms-of-use,https://doi.org/10.13003/CED-terms-of-use,create
3644,crossref,https://doi.org/10.1016/S0140-6736(05)79168-6,https://doi.org/10.1007/s40272-013-0022-8,c228a053-7761-4968-91a5-f21c8a3612b1,2013-03-26 00:00:00,2019-07-12 22:22:17,references,8676e950-8ac5-4074-8ac3-c0a18ada7e99,https://doi.org/10.13003/CED-terms-of-use,https://doi.org/10.13003/CED-terms-of-use,create
3645,crossref,https://doi.org/10.1016/S0140-6736(05)79168-6,https://doi.org/10.1039/C9FO00076C,5185f3dc-ce02-4f8f-a59e-7e258d06985b,2019-01-01 00:00:00,2019-07-12 23:56:10,references,8676e950-8ac5-4074-8ac3-c0a18ada7e99,https://doi.org/10.13003/CED-terms-of-use,https://doi.org/10.13003/CED-terms-of-use,create
3646,crossref,https://doi.org/10.1016/S0140-6736(05)79168-6,https://doi.org/10.1080/07315724.2010.10719817,5b45f822-db4c-4a46-8c29-c8da00c22112,2010-02-01 00:00:00,2019-07-15 18:33:03,references,8676e950-8ac5-4074-8ac3-c0a18ada7e99,https://doi.org/10.13003/CED-terms-of-use,https://doi.org/10.13003/CED-terms-of-use,create
3647,crossref,https://doi.org/10.1016/S0140-6736(05)79168-6,https://doi.org/10.1080/07315724.2009.10719785,e007144e-b5ed-48af-93f5-f0a7a3867a10,2009-10-01 00:00:00,2019-07-15 19:42:02,references,8676e950-8ac5-4074-8ac3-c0a18ada7e99,https://doi.org/10.13003/CED-terms-of-use,https://doi.org/10.13003/CED-terms-of-use,create
3648,crossref,https://doi.org/10.1016/S0140-6736(05)79168-6,https://doi.org/10.1098/rstb.2003.1377,6bd739a6-0fcb-4494-bdfe-891d813bd2fb,2003-10-29 00:00:00,2019-07-19 08:30:33,references,8676e950-8ac5-4074-8ac3-c0a18ada7e99,https://doi.org/10.13003/CED-terms-of-use,https://doi.org/10.13003/CED-terms-of-use,create
3649,crossref,https://doi.org/10.1016/S0140-6736(05)79168-6,https://doi.org/10.1111/j.1365-277X.2012.01283.x,ed64b03c-bb68-4924-9bcd-1606a6ebd5ef,2012-10-18 00:00:00,2019-07-24 20:48:01,references,8676e950-8ac5-4074-8ac3-c0a18ada7e99,https://doi.org/10.13003/CED-terms-of-use,https://doi.org/10.13003/CED-terms-of-use,create
3650,crossref,https://doi.org/10.1016/S0140-6736(05)79168-6,https://doi.org/10.5650/oleoscience.6.67,89059175-8ad2-48d8-9403-70e5f1971ae8,2006-01-01 00:00:00,2019-07-26 15:21:49,references,8676e950-8ac5-4074-8ac3-c0a18ada7e99,https://doi.org/10.13003/CED-terms-of-use,https://doi.org/10.13003/CED-terms-of-use,create
3651,crossref,https://doi.org/10.1016/S0140-6736(05)79168-6,https://doi.org/10.1517/13543784.2013.836487,f980b7d7-3b9a-4f03-8803-c43acab88a50,2013-10-02 00:00:00,2019-07-28 20:41:44,references,8676e950-8ac5-4074-8ac3-c0a18ada7e99,https://doi.org/10.13003/CED-terms-of-use,https://doi.org/10.13003/CED-terms-of-use,create
3652,crossref,https://doi.org/10.1016/S0140-6736(05)79168-6,https://doi.org/10.3945/an.111.001693,96dcc360-2985-4ea5-a8aa-e14d61f07e9d,2012-05-01 00:00:00,2019-10-27 12:46:55,references,8676e950-8ac5-4074-8ac3-c0a18ada7e99,https://doi.org/10.13003/CED-terms-of-use,https://doi.org/10.13003/CED-terms-of-use,create
3653,crossref,https://doi.org/10.1016/S0140-6736(05)79168-6,https://doi.org/10.1371/journal.pone.0038879,1e82546c-6b5d-4d2e-baac-7e669cc23bc9,2012-06-19 00:00:00,2019-11-29 09:53:31,references,8676e950-8ac5-4074-8ac3-c0a18ada7e99,https://doi.org/10.13003/CED-terms-of-use,https://doi.org/10.13003/CED-terms-of-use,create
3654,crossref,https://doi.org/10.1016/S0140-6736(05)79168-6,https://doi.org/10.1007/s00213-018-4930-8,c38dd038-1ede-4f5f-80cf-e920d2e26829,2018-06-21 00:00:00,2019-12-01 18:35:27,references,8676e950-8ac5-4074-8ac3-c0a18ada7e99,https://doi.org/10.13003/CED-terms-of-use,https://doi.org/10.13003/CED-terms-of-use,create
3655,crossref,https://doi.org/10.1016/S0140-6736(05)79168-6,https://doi.org/10.1097/01.IDT.0000348429.43231.c5,6341b5a6-0d21-45bc-9460-c3f8fc1f6f17,2009-05-01 00:00:00,2019-12-16 00:05:01,references,8676e950-8ac5-4074-8ac3-c0a18ada7e99,https://doi.org/10.13003/CED-terms-of-use,https://doi.org/10.13003/CED-terms-of-use,create
3656,crossref,https://doi.org/10.1016/S0140-6736(05)79168-6,https://doi.org/10.1080/07315724.2010.10719897,b8cb0a75-6063-4183-8185-100c7b144c86,2010-12-01 00:00:00,2019-12-29 09:33:08,references,8676e950-8ac5-4074-8ac3-c0a18ada7e99,https://doi.org/10.13003/CED-terms-of-use,https://doi.org/10.13003/CED-terms-of-use,create
