,id,DOI,URL,abstract,alternative_id,archive,article_number,container_title,created_date_parts,created_date_time,created_timestamp,deposited_date_parts,deposited_date_time,deposited_timestamp,indexed_date_parts,indexed_date_time,indexed_timestamp,is_referenced_by_count,issue,issued,issued_date_parts,issued_date_time,issued_timestamp,language,member,original_title,page,prefix,published_online_date_parts,published_online_date_time,published_online_timestamp,published_print_date_parts,published_print_date_time,published_print_timestamp,publisher,publisher_location,reference_count,references_count,score,short_container_title,short_title,source,subtitle,title,type,update_policy,volume,fk
0,id,DOI,URL,abstract,alternative_id,archive,article_number,container_title,created_date_parts,created_date_time,created_timestamp,deposited_date_parts,deposited_date_time,deposited_timestamp,indexed_date_parts,indexed_date_time,indexed_timestamp,is_referenced_by_count,issue,issued,issued_date_parts,issued_date_time,issued_timestamp,language,member,original_title,page,prefix,published_online_date_parts,published_online_date_time,published_online_timestamp,published_print_date_parts,published_print_date_time,published_print_timestamp,publisher,publisher_location,reference_count,references_count,score,short_container_title,short_title,source,subtitle,title,type,update_policy,volume,fk
1,id,DOI,URL,abstract,alternative_id,archive,article_number,container_title,created_date_parts,created_date_time,created_timestamp,deposited_date_parts,deposited_date_time,deposited_timestamp,indexed_date_parts,indexed_date_time,indexed_timestamp,is_referenced_by_count,issue,issued,issued_date_parts,issued_date_time,issued_timestamp,language,member,original_title,page,prefix,published_online_date_parts,published_online_date_time,published_online_timestamp,published_print_date_parts,published_print_date_time,published_print_timestamp,publisher,publisher_location,reference_count,references_count,score,short_container_title,short_title,source,subtitle,title,type,update_policy,volume,fk
2,id,DOI,URL,abstract,alternative_id,archive,article_number,container_title,created_date_parts,created_date_time,created_timestamp,deposited_date_parts,deposited_date_time,deposited_timestamp,indexed_date_parts,indexed_date_time,indexed_timestamp,is_referenced_by_count,issue,issued,issued_date_parts,issued_date_time,issued_timestamp,language,member,original_title,page,prefix,published_online_date_parts,published_online_date_time,published_online_timestamp,published_print_date_parts,published_print_date_time,published_print_timestamp,publisher,publisher_location,reference_count,references_count,score,short_container_title,short_title,source,subtitle,title,type,update_policy,volume,fk
3,id,DOI,URL,abstract,alternative_id,archive,article_number,container_title,created_date_parts,created_date_time,created_timestamp,deposited_date_parts,deposited_date_time,deposited_timestamp,indexed_date_parts,indexed_date_time,indexed_timestamp,is_referenced_by_count,issue,issued,issued_date_parts,issued_date_time,issued_timestamp,language,member,original_title,page,prefix,published_online_date_parts,published_online_date_time,published_online_timestamp,published_print_date_parts,published_print_date_time,published_print_timestamp,publisher,publisher_location,reference_count,references_count,score,short_container_title,short_title,source,subtitle,title,type,update_policy,volume,fk
4,id,DOI,URL,abstract,alternative_id,archive,article_number,container_title,created_date_parts,created_date_time,created_timestamp,deposited_date_parts,deposited_date_time,deposited_timestamp,indexed_date_parts,indexed_date_time,indexed_timestamp,is_referenced_by_count,issue,issued,issued_date_parts,issued_date_time,issued_timestamp,language,member,original_title,page,prefix,published_online_date_parts,published_online_date_time,published_online_timestamp,published_print_date_parts,published_print_date_time,published_print_timestamp,publisher,publisher_location,reference_count,references_count,score,short_container_title,short_title,source,subtitle,title,type,update_policy,volume,fk
5,id,DOI,URL,abstract,alternative_id,archive,article_number,container_title,created_date_parts,created_date_time,created_timestamp,deposited_date_parts,deposited_date_time,deposited_timestamp,indexed_date_parts,indexed_date_time,indexed_timestamp,is_referenced_by_count,issue,issued,issued_date_parts,issued_date_time,issued_timestamp,language,member,original_title,page,prefix,published_online_date_parts,published_online_date_time,published_online_timestamp,published_print_date_parts,published_print_date_time,published_print_timestamp,publisher,publisher_location,reference_count,references_count,score,short_container_title,short_title,source,subtitle,title,type,update_policy,volume,fk
6,id,DOI,URL,abstract,alternative_id,archive,article_number,container_title,created_date_parts,created_date_time,created_timestamp,deposited_date_parts,deposited_date_time,deposited_timestamp,indexed_date_parts,indexed_date_time,indexed_timestamp,is_referenced_by_count,issue,issued,issued_date_parts,issued_date_time,issued_timestamp,language,member,original_title,page,prefix,published_online_date_parts,published_online_date_time,published_online_timestamp,published_print_date_parts,published_print_date_time,published_print_timestamp,publisher,publisher_location,reference_count,references_count,score,short_container_title,short_title,source,subtitle,title,type,update_policy,volume,fk
7,id,DOI,URL,abstract,alternative_id,archive,article_number,container_title,created_date_parts,created_date_time,created_timestamp,deposited_date_parts,deposited_date_time,deposited_timestamp,indexed_date_parts,indexed_date_time,indexed_timestamp,is_referenced_by_count,issue,issued,issued_date_parts,issued_date_time,issued_timestamp,language,member,original_title,page,prefix,published_online_date_parts,published_online_date_time,published_online_timestamp,published_print_date_parts,published_print_date_time,published_print_timestamp,publisher,publisher_location,reference_count,references_count,score,short_container_title,short_title,source,subtitle,title,type,update_policy,volume,fk
