,id,DOI,URL,abstract,alternative_id,archive,article_number,container_title,created_date_parts,created_date_time,created_timestamp,deposited_date_parts,deposited_date_time,deposited_timestamp,indexed_date_parts,indexed_date_time,indexed_timestamp,is_referenced_by_count,issue,issued,issued_date_parts,issued_date_time,issued_timestamp,language,member,original_title,page,prefix,published_online_date_parts,published_online_date_time,published_online_timestamp,published_print_date_parts,published_print_date_time,published_print_timestamp,publisher,publisher_location,reference_count,references_count,score,short_container_title,short_title,source,subtitle,title,type,update_policy,volume,fk
0,9,10.1007/bf00703440,http://dx.doi.org/10.1007/bf00703440,,BF00703440,,,Archives of Orthopaedic and Trauma Surgery,2004/11/30,2004-11-30 15:43:39,1101829419000,2020/4/4,2020-04-04 12:07:14,1586002034000,2020/4/4,2020-04-04 12:40:10,1586004010100,14,1-2,,1998,,,en,297,None,50-52,10.1007,,,,1998,,,Springer Science and Business Media LLC,,12,12,1.0,Arch Orthop Trauma Surg,None,Crossref,None,Report of eight cases of humeral fracture following the throwing of hand grenades,journal-article,,117,9
1,7,10.1007/s004210050268,http://dx.doi.org/10.1007/s004210050268,,XNUX1N3YERHXQ2LF,,,European Journal of Applied Physiology,2002/8/25,2002-08-25 08:36:27,1030264587000,2019/5/28,2019-05-28 20:32:05,1559075525000,2020/3/25,2020-03-25 15:22:54,1585149774310,54,5,,1997/10/1,,,,297,None,400-408,10.1007,,,,1997/10/1,,,Springer Science and Business Media LLC,,0,0,1.0,European Journal of Applied Physiology,None,Crossref,None,Effects of contract-relax stretching training on muscle performance in athletes,journal-article,,76,7
2,78,10.1016/s0016-7061(97)00082-7,http://dx.doi.org/10.1016/s0016-7061(97)00082-7,,S0016706197000827,,,Geoderma,2002/7/25,2002-07-25 19:20:58,1027624858000,2019/4/22,2019-04-22 19:50:26,1555962626000,2020/1/17,2020-01-17 19:23:10,1579288990169,141,1-2,,1997/12,,,en,78,None,75-90,10.1016,,,,1997/12,,,Elsevier BV,,11,11,1.0,Geoderma,None,Crossref,None,Simulating trends in soil organic carbon in long-term experiments using the century model,journal-article,,81,78
3,76,10.1016/s0092-8674(00)80493-6,http://dx.doi.org/10.1016/s0092-8674(00)80493-6,,S0092867400804936,,,Cell,2004/4/10,2004-04-10 09:39:29,1081589969000,2019/2/14,2019-02-14 05:57:22,1550123842000,2020/7/3,2020-07-03 00:24:14,1593735854979,910,7,,1997/12,,,en,78,None,1033-1042,10.1016,,,,1997/12,,,Elsevier BV,,69,69,1.0,Cell,None,Crossref,None,Extrachromosomal rDNA Circles— A Cause of Aging in Yeast,journal-article,,91,76
4,113,10.1016/s0378-3758(97)00074-8,http://dx.doi.org/10.1016/s0378-3758(97)00074-8,,S0378375897000748,,,Journal of Statistical Planning and Inference,2003/4/25,2003-04-25 02:46:38,1051238798000,2020/1/28,2020-01-28 21:34:41,1580247281000,2020/1/28,2020-01-28 22:10:41,1580249441116,46,1,,1997/12,,,en,78,None,159-177,10.1016,,,,1997/12,,,Elsevier BV,,82,82,1.0,Journal of Statistical Planning and Inference,None,Crossref,None,Non-informative priors do not exist A dialogue with José M. Bernardo,journal-article,,65,113
5,77,10.1016/s0921-8009(97)00032-3,http://dx.doi.org/10.1016/s0921-8009(97)00032-3,,S0921800997000323,,,Ecological Economics,2002/7/25,2002-07-25 12:12:39,1027599159000,2020/1/8,2020-01-08 10:10:32,1578478232000,2020/6/19,2020-06-19 15:03:30,1592579010462,144,1,,1998/1,,,en,78,None,103-118,10.1016,,,,1998/1,,,Elsevier BV,,29,29,1.0,Ecological Economics,None,Crossref,None,Towards sustainable city policy: an economy-environment technology nexus,journal-article,,24,77
6,3,10.1080/014311697216621,http://dx.doi.org/10.1080/014311697216621,,10.1080/014311697216621,,,International Journal of Remote Sensing,2002/7/26,2002-07-26 15:40:29,1027698029000,2018/10/5,2018-10-05 14:58:11,1538751491000,2020/3/31,2020-03-31 04:03:01,1585627381252,3,18,,1997/12,,,en,301,None,3797-3810,10.108,2010/11/25,,,1997/12,,,Informa UK Limited,,0,0,1.0,International Journal of Remote Sensing,None,Crossref,None,Global prediction of area change of suitable regions for cereal cultivation caused by global warming,journal-article,,18,3
7,114,10.1098/rspb.1997.0237,http://dx.doi.org/10.1098/rspb.1997.0237,,10.1098/rspb.1997.0237,,,Proceedings of the Royal Society of London. Series B: Biological Sciences,2002/9/6,2002-09-06 21:24:08,1031347448000,2019/7/19,2019-07-19 02:34:21,1563503661000,2020/2/21,2020-02-21 15:24:24,1582298664637,65,1389,,1997/12/22,,,en,175,None,1707-1714,10.1098,1997/12/22,,,1997/12/22,,,The Royal Society,,41,41,1.0,Proc. R. Soc. Lond. B,None,Crossref,None,"Physiological effects of hunting red deer (
            Cervus elaphus
            )",journal-article,,264,114
8,115,10.1098/rspb.1997.0239,http://dx.doi.org/10.1098/rspb.1997.0239,,10.1098/rspb.1997.0239,,,Proceedings of the Royal Society of London. Series B: Biological Sciences,2002/9/6,2002-09-06 21:24:08,1031347448000,2019/7/19,2019-07-19 02:37:54,1563503874000,2020/7/1,2020-07-01 22:04:01,1593641041059,67,1389,,1997/12/22,,,en,175,None,1723-1729,10.1098,1997/12/22,,,1997/12/22,,,The Royal Society,,26,26,1.0,Proc. R. Soc. Lond. B,None,Crossref,None,The paddlefish rostrum functions as an electrosensory antenna in plankton feeding,journal-article,,264,115
9,4,10.1111/j.1469-7793.1997.259bc.x,http://dx.doi.org/10.1111/j.1469-7793.1997.259bc.x,,,Portico,,The Journal of Physiology,2004/9/30,2004-09-30 07:21:12,1096528872000,2020/4/3,2020-04-03 07:21:20,1585898480000,2020/6/3,2020-06-03 05:24:03,1591161843588,75,1,,1997/11,,,en,311,None,259-266,10.1113,2004/9/30,,,1997/11,,,Wiley,,33,33,1.0,None,None,Crossref,None,Mental rehearsal of motor tasks recruits a-motoneurones but fails to recruit human fusimotor neurones selectively,journal-article,,505,4
10,6,10.1136/bjsm.31.4.269,http://dx.doi.org/10.1136/bjsm.31.4.269,,,,,British Journal of Sports Medicine,2008/12/16,2008-12-16 00:55:24,1229388924000,2019/2/2,2019-02-02 12:29:13,1549110553000,2020/4/13,2020-04-13 12:57:14,1586782634537,23,4,,1997/12/1,,,en,239,None,269-276,10.1136,,,,1997/12/1,,,BMJ,,85,85,1.0,British Journal of Sports Medicine,None,Crossref,None,Sudden death from cardiovascular disease in young athletes: fact or fiction?,journal-article,,31,6
11,75,10.1139/m97-147,http://dx.doi.org/10.1139/m97-147,"<jats:p>The bacterial populations associated with different plant and fungal habitats of intact Pinus sylvestris – Suillus bovinus or Pinus sylvestris – Paxillus involutus ectomycorrhizospheres grown in natural forest soil were examined by scanning and transmission electron microscopy. Surfaces of nonmycorrhizal Pinus sylvestris roots hosted large numbers of morphologically distinct bacteria. Bacteria were detected on the mantle surfaces and at inter- and intra-cellular locations in the mantle and Hartig net of Suillus bovinus mycorrhizas. The fungal strands were colonized by only a few bacteria unlike the outermost external fine hyphae on which extensive monolayers of bacteria were attached. The mycorrhizas of Paxillus involutus were mostly devoid of bacteria, but the intact external mycelium supported both bacterial colonies and solitary bacteria. Intracellular bacteria were not present in Paxillus involutus hyphae. In both mycorrhizal systems, bacterial aggregation and attachment to hyphae were mediated with electron-dense or -translucent material. Our study shows that the Pinus sylvestris mycorrhizospheres formed by two different ectomycorrhizal fungi are clearly dissimilar habitats for mycorrhizosphere-associated bacteria. Additionally, the spatially and physiologically defined mycorrhizosphere habitats were shown to host distinct populations of bacteria.Key words: ectomycorrhiza, intracellular bacteria, Paxillus involutus, soil bacteria, Suillus bovinus.</jats:p>",10.1139/m97-147,,,Canadian Journal of Microbiology,2010/2/2,2010-02-02 16:10:49,1265127049000,2020/5/27,2020-05-27 08:08:27,1590566907000,2020/5/27,2020-05-27 08:40:20,1590568820592,79,11,,1997/11/1,,,en,155,None,1017-1035,10.1139,,,,1997/11/1,,,Canadian Science Publishing,,50,50,1.0,Can. J. Microbiol.,None,Crossref,None,Bacterial colonization patterns of intactPinus sylvestrismycorrhizospheres in dry pine forest soil: an electron microscopy study,journal-article,,43,75
12,5,10.1146/annurev.ecolsys.28.1.621,http://dx.doi.org/10.1146/annurev.ecolsys.28.1.621,,10.1146/annurev.ecolsys.28.1.621,,,Annual Review of Ecology and Systematics,2002/7/27,2002-07-27 11:40:13,1027770013000,2020/3/5,2020-03-05 09:23:18,1583400198000,2020/7/4,2020-07-04 21:23:29,1593897809448,1382,1,,1997/11,,,en,22,None,621-658,10.1146,,,,1997/11,,,Annual Reviews,,274,274,1.0,Annu. Rev. Ecol. Syst.,None,Crossref,None,THE ECOLOGY OF INTERFACES:Riparian Zones,journal-article,,28,5
13,2,10.1177/070674379704200909,http://dx.doi.org/10.1177/070674379704200909,,10.1177/070674379704200909,,,The Canadian Journal of Psychiatry,2017/1/6,2017-01-06 01:32:38,1483666358000,2018/1/10,2018-01-10 09:38:15,1515577095000,2020/5/13,2020-05-13 02:23:51,1589336631701,42,9,,1997/11,,,en,179,None,966-973,10.1177,2016/11/30,,,1997/11,,,SAGE Publications,,36,36,1.0,Can J Psychiatry,None,Crossref,None,Depression in Primary Care—More like Asthma Than Appendicitis: The Michigan Depression Project,journal-article,,42,2
14,1,10.1192/bjp.171.6.519,http://dx.doi.org/10.1192/bjp.171.6.519,"<jats:sec><jats:title>Background</jats:title><jats:p>It is widely suggested that many National Health Service (NHS) workers experience high levels of minor psychiatric disorder. However, inadequacies of sampling and measurement in studies to date have not allowed this suggestion to be properly evaluated.</jats:p></jats:sec><jats:sec><jats:title>Method</jats:title><jats:p>The present study was designed to overcome these methodological weaknesses by using a sample of over 11 000 employees from 19 NHS trusts and a well-established measure of minor psychiatric disorder for which there are comparative data.</jats:p></jats:sec><jats:sec><jats:title>Results</jats:title><jats:p>The findings show that 26.8% of the health service workers reported significant levels of minor psychiatric disorder, compared with 17.8% of people in the general population. Psychiatric morbidity was highest among managers, doctors, nurses and professions allied to medicine, with each of these groups recording higher rates than their professional counterparts outside the health service. It was lower among those in support occupations, such as administrative and ancillary staff. A feature of the findings was that female doctors and managers showed a much higher prevalence of minor psychiatric disorder than their male colleagues.</jats:p></jats:sec><jats:sec><jats:title>Conclusion</jats:title><jats:p>Studies are required to establish the organisational, occupational and individual determinants of minor psychiatric disorder among NHS employees.</jats:p></jats:sec>",S0007125000148573,,,British Journal of Psychiatry,2008/10/15,2008-10-15 05:36:56,1224049016000,2019/5/11,2019-05-11 19:51:03,1557604263000,2020/5/7,2020-05-07 22:04:37,1588889077153,179,6,,1997/12,,,en,170,None,519-523,10.1192,2018/1/2,,,1997/12,,,Royal College of Psychiatrists,,20,20,1.0,Br J Psychiatry,None,Crossref,None,Minor psychiatric disorder in NHS trust staff: Occupational and gender differences,journal-article,,171,1
15,8,10.1210/jc.82.12.4020,http://dx.doi.org/10.1210/jc.82.12.4020,,,,,Journal of Clinical Endocrinology & Metabolism,2004/2/25,2004-02-25 21:56:42,1077746202000,2016/12/2,2016-12-02 22:06:54,1480716414000,2020/4/8,2020-04-08 03:09:48,1586315388859,24,12,,1997/12/1,,,en,80,None,4020-4027,10.121,,,,1997/12/1,,,The Endocrine Society,,0,0,1.0,Journal of Clinical Endocrinology & Metabolism,None,Crossref,None,Thyroid Nodules in the Follow-Up of Irradiated Individuals: Comparison of Thyroid Ultrasound with Scanning and Palpation,journal-article,,82,8
16,79,10.2307/345106,http://dx.doi.org/10.2307/345106,,,,,Hispania,2006/5/4,2006-05-04 12:30:01,1146745801000,2018/5/8,2018-05-08 21:36:18,1525815378000,2020/4/10,2020-04-10 07:15:24,1586502924372,0,4,,1997/12,,,,1121,None,848,10.2307,,,,1997/12,,,JSTOR,,0,0,1.0,Hispania,None,Crossref,None,Enfocando la competencia linguistica: concienciacion gramatical,journal-article,,80,79
