crossRefIncrement,sourceID,objectID,subjectID,eventID,occurredAt,timeObserved,relationType,sourceToken,license,crossrefTermsOfUse,messageAction
1248,crossref,https://doi.org/10.1016/S0024-3205(97)01143-0,https://doi.org/10.22358/jafs/109955/2019,381c2bc5-9f27-41ab-8c3b-98796aa7d226,2019-06-21 00:00:00,2019-06-25 09:09:05,references,8676e950-8ac5-4074-8ac3-c0a18ada7e99,https://doi.org/10.13003/CED-terms-of-use,https://doi.org/10.13003/CED-terms-of-use,create
1249,crossref,https://doi.org/10.1016/S0024-3205(97)01143-0,https://doi.org/10.1080/1745039X.2012.683324,cabd93cd-c029-4297-b1f0-18c57a45fe1e,2012-08-01 00:00:00,2019-07-27 19:17:17,references,8676e950-8ac5-4074-8ac3-c0a18ada7e99,https://doi.org/10.13003/CED-terms-of-use,https://doi.org/10.13003/CED-terms-of-use,create
1250,crossref,https://doi.org/10.1016/S0024-3205(97)01143-0,https://doi.org/10.1039/c3tb00355h,8726de57-9741-4ff2-b642-240a459039a5,2013-01-01 00:00:00,2019-10-20 09:55:55,references,8676e950-8ac5-4074-8ac3-c0a18ada7e99,https://doi.org/10.13003/CED-terms-of-use,https://doi.org/10.13003/CED-terms-of-use,create
1251,crossref,https://doi.org/10.1016/S0024-3205(97)01143-0,https://doi.org/10.1111/jpn.12030,5d82b6ef-4c40-4a91-b133-95e24b7ba3b5,2013-01-09 00:00:00,2019-11-03 10:00:52,references,8676e950-8ac5-4074-8ac3-c0a18ada7e99,https://doi.org/10.13003/CED-terms-of-use,https://doi.org/10.13003/CED-terms-of-use,create
1252,crossref,https://doi.org/10.1016/S0024-3205(97)01143-0,https://doi.org/10.1111/j.1750-3841.2012.02637.x,26b4b3e1-8638-4c14-950b-ebeca96d72b3,2012-04-01 00:00:00,2019-12-14 05:49:53,references,8676e950-8ac5-4074-8ac3-c0a18ada7e99,https://doi.org/10.13003/CED-terms-of-use,https://doi.org/10.13003/CED-terms-of-use,create
1253,crossref,https://doi.org/10.1016/S0024-3205(97)01143-0,https://doi.org/10.1111/anu.12981,061abf96-cd41-44cc-930b-100e424d2a76,2019-09-09 00:00:00,2020-01-17 22:44:59,references,8676e950-8ac5-4074-8ac3-c0a18ada7e99,https://doi.org/10.13003/CED-terms-of-use,https://doi.org/10.13003/CED-terms-of-use,create
