wikipediaIncrement,sourceID,objectID,subjectID,eventID,occurredAt,timeObserved,relationType,sourceToken,license,termsOfUse,updatedDate,updatedReason,evidenceRecord,eventAction,subjectPID,subjectTitle,subjectURL,subjectAPIURL,objectPID,objectURL
19060,wikipedia,https://doi.org/10.1016/s0024-3205(97)01143-0,https://en.wikipedia.org/w/index.php?title=Medium-chain_triglyceride&oldid=775846970,e53aa174-0676-4c29-886b-19c68ddc1126,2017-04-17 13:01:12,2017-04-17 09:01:59,references,36c35e23-8757-4a9d-aacf-345e9b7eb50d,https://creativecommons.org/publicdomain/zero/1.0/,https://doi.org/10.13003/CED-terms-of-use,,,https://evidence.eventdata.crossref.org/evidence/20170417-wikipedia-b58d4753-0031-4009-a001-3d7742b43fda,add,https://en.wikipedia.org/w/index.php?title=Medium-chain_triglyceride&oldid=77584,Medium-chain triglyceride,https://en.wikipedia.org/wiki/Medium-chain_triglyceride,https://en.wikipedia.org/api/rest_v1/page/html/Medium-chain_triglyceride/775846970,https://doi.org/10.1016/s0024-3205(97)01143-0,https://doi.org/10.1016/s0024-3205(97)01143-0
19061,wikipedia,https://doi.org/10.1016/s0024-3205(97)01143-0,https://en.wikipedia.org/w/index.php?title=Medium-chain_triglyceride&oldid=775856967,078d4628-4b73-4194-bc87-f383ce759f40,2017-04-17 14:23:40,2017-04-17 10:24:29,references,36c35e23-8757-4a9d-aacf-345e9b7eb50d,https://creativecommons.org/publicdomain/zero/1.0/,https://doi.org/10.13003/CED-terms-of-use,,,https://evidence.eventdata.crossref.org/evidence/20170417-wikipedia-b631dd64-fdbd-440d-8ed4-21b3abacbecc,add,https://en.wikipedia.org/w/index.php?title=Medium-chain_triglyceride&oldid=77585,Medium-chain triglyceride,https://en.wikipedia.org/wiki/Medium-chain_triglyceride,https://en.wikipedia.org/api/rest_v1/page/html/Medium-chain_triglyceride/775856967,https://doi.org/10.1016/s0024-3205(97)01143-0,https://doi.org/10.1016/s0024-3205(97)01143-0
19062,wikipedia,https://doi.org/10.1016/s0024-3205(97)01143-0,https://en.wikipedia.org/wiki/Medium-chain_triglyceride,c61bca2a-4cda-439e-95ea-38a982227298,2017-05-08 12:54:03,2017-05-08 08:54:39,references,36c35e23-8757-4a9d-aacf-345e9b7eb50d,https://creativecommons.org/publicdomain/zero/1.0/,https://doi.org/10.13003/CED-terms-of-use,2018-01-31 17:30:00,https://evidence.eventdata.crossref.org/announcements/2018-01-19T00-00-00Z-ED-15.json,https://evidence.eventdata.crossref.org/evidence/20170508-wikipedia-d36698a6-4331-428a-9975-510d98fd54be,add,https://en.wikipedia.org/wiki/Medium-chain_triglyceride,Medium-chain triglyceride,https://en.wikipedia.org/w/index.php?title=Medium-chain_triglyceride&oldid=779360740,https://en.wikipedia.org/api/rest_v1/page/html/Medium-chain_triglyceride/779360740,https://doi.org/10.1016/s0024-3205(97)01143-0,https://doi.org/10.1016/s0024-3205(97)01143-0
19063,wikipedia,https://doi.org/10.1016/s0024-3205(97)01143-0,https://gl.wikipedia.org/wiki/%C3%81cido_capr%C3%ADlico,69b9eee1-282e-4336-9e95-f989787b589e,2017-05-14 21:52:08,2017-05-14 17:54:14,references,36c35e23-8757-4a9d-aacf-345e9b7eb50d,https://creativecommons.org/publicdomain/zero/1.0/,https://doi.org/10.13003/CED-terms-of-use,2018-01-31 17:30:00,https://evidence.eventdata.crossref.org/announcements/2018-01-19T00-00-00Z-ED-15.json,https://evidence.eventdata.crossref.org/evidence/20170514-wikipedia-328e3018-fad8-47f7-8385-1d502ec8499c,add,https://gl.wikipedia.org/wiki/%C3%81cido_capr%C3%ADlico,Ácido caprílico,https://gl.wikipedia.org/w/index.php?title=%C3%81cido_capr%C3%ADlico&oldid=4338171,https://gl.wikipedia.org/api/rest_v1/page/html/%C3%81cido_capr%C3%ADlico/4338171,https://doi.org/10.1016/s0024-3205(97)01143-0,https://doi.org/10.1016/s0024-3205(97)01143-0
19064,wikipedia,https://doi.org/10.1016/s0024-3205(97)01143-0,https://es.wikipedia.org/wiki/Triglic%C3%A9ridos_de_cadena_media,599be8c4-a779-49b6-b42e-e0ed3a056625,2017-06-17 10:50:00,2017-06-20 02:11:39,references,36c35e23-8757-4a9d-aacf-345e9b7eb50d,https://creativecommons.org/publicdomain/zero/1.0/,https://doi.org/10.13003/CED-terms-of-use,2018-01-31 17:30:00,https://evidence.eventdata.crossref.org/announcements/2018-01-19T00-00-00Z-ED-15.json,https://evidence.eventdata.crossref.org/evidence/20170618-wikipedia-f688da52-6c1a-4c2d-949f-4cf9070fbef6,add,https://es.wikipedia.org/wiki/Triglic%C3%A9ridos_de_cadena_media,Triglicéridos de cadena media,https://es.wikipedia.org/w/index.php?title=Triglic%C3%A9ridos_de_cadena_media&oldid=99905261,https://es.wikipedia.org/api/rest_v1/page/html/Triglic%C3%A9ridos_de_cadena_media/99905261,https://doi.org/10.1016/s0024-3205(97)01143-0,https://doi.org/10.1016/s0024-3205(97)01143-0
19065,wikipedia,https://doi.org/10.1016/s0024-3205(97)01143-0,https://en.wikipedia.org/api/rest_v1/page/html/Medium-chain_triglyceride/811557884,4137d56c-74c5-43a0-98ca-7ccc8bc11271,2017-11-22 11:29:16,2017-12-28 08:44:23,references,36c35e23-8757-4a9d-aacf-345e9b7eb50d,https://creativecommons.org/publicdomain/zero/1.0/,https://doi.org/10.13003/CED-terms-of-use,,,https://evidence.eventdata.crossref.org/evidence/20171122-wikipedia-78872576-e41e-4371-881e-63be7b3db360,add,https://en.wikipedia.org/w/index.php?title=Medium-chain_triglyceride&oldid=81155,Medium-chain triglyceride,https://en.wikipedia.org/wiki/Medium-chain_triglyceride,https://en.wikipedia.org/api/rest_v1/page/html/Medium-chain_triglyceride/811557884,https://doi.org/10.1016/s0024-3205(97)01143-0,https://doi.org/10.1016/s0024-3205(97)01143-0
19066,wikipedia,https://doi.org/10.1016/s0024-3205(97)01143-0,https://en.wikipedia.org/api/rest_v1/page/html/Caprylic_acid/812717166,92999a2e-c1ee-4984-8fc4-ec261581c271,2017-11-29 13:17:58,2018-01-02 11:22:52,references,36c35e23-8757-4a9d-aacf-345e9b7eb50d,https://creativecommons.org/publicdomain/zero/1.0/,https://doi.org/10.13003/CED-terms-of-use,,,https://evidence.eventdata.crossref.org/evidence/20171129-wikipedia-3ee671f4-06f0-4f7f-a79e-8e1a068ad74e,add,https://en.wikipedia.org/w/index.php?title=Caprylic_acid&oldid=812717166,Caprylic acid,https://en.wikipedia.org/wiki/Caprylic_acid,https://en.wikipedia.org/api/rest_v1/page/html/Caprylic_acid/812717166,https://doi.org/10.1016/s0024-3205(97)01143-0,https://doi.org/10.1016/s0024-3205(97)01143-0
19067,wikipedia,https://doi.org/10.1016/s0024-3205(97)01143-0,https://en.wikipedia.org/api/rest_v1/page/html/Caprylic_acid/812717357,cdb3de5c-86f5-48f5-ac97-054ac75e889c,2017-11-29 13:19:24,2018-01-11 03:43:20,references,36c35e23-8757-4a9d-aacf-345e9b7eb50d,https://creativecommons.org/publicdomain/zero/1.0/,https://doi.org/10.13003/CED-terms-of-use,,,https://evidence.eventdata.crossref.org/evidence/20171129-wikipedia-cd9ab168-a867-431f-8886-9eb084bf2487,add,https://en.wikipedia.org/w/index.php?title=Caprylic_acid&oldid=812717357,Caprylic acid,https://en.wikipedia.org/wiki/Caprylic_acid,https://en.wikipedia.org/api/rest_v1/page/html/Caprylic_acid/812717357,https://doi.org/10.1016/s0024-3205(97)01143-0,https://doi.org/10.1016/s0024-3205(97)01143-0
19068,wikipedia,https://doi.org/10.1016/s0024-3205(97)01143-0,https://en.wikipedia.org/api/rest_v1/page/html/Medium-chain_triglyceride/813356407,4cfbe1ba-3b2e-4210-8b32-028fd72ea870,2017-12-03 07:04:33,2018-01-13 14:39:58,references,36c35e23-8757-4a9d-aacf-345e9b7eb50d,https://creativecommons.org/publicdomain/zero/1.0/,https://doi.org/10.13003/CED-terms-of-use,,,https://evidence.eventdata.crossref.org/evidence/20171203-wikipedia-a7dd8c6d-717d-4508-afa0-2984c68661f7,add,https://en.wikipedia.org/w/index.php?title=Medium-chain_triglyceride&oldid=81335,Medium-chain triglyceride,https://en.wikipedia.org/wiki/Medium-chain_triglyceride,https://en.wikipedia.org/api/rest_v1/page/html/Medium-chain_triglyceride/813356407,https://doi.org/10.1016/s0024-3205(97)01143-0,https://doi.org/10.1016/s0024-3205(97)01143-0
19069,wikipedia,https://doi.org/10.1016/s0024-3205(97)01143-0,https://en.wikipedia.org/api/rest_v1/page/html/Medium-chain_triglyceride/814141348,c688626b-f6c1-4c69-bf79-bc6d72c71c3c,2017-12-07 02:56:55,2018-01-16 14:30:48,references,36c35e23-8757-4a9d-aacf-345e9b7eb50d,https://creativecommons.org/publicdomain/zero/1.0/,https://doi.org/10.13003/CED-terms-of-use,,,https://evidence.eventdata.crossref.org/evidence/20171207-wikipedia-d9cc14f2-26cd-43e1-937f-c2df7cdf5dd5,add,https://en.wikipedia.org/w/index.php?title=Medium-chain_triglyceride&oldid=81414,Medium-chain triglyceride,https://en.wikipedia.org/wiki/Medium-chain_triglyceride,https://en.wikipedia.org/api/rest_v1/page/html/Medium-chain_triglyceride/814141348,https://doi.org/10.1016/s0024-3205(97)01143-0,https://doi.org/10.1016/s0024-3205(97)01143-0
19070,wikipedia,https://doi.org/10.1016/s0024-3205(97)01143-0,https://ko.wikipedia.org/api/rest_v1/page/html/%EC%B9%B4%ED%94%84%EB%A6%B4%EC%82%B0/20730110,4d8d2036-5a94-45b8-beaa-e8fd6e82ca27,2018-02-12 08:48:22,2018-02-12 03:50:24,references,36c35e23-8757-4a9d-aacf-345e9b7eb50d,https://creativecommons.org/publicdomain/zero/1.0/,https://doi.org/10.13003/CED-terms-of-use,,,https://evidence.eventdata.crossref.org/evidence/20180212-wikipedia-59a7fd37-51dd-4e73-b0e5-b413c59858fb,add,https://ko.wikipedia.org/wiki/%EC%B9%B4%ED%94%84%EB%A6%B4%EC%82%B0,카프릴산,https://ko.wikipedia.org/w/index.php?title=%EC%B9%B4%ED%94%84%EB%A6%B4%EC%82%B0&oldid=20730110,https://ko.wikipedia.org/api/rest_v1/page/html/%EC%B9%B4%ED%94%84%EB%A6%B4%EC%82%B0/20730110,https://doi.org/10.1016/s0024-3205(97)01143-0,https://doi.org/10.1016/s0024-3205(97)01143-0
19071,wikipedia,https://doi.org/10.1016/s0024-3205(97)01143-0,https://ko.wikipedia.org/api/rest_v1/page/html/%EC%B9%B4%ED%94%84%EB%A6%B4%EC%82%B0/20730125,68ec744f-661f-4f30-850b-796096c8411a,2018-02-12 08:49:21,2018-02-12 03:51:03,references,36c35e23-8757-4a9d-aacf-345e9b7eb50d,https://creativecommons.org/publicdomain/zero/1.0/,https://doi.org/10.13003/CED-terms-of-use,,,https://evidence.eventdata.crossref.org/evidence/20180212-wikipedia-584174fa-5cbd-4974-83c6-bfbf4fed694d,add,https://ko.wikipedia.org/wiki/%EC%B9%B4%ED%94%84%EB%A6%B4%EC%82%B0,카프릴산,https://ko.wikipedia.org/w/index.php?title=%EC%B9%B4%ED%94%84%EB%A6%B4%EC%82%B0&oldid=20730125,https://ko.wikipedia.org/api/rest_v1/page/html/%EC%B9%B4%ED%94%84%EB%A6%B4%EC%82%B0/20730125,https://doi.org/10.1016/s0024-3205(97)01143-0,https://doi.org/10.1016/s0024-3205(97)01143-0
19072,wikipedia,https://doi.org/10.1016/s0024-3205(97)01143-0,https://ko.wikipedia.org/api/rest_v1/page/html/%EC%B9%B4%ED%94%84%EB%A6%B4%EC%82%B0/20730237,611270fc-795a-4c7f-b00b-a953afc36c3b,2018-02-12 08:56:46,2018-02-12 03:59:02,references,36c35e23-8757-4a9d-aacf-345e9b7eb50d,https://creativecommons.org/publicdomain/zero/1.0/,https://doi.org/10.13003/CED-terms-of-use,,,https://evidence.eventdata.crossref.org/evidence/20180212-wikipedia-a15c145e-5b44-4b92-ad13-9fc544c7b854,add,https://ko.wikipedia.org/wiki/%EC%B9%B4%ED%94%84%EB%A6%B4%EC%82%B0,카프릴산,https://ko.wikipedia.org/w/index.php?title=%EC%B9%B4%ED%94%84%EB%A6%B4%EC%82%B0&oldid=20730237,https://ko.wikipedia.org/api/rest_v1/page/html/%EC%B9%B4%ED%94%84%EB%A6%B4%EC%82%B0/20730237,https://doi.org/10.1016/s0024-3205(97)01143-0,https://doi.org/10.1016/s0024-3205(97)01143-0
19073,wikipedia,https://doi.org/10.1016/s0024-3205(97)01143-0,https://ko.wikipedia.org/api/rest_v1/page/html/%EC%B9%B4%ED%94%84%EB%A6%B4%EC%82%B0/20731480,1774ca2c-7478-4894-8e51-d6e0bec5a88e,2018-02-12 10:53:57,2018-02-12 05:56:37,references,36c35e23-8757-4a9d-aacf-345e9b7eb50d,https://creativecommons.org/publicdomain/zero/1.0/,https://doi.org/10.13003/CED-terms-of-use,,,https://evidence.eventdata.crossref.org/evidence/20180212-wikipedia-180f5baa-433c-46fb-8da8-ff73935514b4,add,https://ko.wikipedia.org/wiki/%EC%B9%B4%ED%94%84%EB%A6%B4%EC%82%B0,카프릴산,https://ko.wikipedia.org/w/index.php?title=%EC%B9%B4%ED%94%84%EB%A6%B4%EC%82%B0&oldid=20731480,https://ko.wikipedia.org/api/rest_v1/page/html/%EC%B9%B4%ED%94%84%EB%A6%B4%EC%82%B0/20731480,https://doi.org/10.1016/s0024-3205(97)01143-0,https://doi.org/10.1016/s0024-3205(97)01143-0
19074,wikipedia,https://doi.org/10.1016/s0024-3205(97)01143-0,https://ko.wikipedia.org/api/rest_v1/page/html/%EC%B9%B4%ED%94%84%EB%A6%B4%EC%82%B0/21074231,c780e311-b137-4fb6-abc3-224f0b31d185,2018-04-09 11:45:05,2018-04-09 07:47:46,references,36c35e23-8757-4a9d-aacf-345e9b7eb50d,https://creativecommons.org/publicdomain/zero/1.0/,https://doi.org/10.13003/CED-terms-of-use,,,https://evidence.eventdata.crossref.org/evidence/20180409-wikipedia-06837610-46ce-4438-9e93-cbffbdea1a55,add,https://ko.wikipedia.org/wiki/%EC%B9%B4%ED%94%84%EB%A6%B4%EC%82%B0,카프릴산,https://ko.wikipedia.org/w/index.php?title=%EC%B9%B4%ED%94%84%EB%A6%B4%EC%82%B0&oldid=21074231,https://ko.wikipedia.org/api/rest_v1/page/html/%EC%B9%B4%ED%94%84%EB%A6%B4%EC%82%B0/21074231,https://doi.org/10.1016/s0024-3205(97)01143-0,https://doi.org/10.1016/s0024-3205(97)01143-0
19075,wikipedia,https://doi.org/10.1016/s0024-3205(97)01143-0,https://ko.wikipedia.org/api/rest_v1/page/html/%EC%B9%B4%ED%94%84%EB%A6%B4%EC%82%B0/21096217,9fe80110-f096-4a12-b514-88a2f57c6cce,2018-04-13 14:22:43,2018-04-13 10:26:43,references,36c35e23-8757-4a9d-aacf-345e9b7eb50d,https://creativecommons.org/publicdomain/zero/1.0/,https://doi.org/10.13003/CED-terms-of-use,,,https://evidence.eventdata.crossref.org/evidence/20180413-wikipedia-01c676f7-135b-4b2c-b9b1-b2b96521e871,add,https://ko.wikipedia.org/wiki/%EC%B9%B4%ED%94%84%EB%A6%B4%EC%82%B0,카프릴산,https://ko.wikipedia.org/w/index.php?title=%EC%B9%B4%ED%94%84%EB%A6%B4%EC%82%B0&oldid=21096217,https://ko.wikipedia.org/api/rest_v1/page/html/%EC%B9%B4%ED%94%84%EB%A6%B4%EC%82%B0/21096217,https://doi.org/10.1016/s0024-3205(97)01143-0,https://doi.org/10.1016/s0024-3205(97)01143-0
19076,wikipedia,https://doi.org/10.1016/s0024-3205(97)01143-0,https://en.wikipedia.org/api/rest_v1/page/html/Caprylic_acid/838302928,ff8f9304-c6f4-4252-8664-94088adff61d,2018-04-26 04:51:36,2018-04-26 00:53:58,references,36c35e23-8757-4a9d-aacf-345e9b7eb50d,https://creativecommons.org/publicdomain/zero/1.0/,https://doi.org/10.13003/CED-terms-of-use,,,https://evidence.eventdata.crossref.org/evidence/20180426-wikipedia-fa3fd6cc-ffe4-40b0-8234-e5429589669d,add,https://en.wikipedia.org/wiki/Caprylic_acid,Caprylic acid,https://en.wikipedia.org/w/index.php?title=Caprylic_acid&oldid=838302928,https://en.wikipedia.org/api/rest_v1/page/html/Caprylic_acid/838302928,https://doi.org/10.1016/s0024-3205(97)01143-0,https://doi.org/10.1016/s0024-3205(97)01143-0
19077,wikipedia,https://doi.org/10.1016/s0024-3205(97)01143-0,https://en.wikipedia.org/api/rest_v1/page/html/Caprylic_acid/839979134,cde3e3e5-d4cf-4375-b24f-397df9c7bde1,2018-05-06 23:27:59,2018-05-06 19:30:18,references,36c35e23-8757-4a9d-aacf-345e9b7eb50d,https://creativecommons.org/publicdomain/zero/1.0/,https://doi.org/10.13003/CED-terms-of-use,,,https://evidence.eventdata.crossref.org/evidence/20180506-wikipedia-83e6973a-2f2d-415c-b98d-1e2ea6549cd1,add,https://en.wikipedia.org/wiki/Caprylic_acid,Caprylic acid,https://en.wikipedia.org/w/index.php?title=Caprylic_acid&oldid=839979134,https://en.wikipedia.org/api/rest_v1/page/html/Caprylic_acid/839979134,https://doi.org/10.1016/s0024-3205(97)01143-0,https://doi.org/10.1016/s0024-3205(97)01143-0
19078,wikipedia,https://doi.org/10.1016/s0024-3205(97)01143-0,https://en.wikipedia.org/api/rest_v1/page/html/Medium-chain_triglyceride/841506916,f20dbfc1-387c-4753-8824-a087876b5aca,2018-05-16 08:12:50,2018-05-16 04:14:49,references,36c35e23-8757-4a9d-aacf-345e9b7eb50d,https://creativecommons.org/publicdomain/zero/1.0/,https://doi.org/10.13003/CED-terms-of-use,,,https://evidence.eventdata.crossref.org/evidence/20180516-wikipedia-c7a9c83b-716c-48ff-82e9-b9f1bff37d82,add,https://en.wikipedia.org/wiki/Medium-chain_triglyceride,Medium-chain triglyceride,https://en.wikipedia.org/w/index.php?title=Medium-chain_triglyceride&oldid=841506916,https://en.wikipedia.org/api/rest_v1/page/html/Medium-chain_triglyceride/841506916,https://doi.org/10.1016/s0024-3205(97)01143-0,https://doi.org/10.1016/s0024-3205(97)01143-0
19079,wikipedia,https://doi.org/10.1016/s0024-3205(97)01143-0,https://en.wikipedia.org/api/rest_v1/page/html/Caprylic_acid/841508421,ad40515a-a6e1-4199-90cf-1e8733d980f7,2018-05-16 08:22:24,2018-05-16 04:23:33,references,36c35e23-8757-4a9d-aacf-345e9b7eb50d,https://creativecommons.org/publicdomain/zero/1.0/,https://doi.org/10.13003/CED-terms-of-use,,,https://evidence.eventdata.crossref.org/evidence/20180516-wikipedia-017dbaea-03fb-45c5-952f-d9ae2c3673ec,add,https://en.wikipedia.org/wiki/Caprylic_acid,Caprylic acid,https://en.wikipedia.org/w/index.php?title=Caprylic_acid&oldid=841508421,https://en.wikipedia.org/api/rest_v1/page/html/Caprylic_acid/841508421,https://doi.org/10.1016/s0024-3205(97)01143-0,https://doi.org/10.1016/s0024-3205(97)01143-0
19080,wikipedia,https://doi.org/10.1016/s0024-3205(97)01143-0,https://ko.wikipedia.org/api/rest_v1/page/html/%EC%B9%B4%ED%94%84%EB%A6%B4%EC%82%B0/21300805,02236786-29a6-42b6-8a9e-fed4a2565da7,2018-05-18 06:00:04,2018-05-18 02:01:44,references,36c35e23-8757-4a9d-aacf-345e9b7eb50d,https://creativecommons.org/publicdomain/zero/1.0/,https://doi.org/10.13003/CED-terms-of-use,,,https://evidence.eventdata.crossref.org/evidence/20180518-wikipedia-b0d9532c-64df-4e8f-bb4b-6b84732e4fc6,add,https://ko.wikipedia.org/wiki/%EC%B9%B4%ED%94%84%EB%A6%B4%EC%82%B0,카프릴산,https://ko.wikipedia.org/w/index.php?title=%EC%B9%B4%ED%94%84%EB%A6%B4%EC%82%B0&oldid=21300805,https://ko.wikipedia.org/api/rest_v1/page/html/%EC%B9%B4%ED%94%84%EB%A6%B4%EC%82%B0/21300805,https://doi.org/10.1016/s0024-3205(97)01143-0,https://doi.org/10.1016/s0024-3205(97)01143-0
19081,wikipedia,https://doi.org/10.1016/s0024-3205(97)01143-0,https://en.wikipedia.org/api/rest_v1/page/html/Medium-chain_triglyceride/845456980,e160c51b-7d9d-4fa0-9926-34e57187aa87,2018-06-11 22:46:03,2018-06-11 18:49:00,references,36c35e23-8757-4a9d-aacf-345e9b7eb50d,https://creativecommons.org/publicdomain/zero/1.0/,https://doi.org/10.13003/CED-terms-of-use,,,https://evidence.eventdata.crossref.org/evidence/20180611-wikipedia-d1c4392a-c7d5-4549-8197-b4ea76be2703,add,https://en.wikipedia.org/wiki/Medium-chain_triglyceride,Medium-chain triglyceride,https://en.wikipedia.org/w/index.php?title=Medium-chain_triglyceride&oldid=845456980,https://en.wikipedia.org/api/rest_v1/page/html/Medium-chain_triglyceride/845456980,https://doi.org/10.1016/s0024-3205(97)01143-0,https://doi.org/10.1016/s0024-3205(97)01143-0
19082,wikipedia,https://doi.org/10.1016/s0024-3205(97)01143-0,https://en.wikipedia.org/api/rest_v1/page/html/Medium-chain_triglyceride/845849676,dc8c349e-b293-4077-9f47-e415aae40a0b,2018-06-14 15:24:20,2018-06-14 11:26:07,references,36c35e23-8757-4a9d-aacf-345e9b7eb50d,https://creativecommons.org/publicdomain/zero/1.0/,https://doi.org/10.13003/CED-terms-of-use,,,https://evidence.eventdata.crossref.org/evidence/20180614-wikipedia-190859fe-87da-47ff-9f15-dd938685f362,add,https://en.wikipedia.org/wiki/Medium-chain_triglyceride,Medium-chain triglyceride,https://en.wikipedia.org/w/index.php?title=Medium-chain_triglyceride&oldid=845849676,https://en.wikipedia.org/api/rest_v1/page/html/Medium-chain_triglyceride/845849676,https://doi.org/10.1016/s0024-3205(97)01143-0,https://doi.org/10.1016/s0024-3205(97)01143-0
19083,wikipedia,https://doi.org/10.1016/s0024-3205(97)01143-0,https://en.wikipedia.org/api/rest_v1/page/html/Medium-chain_triglyceride/850872826,7bc1cfc5-53d6-46fb-b3f4-f9de7bd4e374,2018-07-18 14:32:48,2018-07-18 10:34:09,references,36c35e23-8757-4a9d-aacf-345e9b7eb50d,https://creativecommons.org/publicdomain/zero/1.0/,https://doi.org/10.13003/CED-terms-of-use,,,https://evidence.eventdata.crossref.org/evidence/20180718-wikipedia-5a9c1c83-0912-4af4-8ad6-0a0facc57517,add,https://en.wikipedia.org/wiki/Medium-chain_triglyceride,Medium-chain triglyceride,https://en.wikipedia.org/w/index.php?title=Medium-chain_triglyceride&oldid=850872826,https://en.wikipedia.org/api/rest_v1/page/html/Medium-chain_triglyceride/850872826,https://doi.org/10.1016/s0024-3205(97)01143-0,https://doi.org/10.1016/s0024-3205(97)01143-0
19084,wikipedia,https://doi.org/10.1016/s0024-3205(97)01143-0,https://en.wikipedia.org/api/rest_v1/page/html/Medium-chain_triglyceride/852000708,dc2ae5d5-7e46-4f2d-833c-dd2a2990ae2c,2018-07-25 23:38:32,2018-07-25 19:39:06,references,36c35e23-8757-4a9d-aacf-345e9b7eb50d,https://creativecommons.org/publicdomain/zero/1.0/,https://doi.org/10.13003/CED-terms-of-use,,,https://evidence.eventdata.crossref.org/evidence/20180725-wikipedia-fb6b27a0-b497-456d-adc0-ede29b9b7a3f,add,https://en.wikipedia.org/wiki/Medium-chain_triglyceride,Medium-chain triglyceride,https://en.wikipedia.org/w/index.php?title=Medium-chain_triglyceride&oldid=852000708,https://en.wikipedia.org/api/rest_v1/page/html/Medium-chain_triglyceride/852000708,https://doi.org/10.1016/s0024-3205(97)01143-0,https://doi.org/10.1016/s0024-3205(97)01143-0
19085,wikipedia,https://doi.org/10.1016/s0024-3205(97)01143-0,https://ko.wikipedia.org/api/rest_v1/page/html/%EC%B9%B4%ED%94%84%EB%A6%B4%EC%82%B0/22005859,d665b1b6-49de-4ef2-84a0-5948460c09d3,2018-08-15 02:23:29,2018-08-14 22:26:59,references,36c35e23-8757-4a9d-aacf-345e9b7eb50d,https://creativecommons.org/publicdomain/zero/1.0/,https://doi.org/10.13003/CED-terms-of-use,,,https://evidence.eventdata.crossref.org/evidence/20180815-wikipedia-e53311f4-ec35-4bc2-89c3-0c4053f49920,add,https://ko.wikipedia.org/wiki/%EC%B9%B4%ED%94%84%EB%A6%B4%EC%82%B0,카프릴산,https://ko.wikipedia.org/w/index.php?title=%EC%B9%B4%ED%94%84%EB%A6%B4%EC%82%B0&oldid=22005859,https://ko.wikipedia.org/api/rest_v1/page/html/%EC%B9%B4%ED%94%84%EB%A6%B4%EC%82%B0/22005859,https://doi.org/10.1016/s0024-3205(97)01143-0,https://doi.org/10.1016/s0024-3205(97)01143-0
19086,wikipedia,https://doi.org/10.1016/s0024-3205(97)01143-0,https://en.wikipedia.org/api/rest_v1/page/html/Medium-chain_triglyceride/859371424,1047ef9c-3236-4fc7-9897-17027b15589b,2018-09-13 16:31:51,2018-09-13 12:53:22,references,36c35e23-8757-4a9d-aacf-345e9b7eb50d,https://creativecommons.org/publicdomain/zero/1.0/,https://doi.org/10.13003/CED-terms-of-use,,,https://evidence.eventdata.crossref.org/evidence/20180913-wikipedia-61a323f0-0fe3-4d1c-9c8c-4e8b9103cfa5,add,https://en.wikipedia.org/wiki/Medium-chain_triglyceride,Medium-chain triglyceride,https://en.wikipedia.org/w/index.php?title=Medium-chain_triglyceride&oldid=859371424,https://en.wikipedia.org/api/rest_v1/page/html/Medium-chain_triglyceride/859371424,https://doi.org/10.1016/s0024-3205(97)01143-0,https://doi.org/10.1016/s0024-3205(97)01143-0
19087,wikipedia,https://doi.org/10.1016/s0024-3205(97)01143-0,https://en.wikipedia.org/api/rest_v1/page/html/Medium-chain_triglyceride/859374254,34170755-9d52-4b2c-81b4-be64209f0303,2018-09-13 16:56:06,2018-09-13 13:06:17,references,36c35e23-8757-4a9d-aacf-345e9b7eb50d,https://creativecommons.org/publicdomain/zero/1.0/,https://doi.org/10.13003/CED-terms-of-use,,,https://evidence.eventdata.crossref.org/evidence/20180913-wikipedia-524b2b82-a4fd-4bb0-926b-3749f239b95f,add,https://en.wikipedia.org/wiki/Medium-chain_triglyceride,Medium-chain triglyceride,https://en.wikipedia.org/w/index.php?title=Medium-chain_triglyceride&oldid=859374254,https://en.wikipedia.org/api/rest_v1/page/html/Medium-chain_triglyceride/859374254,https://doi.org/10.1016/s0024-3205(97)01143-0,https://doi.org/10.1016/s0024-3205(97)01143-0
19088,wikipedia,https://doi.org/10.1016/s0024-3205(97)01143-0,https://en.wikipedia.org/api/rest_v1/page/html/Medium-chain_triglyceride/859818523,c4231845-a681-47c5-bfc5-ed5a8cb73d97,2018-09-16 13:34:17,2018-09-16 09:43:22,references,36c35e23-8757-4a9d-aacf-345e9b7eb50d,https://creativecommons.org/publicdomain/zero/1.0/,https://doi.org/10.13003/CED-terms-of-use,,,https://evidence.eventdata.crossref.org/evidence/20180916-wikipedia-6dac6773-7bdb-4047-80b3-fca836cd487c,add,https://en.wikipedia.org/wiki/Medium-chain_triglyceride,Medium-chain triglyceride,https://en.wikipedia.org/w/index.php?title=Medium-chain_triglyceride&oldid=859818523,https://en.wikipedia.org/api/rest_v1/page/html/Medium-chain_triglyceride/859818523,https://doi.org/10.1016/s0024-3205(97)01143-0,https://doi.org/10.1016/s0024-3205(97)01143-0
19089,wikipedia,https://doi.org/10.1016/s0024-3205(97)01143-0,https://gl.wikipedia.org/api/rest_v1/page/html/%C3%81cido_capr%C3%ADlico/4948172,ef68c9b1-ba1e-47c2-b75a-52e10ee97733,2018-10-12 17:48:55,2018-10-12 13:51:32,references,36c35e23-8757-4a9d-aacf-345e9b7eb50d,https://creativecommons.org/publicdomain/zero/1.0/,https://doi.org/10.13003/CED-terms-of-use,,,https://evidence.eventdata.crossref.org/evidence/20181012-wikipedia-2d417782-ae5b-4cbd-b32a-c65b9daea490,add,https://gl.wikipedia.org/wiki/%C3%81cido_capr%C3%ADlico,Ácido caprílico,https://gl.wikipedia.org/w/index.php?title=%C3%81cido_capr%C3%ADlico&oldid=4948172,https://gl.wikipedia.org/api/rest_v1/page/html/%C3%81cido_capr%C3%ADlico/4948172,https://doi.org/10.1016/s0024-3205(97)01143-0,https://doi.org/10.1016/s0024-3205(97)01143-0
19090,wikipedia,https://doi.org/10.1016/s0024-3205(97)01143-0,https://en.wikipedia.org/api/rest_v1/page/html/Medium-chain_triglyceride/866947147,fb14dbc4-dfdd-4994-9ab4-9e754d034d06,2018-11-02 16:23:26,2018-11-02 12:26:24,references,36c35e23-8757-4a9d-aacf-345e9b7eb50d,https://creativecommons.org/publicdomain/zero/1.0/,https://doi.org/10.13003/CED-terms-of-use,,,https://evidence.eventdata.crossref.org/evidence/20181102-wikipedia-f0981576-cc67-47d3-bbf1-80da319dffff,add,https://en.wikipedia.org/wiki/Medium-chain_triglyceride,Medium-chain triglyceride,https://en.wikipedia.org/w/index.php?title=Medium-chain_triglyceride&oldid=866947147,https://en.wikipedia.org/api/rest_v1/page/html/Medium-chain_triglyceride/866947147,https://doi.org/10.1016/s0024-3205(97)01143-0,https://doi.org/10.1016/s0024-3205(97)01143-0
19091,wikipedia,https://doi.org/10.1016/s0024-3205(97)01143-0,https://en.wikipedia.org/api/rest_v1/page/html/Medium-chain_triglyceride/867358055,ad70e00f-4323-4124-aef1-478d5dae45ca,2018-11-05 05:22:27,2018-11-05 00:24:14,references,36c35e23-8757-4a9d-aacf-345e9b7eb50d,https://creativecommons.org/publicdomain/zero/1.0/,https://doi.org/10.13003/CED-terms-of-use,,,https://evidence.eventdata.crossref.org/evidence/20181105-wikipedia-2301efae-1706-4a4c-88b6-48f4a7abdb57,add,https://en.wikipedia.org/wiki/Medium-chain_triglyceride,Medium-chain triglyceride,https://en.wikipedia.org/w/index.php?title=Medium-chain_triglyceride&oldid=867358055,https://en.wikipedia.org/api/rest_v1/page/html/Medium-chain_triglyceride/867358055,https://doi.org/10.1016/s0024-3205(97)01143-0,https://doi.org/10.1016/s0024-3205(97)01143-0
19092,wikipedia,https://doi.org/10.1016/s0024-3205(97)01143-0,https://en.wikipedia.org/api/rest_v1/page/html/Medium-chain_triglyceride/867358113,4d6bde44-61af-46ac-8842-1ff4f8e0f659,2018-11-05 05:23:10,2018-11-05 00:24:59,references,36c35e23-8757-4a9d-aacf-345e9b7eb50d,https://creativecommons.org/publicdomain/zero/1.0/,https://doi.org/10.13003/CED-terms-of-use,,,https://evidence.eventdata.crossref.org/evidence/20181105-wikipedia-c3f54721-df26-4f99-8886-c8711693384e,add,https://en.wikipedia.org/wiki/Medium-chain_triglyceride,Medium-chain triglyceride,https://en.wikipedia.org/w/index.php?title=Medium-chain_triglyceride&oldid=867358113,https://en.wikipedia.org/api/rest_v1/page/html/Medium-chain_triglyceride/867358113,https://doi.org/10.1016/s0024-3205(97)01143-0,https://doi.org/10.1016/s0024-3205(97)01143-0
19093,wikipedia,https://doi.org/10.1016/s0024-3205(97)01143-0,https://en.wikipedia.org/api/rest_v1/page/html/Medium-chain_triglyceride/867507170,efc96f99-3f1d-4458-bc64-2a99597c5b7e,2018-11-06 04:34:24,2018-11-05 23:40:19,references,36c35e23-8757-4a9d-aacf-345e9b7eb50d,https://creativecommons.org/publicdomain/zero/1.0/,https://doi.org/10.13003/CED-terms-of-use,,,https://evidence.eventdata.crossref.org/evidence/20181106-wikipedia-8a3726d8-2481-44b3-982f-8022722f048b,add,https://en.wikipedia.org/wiki/Medium-chain_triglyceride,Medium-chain triglyceride,https://en.wikipedia.org/w/index.php?title=Medium-chain_triglyceride&oldid=867507170,https://en.wikipedia.org/api/rest_v1/page/html/Medium-chain_triglyceride/867507170,https://doi.org/10.1016/s0024-3205(97)01143-0,https://doi.org/10.1016/s0024-3205(97)01143-0
19094,wikipedia,https://doi.org/10.1016/s0024-3205(97)01143-0,https://en.wikipedia.org/api/rest_v1/page/html/Medium-chain_triglyceride/867507405,e21a420a-ce17-4767-aae4-5acb5e12d8db,2018-11-06 04:37:23,2018-11-05 23:41:18,references,36c35e23-8757-4a9d-aacf-345e9b7eb50d,https://creativecommons.org/publicdomain/zero/1.0/,https://doi.org/10.13003/CED-terms-of-use,,,https://evidence.eventdata.crossref.org/evidence/20181106-wikipedia-010c23cc-75f0-4e89-b1d9-ca9c20fcfa44,add,https://en.wikipedia.org/wiki/Medium-chain_triglyceride,Medium-chain triglyceride,https://en.wikipedia.org/w/index.php?title=Medium-chain_triglyceride&oldid=867507405,https://en.wikipedia.org/api/rest_v1/page/html/Medium-chain_triglyceride/867507405,https://doi.org/10.1016/s0024-3205(97)01143-0,https://doi.org/10.1016/s0024-3205(97)01143-0
19095,wikipedia,https://doi.org/10.1016/s0024-3205(97)01143-0,https://es.wikipedia.org/api/rest_v1/page/html/Triglic%C3%A9ridos_de_cadena_media/115570080,a36a21b7-fa82-466d-9d8b-0ec9907f28ac,2019-04-28 10:24:52,2019-04-28 06:33:02,references,36c35e23-8757-4a9d-aacf-345e9b7eb50d,https://creativecommons.org/publicdomain/zero/1.0/,https://doi.org/10.13003/CED-terms-of-use,,,https://evidence.eventdata.crossref.org/evidence/20190428-wikipedia-a67ed33e-9246-47eb-8f97-95f5f9ddb99c,add,https://es.wikipedia.org/wiki/Triglic%C3%A9ridos_de_cadena_media,Triglicéridos de cadena media,https://es.wikipedia.org/w/index.php?title=Triglic%C3%A9ridos_de_cadena_media&oldid=115570080,https://es.wikipedia.org/api/rest_v1/page/html/Triglic%C3%A9ridos_de_cadena_media/115570080,https://doi.org/10.1016/s0024-3205(97)01143-0,https://doi.org/10.1016/s0024-3205(97)01143-0
19096,wikipedia,https://doi.org/10.1016/s0024-3205(97)01143-0,https://en.wikipedia.org/api/rest_v1/page/html/Caprylic_acid/897163530,6b8d9478-6705-4698-8ffc-8a58e7c5e9ad,2019-05-15 05:47:30,2019-05-15 01:54:31,references,36c35e23-8757-4a9d-aacf-345e9b7eb50d,https://creativecommons.org/publicdomain/zero/1.0/,https://doi.org/10.13003/CED-terms-of-use,,,https://evidence.eventdata.crossref.org/evidence/20190515-wikipedia-d8f0ed48-068e-44c1-bd2a-e33bf3de406c,add,https://en.wikipedia.org/wiki/Caprylic_acid,Caprylic acid,https://en.wikipedia.org/w/index.php?title=Caprylic_acid&oldid=897163530,https://en.wikipedia.org/api/rest_v1/page/html/Caprylic_acid/897163530,https://doi.org/10.1016/s0024-3205(97)01143-0,https://doi.org/10.1016/s0024-3205(97)01143-0
19097,wikipedia,https://doi.org/10.1016/s0024-3205(97)01143-0,https://en.wikipedia.org/api/rest_v1/page/html/Caprylic_acid/897479839,fc6c7425-9151-4964-a9d7-5ff344122c9f,2019-05-17 09:43:10,2019-05-17 05:46:26,references,36c35e23-8757-4a9d-aacf-345e9b7eb50d,https://creativecommons.org/publicdomain/zero/1.0/,https://doi.org/10.13003/CED-terms-of-use,,,https://evidence.eventdata.crossref.org/evidence/20190517-wikipedia-f81a88c8-0e7f-4f26-bfa9-5d2a782a592b,add,https://en.wikipedia.org/wiki/Caprylic_acid,Caprylic acid,https://en.wikipedia.org/w/index.php?title=Caprylic_acid&oldid=897479839,https://en.wikipedia.org/api/rest_v1/page/html/Caprylic_acid/897479839,https://doi.org/10.1016/s0024-3205(97)01143-0,https://doi.org/10.1016/s0024-3205(97)01143-0
19098,wikipedia,https://doi.org/10.1016/s0024-3205(97)01143-0,https://en.wikipedia.org/api/rest_v1/page/html/Caprylic_acid/907569365,cb5f717e-5e93-4dc6-b1d0-ab82796df888,2019-07-23 19:53:25,2019-07-23 19:38:51,references,36c35e23-8757-4a9d-aacf-345e9b7eb50d,https://creativecommons.org/publicdomain/zero/1.0/,https://doi.org/10.13003/CED-terms-of-use,,,https://evidence.eventdata.crossref.org/evidence/20190723-wikipedia-10e012a6-be10-48a3-942a-f8545b1a5028,add,https://en.wikipedia.org/wiki/Caprylic_acid,Caprylic acid,https://en.wikipedia.org/w/index.php?title=Caprylic_acid&oldid=907569365,https://en.wikipedia.org/api/rest_v1/page/html/Caprylic_acid/907569365,https://doi.org/10.1016/s0024-3205(97)01143-0,https://doi.org/10.1016/s0024-3205(97)01143-0
19099,wikipedia,https://doi.org/10.1016/s0024-3205(97)01143-0,https://es.wikipedia.org/api/rest_v1/page/html/Triglic%C3%A9ridos_de_cadena_media/118418722,4d9c92c1-bd72-48e7-941e-724c97a2a5eb,2019-08-22 00:23:33,2019-08-21 20:30:05,references,36c35e23-8757-4a9d-aacf-345e9b7eb50d,https://creativecommons.org/publicdomain/zero/1.0/,https://doi.org/10.13003/CED-terms-of-use,,,https://evidence.eventdata.crossref.org/evidence/20190822-wikipedia-3cc22f21-f216-4d55-8994-270a8ff19fcc,add,https://es.wikipedia.org/wiki/Triglic%C3%A9ridos_de_cadena_media,Triglicéridos de cadena media,https://es.wikipedia.org/w/index.php?title=Triglic%C3%A9ridos_de_cadena_media&oldid=118418722,https://es.wikipedia.org/api/rest_v1/page/html/Triglic%C3%A9ridos_de_cadena_media/118418722,https://doi.org/10.1016/s0024-3205(97)01143-0,https://doi.org/10.1016/s0024-3205(97)01143-0
19100,wikipedia,https://doi.org/10.1016/s0024-3205(97)01143-0,https://es.wikipedia.org/api/rest_v1/page/html/Triglic%C3%A9ridos_de_cadena_media/118418782,4f1ec5f0-dcf3-4429-bce8-3b5d6152af82,2019-08-22 00:25:50,2019-08-21 20:31:38,references,36c35e23-8757-4a9d-aacf-345e9b7eb50d,https://creativecommons.org/publicdomain/zero/1.0/,https://doi.org/10.13003/CED-terms-of-use,,,https://evidence.eventdata.crossref.org/evidence/20190822-wikipedia-d22eef62-a0a6-4997-b229-925d075e5e8d,add,https://es.wikipedia.org/wiki/Triglic%C3%A9ridos_de_cadena_media,Triglicéridos de cadena media,https://es.wikipedia.org/w/index.php?title=Triglic%C3%A9ridos_de_cadena_media&oldid=118418782,https://es.wikipedia.org/api/rest_v1/page/html/Triglic%C3%A9ridos_de_cadena_media/118418782,https://doi.org/10.1016/s0024-3205(97)01143-0,https://doi.org/10.1016/s0024-3205(97)01143-0
19101,wikipedia,https://doi.org/10.1016/s0024-3205(97)01143-0,https://ko.wikipedia.org/api/rest_v1/page/html/%EC%B9%B4%ED%94%84%EB%A6%B4%EC%82%B0/24783627,3423ecb5-543a-4d09-a740-44fb5f9913e2,2019-08-24 15:01:22,2019-08-24 11:05:55,references,36c35e23-8757-4a9d-aacf-345e9b7eb50d,https://creativecommons.org/publicdomain/zero/1.0/,https://doi.org/10.13003/CED-terms-of-use,,,https://evidence.eventdata.crossref.org/evidence/20190824-wikipedia-dc6fc0de-8f48-407c-8d26-8160a5a59996,add,https://ko.wikipedia.org/wiki/%EC%B9%B4%ED%94%84%EB%A6%B4%EC%82%B0,카프릴산,https://ko.wikipedia.org/w/index.php?title=%EC%B9%B4%ED%94%84%EB%A6%B4%EC%82%B0&oldid=24783627,https://ko.wikipedia.org/api/rest_v1/page/html/%EC%B9%B4%ED%94%84%EB%A6%B4%EC%82%B0/24783627,https://doi.org/10.1016/s0024-3205(97)01143-0,https://doi.org/10.1016/s0024-3205(97)01143-0
19102,wikipedia,https://doi.org/10.1016/s0024-3205(97)01143-0,https://ko.wikipedia.org/api/rest_v1/page/html/%EC%B9%B4%ED%94%84%EB%A6%B4%EC%82%B0/24783643,366d4c12-b78a-4a98-bf54-902dfa1e522d,2019-08-24 15:04:28,2019-08-24 11:17:56,references,36c35e23-8757-4a9d-aacf-345e9b7eb50d,https://creativecommons.org/publicdomain/zero/1.0/,https://doi.org/10.13003/CED-terms-of-use,,,https://evidence.eventdata.crossref.org/evidence/20190824-wikipedia-0d9f4a94-dd97-4b96-84c4-c07e070efff3,add,https://ko.wikipedia.org/wiki/%EC%B9%B4%ED%94%84%EB%A6%B4%EC%82%B0,카프릴산,https://ko.wikipedia.org/w/index.php?title=%EC%B9%B4%ED%94%84%EB%A6%B4%EC%82%B0&oldid=24783643,https://ko.wikipedia.org/api/rest_v1/page/html/%EC%B9%B4%ED%94%84%EB%A6%B4%EC%82%B0/24783643,https://doi.org/10.1016/s0024-3205(97)01143-0,https://doi.org/10.1016/s0024-3205(97)01143-0
19103,wikipedia,https://doi.org/10.1016/s0024-3205(97)01143-0,https://en.wikipedia.org/api/rest_v1/page/html/Caprylic_acid/916540071,8aea7209-68c9-42c4-99e4-26b23b12231e,2019-09-19 11:58:40,2019-09-19 08:09:57,references,36c35e23-8757-4a9d-aacf-345e9b7eb50d,https://creativecommons.org/publicdomain/zero/1.0/,https://doi.org/10.13003/CED-terms-of-use,,,https://evidence.eventdata.crossref.org/evidence/20190919-wikipedia-45eb607a-3dce-49f7-b6ac-1820287d0d15,add,https://en.wikipedia.org/wiki/Caprylic_acid,Caprylic acid,https://en.wikipedia.org/w/index.php?title=Caprylic_acid&oldid=916540071,https://en.wikipedia.org/api/rest_v1/page/html/Caprylic_acid/916540071,https://doi.org/10.1016/s0024-3205(97)01143-0,https://doi.org/10.1016/s0024-3205(97)01143-0
19104,wikipedia,https://doi.org/10.1016/s0024-3205(97)01143-0,https://en.wikipedia.org/api/rest_v1/page/html/Caprylic_acid/916810606,52ff41cf-371a-4d79-b28f-c61ab62fd926,2019-09-20 19:12:29,2019-09-20 15:18:02,references,36c35e23-8757-4a9d-aacf-345e9b7eb50d,https://creativecommons.org/publicdomain/zero/1.0/,https://doi.org/10.13003/CED-terms-of-use,,,https://evidence.eventdata.crossref.org/evidence/20190920-wikipedia-4f5f98d2-a73b-4858-99c8-f1e8a0c09222,add,https://en.wikipedia.org/wiki/Caprylic_acid,Caprylic acid,https://en.wikipedia.org/w/index.php?title=Caprylic_acid&oldid=916810606,https://en.wikipedia.org/api/rest_v1/page/html/Caprylic_acid/916810606,https://doi.org/10.1016/s0024-3205(97)01143-0,https://doi.org/10.1016/s0024-3205(97)01143-0
19105,wikipedia,https://doi.org/10.1016/s0024-3205(97)01143-0,https://en.wikipedia.org/api/rest_v1/page/html/Caprylic_acid/916814140,5ad6f993-6132-4bc2-9325-a2453dfcdf9f,2019-09-20 19:34:06,2019-09-20 15:37:59,references,36c35e23-8757-4a9d-aacf-345e9b7eb50d,https://creativecommons.org/publicdomain/zero/1.0/,https://doi.org/10.13003/CED-terms-of-use,,,https://evidence.eventdata.crossref.org/evidence/20190920-wikipedia-38f80f1e-495d-40a4-9ce1-3baf8402d5ce,add,https://en.wikipedia.org/wiki/Caprylic_acid,Caprylic acid,https://en.wikipedia.org/w/index.php?title=Caprylic_acid&oldid=916814140,https://en.wikipedia.org/api/rest_v1/page/html/Caprylic_acid/916814140,https://doi.org/10.1016/s0024-3205(97)01143-0,https://doi.org/10.1016/s0024-3205(97)01143-0
19106,wikipedia,https://doi.org/10.1016/s0024-3205(97)01143-0,https://es.wikipedia.org/api/rest_v1/page/html/Triglic%C3%A9ridos_de_cadena_media/120730211,57ae0fb7-d93d-45fa-b82d-40be90060987,2019-10-24 20:55:05,2019-10-24 17:00:36,references,36c35e23-8757-4a9d-aacf-345e9b7eb50d,https://creativecommons.org/publicdomain/zero/1.0/,https://doi.org/10.13003/CED-terms-of-use,,,https://evidence.eventdata.crossref.org/evidence/20191024-wikipedia-e14b7078-1722-47de-8bc9-5593e7ebe31c,add,https://es.wikipedia.org/wiki/Triglic%C3%A9ridos_de_cadena_media,Triglicéridos de cadena media,https://es.wikipedia.org/w/index.php?title=Triglic%C3%A9ridos_de_cadena_media&oldid=120730211,https://es.wikipedia.org/api/rest_v1/page/html/Triglic%C3%A9ridos_de_cadena_media/120730211,https://doi.org/10.1016/s0024-3205(97)01143-0,https://doi.org/10.1016/s0024-3205(97)01143-0
19107,wikipedia,https://doi.org/10.1016/s0024-3205(97)01143-0,https://en.wikipedia.org/api/rest_v1/page/html/Caprylic_acid/932430695,4b6a299e-e372-42e3-8314-6b56ee7056f7,2019-12-25 21:54:28,2019-12-25 17:03:02,references,36c35e23-8757-4a9d-aacf-345e9b7eb50d,https://creativecommons.org/publicdomain/zero/1.0/,https://doi.org/10.13003/CED-terms-of-use,,,https://evidence.eventdata.crossref.org/evidence/20191225-wikipedia-ff5994e3-ccd5-4c92-9981-d3f9eca5ae15,add,https://en.wikipedia.org/wiki/Caprylic_acid,Caprylic acid,https://en.wikipedia.org/w/index.php?title=Caprylic_acid&oldid=932430695,https://en.wikipedia.org/api/rest_v1/page/html/Caprylic_acid/932430695,https://doi.org/10.1016/s0024-3205(97)01143-0,https://doi.org/10.1016/s0024-3205(97)01143-0
19108,wikipedia,https://doi.org/10.1016/s0024-3205(97)01143-0,https://en.wikipedia.org/api/rest_v1/page/html/Caprylic_acid/933953828,5cd22b85-0e63-4439-9a36-e89605baae47,2020-01-03 22:45:01,2020-01-03 18:09:59,references,36c35e23-8757-4a9d-aacf-345e9b7eb50d,https://creativecommons.org/publicdomain/zero/1.0/,https://doi.org/10.13003/CED-terms-of-use,,,https://evidence.eventdata.crossref.org/evidence/20200103-wikipedia-7959010d-0c42-4a19-935b-d7c182d4b8c6,add,https://en.wikipedia.org/wiki/Caprylic_acid,Caprylic acid,https://en.wikipedia.org/w/index.php?title=Caprylic_acid&oldid=933953828,https://en.wikipedia.org/api/rest_v1/page/html/Caprylic_acid/933953828,https://doi.org/10.1016/s0024-3205(97)01143-0,https://doi.org/10.1016/s0024-3205(97)01143-0
19109,wikipedia,https://doi.org/10.1016/s0024-3205(97)01143-0,https://en.wikipedia.org/api/rest_v1/page/html/Caprylic_acid/937080590,16eb4078-24b3-4766-9341-cfe65fea7fb8,2020-01-22 20:53:48,2020-01-22 16:07:10,references,36c35e23-8757-4a9d-aacf-345e9b7eb50d,https://creativecommons.org/publicdomain/zero/1.0/,https://doi.org/10.13003/CED-terms-of-use,,,https://evidence.eventdata.crossref.org/evidence/20200122-wikipedia-fdf4e237-9d86-47b0-a5d5-61365d2c3f1f,add,https://en.wikipedia.org/wiki/Caprylic_acid,Caprylic acid,https://en.wikipedia.org/w/index.php?title=Caprylic_acid&oldid=937080590,https://en.wikipedia.org/api/rest_v1/page/html/Caprylic_acid/937080590,https://doi.org/10.1016/s0024-3205(97)01143-0,https://doi.org/10.1016/s0024-3205(97)01143-0
19110,wikipedia,https://doi.org/10.1016/s0024-3205(97)01143-0,https://en.wikipedia.org/api/rest_v1/page/html/Caprylic_acid/938338507,8b791361-43e2-4314-84dc-fc051859f1ef,2020-01-30 16:06:37,2020-01-30 11:33:48,references,36c35e23-8757-4a9d-aacf-345e9b7eb50d,https://creativecommons.org/publicdomain/zero/1.0/,https://doi.org/10.13003/CED-terms-of-use,,,https://evidence.eventdata.crossref.org/evidence/20200130-wikipedia-ecc20e04-504d-4843-b788-9d4d53fe5ab9,add,https://en.wikipedia.org/wiki/Caprylic_acid,Caprylic acid,https://en.wikipedia.org/w/index.php?title=Caprylic_acid&oldid=938338507,https://en.wikipedia.org/api/rest_v1/page/html/Caprylic_acid/938338507,https://doi.org/10.1016/s0024-3205(97)01143-0,https://doi.org/10.1016/s0024-3205(97)01143-0
19111,wikipedia,https://doi.org/10.1016/s0024-3205(97)01143-0,https://en.wikipedia.org/api/rest_v1/page/html/Caprylic_acid/938339466,377c6346-8c83-49d3-8a40-f7962cb0c9ff,2020-01-30 16:12:20,2020-01-30 11:38:36,references,36c35e23-8757-4a9d-aacf-345e9b7eb50d,https://creativecommons.org/publicdomain/zero/1.0/,https://doi.org/10.13003/CED-terms-of-use,,,https://evidence.eventdata.crossref.org/evidence/20200130-wikipedia-1afb9c06-11a7-4159-b4f5-9e3d500fa00d,add,https://en.wikipedia.org/wiki/Caprylic_acid,Caprylic acid,https://en.wikipedia.org/w/index.php?title=Caprylic_acid&oldid=938339466,https://en.wikipedia.org/api/rest_v1/page/html/Caprylic_acid/938339466,https://doi.org/10.1016/s0024-3205(97)01143-0,https://doi.org/10.1016/s0024-3205(97)01143-0
19112,wikipedia,https://doi.org/10.1016/s0024-3205(97)01143-0,https://en.wikipedia.org/api/rest_v1/page/html/Caprylic_acid/938339694,90c74ee6-1dc3-4c27-b5a7-688907a78f2a,2020-01-30 16:14:04,2020-01-30 11:39:01,references,36c35e23-8757-4a9d-aacf-345e9b7eb50d,https://creativecommons.org/publicdomain/zero/1.0/,https://doi.org/10.13003/CED-terms-of-use,,,https://evidence.eventdata.crossref.org/evidence/20200130-wikipedia-abab7f4b-cce2-48de-9900-517b4cbbaeff,add,https://en.wikipedia.org/wiki/Caprylic_acid,Caprylic acid,https://en.wikipedia.org/w/index.php?title=Caprylic_acid&oldid=938339694,https://en.wikipedia.org/api/rest_v1/page/html/Caprylic_acid/938339694,https://doi.org/10.1016/s0024-3205(97)01143-0,https://doi.org/10.1016/s0024-3205(97)01143-0
19113,wikipedia,https://doi.org/10.1016/s0024-3205(97)01143-0,https://en.wikipedia.org/api/rest_v1/page/html/Caprylic_acid/938339845,f344dcba-adbc-4d19-b385-039ca38e4ca4,2020-01-30 16:15:09,2020-01-30 11:39:28,references,36c35e23-8757-4a9d-aacf-345e9b7eb50d,https://creativecommons.org/publicdomain/zero/1.0/,https://doi.org/10.13003/CED-terms-of-use,,,https://evidence.eventdata.crossref.org/evidence/20200130-wikipedia-5207130e-dada-467a-8ef8-ff53da6b28ab,add,https://en.wikipedia.org/wiki/Caprylic_acid,Caprylic acid,https://en.wikipedia.org/w/index.php?title=Caprylic_acid&oldid=938339845,https://en.wikipedia.org/api/rest_v1/page/html/Caprylic_acid/938339845,https://doi.org/10.1016/s0024-3205(97)01143-0,https://doi.org/10.1016/s0024-3205(97)01143-0
19114,wikipedia,https://doi.org/10.1016/s0024-3205(97)01143-0,https://en.wikipedia.org/api/rest_v1/page/html/Caprylic_acid/940616247,687d8be6-2000-46ba-9634-18f38213df38,2020-02-13 16:24:32,2020-02-13 11:32:53,references,36c35e23-8757-4a9d-aacf-345e9b7eb50d,https://creativecommons.org/publicdomain/zero/1.0/,https://doi.org/10.13003/CED-terms-of-use,,,https://evidence.eventdata.crossref.org/evidence/20200213-wikipedia-8a82fa35-2a82-4fe8-9f93-eb06ed7d5280,add,https://en.wikipedia.org/wiki/Caprylic_acid,Caprylic acid,https://en.wikipedia.org/w/index.php?title=Caprylic_acid&oldid=940616247,https://en.wikipedia.org/api/rest_v1/page/html/Caprylic_acid/940616247,https://doi.org/10.1016/s0024-3205(97)01143-0,https://doi.org/10.1016/s0024-3205(97)01143-0
19115,wikipedia,https://doi.org/10.1016/s0024-3205(97)01143-0,https://ko.wikipedia.org/api/rest_v1/page/html/%EC%B9%B4%ED%94%84%EB%A6%B4%EC%82%B0/27696158,c2c6c98f-2971-4087-9254-49d41c55e12d,2020-09-26 20:16:37,2020-09-26 16:22:05,references,36c35e23-8757-4a9d-aacf-345e9b7eb50d,https://creativecommons.org/publicdomain/zero/1.0/,https://doi.org/10.13003/CED-terms-of-use,,,https://evidence.eventdata.crossref.org/evidence/20200926-wikipedia-a11d5b2a-81d5-4449-88a6-79e6ceb59c53,add,https://ko.wikipedia.org/wiki/%EC%B9%B4%ED%94%84%EB%A6%B4%EC%82%B0,카프릴산,https://ko.wikipedia.org/w/index.php?title=%EC%B9%B4%ED%94%84%EB%A6%B4%EC%82%B0&oldid=27696158,https://ko.wikipedia.org/api/rest_v1/page/html/%EC%B9%B4%ED%94%84%EB%A6%B4%EC%82%B0/27696158,https://doi.org/10.1016/s0024-3205(97)01143-0,https://doi.org/10.1016/s0024-3205(97)01143-0
19116,wikipedia,https://doi.org/10.1016/s0024-3205(97)01143-0,https://ko.wikipedia.org/api/rest_v1/page/html/%EC%B9%B4%ED%94%84%EB%A6%B4%EC%82%B0/27749329,fd641db1-aaac-4d83-96ef-e4e37f69b3e4,2020-10-03 02:55:07,2020-10-02 23:00:22,references,36c35e23-8757-4a9d-aacf-345e9b7eb50d,https://creativecommons.org/publicdomain/zero/1.0/,https://doi.org/10.13003/CED-terms-of-use,,,https://evidence.eventdata.crossref.org/evidence/20201003-wikipedia-4905b41f-f22e-4613-a40f-03f775ef293d,add,https://ko.wikipedia.org/wiki/%EC%B9%B4%ED%94%84%EB%A6%B4%EC%82%B0,카프릴산,https://ko.wikipedia.org/w/index.php?title=%EC%B9%B4%ED%94%84%EB%A6%B4%EC%82%B0&oldid=27749329,https://ko.wikipedia.org/api/rest_v1/page/html/%EC%B9%B4%ED%94%84%EB%A6%B4%EC%82%B0/27749329,https://doi.org/10.1016/s0024-3205(97)01143-0,https://doi.org/10.1016/s0024-3205(97)01143-0
19117,wikipedia,https://doi.org/10.1016/s0024-3205(97)01143-0,https://ko.wikipedia.org/api/rest_v1/page/html/%EC%B9%B4%ED%94%84%EB%A6%B4%EC%82%B0/27750740,00a7e6f7-81b7-4c3d-8a5c-0973647eecd3,2020-10-03 05:01:48,2020-10-03 01:07:24,references,36c35e23-8757-4a9d-aacf-345e9b7eb50d,https://creativecommons.org/publicdomain/zero/1.0/,https://doi.org/10.13003/CED-terms-of-use,,,https://evidence.eventdata.crossref.org/evidence/20201003-wikipedia-3ef65946-6fc7-4973-b4a0-207a6ea5f01c,add,https://ko.wikipedia.org/wiki/%EC%B9%B4%ED%94%84%EB%A6%B4%EC%82%B0,카프릴산,https://ko.wikipedia.org/w/index.php?title=%EC%B9%B4%ED%94%84%EB%A6%B4%EC%82%B0&oldid=27750740,https://ko.wikipedia.org/api/rest_v1/page/html/%EC%B9%B4%ED%94%84%EB%A6%B4%EC%82%B0/27750740,https://doi.org/10.1016/s0024-3205(97)01143-0,https://doi.org/10.1016/s0024-3205(97)01143-0
19118,wikipedia,https://doi.org/10.1016/s0024-3205(97)01143-0,https://en.wikipedia.org/api/rest_v1/page/html/Caprylic_acid/982466615,a4ecc087-4264-4950-8a87-7139b97760bd,2020-10-08 09:45:14,2020-10-08 05:52:07,references,36c35e23-8757-4a9d-aacf-345e9b7eb50d,https://creativecommons.org/publicdomain/zero/1.0/,https://doi.org/10.13003/CED-terms-of-use,,,https://evidence.eventdata.crossref.org/evidence/20201008-wikipedia-4f15b51c-22f5-4361-9f2e-db0fec494133,add,https://en.wikipedia.org/wiki/Caprylic_acid,Caprylic acid,https://en.wikipedia.org/w/index.php?title=Caprylic_acid&oldid=982466615,https://en.wikipedia.org/api/rest_v1/page/html/Caprylic_acid/982466615,https://doi.org/10.1016/s0024-3205(97)01143-0,https://doi.org/10.1016/s0024-3205(97)01143-0
19119,wikipedia,https://doi.org/10.1016/s0024-3205(97)01143-0,https://en.wikipedia.org/api/rest_v1/page/html/Caprylic_acid/948034199,99c8bd8b-9557-40a5-bf02-013aed466ca3,2020-03-29 20:31:03,2020-10-13 19:55:20,references,36c35e23-8757-4a9d-aacf-345e9b7eb50d,https://creativecommons.org/publicdomain/zero/1.0/,https://doi.org/10.13003/CED-terms-of-use,,,https://evidence.eventdata.crossref.org/evidence/20200329-wikipedia-f3d07a91-3cdb-4b0f-a9b7-d7ebdf96810a,add,https://en.wikipedia.org/wiki/Caprylic_acid,Caprylic acid,https://en.wikipedia.org/w/index.php?title=Caprylic_acid&oldid=948034199,https://en.wikipedia.org/api/rest_v1/page/html/Caprylic_acid/948034199,https://doi.org/10.1016/s0024-3205(97)01143-0,https://doi.org/10.1016/s0024-3205(97)01143-0
19120,wikipedia,https://doi.org/10.1016/s0024-3205(97)01143-0,https://en.wikipedia.org/api/rest_v1/page/html/Caprylic_acid/949098112,6f009fa0-cd4e-44b5-a30d-734e823b1cb1,2020-04-04 17:58:24,2020-10-13 22:53:03,references,36c35e23-8757-4a9d-aacf-345e9b7eb50d,https://creativecommons.org/publicdomain/zero/1.0/,https://doi.org/10.13003/CED-terms-of-use,,,https://evidence.eventdata.crossref.org/evidence/20200404-wikipedia-1298377a-4ac9-4345-b252-d0a8280d9d52,add,https://en.wikipedia.org/wiki/Caprylic_acid,Caprylic acid,https://en.wikipedia.org/w/index.php?title=Caprylic_acid&oldid=949098112,https://en.wikipedia.org/api/rest_v1/page/html/Caprylic_acid/949098112,https://doi.org/10.1016/s0024-3205(97)01143-0,https://doi.org/10.1016/s0024-3205(97)01143-0
19121,wikipedia,https://doi.org/10.1016/s0024-3205(97)01143-0,https://en.wikipedia.org/api/rest_v1/page/html/Caprylic_acid/962615241,358fc7ed-fb2d-44ca-9f8f-1883eedaacdf,2020-06-15 02:30:15,2020-10-15 10:35:49,references,36c35e23-8757-4a9d-aacf-345e9b7eb50d,https://creativecommons.org/publicdomain/zero/1.0/,https://doi.org/10.13003/CED-terms-of-use,,,https://evidence.eventdata.crossref.org/evidence/20200615-wikipedia-13f6d324-3f14-454d-9d78-40a5ba2cecc6,add,https://en.wikipedia.org/wiki/Caprylic_acid,Caprylic acid,https://en.wikipedia.org/w/index.php?title=Caprylic_acid&oldid=962615241,https://en.wikipedia.org/api/rest_v1/page/html/Caprylic_acid/962615241,https://doi.org/10.1016/s0024-3205(97)01143-0,https://doi.org/10.1016/s0024-3205(97)01143-0
19122,wikipedia,https://doi.org/10.1016/s0024-3205(97)01143-0,https://en.wikipedia.org/api/rest_v1/page/html/Caprylic_acid/962615142,2c65d621-1c0b-49e7-9cb1-abc0f08fc715,2020-06-15 02:29:31,2020-10-15 10:40:56,references,36c35e23-8757-4a9d-aacf-345e9b7eb50d,https://creativecommons.org/publicdomain/zero/1.0/,https://doi.org/10.13003/CED-terms-of-use,,,https://evidence.eventdata.crossref.org/evidence/20200615-wikipedia-5c590a13-fd6e-4412-87ad-cd6a699a903d,add,https://en.wikipedia.org/wiki/Caprylic_acid,Caprylic acid,https://en.wikipedia.org/w/index.php?title=Caprylic_acid&oldid=962615142,https://en.wikipedia.org/api/rest_v1/page/html/Caprylic_acid/962615142,https://doi.org/10.1016/s0024-3205(97)01143-0,https://doi.org/10.1016/s0024-3205(97)01143-0
19123,wikipedia,https://doi.org/10.1016/s0024-3205(97)01143-0,https://en.wikipedia.org/api/rest_v1/page/html/Caprylic_acid/962616828,f3403a32-4b2f-4e05-93de-407a0c0470f6,2020-06-15 02:45:04,2020-10-15 10:46:38,references,36c35e23-8757-4a9d-aacf-345e9b7eb50d,https://creativecommons.org/publicdomain/zero/1.0/,https://doi.org/10.13003/CED-terms-of-use,,,https://evidence.eventdata.crossref.org/evidence/20200615-wikipedia-ad640df7-acb3-420a-8467-f77d65a937d9,add,https://en.wikipedia.org/wiki/Caprylic_acid,Caprylic acid,https://en.wikipedia.org/w/index.php?title=Caprylic_acid&oldid=962616828,https://en.wikipedia.org/api/rest_v1/page/html/Caprylic_acid/962616828,https://doi.org/10.1016/s0024-3205(97)01143-0,https://doi.org/10.1016/s0024-3205(97)01143-0
19124,wikipedia,https://doi.org/10.1016/s0024-3205(97)01143-0,https://en.wikipedia.org/api/rest_v1/page/html/Caprylic_acid/973272666,ea385853-a683-4e1c-912e-093754288a82,2020-08-16 09:16:00,2020-10-16 23:36:37,references,36c35e23-8757-4a9d-aacf-345e9b7eb50d,https://creativecommons.org/publicdomain/zero/1.0/,https://doi.org/10.13003/CED-terms-of-use,,,https://evidence.eventdata.crossref.org/evidence/20200816-wikipedia-a47bd3b5-3bf9-4343-9105-d24b5c29bd80,add,https://en.wikipedia.org/wiki/Caprylic_acid,Caprylic acid,https://en.wikipedia.org/w/index.php?title=Caprylic_acid&oldid=973272666,https://en.wikipedia.org/api/rest_v1/page/html/Caprylic_acid/973272666,https://doi.org/10.1016/s0024-3205(97)01143-0,https://doi.org/10.1016/s0024-3205(97)01143-0
19125,wikipedia,https://doi.org/10.1016/s0024-3205(97)01143-0,https://en.wikipedia.org/api/rest_v1/page/html/Caprylic_acid/985268233,ddd93471-4109-47de-8755-48433689f9d4,2020-10-24 23:58:17,2020-10-24 20:04:08,references,36c35e23-8757-4a9d-aacf-345e9b7eb50d,https://creativecommons.org/publicdomain/zero/1.0/,https://doi.org/10.13003/CED-terms-of-use,,,https://evidence.eventdata.crossref.org/evidence/20201024-wikipedia-876fe865-c605-4af1-a538-8307d4cdf99d,add,https://en.wikipedia.org/wiki/Caprylic_acid,Caprylic acid,https://en.wikipedia.org/w/index.php?title=Caprylic_acid&oldid=985268233,https://en.wikipedia.org/api/rest_v1/page/html/Caprylic_acid/985268233,https://doi.org/10.1016/s0024-3205(97)01143-0,https://doi.org/10.1016/s0024-3205(97)01143-0
19126,wikipedia,https://doi.org/10.1016/s0024-3205(97)01143-0,https://en.wikipedia.org/api/rest_v1/page/html/Caprylic_acid/985268271,1c00df47-0c13-41d5-bcaf-2193a9ba0a87,2020-10-24 23:58:44,2020-10-24 20:08:25,references,36c35e23-8757-4a9d-aacf-345e9b7eb50d,https://creativecommons.org/publicdomain/zero/1.0/,https://doi.org/10.13003/CED-terms-of-use,,,https://evidence.eventdata.crossref.org/evidence/20201024-wikipedia-810eee83-0d49-4a54-b011-7be72da7c60f,add,https://en.wikipedia.org/wiki/Caprylic_acid,Caprylic acid,https://en.wikipedia.org/w/index.php?title=Caprylic_acid&oldid=985268271,https://en.wikipedia.org/api/rest_v1/page/html/Caprylic_acid/985268271,https://doi.org/10.1016/s0024-3205(97)01143-0,https://doi.org/10.1016/s0024-3205(97)01143-0
19127,wikipedia,https://doi.org/10.1016/s0024-3205(97)01143-0,https://ko.wikipedia.org/api/rest_v1/page/html/%EC%B9%B4%ED%94%84%EB%A6%B4%EC%82%B0/27966000,b77fcdd2-4214-476b-9131-ade90aac3204,2020-11-05 04:20:39,2020-11-04 23:27:22,references,36c35e23-8757-4a9d-aacf-345e9b7eb50d,https://creativecommons.org/publicdomain/zero/1.0/,https://doi.org/10.13003/CED-terms-of-use,,,https://evidence.eventdata.crossref.org/evidence/20201105-wikipedia-b38a958e-13e0-4729-af24-670deecd0184,add,https://ko.wikipedia.org/wiki/%EC%B9%B4%ED%94%84%EB%A6%B4%EC%82%B0,카프릴산,https://ko.wikipedia.org/w/index.php?title=%EC%B9%B4%ED%94%84%EB%A6%B4%EC%82%B0&oldid=27966000,https://ko.wikipedia.org/api/rest_v1/page/html/%EC%B9%B4%ED%94%84%EB%A6%B4%EC%82%B0/27966000,https://doi.org/10.1016/s0024-3205(97)01143-0,https://doi.org/10.1016/s0024-3205(97)01143-0
19128,wikipedia,https://doi.org/10.1016/s0024-3205(97)01143-0,https://ko.wikipedia.org/api/rest_v1/page/html/%EC%B9%B4%ED%94%84%EB%A6%B4%EC%82%B0/27966182,ace52d5f-b17a-43a0-8eec-aabfdf687795,2020-11-05 04:40:41,2020-11-04 23:46:01,references,36c35e23-8757-4a9d-aacf-345e9b7eb50d,https://creativecommons.org/publicdomain/zero/1.0/,https://doi.org/10.13003/CED-terms-of-use,,,https://evidence.eventdata.crossref.org/evidence/20201105-wikipedia-823bd1c0-48e5-40d6-91ec-4274ed691e6a,add,https://ko.wikipedia.org/wiki/%EC%B9%B4%ED%94%84%EB%A6%B4%EC%82%B0,카프릴산,https://ko.wikipedia.org/w/index.php?title=%EC%B9%B4%ED%94%84%EB%A6%B4%EC%82%B0&oldid=27966182,https://ko.wikipedia.org/api/rest_v1/page/html/%EC%B9%B4%ED%94%84%EB%A6%B4%EC%82%B0/27966182,https://doi.org/10.1016/s0024-3205(97)01143-0,https://doi.org/10.1016/s0024-3205(97)01143-0
19129,wikipedia,https://doi.org/10.1016/s0024-3205(97)01143-0,https://ko.wikipedia.org/api/rest_v1/page/html/%EC%B9%B4%ED%94%84%EB%A6%B4%EC%82%B0/27967064,1451c3ce-2d5c-4567-b59c-b8028e8c23b3,2020-11-05 05:41:31,2020-11-05 00:52:41,references,36c35e23-8757-4a9d-aacf-345e9b7eb50d,https://creativecommons.org/publicdomain/zero/1.0/,https://doi.org/10.13003/CED-terms-of-use,,,https://evidence.eventdata.crossref.org/evidence/20201105-wikipedia-6268681d-a46a-4a71-af81-7666e4ffbac1,add,https://ko.wikipedia.org/wiki/%EC%B9%B4%ED%94%84%EB%A6%B4%EC%82%B0,카프릴산,https://ko.wikipedia.org/w/index.php?title=%EC%B9%B4%ED%94%84%EB%A6%B4%EC%82%B0&oldid=27967064,https://ko.wikipedia.org/api/rest_v1/page/html/%EC%B9%B4%ED%94%84%EB%A6%B4%EC%82%B0/27967064,https://doi.org/10.1016/s0024-3205(97)01143-0,https://doi.org/10.1016/s0024-3205(97)01143-0
19130,wikipedia,https://doi.org/10.1016/s0024-3205(97)01143-0,https://en.wikipedia.org/api/rest_v1/page/html/Caprylic_acid/1000251301,7d1ad28d-bb8c-49b2-af9f-8c30dee374b2,2021-01-14 09:42:53,2021-01-14 05:00:55,references,36c35e23-8757-4a9d-aacf-345e9b7eb50d,https://creativecommons.org/publicdomain/zero/1.0/,https://doi.org/10.13003/CED-terms-of-use,,,https://evidence.eventdata.crossref.org/evidence/20210114-wikipedia-66f2951a-786a-4c32-ba6d-bc903cb24d7d,add,https://en.wikipedia.org/wiki/Caprylic_acid,Caprylic acid,https://en.wikipedia.org/w/index.php?title=Caprylic_acid&oldid=1000251301,https://en.wikipedia.org/api/rest_v1/page/html/Caprylic_acid/1000251301,https://doi.org/10.1016/s0024-3205(97)01143-0,https://doi.org/10.1016/s0024-3205(97)01143-0
