cambiaIncrement,sourceID,objectID,subjectID,eventID,occurredAt,timeObserved,relationType,sourceToken,license,termsOfUse,updatedReason,updated,eventAction,workSubtypeID,workTypeID,subjectTitle,subjectPID,jurisdiction,updatedDate
515,cambia-lens,https://doi.org/10.1016/s0092-8674(00)81224-6,https://lens.org/121-960-603-957-772,c59c6f38-f9df-193c-11ac-34a871e89332,2003-04-29 00:00:00,2017-11-10 01:01:30,cites,1ad0b713-78ed-4bb9-8d5d-a3c2d163d46f,https://creativecommons.org/licenses/by-sa/4.0/,https://doi.org/10.13003/CED-terms-of-use,,,add,Granted Patent,patent,"Screening Methods For Altering Circadian Rhythms And For Human Casein Kinase I Delta And/Or Epsi Phosphorylation Of Human Clock Proteins, Pe",https://lens.org/121-960-603-957-772,US,
516,cambia-lens,https://doi.org/10.1016/s0092-8674(00)81224-6,https://lens.org/140-556-934-163-744,e8a9b16e-1162-287b-a7fd-4c832b2d4ad5,2002-11-05 00:00:00,2017-11-10 05:49:51,cites,1ad0b713-78ed-4bb9-8d5d-a3c2d163d46f,https://creativecommons.org/licenses/by-sa/4.0/,https://doi.org/10.13003/CED-terms-of-use,,,add,Granted Patent,patent,Clock Gene And Methods Of Use Thereof,https://lens.org/140-556-934-163-744,US,
517,cambia-lens,https://doi.org/10.1016/s0092-8674(00)81224-6,https://lens.org/151-348-928-536-359,10464228-05ff-8df3-57df-471684c8b00f,2002-11-05 00:00:00,2017-11-10 08:37:02,cites,1ad0b713-78ed-4bb9-8d5d-a3c2d163d46f,https://creativecommons.org/licenses/by-sa/4.0/,https://doi.org/10.13003/CED-terms-of-use,,,add,Granted Patent,patent,Methods For Identifying Compounds Which Modulate Circadian Rhythm,https://lens.org/151-348-928-536-359,US,
518,cambia-lens,https://doi.org/10.1016/s0092-8674(00)81224-6,https://lens.org/017-731-973-343-867,3ff9b4e7-1d17-117c-d035-80ccf68efeae,2014-09-30 00:00:00,2017-11-10 15:43:36,cites,1ad0b713-78ed-4bb9-8d5d-a3c2d163d46f,https://creativecommons.org/licenses/by-sa/4.0/,https://doi.org/10.13003/CED-terms-of-use,,,add,Granted Patent,patent,"6-Cycloamino-3-(Pyrid-4-Yl)Imidazo[1,2-B]Pyridazine Derivatives, Preparation Thereof And Therapeutic Use Thereof",https://lens.org/017-731-973-343-867,US,
519,cambia-lens,https://doi.org/10.1016/s0092-8674(00)81224-6,https://lens.org/090-630-130-666-144,94ebbdcb-9aa4-0eb6-5c98-d3de057ae612,2015-08-18 00:00:00,2017-11-11 16:55:38,cites,1ad0b713-78ed-4bb9-8d5d-a3c2d163d46f,https://creativecommons.org/licenses/by-sa/4.0/,https://doi.org/10.13003/CED-terms-of-use,,,add,Granted Patent,patent,"6-Cycloamino-3-(Pyridazin-4-Yl)Imidazo[1,2-B]-Pyridazine And Derivatives Thereof Preparation And Therapeutic Application Thereof",https://lens.org/090-630-130-666-144,US,
