crossRefIncrement,sourceID,objectID,subjectID,eventID,occurredAt,timeObserved,relationType,sourceToken,license,crossrefTermsOfUse,messageAction
2021,crossref,https://doi.org/10.1016/S0092-8674(00)81224-6,https://doi.org/10.1371/journal.pone.0033912,8892bd42-bb0a-46ba-9619-58a0e0fb323e,2012-03-27 00:00:00,2019-06-27 05:45:17,references,8676e950-8ac5-4074-8ac3-c0a18ada7e99,https://doi.org/10.13003/CED-terms-of-use,https://doi.org/10.13003/CED-terms-of-use,create
2022,crossref,https://doi.org/10.1016/S0092-8674(00)81224-6,https://doi.org/10.1080/10236244.2012.730209,11ae1058-7fbc-4d12-9a2f-456479f23b4d,2012-07-01 00:00:00,2019-07-05 07:35:41,references,8676e950-8ac5-4074-8ac3-c0a18ada7e99,https://doi.org/10.13003/CED-terms-of-use,https://doi.org/10.13003/CED-terms-of-use,create
2023,crossref,https://doi.org/10.1016/S0092-8674(00)81224-6,https://doi.org/10.1098/rstb.2001.0935,f46a5506-933b-4228-b22e-a4c9f4f7e83b,2001-11-29 00:00:00,2019-07-19 08:10:34,references,8676e950-8ac5-4074-8ac3-c0a18ada7e99,https://doi.org/10.13003/CED-terms-of-use,https://doi.org/10.13003/CED-terms-of-use,create
2024,crossref,https://doi.org/10.1016/S0092-8674(00)81224-6,https://doi.org/10.1098/rstb.2001.0969,31f1c84d-7d69-4016-8b11-bbbbb881e44f,2001-11-29 00:00:00,2019-07-19 08:14:42,references,8676e950-8ac5-4074-8ac3-c0a18ada7e99,https://doi.org/10.13003/CED-terms-of-use,https://doi.org/10.13003/CED-terms-of-use,create
2025,crossref,https://doi.org/10.1016/S0092-8674(00)81224-6,https://doi.org/10.1142/S0218348X11005476,2ab9ca23-f85c-4eac-82f2-55bb0fd9c348,2011-12-01 00:00:00,2019-07-19 14:25:12,references,8676e950-8ac5-4074-8ac3-c0a18ada7e99,https://doi.org/10.13003/CED-terms-of-use,https://doi.org/10.13003/CED-terms-of-use,create
2026,crossref,https://doi.org/10.1016/S0092-8674(00)81224-6,https://doi.org/10.1371/journal.pbio.1001645,b1492497-c341-4dc2-89e2-49eb57ea5231,2013-08-27 00:00:00,2019-07-23 00:18:54,references,8676e950-8ac5-4074-8ac3-c0a18ada7e99,https://doi.org/10.13003/CED-terms-of-use,https://doi.org/10.13003/CED-terms-of-use,create
2027,crossref,https://doi.org/10.1016/S0092-8674(00)81224-6,https://doi.org/10.3389/fphys.2019.00941,4940bc08-e1f2-45f1-87b2-50169e145686,2019-07-24 00:00:00,2019-07-24 23:27:57,references,8676e950-8ac5-4074-8ac3-c0a18ada7e99,https://doi.org/10.13003/CED-terms-of-use,https://doi.org/10.13003/CED-terms-of-use,create
2028,crossref,https://doi.org/10.1016/S0092-8674(00)81224-6,https://doi.org/10.1098/rstb.2001.0961,ece751c6-699c-46b5-a584-02bf05afc8ef,2001-11-29 00:00:00,2019-07-26 05:09:30,references,8676e950-8ac5-4074-8ac3-c0a18ada7e99,https://doi.org/10.13003/CED-terms-of-use,https://doi.org/10.13003/CED-terms-of-use,create
2029,crossref,https://doi.org/10.1016/S0092-8674(00)81224-6,https://doi.org/10.3390/ijms20092363,e5d50897-4c0c-4e9d-aaff-e10eba28e502,2019-05-13 00:00:00,2019-07-30 04:21:54,references,8676e950-8ac5-4074-8ac3-c0a18ada7e99,https://doi.org/10.13003/CED-terms-of-use,https://doi.org/10.13003/CED-terms-of-use,create
2030,crossref,https://doi.org/10.1016/S0092-8674(00)81224-6,https://doi.org/10.1371/journal.pone.0070021,309ba396-142f-4c80-9e57-2926cd6b350e,2013-07-25 00:00:00,2019-12-02 04:47:13,references,8676e950-8ac5-4074-8ac3-c0a18ada7e99,https://doi.org/10.13003/CED-terms-of-use,https://doi.org/10.13003/CED-terms-of-use,create
2031,crossref,https://doi.org/10.1016/s0092-8674(00)81224-6,https://doi.org/10.3389/fphys.2019.01442,fb48c622-7225-4930-bbd1-79cde6c279ed,2019-12-03 00:00:00,2019-12-04 07:49:49,references,8676e950-8ac5-4074-8ac3-c0a18ada7e99,https://doi.org/10.13003/CED-terms-of-use,https://doi.org/10.13003/CED-terms-of-use,create
2032,crossref,https://doi.org/10.1016/S0092-8674(00)81224-6,https://doi.org/10.1210/er.2018-00049,f0a37c6a-2a00-4f54-adf5-b0ae4450ca07,2018-08-28 00:00:00,2019-12-15 15:37:05,references,8676e950-8ac5-4074-8ac3-c0a18ada7e99,https://doi.org/10.13003/CED-terms-of-use,https://doi.org/10.13003/CED-terms-of-use,create
2033,crossref,https://doi.org/10.1016/S0092-8674(00)81224-6,https://doi.org/10.1177/0748730419868136,108527d7-5336-4053-a128-c1d2fcc597d3,2019-08-07 00:00:00,2019-12-21 20:16:20,references,8676e950-8ac5-4074-8ac3-c0a18ada7e99,https://doi.org/10.13003/CED-terms-of-use,https://doi.org/10.13003/CED-terms-of-use,create
2034,crossref,https://doi.org/10.1016/S0092-8674(00)81224-6,https://doi.org/10.1098/rspb.1999.0920,f04d237a-2a8b-4e55-bbcd-805012861afd,1999-11-22 00:00:00,2019-12-26 07:58:31,references,8676e950-8ac5-4074-8ac3-c0a18ada7e99,https://doi.org/10.13003/CED-terms-of-use,https://doi.org/10.13003/CED-terms-of-use,create
