crossRefIncrement,sourceID,objectID,subjectID,eventID,occurredAt,timeObserved,relationType,sourceToken,license,crossrefTermsOfUse,messageAction
4250,crossref,https://doi.org/10.1016/S0146-6380(97)00056-9,https://doi.org/10.5194/bg-9-3601-2012,7986ae8e-67a1-4efd-8b13-0cffdda9f23a,2012-09-07 00:00:00,2019-07-07 04:49:35,references,8676e950-8ac5-4074-8ac3-c0a18ada7e99,https://doi.org/10.13003/CED-terms-of-use,https://doi.org/10.13003/CED-terms-of-use,create
4251,crossref,https://doi.org/10.1016/S0146-6380(97)00056-9,https://doi.org/10.1039/C5EM00199D,6162ebc9-e91b-4e01-a914-9b3d0745db48,2015-01-01 00:00:00,2019-07-11 02:10:47,references,8676e950-8ac5-4074-8ac3-c0a18ada7e99,https://doi.org/10.13003/CED-terms-of-use,https://doi.org/10.13003/CED-terms-of-use,create
4252,crossref,https://doi.org/10.1016/S0146-6380(97)00056-9,https://doi.org/10.1111/1574-6976.12001,1ddf67f4-82ab-4530-912b-1d6e86eeb123,2013-07-01 00:00:00,2019-07-26 06:21:08,references,8676e950-8ac5-4074-8ac3-c0a18ada7e99,https://doi.org/10.13003/CED-terms-of-use,https://doi.org/10.13003/CED-terms-of-use,create
4253,crossref,https://doi.org/10.1016/S0146-6380(97)00056-9,https://doi.org/10.1002/jgrg.20079,9ac7c6e8-34b1-46b2-986f-c7e22a0d7556,2013-07-01 00:00:00,2019-07-27 16:16:05,references,8676e950-8ac5-4074-8ac3-c0a18ada7e99,https://doi.org/10.13003/CED-terms-of-use,https://doi.org/10.13003/CED-terms-of-use,create
4254,crossref,https://doi.org/10.1016/S0146-6380(97)00056-9,https://doi.org/10.1098/rspb.2016.2861,9568f470-684c-429f-a7f7-51ce4a7fb835,2017-04-12 00:00:00,2019-07-28 07:38:18,references,8676e950-8ac5-4074-8ac3-c0a18ada7e99,https://doi.org/10.13003/CED-terms-of-use,https://doi.org/10.13003/CED-terms-of-use,create
4255,crossref,https://doi.org/10.1016/S0146-6380(97)00056-9,https://doi.org/10.5194/bg-13-6121-2016,7ac2cc06-c202-4ab1-b4d6-8964f4588f0a,2016-11-14 00:00:00,2019-10-26 22:14:38,references,8676e950-8ac5-4074-8ac3-c0a18ada7e99,https://doi.org/10.13003/CED-terms-of-use,https://doi.org/10.13003/CED-terms-of-use,create
4256,crossref,https://doi.org/10.1016/S0146-6380(97)00056-9,https://doi.org/10.1007/s10533-012-9760-x,d490a375-25ec-4472-850c-b9cf7404579a,2012-08-01 00:00:00,2019-12-01 07:14:51,references,8676e950-8ac5-4074-8ac3-c0a18ada7e99,https://doi.org/10.13003/CED-terms-of-use,https://doi.org/10.13003/CED-terms-of-use,create
4257,crossref,https://doi.org/10.1016/S0146-6380(97)00056-9,https://doi.org/10.1038/nmicrobiol.2017.105,9821e1ce-8aa0-4e04-be4e-e97a72c1c3f9,2017-07-25 00:00:00,2019-12-15 20:46:50,references,8676e950-8ac5-4074-8ac3-c0a18ada7e99,https://doi.org/10.13003/CED-terms-of-use,https://doi.org/10.13003/CED-terms-of-use,create
