{
  "0":{
    "cambiaIncrement":70,
    "sourceID":"cambia-lens",
    "objectID":"https:\/\/doi.org\/10.1001\/jama.280.3.231",
    "subjectID":"https:\/\/lens.org\/182-928-807-910-581",
    "eventID":"0bfbf84a-9dd6-87eb-2b2f-71a6739c87db",
    "occurredAt":1346112000000,
    "timeObserved":1510334301000,
    "relationType":"cites",
    "sourceToken":"1ad0b713-78ed-4bb9-8d5d-a3c2d163d46f",
    "license":"https:\/\/creativecommons.org\/licenses\/by-sa\/4.0\/",
    "termsOfUse":"https:\/\/doi.org\/10.13003\/CED-terms-of-use",
    "updatedReason":null,
    "updated":null,
    "eventAction":"add",
    "workSubtypeID":"Granted Patent",
    "workTypeID":"patent",
    "subjectTitle":"Method And Computer Program Product For Obtaining Reviews Of Businesses From Customers",
    "subjectPID":"https:\/\/lens.org\/182-928-807-910-581",
    "jurisdiction":"US",
    "updatedDate":null
  }
}