{
  "0":{
    "twitterIncrement":10706,
    "sourceID":"twitter",
    "subjectID":"twitter:\/\/status?id=1140648463576829952",
    "objectID":"https:\/\/doi.org\/10.1001\/jama.280.3.231",
    "eventID":"4e4130e6-463d-4af6-b028-d2c0c619839e",
    "occurredAt":1560786760000,
    "timeObserved":1560824018000,
    "relationType":"discusses",
    "sourceToken":"45a1ef76-4f43-4cdc-9ba8-5a6ad01cc231",
    "license":"https:\/\/creativecommons.org\/publicdomain\/zero\/1.0\/",
    "termsOfUse":"https:\/\/doi.org\/10.13003\/CED-terms-of-use",
    "tweetAuthor":"twitter:\/\/user?screen_name=NephRodby",
    "originalTweetAuthor":"twitter:\/\/user?screen_name=Wagner_Nephro",
    "updatedReason":null,
    "updated":null,
    "evidenceRecord":"https:\/\/evidence.eventdata.crossref.org\/evidence\/20190617-twitter-b3da8003-10b2-4283-923f-804e644b70",
    "eventAction":"add",
    "subjectPID":"twitter:\/\/status?id=1140648463576829952",
    "originalTweetURL":"twitter:\/\/status?id=1140639986233950209",
    "alternativeID":"1140648463576829952",
    "title":"Tweet 1140648463576829952",
    "issued":1560786760000,
    "objectPID":"https:\/\/doi.org\/10.1001\/jama.280.3.231",
    "objectURL":"https:\/\/jamanetwork.com\/journals\/jama\/article-abstract\/187762",
    "updatedDate":null
  },
  "1":{
    "twitterIncrement":10707,
    "sourceID":"twitter",
    "subjectID":"twitter:\/\/status?id=1140681656354975744",
    "objectID":"https:\/\/doi.org\/10.1001\/jama.280.3.231",
    "eventID":"03d6a0fd-87df-4d8e-a9d0-a2b5e2667205",
    "occurredAt":1560794674000,
    "timeObserved":1560828031000,
    "relationType":"discusses",
    "sourceToken":"45a1ef76-4f43-4cdc-9ba8-5a6ad01cc231",
    "license":"https:\/\/creativecommons.org\/publicdomain\/zero\/1.0\/",
    "termsOfUse":"https:\/\/doi.org\/10.13003\/CED-terms-of-use",
    "tweetAuthor":"twitter:\/\/user?screen_name=merrylindseyphd",
    "originalTweetAuthor":"twitter:\/\/user?screen_name=Wagner_Nephro",
    "updatedReason":null,
    "updated":null,
    "evidenceRecord":"https:\/\/evidence.eventdata.crossref.org\/evidence\/20190617-twitter-28257e54-5247-4959-b548-881670e756",
    "eventAction":"add",
    "subjectPID":"twitter:\/\/status?id=1140681656354975744",
    "originalTweetURL":"twitter:\/\/status?id=1140639986233950209",
    "alternativeID":"1140681656354975744",
    "title":"Tweet 1140681656354975744",
    "issued":1560794674000,
    "objectPID":"https:\/\/doi.org\/10.1001\/jama.280.3.231",
    "objectURL":"https:\/\/jamanetwork.com\/journals\/jama\/article-abstract\/187762",
    "updatedDate":null
  },
  "2":{
    "twitterIncrement":11322,
    "sourceID":"twitter",
    "subjectID":"twitter:\/\/status?id=1140648463576829952",
    "objectID":"https:\/\/doi.org\/10.1001\/jama.280.3.231",
    "eventID":"4e4130e6-463d-4af6-b028-d2c0c619839e",
    "occurredAt":1560786760000,
    "timeObserved":1560824018000,
    "relationType":"discusses",
    "sourceToken":"45a1ef76-4f43-4cdc-9ba8-5a6ad01cc231",
    "license":"https:\/\/creativecommons.org\/publicdomain\/zero\/1.0\/",
    "termsOfUse":"https:\/\/doi.org\/10.13003\/CED-terms-of-use",
    "tweetAuthor":"twitter:\/\/user?screen_name=NephRodby",
    "originalTweetAuthor":"twitter:\/\/user?screen_name=Wagner_Nephro",
    "updatedReason":null,
    "updated":null,
    "evidenceRecord":"https:\/\/evidence.eventdata.crossref.org\/evidence\/20190617-twitter-b3da8003-10b2-4283-923f-804e644b70",
    "eventAction":"add",
    "subjectPID":"twitter:\/\/status?id=1140648463576829952",
    "originalTweetURL":"twitter:\/\/status?id=1140639986233950209",
    "alternativeID":"1140648463576829952",
    "title":"Tweet 1140648463576829952",
    "issued":1560786760000,
    "objectPID":"https:\/\/doi.org\/10.1001\/jama.280.3.231",
    "objectURL":"https:\/\/jamanetwork.com\/journals\/jama\/article-abstract\/187762",
    "updatedDate":null
  },
  "3":{
    "twitterIncrement":11323,
    "sourceID":"twitter",
    "subjectID":"twitter:\/\/status?id=1140681656354975744",
    "objectID":"https:\/\/doi.org\/10.1001\/jama.280.3.231",
    "eventID":"03d6a0fd-87df-4d8e-a9d0-a2b5e2667205",
    "occurredAt":1560794674000,
    "timeObserved":1560828031000,
    "relationType":"discusses",
    "sourceToken":"45a1ef76-4f43-4cdc-9ba8-5a6ad01cc231",
    "license":"https:\/\/creativecommons.org\/publicdomain\/zero\/1.0\/",
    "termsOfUse":"https:\/\/doi.org\/10.13003\/CED-terms-of-use",
    "tweetAuthor":"twitter:\/\/user?screen_name=merrylindseyphd",
    "originalTweetAuthor":"twitter:\/\/user?screen_name=Wagner_Nephro",
    "updatedReason":null,
    "updated":null,
    "evidenceRecord":"https:\/\/evidence.eventdata.crossref.org\/evidence\/20190617-twitter-28257e54-5247-4959-b548-881670e756",
    "eventAction":"add",
    "subjectPID":"twitter:\/\/status?id=1140681656354975744",
    "originalTweetURL":"twitter:\/\/status?id=1140639986233950209",
    "alternativeID":"1140681656354975744",
    "title":"Tweet 1140681656354975744",
    "issued":1560794674000,
    "objectPID":"https:\/\/doi.org\/10.1001\/jama.280.3.231",
    "objectURL":"https:\/\/jamanetwork.com\/journals\/jama\/article-abstract\/187762",
    "updatedDate":null
  },
  "4":{
    "twitterIncrement":12118,
    "sourceID":"twitter",
    "subjectID":"twitter:\/\/status?id=1140648463576829952",
    "objectID":"https:\/\/doi.org\/10.1001\/jama.280.3.231",
    "eventID":"4e4130e6-463d-4af6-b028-d2c0c619839e",
    "occurredAt":1560786760000,
    "timeObserved":1560824018000,
    "relationType":"discusses",
    "sourceToken":"45a1ef76-4f43-4cdc-9ba8-5a6ad01cc231",
    "license":"https:\/\/creativecommons.org\/publicdomain\/zero\/1.0\/",
    "termsOfUse":"https:\/\/doi.org\/10.13003\/CED-terms-of-use",
    "tweetAuthor":"twitter:\/\/user?screen_name=NephRodby",
    "originalTweetAuthor":"twitter:\/\/user?screen_name=Wagner_Nephro",
    "updatedReason":null,
    "updated":null,
    "evidenceRecord":"https:\/\/evidence.eventdata.crossref.org\/evidence\/20190617-twitter-b3da8003-10b2-4283-923f-804e644b70",
    "eventAction":"add",
    "subjectPID":"twitter:\/\/status?id=1140648463576829952",
    "originalTweetURL":"twitter:\/\/status?id=1140639986233950209",
    "alternativeID":"1140648463576829952",
    "title":"Tweet 1140648463576829952",
    "issued":1560786760000,
    "objectPID":"https:\/\/doi.org\/10.1001\/jama.280.3.231",
    "objectURL":"https:\/\/jamanetwork.com\/journals\/jama\/article-abstract\/187762",
    "updatedDate":null
  },
  "5":{
    "twitterIncrement":12119,
    "sourceID":"twitter",
    "subjectID":"twitter:\/\/status?id=1140681656354975744",
    "objectID":"https:\/\/doi.org\/10.1001\/jama.280.3.231",
    "eventID":"03d6a0fd-87df-4d8e-a9d0-a2b5e2667205",
    "occurredAt":1560794674000,
    "timeObserved":1560828031000,
    "relationType":"discusses",
    "sourceToken":"45a1ef76-4f43-4cdc-9ba8-5a6ad01cc231",
    "license":"https:\/\/creativecommons.org\/publicdomain\/zero\/1.0\/",
    "termsOfUse":"https:\/\/doi.org\/10.13003\/CED-terms-of-use",
    "tweetAuthor":"twitter:\/\/user?screen_name=merrylindseyphd",
    "originalTweetAuthor":"twitter:\/\/user?screen_name=Wagner_Nephro",
    "updatedReason":null,
    "updated":null,
    "evidenceRecord":"https:\/\/evidence.eventdata.crossref.org\/evidence\/20190617-twitter-28257e54-5247-4959-b548-881670e756",
    "eventAction":"add",
    "subjectPID":"twitter:\/\/status?id=1140681656354975744",
    "originalTweetURL":"twitter:\/\/status?id=1140639986233950209",
    "alternativeID":"1140681656354975744",
    "title":"Tweet 1140681656354975744",
    "issued":1560794674000,
    "objectPID":"https:\/\/doi.org\/10.1001\/jama.280.3.231",
    "objectURL":"https:\/\/jamanetwork.com\/journals\/jama\/article-abstract\/187762",
    "updatedDate":null
  }
}