cambiaIncrement,sourceID,objectID,subjectID,eventID,occurredAt,timeObserved,relationType,sourceToken,license,termsOfUse,updatedReason,updated,eventAction,workSubtypeID,workTypeID,subjectTitle,subjectPID,jurisdiction,updatedDate
1519,cambia-lens,https://doi.org/10.1016/s0140-6736(05)61126-9,https://lens.org/105-304-020-377-527,52c5180c-8d2e-0529-6d12-8c52516c3b4a,2014-04-22 00:00:00,2017-11-09 20:43:36,cites,1ad0b713-78ed-4bb9-8d5d-a3c2d163d46f,https://creativecommons.org/licenses/by-sa/4.0/,https://doi.org/10.13003/CED-terms-of-use,,,add,Granted Patent,patent,Biological Markers For Longevity And Diseases And Uses Thereof,https://lens.org/105-304-020-377-527,US,
1520,cambia-lens,https://doi.org/10.1016/s0140-6736(05)61126-9,https://lens.org/189-652-978-067-031,17b19d20-507c-a733-5087-896b23daff5d,2004-01-06 00:00:00,2017-11-10 19:12:43,cites,1ad0b713-78ed-4bb9-8d5d-a3c2d163d46f,https://creativecommons.org/licenses/by-sa/4.0/,https://doi.org/10.13003/CED-terms-of-use,,,add,Granted Patent,patent,Genetic Loci Indicative Of Propensity For Longevity And Methods For Identifying Propensity For Age-Related Disease,https://lens.org/189-652-978-067-031,US,
1521,cambia-lens,https://doi.org/10.1016/s0140-6736(05)61126-9,https://lens.org/006-056-504-351-981,d1db8070-fa00-9fd0-b016-6f10bd65a699,2009-02-17 00:00:00,2017-11-11 08:40:32,cites,1ad0b713-78ed-4bb9-8d5d-a3c2d163d46f,https://creativecommons.org/licenses/by-sa/4.0/,https://doi.org/10.13003/CED-terms-of-use,,,add,Granted Patent,patent,Biological Markers For Longevity And Diseases And Uses Thereof,https://lens.org/006-056-504-351-981,US,
1522,cambia-lens,https://doi.org/10.1016/s0140-6736(05)61126-9,https://lens.org/090-757-879-019-81X,da373cf9-2d1c-b38a-4cbf-f426d773423b,2013-03-19 00:00:00,2017-11-11 16:57:45,cites,1ad0b713-78ed-4bb9-8d5d-a3c2d163d46f,https://creativecommons.org/licenses/by-sa/4.0/,https://doi.org/10.13003/CED-terms-of-use,,,add,Granted Patent,patent,Biological Markers For Longevity And Diseases And Uses Thereof,https://lens.org/090-757-879-019-81X,US,
