crossRefIncrement,sourceID,objectID,subjectID,eventID,occurredAt,timeObserved,relationType,sourceToken,license,crossrefTermsOfUse,messageAction
3625,crossref,https://doi.org/10.1016/S0140-6736(05)61126-9,https://doi.org/10.1093/gerona/glr200,b2d8fe5a-23f6-4daa-93e7-e2b181935ae3,2011-12-07 00:00:00,2019-06-21 10:00:47,references,8676e950-8ac5-4074-8ac3-c0a18ada7e99,https://doi.org/10.13003/CED-terms-of-use,https://doi.org/10.13003/CED-terms-of-use,create
3626,crossref,https://doi.org/10.1016/S0140-6736(05)61126-9,https://doi.org/10.1002/ajhb.22287,5af43fd7-718d-4dc4-9a62-02d1eabfd917,2012-07-09 00:00:00,2019-08-02 16:58:12,references,8676e950-8ac5-4074-8ac3-c0a18ada7e99,https://doi.org/10.13003/CED-terms-of-use,https://doi.org/10.13003/CED-terms-of-use,create
3627,crossref,https://doi.org/10.1016/S0140-6736(05)61126-9,https://doi.org/10.1007/BF03324421,ec90d48b-0055-40e7-a1f9-d96e3f57d5b6,2002-04-01 00:00:00,2019-10-16 10:35:55,references,8676e950-8ac5-4074-8ac3-c0a18ada7e99,https://doi.org/10.13003/CED-terms-of-use,https://doi.org/10.13003/CED-terms-of-use,create
3628,crossref,https://doi.org/10.1016/S0140-6736(05)61126-9,https://doi.org/10.3143/geriatrics.49.36,88635ff3-6085-4a52-8688-853067a069d6,2012-01-01 00:00:00,2019-12-01 01:44:32,references,8676e950-8ac5-4074-8ac3-c0a18ada7e99,https://doi.org/10.13003/CED-terms-of-use,https://doi.org/10.13003/CED-terms-of-use,create
3629,crossref,https://doi.org/10.1016/S0140-6736(05)61126-9,https://doi.org/10.1098/rstb.2004.1516,8f6b2abd-bdc6-4b3b-91d5-7e66e219ded4,2004-09-29 00:00:00,2019-12-13 17:38:31,references,8676e950-8ac5-4074-8ac3-c0a18ada7e99,https://doi.org/10.13003/CED-terms-of-use,https://doi.org/10.13003/CED-terms-of-use,create
