twitterIncrement,sourceID,subjectID,objectID,eventID,occurredAt,timeObserved,relationType,sourceToken,license,termsOfUse,tweetAuthor,originalTweetAuthor,updatedReason,updated,evidenceRecord,eventAction,subjectPID,originalTweetURL,alternativeID,title,issued,objectPID,objectURL,updatedDate
13877,twitter,http://twitter.com/OpChemtrails/statuses/964837386281631744,https://doi.org/10.1016/s0169-8095(97)00083-5,77a96b2b-f797-4da2-87e2-b11d8438dfd1,2018-02-17 12:22:13,2018-02-17 07:23:55,discusses,45a1ef76-4f43-4cdc-9ba8-5a6ad01cc231,https://creativecommons.org/publicdomain/zero/1.0/,https://doi.org/10.13003/CED-terms-of-use,http://www.twitter.com/OpChemtrails,,,,https://evidence.eventdata.crossref.org/evidence/20180217-twitter-b52f044c-41fd-42a5-ac9b-df6e9db9fe,add,http://twitter.com/OpChemtrails/statuses/964837386281631744,http://twitter.com/OpChemtrails/statuses/964837386281631744,964837386281631744,Tweet 964837386281631744,2018-02-17 12:22:13,https://doi.org/10.1016/s0169-8095(97)00083-5,https://linkinghub.elsevier.com/retrieve/pii/S0169809597000835,
13878,twitter,http://twitter.com/Uniocracy/statuses/964837924587147265,https://doi.org/10.1016/s0169-8095(97)00083-5,dab72175-75d7-4721-929b-797f9e3ace79,2018-02-17 12:24:21,2018-02-17 07:25:59,discusses,45a1ef76-4f43-4cdc-9ba8-5a6ad01cc231,https://creativecommons.org/publicdomain/zero/1.0/,https://doi.org/10.13003/CED-terms-of-use,http://www.twitter.com/Uniocracy,,,,https://evidence.eventdata.crossref.org/evidence/20180217-twitter-efb2fb0b-cd1b-4120-9e4d-9d54ad69f0,add,http://twitter.com/Uniocracy/statuses/964837924587147265,http://twitter.com/Uniocracy/statuses/964837924587147265,964837924587147265,Tweet 964837924587147265,2018-02-17 12:24:21,https://doi.org/10.1016/s0169-8095(97)00083-5,https://linkinghub.elsevier.com/retrieve/pii/S0169809597000835,
13879,twitter,http://twitter.com/porridgeisgood/statuses/964846436386000897,https://doi.org/10.1016/s0169-8095(97)00083-5,5f0c299e-2355-44d6-84c1-b764d43b3fcd,2018-02-17 12:58:11,2018-02-17 07:59:52,discusses,45a1ef76-4f43-4cdc-9ba8-5a6ad01cc231,https://creativecommons.org/publicdomain/zero/1.0/,https://doi.org/10.13003/CED-terms-of-use,http://www.twitter.com/porridgeisgood,http://www.twitter.com/Uniocracy,,,https://evidence.eventdata.crossref.org/evidence/20180217-twitter-1905c2dd-3298-436b-af29-e295b79056,add,http://twitter.com/porridgeisgood/statuses/964846436386000897,http://twitter.com/Uniocracy/statuses/964837924587147265,964846436386000897,Tweet 964846436386000897,2018-02-17 12:58:11,https://doi.org/10.1016/s0169-8095(97)00083-5,https://linkinghub.elsevier.com/retrieve/pii/S0169809597000835,
13880,twitter,http://twitter.com/lindabuffalo67/statuses/964940648817324032,https://doi.org/10.1016/s0169-8095(97)00083-5,bb7e23db-12d3-4601-91c9-e373c76c6b6c,2018-02-17 19:12:33,2018-02-17 14:14:32,discusses,45a1ef76-4f43-4cdc-9ba8-5a6ad01cc231,https://creativecommons.org/publicdomain/zero/1.0/,https://doi.org/10.13003/CED-terms-of-use,http://www.twitter.com/lindabuffalo67,http://www.twitter.com/OpChemtrails,,,https://evidence.eventdata.crossref.org/evidence/20180217-twitter-ebf64c8e-96ca-43ec-b5a0-1a6667022e,add,http://twitter.com/lindabuffalo67/statuses/964940648817324032,http://twitter.com/OpChemtrails/statuses/964837386281631744,964940648817324032,Tweet 964940648817324032,2018-02-17 19:12:33,https://doi.org/10.1016/s0169-8095(97)00083-5,https://linkinghub.elsevier.com/retrieve/pii/S0169809597000835,
13881,twitter,http://twitter.com/wanderinganimal/statuses/965476991762817024,https://doi.org/10.1016/s0169-8095(97)00083-5,f4ef4e8b-d589-4374-a668-a4d57cc77e29,2018-02-19 06:43:47,2018-02-19 01:45:21,discusses,45a1ef76-4f43-4cdc-9ba8-5a6ad01cc231,https://creativecommons.org/publicdomain/zero/1.0/,https://doi.org/10.13003/CED-terms-of-use,http://www.twitter.com/wanderinganimal,http://www.twitter.com/OpChemtrails,,,https://evidence.eventdata.crossref.org/evidence/20180219-twitter-bd18bab4-eb5d-4fca-bc6b-66c6ca1166,add,http://twitter.com/wanderinganimal/statuses/965476991762817024,http://twitter.com/OpChemtrails/statuses/964837386281631744,965476991762817024,Tweet 965476991762817024,2018-02-19 06:43:47,https://doi.org/10.1016/s0169-8095(97)00083-5,https://linkinghub.elsevier.com/retrieve/pii/S0169809597000835,
13882,twitter,http://twitter.com/FiestyLemur/statuses/966459165945114625,https://doi.org/10.1016/s0169-8095(97)00083-5,11a832af-1234-41a1-a6c8-9396ac23782c,2018-02-21 23:46:35,2018-02-21 18:48:30,discusses,45a1ef76-4f43-4cdc-9ba8-5a6ad01cc231,https://creativecommons.org/publicdomain/zero/1.0/,https://doi.org/10.13003/CED-terms-of-use,http://www.twitter.com/FiestyLemur,,,,https://evidence.eventdata.crossref.org/evidence/20180221-twitter-88414501-8402-4ec2-900b-545104c545,add,http://twitter.com/FiestyLemur/statuses/966459165945114625,http://twitter.com/FiestyLemur/statuses/966459165945114625,966459165945114625,Tweet 966459165945114625,2018-02-21 23:46:35,https://doi.org/10.1016/s0169-8095(97)00083-5,https://linkinghub.elsevier.com/retrieve/pii/S0169809597000835,
13883,twitter,http://twitter.com/Kal1_Furies/statuses/972589421772996608,https://doi.org/10.1016/s0169-8095(97)00083-5,a9a33c2d-62db-41b4-9b49-4b95518047a9,2018-03-10 21:46:02,2018-03-10 16:48:45,discusses,45a1ef76-4f43-4cdc-9ba8-5a6ad01cc231,https://creativecommons.org/publicdomain/zero/1.0/,https://doi.org/10.13003/CED-terms-of-use,http://www.twitter.com/Kal1_Furies,,,,https://evidence.eventdata.crossref.org/evidence/20180310-twitter-5350c4dd-d107-4cc6-b773-afc890b5b1,add,http://twitter.com/Kal1_Furies/statuses/972589421772996608,http://twitter.com/Kal1_Furies/statuses/972589421772996608,972589421772996608,Tweet 972589421772996608,2018-03-10 21:46:02,https://doi.org/10.1016/s0169-8095(97)00083-5,https://linkinghub.elsevier.com/retrieve/pii/S0169809597000835,
13884,twitter,http://twitter.com/wanderinganimal/statuses/972900066607296513,https://doi.org/10.1016/s0169-8095(97)00083-5,efa332e8-c7ed-462a-be54-6524c601b5c4,2018-03-11 18:20:26,2018-03-11 14:22:22,discusses,45a1ef76-4f43-4cdc-9ba8-5a6ad01cc231,https://creativecommons.org/publicdomain/zero/1.0/,https://doi.org/10.13003/CED-terms-of-use,http://www.twitter.com/wanderinganimal,http://www.twitter.com/Kal1_Furies,,,https://evidence.eventdata.crossref.org/evidence/20180311-twitter-00145901-905c-4b06-af6a-17dedb426c,add,http://twitter.com/wanderinganimal/statuses/972900066607296513,http://twitter.com/Kal1_Furies/statuses/972589421772996608,972900066607296513,Tweet 972900066607296513,2018-03-11 18:20:26,https://doi.org/10.1016/s0169-8095(97)00083-5,https://linkinghub.elsevier.com/retrieve/pii/S0169809597000835,
13885,twitter,http://twitter.com/Kal1_Furies/statuses/992931732356657152,https://doi.org/10.1016/s0169-8095(97)00083-5,2bc7e362-4e9f-4ba6-a50b-801eb8ade873,2018-05-06 00:59:07,2018-05-05 21:02:53,discusses,45a1ef76-4f43-4cdc-9ba8-5a6ad01cc231,https://creativecommons.org/publicdomain/zero/1.0/,https://doi.org/10.13003/CED-terms-of-use,http://www.twitter.com/Kal1_Furies,,,,https://evidence.eventdata.crossref.org/evidence/20180506-twitter-d770bc29-f952-4d6f-b4f5-d32c5de325,add,http://twitter.com/Kal1_Furies/statuses/992931732356657152,http://twitter.com/Kal1_Furies/statuses/992931732356657152,992931732356657152,Tweet 992931732356657152,2018-05-06 00:59:07,https://doi.org/10.1016/s0169-8095(97)00083-5,https://linkinghub.elsevier.com/retrieve/pii/S0169809597000835,
13886,twitter,http://twitter.com/DanPeacock12/statuses/992932721583427585,https://doi.org/10.1016/s0169-8095(97)00083-5,064c9d25-5297-4712-81b1-bfbfae51f4e6,2018-05-06 01:03:03,2018-05-05 21:05:08,discusses,45a1ef76-4f43-4cdc-9ba8-5a6ad01cc231,https://creativecommons.org/publicdomain/zero/1.0/,https://doi.org/10.13003/CED-terms-of-use,http://www.twitter.com/DanPeacock12,http://www.twitter.com/Kal1_Furies,,,https://evidence.eventdata.crossref.org/evidence/20180506-twitter-23d6f8d9-8074-4e9a-8018-ebff5ef5c0,add,http://twitter.com/DanPeacock12/statuses/992932721583427585,http://twitter.com/Kal1_Furies/statuses/992931732356657152,992932721583427585,Tweet 992932721583427585,2018-05-06 01:03:03,https://doi.org/10.1016/s0169-8095(97)00083-5,https://linkinghub.elsevier.com/retrieve/pii/S0169809597000835,
13887,twitter,http://twitter.com/BayleeB79/statuses/992949174122491904,https://doi.org/10.1016/s0169-8095(97)00083-5,c1a474b2-8d26-43ee-aa52-4f11e3a26bb9,2018-05-06 02:08:25,2018-05-05 22:11:12,discusses,45a1ef76-4f43-4cdc-9ba8-5a6ad01cc231,https://creativecommons.org/publicdomain/zero/1.0/,https://doi.org/10.13003/CED-terms-of-use,http://www.twitter.com/BayleeB79,http://www.twitter.com/Kal1_Furies,,,https://evidence.eventdata.crossref.org/evidence/20180506-twitter-bec254e1-b8f6-4f7f-9a8a-9cf5753f51,add,http://twitter.com/BayleeB79/statuses/992949174122491904,http://twitter.com/Kal1_Furies/statuses/992931732356657152,992949174122491904,Tweet 992949174122491904,2018-05-06 02:08:25,https://doi.org/10.1016/s0169-8095(97)00083-5,https://linkinghub.elsevier.com/retrieve/pii/S0169809597000835,
13888,twitter,http://twitter.com/BayleeB79/statuses/992949195702243331,https://doi.org/10.1016/s0169-8095(97)00083-5,b4d5486c-a4c4-4025-8700-04c99f093027,2018-05-06 02:08:31,2018-05-05 22:11:12,discusses,45a1ef76-4f43-4cdc-9ba8-5a6ad01cc231,https://creativecommons.org/publicdomain/zero/1.0/,https://doi.org/10.13003/CED-terms-of-use,http://www.twitter.com/BayleeB79,http://www.twitter.com/OpChemtrails,,,https://evidence.eventdata.crossref.org/evidence/20180506-twitter-bec254e1-b8f6-4f7f-9a8a-9cf5753f51,add,http://twitter.com/BayleeB79/statuses/992949195702243331,http://twitter.com/OpChemtrails/statuses/964837386281631744,992949195702243331,Tweet 992949195702243331,2018-05-06 02:08:31,https://doi.org/10.1016/s0169-8095(97)00083-5,https://linkinghub.elsevier.com/retrieve/pii/S0169809597000835,
13889,twitter,http://twitter.com/DanPeacock12/statuses/992951214471073793,https://doi.org/10.1016/s0169-8095(97)00083-5,b9c94466-ac50-44c7-91e8-05ae98cd47e9,2018-05-06 02:16:32,2018-05-05 22:19:43,discusses,45a1ef76-4f43-4cdc-9ba8-5a6ad01cc231,https://creativecommons.org/publicdomain/zero/1.0/,https://doi.org/10.13003/CED-terms-of-use,http://www.twitter.com/DanPeacock12,http://www.twitter.com/OpChemtrails,,,https://evidence.eventdata.crossref.org/evidence/20180506-twitter-2836a96b-c68d-4654-928f-424c06cbd7,add,http://twitter.com/DanPeacock12/statuses/992951214471073793,http://twitter.com/OpChemtrails/statuses/964837386281631744,992951214471073793,Tweet 992951214471073793,2018-05-06 02:16:32,https://doi.org/10.1016/s0169-8095(97)00083-5,https://linkinghub.elsevier.com/retrieve/pii/S0169809597000835,
13890,twitter,http://twitter.com/AzSkyWatcher/statuses/993141127283855360,https://doi.org/10.1016/s0169-8095(97)00083-5,a8e023b2-4dc7-41a0-b59e-2088d1090b64,2018-05-06 14:51:11,2018-05-06 10:52:58,discusses,45a1ef76-4f43-4cdc-9ba8-5a6ad01cc231,https://creativecommons.org/publicdomain/zero/1.0/,https://doi.org/10.13003/CED-terms-of-use,http://www.twitter.com/AzSkyWatcher,http://www.twitter.com/Kal1_Furies,,,https://evidence.eventdata.crossref.org/evidence/20180506-twitter-a3bba3df-56f0-405d-8a9b-35bc7c9f22,add,http://twitter.com/AzSkyWatcher/statuses/993141127283855360,http://twitter.com/Kal1_Furies/statuses/992931732356657152,993141127283855360,Tweet 993141127283855360,2018-05-06 14:51:11,https://doi.org/10.1016/s0169-8095(97)00083-5,https://linkinghub.elsevier.com/retrieve/pii/S0169809597000835,
13891,twitter,http://twitter.com/OpChemtrails/statuses/994189110972637186,https://doi.org/10.1016/s0169-8095(97)00083-5,7549f600-74b1-4a90-92d9-5c69a2bafd3d,2018-05-09 12:15:29,2018-05-09 08:18:00,discusses,45a1ef76-4f43-4cdc-9ba8-5a6ad01cc231,https://creativecommons.org/publicdomain/zero/1.0/,https://doi.org/10.13003/CED-terms-of-use,http://www.twitter.com/OpChemtrails,http://www.twitter.com/Kal1_Furies,,,https://evidence.eventdata.crossref.org/evidence/20180509-twitter-461aed4c-b763-4919-9ace-4ec7823adc,add,http://twitter.com/OpChemtrails/statuses/994189110972637186,http://twitter.com/Kal1_Furies/statuses/992931732356657152,994189110972637186,Tweet 994189110972637186,2018-05-09 12:15:29,https://doi.org/10.1016/s0169-8095(97)00083-5,https://linkinghub.elsevier.com/retrieve/pii/S0169809597000835,
13892,twitter,http://twitter.com/Kal1_Furies/statuses/997620922495332353,https://doi.org/10.1016/s0169-8095(97)00083-5,8c71fec7-c32c-4f3c-b8b3-9d83a5567932,2018-05-18 23:32:17,2018-05-18 19:33:19,discusses,45a1ef76-4f43-4cdc-9ba8-5a6ad01cc231,https://creativecommons.org/publicdomain/zero/1.0/,https://doi.org/10.13003/CED-terms-of-use,http://www.twitter.com/Kal1_Furies,,,,https://evidence.eventdata.crossref.org/evidence/20180518-twitter-50d90af0-bbfd-4234-ba0e-4164938b75,add,http://twitter.com/Kal1_Furies/statuses/997620922495332353,http://twitter.com/Kal1_Furies/statuses/997620922495332353,997620922495332353,Tweet 997620922495332353,2018-05-18 23:32:17,https://doi.org/10.1016/s0169-8095(97)00083-5,https://linkinghub.elsevier.com/retrieve/pii/S0169809597000835,
13893,twitter,http://twitter.com/BayleeB79/statuses/997621283029430272,https://doi.org/10.1016/s0169-8095(97)00083-5,635f7b33-0d3d-436e-b3cc-9f1a631b67ba,2018-05-18 23:33:43,2018-05-18 19:34:25,discusses,45a1ef76-4f43-4cdc-9ba8-5a6ad01cc231,https://creativecommons.org/publicdomain/zero/1.0/,https://doi.org/10.13003/CED-terms-of-use,http://www.twitter.com/BayleeB79,http://www.twitter.com/Kal1_Furies,,,https://evidence.eventdata.crossref.org/evidence/20180518-twitter-ed8b0a0a-112e-4f4c-9f89-0e3ee6c96b,add,http://twitter.com/BayleeB79/statuses/997621283029430272,http://twitter.com/Kal1_Furies/statuses/997620922495332353,997621283029430272,Tweet 997621283029430272,2018-05-18 23:33:43,https://doi.org/10.1016/s0169-8095(97)00083-5,https://linkinghub.elsevier.com/retrieve/pii/S0169809597000835,
13894,twitter,http://twitter.com/Kal1_Furies/statuses/997622171005407232,https://doi.org/10.1016/s0169-8095(97)00083-5,4a9f01e7-fe60-4b97-8b72-e524fa22c862,2018-05-18 23:37:15,2018-05-18 19:38:20,discusses,45a1ef76-4f43-4cdc-9ba8-5a6ad01cc231,https://creativecommons.org/publicdomain/zero/1.0/,https://doi.org/10.13003/CED-terms-of-use,http://www.twitter.com/Kal1_Furies,,,,https://evidence.eventdata.crossref.org/evidence/20180518-twitter-d51055c6-0080-4288-8af4-b32f98d88e,add,http://twitter.com/Kal1_Furies/statuses/997622171005407232,http://twitter.com/Kal1_Furies/statuses/997622171005407232,997622171005407232,Tweet 997622171005407232,2018-05-18 23:37:15,https://doi.org/10.1016/s0169-8095(97)00083-5,https://linkinghub.elsevier.com/retrieve/pii/S0169809597000835,
13895,twitter,http://twitter.com/naomirwolf/statuses/997622872955850756,https://doi.org/10.1016/s0169-8095(97)00083-5,a076ecb4-433b-431e-8b22-4c3d76beb4e5,2018-05-18 23:40:02,2018-05-18 19:41:16,discusses,45a1ef76-4f43-4cdc-9ba8-5a6ad01cc231,https://creativecommons.org/publicdomain/zero/1.0/,https://doi.org/10.13003/CED-terms-of-use,http://www.twitter.com/naomirwolf,http://www.twitter.com/Uniocracy,,,https://evidence.eventdata.crossref.org/evidence/20180518-twitter-e4dc890a-94f3-44e3-8672-9d0f6f7550,add,http://twitter.com/naomirwolf/statuses/997622872955850756,http://twitter.com/Uniocracy/statuses/964837924587147265,997622872955850756,Tweet 997622872955850756,2018-05-18 23:40:02,https://doi.org/10.1016/s0169-8095(97)00083-5,https://linkinghub.elsevier.com/retrieve/pii/S0169809597000835,
13896,twitter,http://twitter.com/wanderinganimal/statuses/997629500220297216,https://doi.org/10.1016/s0169-8095(97)00083-5,d34600c3-8625-4c11-ab70-5445bf32142f,2018-05-19 00:06:22,2018-05-18 20:07:31,discusses,45a1ef76-4f43-4cdc-9ba8-5a6ad01cc231,https://creativecommons.org/publicdomain/zero/1.0/,https://doi.org/10.13003/CED-terms-of-use,http://www.twitter.com/wanderinganimal,http://www.twitter.com/Kal1_Furies,,,https://evidence.eventdata.crossref.org/evidence/20180519-twitter-da778811-00ae-475a-abf7-61425a3c1f,add,http://twitter.com/wanderinganimal/statuses/997629500220297216,http://twitter.com/Kal1_Furies/statuses/997622171005407232,997629500220297216,Tweet 997629500220297216,2018-05-19 00:06:22,https://doi.org/10.1016/s0169-8095(97)00083-5,https://linkinghub.elsevier.com/retrieve/pii/S0169809597000835,
13897,twitter,http://twitter.com/graydaygamer/statuses/997648842794287104,https://doi.org/10.1016/s0169-8095(97)00083-5,66bf57fb-df52-47c5-9acb-464676363582,2018-05-19 01:23:14,2018-05-18 21:24:21,discusses,45a1ef76-4f43-4cdc-9ba8-5a6ad01cc231,https://creativecommons.org/publicdomain/zero/1.0/,https://doi.org/10.13003/CED-terms-of-use,http://www.twitter.com/graydaygamer,http://www.twitter.com/Uniocracy,,,https://evidence.eventdata.crossref.org/evidence/20180519-twitter-7ffa5def-b3db-485a-9954-99bc99a72d,add,http://twitter.com/graydaygamer/statuses/997648842794287104,http://twitter.com/Uniocracy/statuses/964837924587147265,997648842794287104,Tweet 997648842794287104,2018-05-19 01:23:14,https://doi.org/10.1016/s0169-8095(97)00083-5,https://linkinghub.elsevier.com/retrieve/pii/S0169809597000835,
13898,twitter,http://twitter.com/dean_anonym/statuses/1025304511320129536,https://doi.org/10.1016/s0169-8095(97)00083-5,8d7ee1d5-3004-4f39-88bb-5f2b435bcc54,2018-08-03 08:56:59,2018-08-03 04:57:36,discusses,45a1ef76-4f43-4cdc-9ba8-5a6ad01cc231,https://creativecommons.org/publicdomain/zero/1.0/,https://doi.org/10.13003/CED-terms-of-use,http://www.twitter.com/dean_anonym,http://www.twitter.com/OpChemtrails,,,https://evidence.eventdata.crossref.org/evidence/20180803-twitter-8a4e9c32-fdf4-4681-9ab8-b07ab2d89c,add,http://twitter.com/dean_anonym/statuses/1025304511320129536,http://twitter.com/OpChemtrails/statuses/964837386281631744,1025304511320129536,Tweet 1025304511320129536,2018-08-03 08:56:59,https://doi.org/10.1016/s0169-8095(97)00083-5,https://linkinghub.elsevier.com/retrieve/pii/S0169809597000835,
13899,twitter,http://twitter.com/FiestyLemur/statuses/1026073256225382400,https://doi.org/10.1016/s0169-8095(97)00083-5,37d16dd0-c06c-4f11-821d-882df31597d2,2018-08-05 11:51:42,2018-08-05 07:53:08,discusses,45a1ef76-4f43-4cdc-9ba8-5a6ad01cc231,https://creativecommons.org/publicdomain/zero/1.0/,https://doi.org/10.13003/CED-terms-of-use,http://www.twitter.com/FiestyLemur,,,,https://evidence.eventdata.crossref.org/evidence/20180805-twitter-3ec1aa67-dedf-444b-8d7b-5a2d626efe,add,http://twitter.com/FiestyLemur/statuses/1026073256225382400,http://twitter.com/FiestyLemur/statuses/1026073256225382400,1026073256225382400,Tweet 1026073256225382400,2018-08-05 11:51:42,https://doi.org/10.1016/s0169-8095(97)00083-5,https://linkinghub.elsevier.com/retrieve/pii/S0169809597000835,
13900,twitter,http://twitter.com/Kal1_Furies/statuses/1067162518483755014,https://doi.org/10.1016/s0169-8095(97)00083-5,7479afbb-9023-461e-8fb4-b426d1eac0e5,2018-11-26 21:05:45,2018-11-26 16:29:59,discusses,45a1ef76-4f43-4cdc-9ba8-5a6ad01cc231,https://creativecommons.org/publicdomain/zero/1.0/,https://doi.org/10.13003/CED-terms-of-use,http://www.twitter.com/Kal1_Furies,,,,https://evidence.eventdata.crossref.org/evidence/20181126-twitter-4709235e-20d5-4012-a8fb-7f2824c20f,add,http://twitter.com/Kal1_Furies/statuses/1067162518483755014,http://twitter.com/Kal1_Furies/statuses/1067162518483755014,1067162518483755014,Tweet 1067162518483755014,2018-11-26 21:05:45,https://doi.org/10.1016/s0169-8095(97)00083-5,https://linkinghub.elsevier.com/retrieve/pii/S0169809597000835,
13901,twitter,http://twitter.com/Kal1_Furies/statuses/1067161114687942656,https://doi.org/10.1016/s0169-8095(97)00083-5,e659408c-85cc-412a-9ab0-d3141f6bf5a1,2018-11-26 21:00:11,2018-11-26 16:30:48,discusses,45a1ef76-4f43-4cdc-9ba8-5a6ad01cc231,https://creativecommons.org/publicdomain/zero/1.0/,https://doi.org/10.13003/CED-terms-of-use,http://www.twitter.com/Kal1_Furies,,,,https://evidence.eventdata.crossref.org/evidence/20181126-twitter-7be24175-be9b-4571-b0f9-8ec79b9e1e,add,http://twitter.com/Kal1_Furies/statuses/1067161114687942656,http://twitter.com/Kal1_Furies/statuses/1067161114687942656,1067161114687942656,Tweet 1067161114687942656,2018-11-26 21:00:11,https://doi.org/10.1016/s0169-8095(97)00083-5,https://linkinghub.elsevier.com/retrieve/pii/S0169809597000835,
13902,twitter,http://twitter.com/Kal1_Furies/statuses/1067162274274598913,https://doi.org/10.1016/s0169-8095(97)00083-5,b4ef824f-7021-4de9-a2c7-9e84dea528d1,2018-11-26 21:04:47,2018-11-26 16:36:15,discusses,45a1ef76-4f43-4cdc-9ba8-5a6ad01cc231,https://creativecommons.org/publicdomain/zero/1.0/,https://doi.org/10.13003/CED-terms-of-use,http://www.twitter.com/Kal1_Furies,,,,https://evidence.eventdata.crossref.org/evidence/20181126-twitter-95d841ab-2147-40ed-81fd-ea52401a3c,add,http://twitter.com/Kal1_Furies/statuses/1067162274274598913,http://twitter.com/Kal1_Furies/statuses/1067162274274598913,1067162274274598913,Tweet 1067162274274598913,2018-11-26 21:04:47,https://doi.org/10.1016/s0169-8095(97)00083-5,https://linkinghub.elsevier.com/retrieve/pii/S0169809597000835,
13903,twitter,http://twitter.com/Kal1_Furies/statuses/1067171577878392832,https://doi.org/10.1016/s0169-8095(97)00083-5,a33ed797-90e9-4544-8635-e968076f6c4d,2018-11-26 21:41:45,2018-11-26 17:07:14,discusses,45a1ef76-4f43-4cdc-9ba8-5a6ad01cc231,https://creativecommons.org/publicdomain/zero/1.0/,https://doi.org/10.13003/CED-terms-of-use,http://www.twitter.com/Kal1_Furies,,,,https://evidence.eventdata.crossref.org/evidence/20181126-twitter-b617de3c-6955-44d9-aa22-1394e45d55,add,http://twitter.com/Kal1_Furies/statuses/1067171577878392832,http://twitter.com/Kal1_Furies/statuses/1067171577878392832,1067171577878392832,Tweet 1067171577878392832,2018-11-26 21:41:45,https://doi.org/10.1016/s0169-8095(97)00083-5,https://linkinghub.elsevier.com/retrieve/pii/S0169809597000835,
13904,twitter,http://twitter.com/wanderinganimal/statuses/1067919472898371584,https://doi.org/10.1016/s0169-8095(97)00083-5,f83bb454-fd3f-4ad0-aa4f-c0ded3e66cc9,2018-11-28 23:13:37,2018-11-28 18:17:09,discusses,45a1ef76-4f43-4cdc-9ba8-5a6ad01cc231,https://creativecommons.org/publicdomain/zero/1.0/,https://doi.org/10.13003/CED-terms-of-use,http://www.twitter.com/wanderinganimal,http://www.twitter.com/Uniocracy,,,https://evidence.eventdata.crossref.org/evidence/20181128-twitter-47f6a133-d300-4e57-bbe5-a8131b77f3,add,http://twitter.com/wanderinganimal/statuses/1067919472898371584,http://twitter.com/Uniocracy/statuses/964837924587147265,1067919472898371584,Tweet 1067919472898371584,2018-11-28 23:13:37,https://doi.org/10.1016/s0169-8095(97)00083-5,https://linkinghub.elsevier.com/retrieve/pii/S0169809597000835,
13905,twitter,http://twitter.com/GRAVEDI18102810/statuses/1072241381635170304,https://doi.org/10.1016/s0169-8095(97)00083-5,32e874d5-5c63-48bd-a482-88689822b7be,2018-12-10 21:27:21,2018-12-10 17:25:00,discusses,45a1ef76-4f43-4cdc-9ba8-5a6ad01cc231,https://creativecommons.org/publicdomain/zero/1.0/,https://doi.org/10.13003/CED-terms-of-use,http://www.twitter.com/GRAVEDI18102810,http://www.twitter.com/Uniocracy,,,https://evidence.eventdata.crossref.org/evidence/20181210-twitter-c3a7b799-63ad-44ad-86c5-47146b604a,add,http://twitter.com/GRAVEDI18102810/statuses/1072241381635170304,http://twitter.com/Uniocracy/statuses/964837924587147265,1072241381635170304,Tweet 1072241381635170304,2018-12-10 21:27:21,https://doi.org/10.1016/s0169-8095(97)00083-5,https://linkinghub.elsevier.com/retrieve/pii/S0169809597000835,
13906,twitter,http://twitter.com/wanderinganimal/statuses/1076616196353478656,https://doi.org/10.1016/s0169-8095(97)00083-5,7d2399c6-41c0-45bd-89b9-ca9c25780eab,2018-12-22 23:11:18,2018-12-22 18:15:34,discusses,45a1ef76-4f43-4cdc-9ba8-5a6ad01cc231,https://creativecommons.org/publicdomain/zero/1.0/,https://doi.org/10.13003/CED-terms-of-use,http://www.twitter.com/wanderinganimal,http://www.twitter.com/Kal1_Furies,,,https://evidence.eventdata.crossref.org/evidence/20181222-twitter-08918afa-21e5-45b5-ac75-9f793d0690,add,http://twitter.com/wanderinganimal/statuses/1076616196353478656,http://twitter.com/Kal1_Furies/statuses/1067162518483755014,1076616196353478656,Tweet 1076616196353478656,2018-12-22 23:11:18,https://doi.org/10.1016/s0169-8095(97)00083-5,https://linkinghub.elsevier.com/retrieve/pii/S0169809597000835,
13907,twitter,twitter://status?id=1103364149600501761,https://doi.org/10.1016/s0169-8095(97)00083-5,a4fe369a-4113-4ed6-8a96-afd4f087d8fe,2019-03-06 18:38:07,2019-03-06 13:45:05,discusses,45a1ef76-4f43-4cdc-9ba8-5a6ad01cc231,https://creativecommons.org/publicdomain/zero/1.0/,https://doi.org/10.13003/CED-terms-of-use,twitter://user?screen_name=dean_anonym,twitter://user?screen_name=OpChemtrails,,,https://evidence.eventdata.crossref.org/evidence/20190306-twitter-b9c935eb-6aff-4b5f-a605-382f05e70b,add,twitter://status?id=1103364149600501761,twitter://status?id=964837386281631744,1103364149600501761,Tweet 1103364149600501761,2019-03-06 18:38:07,https://doi.org/10.1016/s0169-8095(97)00083-5,https://linkinghub.elsevier.com/retrieve/pii/S0169809597000835,
