DOI,URL,title,container_title,authors,page,publisher,language,alternative_id,created_date_time,deposited_date_time,is_referenced_by_count,issue,issued_date_parts,prefix,published_online_date_parts,published_print_date_parts
10.1002/(sici)1097-0169(1998)39:2<147::aid-cm5>3.0.co;2-3,http://dx.doi.org/10.1002/(sici)1097-0169(1998)39:2<147::aid-cm5>3.0.co;2-3,Scatter factor induces segregation of multinuclear cells into several discrete motile domains,Cell Motility and the Cytoskeleton,A.Y. Alexandrova,147-158,Wiley,en,,2002-08-25 13:12:30,2019-12-15 17:29:36,2,2,1998,10.1002,,1998
10.1002/(sici)1097-0169(1998)39:2<147::aid-cm5>3.0.co;2-3,http://dx.doi.org/10.1002/(sici)1097-0169(1998)39:2<147::aid-cm5>3.0.co;2-3,Scatter factor induces segregation of multinuclear cells into several discrete motile domains,Cell Motility and the Cytoskeleton,V.B. Dugina,147-158,Wiley,en,,2002-08-25 13:12:30,2019-12-15 17:29:36,2,2,1998,10.1002,,1998
10.1002/(sici)1097-0169(1998)39:2<147::aid-cm5>3.0.co;2-3,http://dx.doi.org/10.1002/(sici)1097-0169(1998)39:2<147::aid-cm5>3.0.co;2-3,Scatter factor induces segregation of multinuclear cells into several discrete motile domains,Cell Motility and the Cytoskeleton,O.Y. Ivanova,147-158,Wiley,en,,2002-08-25 13:12:30,2019-12-15 17:29:36,2,2,1998,10.1002,,1998
10.1002/(sici)1097-0169(1998)39:2<147::aid-cm5>3.0.co;2-3,http://dx.doi.org/10.1002/(sici)1097-0169(1998)39:2<147::aid-cm5>3.0.co;2-3,Scatter factor induces segregation of multinuclear cells into several discrete motile domains,Cell Motility and the Cytoskeleton,I.N. Kaverina,147-158,Wiley,en,,2002-08-25 13:12:30,2019-12-15 17:29:36,2,2,1998,10.1002,,1998
10.1002/(sici)1097-0169(1998)39:2<147::aid-cm5>3.0.co;2-3,http://dx.doi.org/10.1002/(sici)1097-0169(1998)39:2<147::aid-cm5>3.0.co;2-3,Scatter factor induces segregation of multinuclear cells into several discrete motile domains,Cell Motility and the Cytoskeleton,J.M. Vasiliev,147-158,Wiley,en,,2002-08-25 13:12:30,2019-12-15 17:29:36,2,2,1998,10.1002,,1998
