wikipediaIncrement,sourceID,objectID,subjectID,eventID,occurredAt,timeObserved,relationType,sourceToken,license,termsOfUse,updatedDate,updatedReason,evidenceRecord,eventAction,subjectPID,subjectTitle,subjectURL,subjectAPIURL,objectPID,objectURL
16946,wikipedia,https://doi.org/10.1016/s0016-7037(97)00299-8,https://uk.wikipedia.org/api/rest_v1/page/html/%D0%94%D0%BE%D1%81%D0%BE%D0%BD%D1%8F%D1%87%D0%BD%D1%9,755566d7-0bce-43f9-9690-21aacc62bc7d,2018-02-26 02:01:53,2018-02-25 21:05:01,references,36c35e23-8757-4a9d-aacf-345e9b7eb50d,https://creativecommons.org/publicdomain/zero/1.0/,https://doi.org/10.13003/CED-terms-of-use,,,https://evidence.eventdata.crossref.org/evidence/20180226-wikipedia-b9e2db59-9513-4c15-a580-6f8affd6c8f4,add,https://uk.wikipedia.org/wiki/%D0%94%D0%BE%D1%81%D0%BE%D0%BD%D1%8F%D1%87%D0%BD%D,Досонячні зерна,https://uk.wikipedia.org/w/index.php?title=%D0%94%D0%BE%D1%81%D0%BE%D0%BD%D1%8F%D1%87%D0%BD%D1%96_%D,https://uk.wikipedia.org/api/rest_v1/page/html/%D0%94%D0%BE%D1%81%D0%BE%D0%BD%D1%8F%D1%87%D0%BD%D1%9,https://doi.org/10.1016/s0016-7037(97)00299-8,http://dx.doi.org/10.1016%2FS0016-7037%2897%2900299-8
16947,wikipedia,https://doi.org/10.1016/s0016-7037(97)00299-8,https://uk.wikipedia.org/api/rest_v1/page/html/%D0%94%D0%BE%D1%81%D0%BE%D0%BD%D1%8F%D1%87%D0%BD%D1%9,16519cb7-1a58-416e-a98a-2527bc7b26bf,2018-02-26 02:01:53,2018-02-25 21:05:01,references,36c35e23-8757-4a9d-aacf-345e9b7eb50d,https://creativecommons.org/publicdomain/zero/1.0/,https://doi.org/10.13003/CED-terms-of-use,,,https://evidence.eventdata.crossref.org/evidence/20180226-wikipedia-b9e2db59-9513-4c15-a580-6f8affd6c8f4,add,https://uk.wikipedia.org/wiki/%D0%94%D0%BE%D1%81%D0%BE%D0%BD%D1%8F%D1%87%D0%BD%D,Досонячні зерна,https://uk.wikipedia.org/w/index.php?title=%D0%94%D0%BE%D1%81%D0%BE%D0%BD%D1%8F%D1%87%D0%BD%D1%96_%D,https://uk.wikipedia.org/api/rest_v1/page/html/%D0%94%D0%BE%D1%81%D0%BE%D0%BD%D1%8F%D1%87%D0%BD%D1%9,https://doi.org/10.1016/s0016-7037(97)00299-8,https://doi.org/10.1016/s0016-7037(97)00299-8
16948,wikipedia,https://doi.org/10.1016/s0016-7037(97)00299-8,https://uk.wikipedia.org/api/rest_v1/page/html/%D0%94%D0%BE%D1%81%D0%BE%D0%BD%D1%8F%D1%87%D0%BD%D1%9,7d8731ad-d481-4bc1-9997-10a30b90a8dc,2018-02-26 02:17:38,2018-02-25 21:19:45,references,36c35e23-8757-4a9d-aacf-345e9b7eb50d,https://creativecommons.org/publicdomain/zero/1.0/,https://doi.org/10.13003/CED-terms-of-use,,,https://evidence.eventdata.crossref.org/evidence/20180226-wikipedia-b17b4aa7-dfd8-4d53-bb4e-41c4511d86e2,add,https://uk.wikipedia.org/wiki/%D0%94%D0%BE%D1%81%D0%BE%D0%BD%D1%8F%D1%87%D0%BD%D,Досонячні зерна,https://uk.wikipedia.org/w/index.php?title=%D0%94%D0%BE%D1%81%D0%BE%D0%BD%D1%8F%D1%87%D0%BD%D1%96_%D,https://uk.wikipedia.org/api/rest_v1/page/html/%D0%94%D0%BE%D1%81%D0%BE%D0%BD%D1%8F%D1%87%D0%BD%D1%9,https://doi.org/10.1016/s0016-7037(97)00299-8,https://doi.org/10.1016/s0016-7037(97)00299-8
16949,wikipedia,https://doi.org/10.1016/s0016-7037(97)00299-8,https://uk.wikipedia.org/api/rest_v1/page/html/%D0%94%D0%BE%D1%81%D0%BE%D0%BD%D1%8F%D1%87%D0%BD%D1%9,06c8bc9d-1eda-48ba-a656-ee90c3496872,2018-02-26 02:17:38,2018-02-25 21:19:45,references,36c35e23-8757-4a9d-aacf-345e9b7eb50d,https://creativecommons.org/publicdomain/zero/1.0/,https://doi.org/10.13003/CED-terms-of-use,,,https://evidence.eventdata.crossref.org/evidence/20180226-wikipedia-b17b4aa7-dfd8-4d53-bb4e-41c4511d86e2,add,https://uk.wikipedia.org/wiki/%D0%94%D0%BE%D1%81%D0%BE%D0%BD%D1%8F%D1%87%D0%BD%D,Досонячні зерна,https://uk.wikipedia.org/w/index.php?title=%D0%94%D0%BE%D1%81%D0%BE%D0%BD%D1%8F%D1%87%D0%BD%D1%96_%D,https://uk.wikipedia.org/api/rest_v1/page/html/%D0%94%D0%BE%D1%81%D0%BE%D0%BD%D1%8F%D1%87%D0%BD%D1%9,https://doi.org/10.1016/s0016-7037(97)00299-8,http://dx.doi.org/10.1016%2FS0016-7037%2897%2900299-8
16950,wikipedia,https://doi.org/10.1016/s0016-7037(97)00299-8,https://uk.wikipedia.org/api/rest_v1/page/html/%D0%94%D0%BE%D1%81%D0%BE%D0%BD%D1%8F%D1%87%D0%BD%D1%9,fcadb598-bcfe-416b-9d31-91aab87c9528,2018-03-05 01:35:45,2018-03-04 20:38:55,references,36c35e23-8757-4a9d-aacf-345e9b7eb50d,https://creativecommons.org/publicdomain/zero/1.0/,https://doi.org/10.13003/CED-terms-of-use,,,https://evidence.eventdata.crossref.org/evidence/20180305-wikipedia-7af66f48-cc58-4893-83cd-fb2162183bcb,add,https://uk.wikipedia.org/wiki/%D0%94%D0%BE%D1%81%D0%BE%D0%BD%D1%8F%D1%87%D0%BD%D,Досонячні зерна,https://uk.wikipedia.org/w/index.php?title=%D0%94%D0%BE%D1%81%D0%BE%D0%BD%D1%8F%D1%87%D0%BD%D1%96_%D,https://uk.wikipedia.org/api/rest_v1/page/html/%D0%94%D0%BE%D1%81%D0%BE%D0%BD%D1%8F%D1%87%D0%BD%D1%9,https://doi.org/10.1016/s0016-7037(97)00299-8,http://dx.doi.org/10.1016%2FS0016-7037%2897%2900299-8
16951,wikipedia,https://doi.org/10.1016/s0016-7037(97)00299-8,https://uk.wikipedia.org/api/rest_v1/page/html/%D0%94%D0%BE%D1%81%D0%BE%D0%BD%D1%8F%D1%87%D0%BD%D1%9,384f1105-963e-4213-98ae-0de52bb52138,2018-03-05 01:35:45,2018-03-04 20:38:55,references,36c35e23-8757-4a9d-aacf-345e9b7eb50d,https://creativecommons.org/publicdomain/zero/1.0/,https://doi.org/10.13003/CED-terms-of-use,,,https://evidence.eventdata.crossref.org/evidence/20180305-wikipedia-7af66f48-cc58-4893-83cd-fb2162183bcb,add,https://uk.wikipedia.org/wiki/%D0%94%D0%BE%D1%81%D0%BE%D0%BD%D1%8F%D1%87%D0%BD%D,Досонячні зерна,https://uk.wikipedia.org/w/index.php?title=%D0%94%D0%BE%D1%81%D0%BE%D0%BD%D1%8F%D1%87%D0%BD%D1%96_%D,https://uk.wikipedia.org/api/rest_v1/page/html/%D0%94%D0%BE%D1%81%D0%BE%D0%BD%D1%8F%D1%87%D0%BD%D1%9,https://doi.org/10.1016/s0016-7037(97)00299-8,https://doi.org/10.1016/s0016-7037(97)00299-8
16952,wikipedia,https://doi.org/10.1016/s0016-7037(97)00299-8,https://uk.wikipedia.org/api/rest_v1/page/html/%D0%94%D0%BE%D1%81%D0%BE%D0%BD%D1%8F%D1%87%D0%BD%D1%9,2de98f2a-fef2-4b74-a4a2-47562539e96a,2018-03-05 01:43:45,2018-03-04 20:45:38,references,36c35e23-8757-4a9d-aacf-345e9b7eb50d,https://creativecommons.org/publicdomain/zero/1.0/,https://doi.org/10.13003/CED-terms-of-use,,,https://evidence.eventdata.crossref.org/evidence/20180305-wikipedia-6ec0c194-4413-40df-9daa-f8e10ad0a209,add,https://uk.wikipedia.org/wiki/%D0%94%D0%BE%D1%81%D0%BE%D0%BD%D1%8F%D1%87%D0%BD%D,Досонячні зерна,https://uk.wikipedia.org/w/index.php?title=%D0%94%D0%BE%D1%81%D0%BE%D0%BD%D1%8F%D1%87%D0%BD%D1%96_%D,https://uk.wikipedia.org/api/rest_v1/page/html/%D0%94%D0%BE%D1%81%D0%BE%D0%BD%D1%8F%D1%87%D0%BD%D1%9,https://doi.org/10.1016/s0016-7037(97)00299-8,https://doi.org/10.1016/s0016-7037(97)00299-8
16953,wikipedia,https://doi.org/10.1016/s0016-7037(97)00299-8,https://uk.wikipedia.org/api/rest_v1/page/html/%D0%94%D0%BE%D1%81%D0%BE%D0%BD%D1%8F%D1%87%D0%BD%D1%9,2d780049-0aee-4f7c-a7e0-f7f90995aa2e,2018-03-05 01:43:45,2018-03-04 20:45:38,references,36c35e23-8757-4a9d-aacf-345e9b7eb50d,https://creativecommons.org/publicdomain/zero/1.0/,https://doi.org/10.13003/CED-terms-of-use,,,https://evidence.eventdata.crossref.org/evidence/20180305-wikipedia-6ec0c194-4413-40df-9daa-f8e10ad0a209,add,https://uk.wikipedia.org/wiki/%D0%94%D0%BE%D1%81%D0%BE%D0%BD%D1%8F%D1%87%D0%BD%D,Досонячні зерна,https://uk.wikipedia.org/w/index.php?title=%D0%94%D0%BE%D1%81%D0%BE%D0%BD%D1%8F%D1%87%D0%BD%D1%96_%D,https://uk.wikipedia.org/api/rest_v1/page/html/%D0%94%D0%BE%D1%81%D0%BE%D0%BD%D1%8F%D1%87%D0%BD%D1%9,https://doi.org/10.1016/s0016-7037(97)00299-8,http://dx.doi.org/10.1016%2FS0016-7037%2897%2900299-8
16954,wikipedia,https://doi.org/10.1016/s0016-7037(97)00299-8,https://uk.wikipedia.org/api/rest_v1/page/html/%D0%94%D0%BE%D1%81%D0%BE%D0%BD%D1%8F%D1%87%D0%BD%D1%9,e503d5f8-fc5e-4f15-b53e-f03b997ed1a7,2018-03-05 02:00:20,2018-03-04 21:03:20,references,36c35e23-8757-4a9d-aacf-345e9b7eb50d,https://creativecommons.org/publicdomain/zero/1.0/,https://doi.org/10.13003/CED-terms-of-use,,,https://evidence.eventdata.crossref.org/evidence/20180305-wikipedia-82d77e10-3951-4668-8664-e90765d0769b,add,https://uk.wikipedia.org/wiki/%D0%94%D0%BE%D1%81%D0%BE%D0%BD%D1%8F%D1%87%D0%BD%D,Досонячні зерна,https://uk.wikipedia.org/w/index.php?title=%D0%94%D0%BE%D1%81%D0%BE%D0%BD%D1%8F%D1%87%D0%BD%D1%96_%D,https://uk.wikipedia.org/api/rest_v1/page/html/%D0%94%D0%BE%D1%81%D0%BE%D0%BD%D1%8F%D1%87%D0%BD%D1%9,https://doi.org/10.1016/s0016-7037(97)00299-8,https://doi.org/10.1016/s0016-7037(97)00299-8
16955,wikipedia,https://doi.org/10.1016/s0016-7037(97)00299-8,https://uk.wikipedia.org/api/rest_v1/page/html/%D0%94%D0%BE%D1%81%D0%BE%D0%BD%D1%8F%D1%87%D0%BD%D1%9,e44b89c5-87c4-4cb6-8813-96e5c8b2d864,2018-03-05 02:00:20,2018-03-04 21:03:20,references,36c35e23-8757-4a9d-aacf-345e9b7eb50d,https://creativecommons.org/publicdomain/zero/1.0/,https://doi.org/10.13003/CED-terms-of-use,,,https://evidence.eventdata.crossref.org/evidence/20180305-wikipedia-82d77e10-3951-4668-8664-e90765d0769b,add,https://uk.wikipedia.org/wiki/%D0%94%D0%BE%D1%81%D0%BE%D0%BD%D1%8F%D1%87%D0%BD%D,Досонячні зерна,https://uk.wikipedia.org/w/index.php?title=%D0%94%D0%BE%D1%81%D0%BE%D0%BD%D1%8F%D1%87%D0%BD%D1%96_%D,https://uk.wikipedia.org/api/rest_v1/page/html/%D0%94%D0%BE%D1%81%D0%BE%D0%BD%D1%8F%D1%87%D0%BD%D1%9,https://doi.org/10.1016/s0016-7037(97)00299-8,http://dx.doi.org/10.1016%2FS0016-7037%2897%2900299-8
16956,wikipedia,https://doi.org/10.1016/s0016-7037(97)00299-8,https://uk.wikipedia.org/api/rest_v1/page/html/%D0%94%D0%BE%D1%81%D0%BE%D0%BD%D1%8F%D1%87%D0%BD%D1%9,9b15f074-186c-44ea-be16-2d4e28b50cc9,2018-03-05 02:10:08,2018-03-04 21:12:49,references,36c35e23-8757-4a9d-aacf-345e9b7eb50d,https://creativecommons.org/publicdomain/zero/1.0/,https://doi.org/10.13003/CED-terms-of-use,,,https://evidence.eventdata.crossref.org/evidence/20180305-wikipedia-361cbb91-4969-40c6-8e24-88a7194d1df4,add,https://uk.wikipedia.org/wiki/%D0%94%D0%BE%D1%81%D0%BE%D0%BD%D1%8F%D1%87%D0%BD%D,Досонячні зерна,https://uk.wikipedia.org/w/index.php?title=%D0%94%D0%BE%D1%81%D0%BE%D0%BD%D1%8F%D1%87%D0%BD%D1%96_%D,https://uk.wikipedia.org/api/rest_v1/page/html/%D0%94%D0%BE%D1%81%D0%BE%D0%BD%D1%8F%D1%87%D0%BD%D1%9,https://doi.org/10.1016/s0016-7037(97)00299-8,https://doi.org/10.1016/s0016-7037(97)00299-8
16957,wikipedia,https://doi.org/10.1016/s0016-7037(97)00299-8,https://uk.wikipedia.org/api/rest_v1/page/html/%D0%94%D0%BE%D1%81%D0%BE%D0%BD%D1%8F%D1%87%D0%BD%D1%9,4a972e25-3294-4d7c-b4e9-02ee6edd9a89,2018-03-05 02:10:08,2018-03-04 21:12:49,references,36c35e23-8757-4a9d-aacf-345e9b7eb50d,https://creativecommons.org/publicdomain/zero/1.0/,https://doi.org/10.13003/CED-terms-of-use,,,https://evidence.eventdata.crossref.org/evidence/20180305-wikipedia-361cbb91-4969-40c6-8e24-88a7194d1df4,add,https://uk.wikipedia.org/wiki/%D0%94%D0%BE%D1%81%D0%BE%D0%BD%D1%8F%D1%87%D0%BD%D,Досонячні зерна,https://uk.wikipedia.org/w/index.php?title=%D0%94%D0%BE%D1%81%D0%BE%D0%BD%D1%8F%D1%87%D0%BD%D1%96_%D,https://uk.wikipedia.org/api/rest_v1/page/html/%D0%94%D0%BE%D1%81%D0%BE%D0%BD%D1%8F%D1%87%D0%BD%D1%9,https://doi.org/10.1016/s0016-7037(97)00299-8,http://dx.doi.org/10.1016%2FS0016-7037%2897%2900299-8
16958,wikipedia,https://doi.org/10.1016/s0016-7037(97)00299-8,https://uk.wikipedia.org/api/rest_v1/page/html/%D0%94%D0%BE%D1%81%D0%BE%D0%BD%D1%8F%D1%87%D0%BD%D1%9,ec604469-4c1e-40a5-8115-d8873c64155f,2018-03-05 02:12:17,2018-03-04 21:15:04,references,36c35e23-8757-4a9d-aacf-345e9b7eb50d,https://creativecommons.org/publicdomain/zero/1.0/,https://doi.org/10.13003/CED-terms-of-use,,,https://evidence.eventdata.crossref.org/evidence/20180305-wikipedia-f9e29ca0-aac7-435a-91c8-7d62789bfaec,add,https://uk.wikipedia.org/wiki/%D0%94%D0%BE%D1%81%D0%BE%D0%BD%D1%8F%D1%87%D0%BD%D,Досонячні зерна,https://uk.wikipedia.org/w/index.php?title=%D0%94%D0%BE%D1%81%D0%BE%D0%BD%D1%8F%D1%87%D0%BD%D1%96_%D,https://uk.wikipedia.org/api/rest_v1/page/html/%D0%94%D0%BE%D1%81%D0%BE%D0%BD%D1%8F%D1%87%D0%BD%D1%9,https://doi.org/10.1016/s0016-7037(97)00299-8,https://doi.org/10.1016/s0016-7037(97)00299-8
16959,wikipedia,https://doi.org/10.1016/s0016-7037(97)00299-8,https://uk.wikipedia.org/api/rest_v1/page/html/%D0%94%D0%BE%D1%81%D0%BE%D0%BD%D1%8F%D1%87%D0%BD%D1%9,2fa6d28b-d41d-4463-bbeb-eb7ae80a0001,2018-03-05 02:12:17,2018-03-04 21:15:04,references,36c35e23-8757-4a9d-aacf-345e9b7eb50d,https://creativecommons.org/publicdomain/zero/1.0/,https://doi.org/10.13003/CED-terms-of-use,,,https://evidence.eventdata.crossref.org/evidence/20180305-wikipedia-f9e29ca0-aac7-435a-91c8-7d62789bfaec,add,https://uk.wikipedia.org/wiki/%D0%94%D0%BE%D1%81%D0%BE%D0%BD%D1%8F%D1%87%D0%BD%D,Досонячні зерна,https://uk.wikipedia.org/w/index.php?title=%D0%94%D0%BE%D1%81%D0%BE%D0%BD%D1%8F%D1%87%D0%BD%D1%96_%D,https://uk.wikipedia.org/api/rest_v1/page/html/%D0%94%D0%BE%D1%81%D0%BE%D0%BD%D1%8F%D1%87%D0%BD%D1%9,https://doi.org/10.1016/s0016-7037(97)00299-8,http://dx.doi.org/10.1016%2FS0016-7037%2897%2900299-8
16960,wikipedia,https://doi.org/10.1016/s0016-7037(97)00299-8,https://uk.wikipedia.org/api/rest_v1/page/html/%D0%94%D0%BE%D1%81%D0%BE%D0%BD%D1%8F%D1%87%D0%BD%D1%9,b6f6cf15-7074-482e-9752-f3ff88741caa,2018-03-05 02:18:52,2018-03-04 21:20:53,references,36c35e23-8757-4a9d-aacf-345e9b7eb50d,https://creativecommons.org/publicdomain/zero/1.0/,https://doi.org/10.13003/CED-terms-of-use,,,https://evidence.eventdata.crossref.org/evidence/20180305-wikipedia-1fd9cc75-cc0c-468e-9806-66f62bad0eaa,add,https://uk.wikipedia.org/wiki/%D0%94%D0%BE%D1%81%D0%BE%D0%BD%D1%8F%D1%87%D0%BD%D,Досонячні зерна,https://uk.wikipedia.org/w/index.php?title=%D0%94%D0%BE%D1%81%D0%BE%D0%BD%D1%8F%D1%87%D0%BD%D1%96_%D,https://uk.wikipedia.org/api/rest_v1/page/html/%D0%94%D0%BE%D1%81%D0%BE%D0%BD%D1%8F%D1%87%D0%BD%D1%9,https://doi.org/10.1016/s0016-7037(97)00299-8,https://doi.org/10.1016/s0016-7037(97)00299-8
16961,wikipedia,https://doi.org/10.1016/s0016-7037(97)00299-8,https://uk.wikipedia.org/api/rest_v1/page/html/%D0%94%D0%BE%D1%81%D0%BE%D0%BD%D1%8F%D1%87%D0%BD%D1%9,aca7eb61-7f14-42a5-bb1e-47031c9f2e82,2018-03-05 02:18:52,2018-03-04 21:20:53,references,36c35e23-8757-4a9d-aacf-345e9b7eb50d,https://creativecommons.org/publicdomain/zero/1.0/,https://doi.org/10.13003/CED-terms-of-use,,,https://evidence.eventdata.crossref.org/evidence/20180305-wikipedia-1fd9cc75-cc0c-468e-9806-66f62bad0eaa,add,https://uk.wikipedia.org/wiki/%D0%94%D0%BE%D1%81%D0%BE%D0%BD%D1%8F%D1%87%D0%BD%D,Досонячні зерна,https://uk.wikipedia.org/w/index.php?title=%D0%94%D0%BE%D1%81%D0%BE%D0%BD%D1%8F%D1%87%D0%BD%D1%96_%D,https://uk.wikipedia.org/api/rest_v1/page/html/%D0%94%D0%BE%D1%81%D0%BE%D0%BD%D1%8F%D1%87%D0%BD%D1%9,https://doi.org/10.1016/s0016-7037(97)00299-8,http://dx.doi.org/10.1016%2FS0016-7037%2897%2900299-8
16962,wikipedia,https://doi.org/10.1016/s0016-7037(97)00299-8,https://uk.wikipedia.org/api/rest_v1/page/html/%D0%94%D0%BE%D1%81%D0%BE%D0%BD%D1%8F%D1%87%D0%BD%D1%9,974b0020-7b11-4823-8d2e-27fe6c190853,2018-03-15 01:05:54,2018-03-14 21:09:15,references,36c35e23-8757-4a9d-aacf-345e9b7eb50d,https://creativecommons.org/publicdomain/zero/1.0/,https://doi.org/10.13003/CED-terms-of-use,,,https://evidence.eventdata.crossref.org/evidence/20180315-wikipedia-72d852f2-ed9e-484a-aece-c09cac86ffb2,add,https://uk.wikipedia.org/wiki/%D0%94%D0%BE%D1%81%D0%BE%D0%BD%D1%8F%D1%87%D0%BD%D,Досонячні зерна,https://uk.wikipedia.org/w/index.php?title=%D0%94%D0%BE%D1%81%D0%BE%D0%BD%D1%8F%D1%87%D0%BD%D1%96_%D,https://uk.wikipedia.org/api/rest_v1/page/html/%D0%94%D0%BE%D1%81%D0%BE%D0%BD%D1%8F%D1%87%D0%BD%D1%9,https://doi.org/10.1016/s0016-7037(97)00299-8,http://dx.doi.org/10.1016%2FS0016-7037%2897%2900299-8
16963,wikipedia,https://doi.org/10.1016/s0016-7037(97)00299-8,https://uk.wikipedia.org/api/rest_v1/page/html/%D0%94%D0%BE%D1%81%D0%BE%D0%BD%D1%8F%D1%87%D0%BD%D1%9,4ae455cd-43d9-4d03-b427-81f0991301f7,2018-03-15 01:05:54,2018-03-14 21:09:18,references,36c35e23-8757-4a9d-aacf-345e9b7eb50d,https://creativecommons.org/publicdomain/zero/1.0/,https://doi.org/10.13003/CED-terms-of-use,,,https://evidence.eventdata.crossref.org/evidence/20180315-wikipedia-72d852f2-ed9e-484a-aece-c09cac86ffb2,add,https://uk.wikipedia.org/wiki/%D0%94%D0%BE%D1%81%D0%BE%D0%BD%D1%8F%D1%87%D0%BD%D,Досонячні зерна,https://uk.wikipedia.org/w/index.php?title=%D0%94%D0%BE%D1%81%D0%BE%D0%BD%D1%8F%D1%87%D0%BD%D1%96_%D,https://uk.wikipedia.org/api/rest_v1/page/html/%D0%94%D0%BE%D1%81%D0%BE%D0%BD%D1%8F%D1%87%D0%BD%D1%9,https://doi.org/10.1016/s0016-7037(97)00299-8,https://doi.org/10.1016/s0016-7037(97)00299-8
16964,wikipedia,https://doi.org/10.1016/s0016-7037(97)00299-8,https://uk.wikipedia.org/api/rest_v1/page/html/%D0%94%D0%BE%D1%81%D0%BE%D0%BD%D1%8F%D1%87%D0%BD%D1%9,e3ce9791-2869-42fa-b1db-9f38ddffe1a4,2018-03-15 01:10:31,2018-03-14 21:13:57,references,36c35e23-8757-4a9d-aacf-345e9b7eb50d,https://creativecommons.org/publicdomain/zero/1.0/,https://doi.org/10.13003/CED-terms-of-use,,,https://evidence.eventdata.crossref.org/evidence/20180315-wikipedia-ec512cc4-a1b1-4566-956d-9b99135e4f44,add,https://uk.wikipedia.org/wiki/%D0%94%D0%BE%D1%81%D0%BE%D0%BD%D1%8F%D1%87%D0%BD%D,Досонячні зерна,https://uk.wikipedia.org/w/index.php?title=%D0%94%D0%BE%D1%81%D0%BE%D0%BD%D1%8F%D1%87%D0%BD%D1%96_%D,https://uk.wikipedia.org/api/rest_v1/page/html/%D0%94%D0%BE%D1%81%D0%BE%D0%BD%D1%8F%D1%87%D0%BD%D1%9,https://doi.org/10.1016/s0016-7037(97)00299-8,https://doi.org/10.1016/s0016-7037(97)00299-8
16965,wikipedia,https://doi.org/10.1016/s0016-7037(97)00299-8,https://uk.wikipedia.org/api/rest_v1/page/html/%D0%94%D0%BE%D1%81%D0%BE%D0%BD%D1%8F%D1%87%D0%BD%D1%9,1b4dc5f9-71a1-474c-825d-f1dd8c996988,2018-03-15 01:10:31,2018-03-14 21:13:58,references,36c35e23-8757-4a9d-aacf-345e9b7eb50d,https://creativecommons.org/publicdomain/zero/1.0/,https://doi.org/10.13003/CED-terms-of-use,,,https://evidence.eventdata.crossref.org/evidence/20180315-wikipedia-ec512cc4-a1b1-4566-956d-9b99135e4f44,add,https://uk.wikipedia.org/wiki/%D0%94%D0%BE%D1%81%D0%BE%D0%BD%D1%8F%D1%87%D0%BD%D,Досонячні зерна,https://uk.wikipedia.org/w/index.php?title=%D0%94%D0%BE%D1%81%D0%BE%D0%BD%D1%8F%D1%87%D0%BD%D1%96_%D,https://uk.wikipedia.org/api/rest_v1/page/html/%D0%94%D0%BE%D1%81%D0%BE%D0%BD%D1%8F%D1%87%D0%BD%D1%9,https://doi.org/10.1016/s0016-7037(97)00299-8,http://dx.doi.org/10.1016%2FS0016-7037%2897%2900299-8
16966,wikipedia,https://doi.org/10.1016/s0016-7037(97)00299-8,https://uk.wikipedia.org/api/rest_v1/page/html/%D0%94%D0%BE%D1%81%D0%BE%D0%BD%D1%8F%D1%87%D0%BD%D1%9,e24fc2d6-7798-40b5-a404-d6cea4f00fde,2018-03-15 01:12:18,2018-03-14 21:15:26,references,36c35e23-8757-4a9d-aacf-345e9b7eb50d,https://creativecommons.org/publicdomain/zero/1.0/,https://doi.org/10.13003/CED-terms-of-use,,,https://evidence.eventdata.crossref.org/evidence/20180315-wikipedia-3ccc2933-4bf8-4675-991b-4a3cc0459708,add,https://uk.wikipedia.org/wiki/%D0%94%D0%BE%D1%81%D0%BE%D0%BD%D1%8F%D1%87%D0%BD%D,Досонячні зерна,https://uk.wikipedia.org/w/index.php?title=%D0%94%D0%BE%D1%81%D0%BE%D0%BD%D1%8F%D1%87%D0%BD%D1%96_%D,https://uk.wikipedia.org/api/rest_v1/page/html/%D0%94%D0%BE%D1%81%D0%BE%D0%BD%D1%8F%D1%87%D0%BD%D1%9,https://doi.org/10.1016/s0016-7037(97)00299-8,https://doi.org/10.1016/s0016-7037(97)00299-8
16967,wikipedia,https://doi.org/10.1016/s0016-7037(97)00299-8,https://uk.wikipedia.org/api/rest_v1/page/html/%D0%94%D0%BE%D1%81%D0%BE%D0%BD%D1%8F%D1%87%D0%BD%D1%9,6369581c-1e0b-4e72-9b26-077da0d14e8d,2018-03-15 01:12:18,2018-03-14 21:15:26,references,36c35e23-8757-4a9d-aacf-345e9b7eb50d,https://creativecommons.org/publicdomain/zero/1.0/,https://doi.org/10.13003/CED-terms-of-use,,,https://evidence.eventdata.crossref.org/evidence/20180315-wikipedia-3ccc2933-4bf8-4675-991b-4a3cc0459708,add,https://uk.wikipedia.org/wiki/%D0%94%D0%BE%D1%81%D0%BE%D0%BD%D1%8F%D1%87%D0%BD%D,Досонячні зерна,https://uk.wikipedia.org/w/index.php?title=%D0%94%D0%BE%D1%81%D0%BE%D0%BD%D1%8F%D1%87%D0%BD%D1%96_%D,https://uk.wikipedia.org/api/rest_v1/page/html/%D0%94%D0%BE%D1%81%D0%BE%D0%BD%D1%8F%D1%87%D0%BD%D1%9,https://doi.org/10.1016/s0016-7037(97)00299-8,http://dx.doi.org/10.1016%2FS0016-7037%2897%2900299-8
16968,wikipedia,https://doi.org/10.1016/s0016-7037(97)00299-8,https://uk.wikipedia.org/api/rest_v1/page/html/%D0%94%D0%BE%D1%81%D0%BE%D0%BD%D1%8F%D1%87%D0%BD%D1%9,fd8d98c0-7863-40e9-b370-4126a9926184,2018-03-15 01:12:50,2018-03-14 21:16:26,references,36c35e23-8757-4a9d-aacf-345e9b7eb50d,https://creativecommons.org/publicdomain/zero/1.0/,https://doi.org/10.13003/CED-terms-of-use,,,https://evidence.eventdata.crossref.org/evidence/20180315-wikipedia-fad76701-0cc6-45ab-a53d-a6713dd97f70,add,https://uk.wikipedia.org/wiki/%D0%94%D0%BE%D1%81%D0%BE%D0%BD%D1%8F%D1%87%D0%BD%D,Досонячні зерна,https://uk.wikipedia.org/w/index.php?title=%D0%94%D0%BE%D1%81%D0%BE%D0%BD%D1%8F%D1%87%D0%BD%D1%96_%D,https://uk.wikipedia.org/api/rest_v1/page/html/%D0%94%D0%BE%D1%81%D0%BE%D0%BD%D1%8F%D1%87%D0%BD%D1%9,https://doi.org/10.1016/s0016-7037(97)00299-8,http://dx.doi.org/10.1016%2FS0016-7037%2897%2900299-8
16969,wikipedia,https://doi.org/10.1016/s0016-7037(97)00299-8,https://uk.wikipedia.org/api/rest_v1/page/html/%D0%94%D0%BE%D1%81%D0%BE%D0%BD%D1%8F%D1%87%D0%BD%D1%9,3b8a28e3-f681-4a81-9cda-06bd39c80d6c,2018-03-15 01:12:50,2018-03-14 21:16:26,references,36c35e23-8757-4a9d-aacf-345e9b7eb50d,https://creativecommons.org/publicdomain/zero/1.0/,https://doi.org/10.13003/CED-terms-of-use,,,https://evidence.eventdata.crossref.org/evidence/20180315-wikipedia-fad76701-0cc6-45ab-a53d-a6713dd97f70,add,https://uk.wikipedia.org/wiki/%D0%94%D0%BE%D1%81%D0%BE%D0%BD%D1%8F%D1%87%D0%BD%D,Досонячні зерна,https://uk.wikipedia.org/w/index.php?title=%D0%94%D0%BE%D1%81%D0%BE%D0%BD%D1%8F%D1%87%D0%BD%D1%96_%D,https://uk.wikipedia.org/api/rest_v1/page/html/%D0%94%D0%BE%D1%81%D0%BE%D0%BD%D1%8F%D1%87%D0%BD%D1%9,https://doi.org/10.1016/s0016-7037(97)00299-8,https://doi.org/10.1016/s0016-7037(97)00299-8
16970,wikipedia,https://doi.org/10.1016/s0016-7037(97)00299-8,https://uk.wikipedia.org/api/rest_v1/page/html/%D0%94%D0%BE%D1%81%D0%BE%D0%BD%D1%8F%D1%87%D0%BD%D1%9,b1ef7f9e-54c5-43c5-954c-b300445af7e8,2018-03-15 01:16:27,2018-03-14 21:19:21,references,36c35e23-8757-4a9d-aacf-345e9b7eb50d,https://creativecommons.org/publicdomain/zero/1.0/,https://doi.org/10.13003/CED-terms-of-use,,,https://evidence.eventdata.crossref.org/evidence/20180315-wikipedia-0c383a87-3ffc-41b3-b9f1-bf8c579b903a,add,https://uk.wikipedia.org/wiki/%D0%94%D0%BE%D1%81%D0%BE%D0%BD%D1%8F%D1%87%D0%BD%D,Досонячні зерна,https://uk.wikipedia.org/w/index.php?title=%D0%94%D0%BE%D1%81%D0%BE%D0%BD%D1%8F%D1%87%D0%BD%D1%96_%D,https://uk.wikipedia.org/api/rest_v1/page/html/%D0%94%D0%BE%D1%81%D0%BE%D0%BD%D1%8F%D1%87%D0%BD%D1%9,https://doi.org/10.1016/s0016-7037(97)00299-8,http://dx.doi.org/10.1016%2FS0016-7037%2897%2900299-8
16971,wikipedia,https://doi.org/10.1016/s0016-7037(97)00299-8,https://uk.wikipedia.org/api/rest_v1/page/html/%D0%94%D0%BE%D1%81%D0%BE%D0%BD%D1%8F%D1%87%D0%BD%D1%9,2e5b32d3-9256-4986-8f70-203f733a1a14,2018-03-15 01:16:27,2018-03-14 21:19:21,references,36c35e23-8757-4a9d-aacf-345e9b7eb50d,https://creativecommons.org/publicdomain/zero/1.0/,https://doi.org/10.13003/CED-terms-of-use,,,https://evidence.eventdata.crossref.org/evidence/20180315-wikipedia-0c383a87-3ffc-41b3-b9f1-bf8c579b903a,add,https://uk.wikipedia.org/wiki/%D0%94%D0%BE%D1%81%D0%BE%D0%BD%D1%8F%D1%87%D0%BD%D,Досонячні зерна,https://uk.wikipedia.org/w/index.php?title=%D0%94%D0%BE%D1%81%D0%BE%D0%BD%D1%8F%D1%87%D0%BD%D1%96_%D,https://uk.wikipedia.org/api/rest_v1/page/html/%D0%94%D0%BE%D1%81%D0%BE%D0%BD%D1%8F%D1%87%D0%BD%D1%9,https://doi.org/10.1016/s0016-7037(97)00299-8,https://doi.org/10.1016/s0016-7037(97)00299-8
16972,wikipedia,https://doi.org/10.1016/s0016-7037(97)00299-8,https://uk.wikipedia.org/api/rest_v1/page/html/%D0%94%D0%BE%D1%81%D0%BE%D0%BD%D1%8F%D1%87%D0%BD%D1%9,aaf21740-9aab-4676-817d-729a82c24ad8,2018-03-15 01:17:54,2018-03-14 21:21:01,references,36c35e23-8757-4a9d-aacf-345e9b7eb50d,https://creativecommons.org/publicdomain/zero/1.0/,https://doi.org/10.13003/CED-terms-of-use,,,https://evidence.eventdata.crossref.org/evidence/20180315-wikipedia-075c25e0-67c7-4e86-9035-5888eb6c8f48,add,https://uk.wikipedia.org/wiki/%D0%94%D0%BE%D1%81%D0%BE%D0%BD%D1%8F%D1%87%D0%BD%D,Досонячні зерна,https://uk.wikipedia.org/w/index.php?title=%D0%94%D0%BE%D1%81%D0%BE%D0%BD%D1%8F%D1%87%D0%BD%D1%96_%D,https://uk.wikipedia.org/api/rest_v1/page/html/%D0%94%D0%BE%D1%81%D0%BE%D0%BD%D1%8F%D1%87%D0%BD%D1%9,https://doi.org/10.1016/s0016-7037(97)00299-8,http://dx.doi.org/10.1016%2FS0016-7037%2897%2900299-8
16973,wikipedia,https://doi.org/10.1016/s0016-7037(97)00299-8,https://uk.wikipedia.org/api/rest_v1/page/html/%D0%94%D0%BE%D1%81%D0%BE%D0%BD%D1%8F%D1%87%D0%BD%D1%9,05d3842b-482b-41d6-a578-bf97f844740a,2018-03-15 01:17:54,2018-03-14 21:21:01,references,36c35e23-8757-4a9d-aacf-345e9b7eb50d,https://creativecommons.org/publicdomain/zero/1.0/,https://doi.org/10.13003/CED-terms-of-use,,,https://evidence.eventdata.crossref.org/evidence/20180315-wikipedia-075c25e0-67c7-4e86-9035-5888eb6c8f48,add,https://uk.wikipedia.org/wiki/%D0%94%D0%BE%D1%81%D0%BE%D0%BD%D1%8F%D1%87%D0%BD%D,Досонячні зерна,https://uk.wikipedia.org/w/index.php?title=%D0%94%D0%BE%D1%81%D0%BE%D0%BD%D1%8F%D1%87%D0%BD%D1%96_%D,https://uk.wikipedia.org/api/rest_v1/page/html/%D0%94%D0%BE%D1%81%D0%BE%D0%BD%D1%8F%D1%87%D0%BD%D1%9,https://doi.org/10.1016/s0016-7037(97)00299-8,https://doi.org/10.1016/s0016-7037(97)00299-8
16974,wikipedia,https://doi.org/10.1016/s0016-7037(97)00299-8,https://uk.wikipedia.org/api/rest_v1/page/html/%D0%94%D0%BE%D1%81%D0%BE%D0%BD%D1%8F%D1%87%D0%BD%D1%9,d7778d35-3b29-4922-8f7d-b58159d732ce,2018-03-15 01:27:52,2018-03-14 21:30:35,references,36c35e23-8757-4a9d-aacf-345e9b7eb50d,https://creativecommons.org/publicdomain/zero/1.0/,https://doi.org/10.13003/CED-terms-of-use,,,https://evidence.eventdata.crossref.org/evidence/20180315-wikipedia-d2436178-20c0-4e0c-ab45-6776748902bf,add,https://uk.wikipedia.org/wiki/%D0%94%D0%BE%D1%81%D0%BE%D0%BD%D1%8F%D1%87%D0%BD%D,Досонячні зерна,https://uk.wikipedia.org/w/index.php?title=%D0%94%D0%BE%D1%81%D0%BE%D0%BD%D1%8F%D1%87%D0%BD%D1%96_%D,https://uk.wikipedia.org/api/rest_v1/page/html/%D0%94%D0%BE%D1%81%D0%BE%D0%BD%D1%8F%D1%87%D0%BD%D1%9,https://doi.org/10.1016/s0016-7037(97)00299-8,https://doi.org/10.1016/s0016-7037(97)00299-8
16975,wikipedia,https://doi.org/10.1016/s0016-7037(97)00299-8,https://uk.wikipedia.org/api/rest_v1/page/html/%D0%94%D0%BE%D1%81%D0%BE%D0%BD%D1%8F%D1%87%D0%BD%D1%9,b82d5847-e93e-42b1-9e3f-8209bf2510bf,2018-03-15 01:27:52,2018-03-14 21:30:35,references,36c35e23-8757-4a9d-aacf-345e9b7eb50d,https://creativecommons.org/publicdomain/zero/1.0/,https://doi.org/10.13003/CED-terms-of-use,,,https://evidence.eventdata.crossref.org/evidence/20180315-wikipedia-d2436178-20c0-4e0c-ab45-6776748902bf,add,https://uk.wikipedia.org/wiki/%D0%94%D0%BE%D1%81%D0%BE%D0%BD%D1%8F%D1%87%D0%BD%D,Досонячні зерна,https://uk.wikipedia.org/w/index.php?title=%D0%94%D0%BE%D1%81%D0%BE%D0%BD%D1%8F%D1%87%D0%BD%D1%96_%D,https://uk.wikipedia.org/api/rest_v1/page/html/%D0%94%D0%BE%D1%81%D0%BE%D0%BD%D1%8F%D1%87%D0%BD%D1%9,https://doi.org/10.1016/s0016-7037(97)00299-8,http://dx.doi.org/10.1016%2FS0016-7037%2897%2900299-8
16976,wikipedia,https://doi.org/10.1016/s0016-7037(97)00299-8,https://uk.wikipedia.org/api/rest_v1/page/html/%D0%94%D0%BE%D1%81%D0%BE%D0%BD%D1%8F%D1%87%D0%BD%D1%9,f611c899-bfff-424d-815c-40015f8d582c,2018-03-15 01:29:48,2018-03-14 21:32:40,references,36c35e23-8757-4a9d-aacf-345e9b7eb50d,https://creativecommons.org/publicdomain/zero/1.0/,https://doi.org/10.13003/CED-terms-of-use,,,https://evidence.eventdata.crossref.org/evidence/20180315-wikipedia-7fb1cc63-00a0-4a89-aa4d-ba74340d1fb5,add,https://uk.wikipedia.org/wiki/%D0%94%D0%BE%D1%81%D0%BE%D0%BD%D1%8F%D1%87%D0%BD%D,Досонячні зерна,https://uk.wikipedia.org/w/index.php?title=%D0%94%D0%BE%D1%81%D0%BE%D0%BD%D1%8F%D1%87%D0%BD%D1%96_%D,https://uk.wikipedia.org/api/rest_v1/page/html/%D0%94%D0%BE%D1%81%D0%BE%D0%BD%D1%8F%D1%87%D0%BD%D1%9,https://doi.org/10.1016/s0016-7037(97)00299-8,https://doi.org/10.1016/s0016-7037(97)00299-8
16977,wikipedia,https://doi.org/10.1016/s0016-7037(97)00299-8,https://uk.wikipedia.org/api/rest_v1/page/html/%D0%94%D0%BE%D1%81%D0%BE%D0%BD%D1%8F%D1%87%D0%BD%D1%9,641a9816-193b-4cd2-ae03-4550eb094866,2018-03-15 01:29:48,2018-03-14 21:32:40,references,36c35e23-8757-4a9d-aacf-345e9b7eb50d,https://creativecommons.org/publicdomain/zero/1.0/,https://doi.org/10.13003/CED-terms-of-use,,,https://evidence.eventdata.crossref.org/evidence/20180315-wikipedia-7fb1cc63-00a0-4a89-aa4d-ba74340d1fb5,add,https://uk.wikipedia.org/wiki/%D0%94%D0%BE%D1%81%D0%BE%D0%BD%D1%8F%D1%87%D0%BD%D,Досонячні зерна,https://uk.wikipedia.org/w/index.php?title=%D0%94%D0%BE%D1%81%D0%BE%D0%BD%D1%8F%D1%87%D0%BD%D1%96_%D,https://uk.wikipedia.org/api/rest_v1/page/html/%D0%94%D0%BE%D1%81%D0%BE%D0%BD%D1%8F%D1%87%D0%BD%D1%9,https://doi.org/10.1016/s0016-7037(97)00299-8,http://dx.doi.org/10.1016%2FS0016-7037%2897%2900299-8
16978,wikipedia,https://doi.org/10.1016/s0016-7037(97)00299-8,https://uk.wikipedia.org/api/rest_v1/page/html/%D0%94%D0%BE%D1%81%D0%BE%D0%BD%D1%8F%D1%87%D0%BD%D1%9,ef402070-538a-433b-b728-6e39baaac352,2018-03-15 01:29:10,2018-03-14 21:32:41,references,36c35e23-8757-4a9d-aacf-345e9b7eb50d,https://creativecommons.org/publicdomain/zero/1.0/,https://doi.org/10.13003/CED-terms-of-use,,,https://evidence.eventdata.crossref.org/evidence/20180315-wikipedia-b2f70d6a-3762-4e05-a936-f12200849bd1,add,https://uk.wikipedia.org/wiki/%D0%94%D0%BE%D1%81%D0%BE%D0%BD%D1%8F%D1%87%D0%BD%D,Досонячні зерна,https://uk.wikipedia.org/w/index.php?title=%D0%94%D0%BE%D1%81%D0%BE%D0%BD%D1%8F%D1%87%D0%BD%D1%96_%D,https://uk.wikipedia.org/api/rest_v1/page/html/%D0%94%D0%BE%D1%81%D0%BE%D0%BD%D1%8F%D1%87%D0%BD%D1%9,https://doi.org/10.1016/s0016-7037(97)00299-8,http://dx.doi.org/10.1016%2FS0016-7037%2897%2900299-8
16979,wikipedia,https://doi.org/10.1016/s0016-7037(97)00299-8,https://uk.wikipedia.org/api/rest_v1/page/html/%D0%94%D0%BE%D1%81%D0%BE%D0%BD%D1%8F%D1%87%D0%BD%D1%9,c05c3fe4-23af-4f7d-9d60-ed15e1be5ba1,2018-03-15 01:29:10,2018-03-14 21:32:42,references,36c35e23-8757-4a9d-aacf-345e9b7eb50d,https://creativecommons.org/publicdomain/zero/1.0/,https://doi.org/10.13003/CED-terms-of-use,,,https://evidence.eventdata.crossref.org/evidence/20180315-wikipedia-b2f70d6a-3762-4e05-a936-f12200849bd1,add,https://uk.wikipedia.org/wiki/%D0%94%D0%BE%D1%81%D0%BE%D0%BD%D1%8F%D1%87%D0%BD%D,Досонячні зерна,https://uk.wikipedia.org/w/index.php?title=%D0%94%D0%BE%D1%81%D0%BE%D0%BD%D1%8F%D1%87%D0%BD%D1%96_%D,https://uk.wikipedia.org/api/rest_v1/page/html/%D0%94%D0%BE%D1%81%D0%BE%D0%BD%D1%8F%D1%87%D0%BD%D1%9,https://doi.org/10.1016/s0016-7037(97)00299-8,https://doi.org/10.1016/s0016-7037(97)00299-8
16980,wikipedia,https://doi.org/10.1016/s0016-7037(97)00299-8,https://uk.wikipedia.org/api/rest_v1/page/html/%D0%94%D0%BE%D1%81%D0%BE%D0%BD%D1%8F%D1%87%D0%BD%D1%9,585078cb-5f20-441f-9063-1b120302aa1e,2018-03-15 01:28:35,2018-03-14 21:32:43,references,36c35e23-8757-4a9d-aacf-345e9b7eb50d,https://creativecommons.org/publicdomain/zero/1.0/,https://doi.org/10.13003/CED-terms-of-use,,,https://evidence.eventdata.crossref.org/evidence/20180315-wikipedia-e1a20fea-3aed-4f44-a809-4640dfdcda36,add,https://uk.wikipedia.org/wiki/%D0%94%D0%BE%D1%81%D0%BE%D0%BD%D1%8F%D1%87%D0%BD%D,Досонячні зерна,https://uk.wikipedia.org/w/index.php?title=%D0%94%D0%BE%D1%81%D0%BE%D0%BD%D1%8F%D1%87%D0%BD%D1%96_%D,https://uk.wikipedia.org/api/rest_v1/page/html/%D0%94%D0%BE%D1%81%D0%BE%D0%BD%D1%8F%D1%87%D0%BD%D1%9,https://doi.org/10.1016/s0016-7037(97)00299-8,http://dx.doi.org/10.1016%2FS0016-7037%2897%2900299-8
16981,wikipedia,https://doi.org/10.1016/s0016-7037(97)00299-8,https://uk.wikipedia.org/api/rest_v1/page/html/%D0%94%D0%BE%D1%81%D0%BE%D0%BD%D1%8F%D1%87%D0%BD%D1%9,17ce6575-e2e8-4e35-b0d7-b09583d8bc44,2018-03-15 01:28:35,2018-03-14 21:32:43,references,36c35e23-8757-4a9d-aacf-345e9b7eb50d,https://creativecommons.org/publicdomain/zero/1.0/,https://doi.org/10.13003/CED-terms-of-use,,,https://evidence.eventdata.crossref.org/evidence/20180315-wikipedia-e1a20fea-3aed-4f44-a809-4640dfdcda36,add,https://uk.wikipedia.org/wiki/%D0%94%D0%BE%D1%81%D0%BE%D0%BD%D1%8F%D1%87%D0%BD%D,Досонячні зерна,https://uk.wikipedia.org/w/index.php?title=%D0%94%D0%BE%D1%81%D0%BE%D0%BD%D1%8F%D1%87%D0%BD%D1%96_%D,https://uk.wikipedia.org/api/rest_v1/page/html/%D0%94%D0%BE%D1%81%D0%BE%D0%BD%D1%8F%D1%87%D0%BD%D1%9,https://doi.org/10.1016/s0016-7037(97)00299-8,https://doi.org/10.1016/s0016-7037(97)00299-8
16982,wikipedia,https://doi.org/10.1016/s0016-7037(97)00299-8,https://uk.wikipedia.org/api/rest_v1/page/html/%D0%94%D0%BE%D1%81%D0%BE%D0%BD%D1%8F%D1%87%D0%BD%D1%9,8a212d16-8544-4e06-9a06-98a05db9ed44,2018-03-30 23:10:11,2018-03-30 19:13:48,references,36c35e23-8757-4a9d-aacf-345e9b7eb50d,https://creativecommons.org/publicdomain/zero/1.0/,https://doi.org/10.13003/CED-terms-of-use,,,https://evidence.eventdata.crossref.org/evidence/20180330-wikipedia-6bca09e7-be7f-4398-a30b-64323ac387e6,add,https://uk.wikipedia.org/wiki/%D0%94%D0%BE%D1%81%D0%BE%D0%BD%D1%8F%D1%87%D0%BD%D,Досонячні зерна,https://uk.wikipedia.org/w/index.php?title=%D0%94%D0%BE%D1%81%D0%BE%D0%BD%D1%8F%D1%87%D0%BD%D1%96_%D,https://uk.wikipedia.org/api/rest_v1/page/html/%D0%94%D0%BE%D1%81%D0%BE%D0%BD%D1%8F%D1%87%D0%BD%D1%9,https://doi.org/10.1016/s0016-7037(97)00299-8,https://doi.org/10.1016/s0016-7037(97)00299-8
16983,wikipedia,https://doi.org/10.1016/s0016-7037(97)00299-8,https://uk.wikipedia.org/api/rest_v1/page/html/%D0%94%D0%BE%D1%81%D0%BE%D0%BD%D1%8F%D1%87%D0%BD%D1%9,1d1435e9-6afb-47b2-a6fb-bf6e3e68f2f6,2018-03-30 23:10:11,2018-03-30 19:13:48,references,36c35e23-8757-4a9d-aacf-345e9b7eb50d,https://creativecommons.org/publicdomain/zero/1.0/,https://doi.org/10.13003/CED-terms-of-use,,,https://evidence.eventdata.crossref.org/evidence/20180330-wikipedia-6bca09e7-be7f-4398-a30b-64323ac387e6,add,https://uk.wikipedia.org/wiki/%D0%94%D0%BE%D1%81%D0%BE%D0%BD%D1%8F%D1%87%D0%BD%D,Досонячні зерна,https://uk.wikipedia.org/w/index.php?title=%D0%94%D0%BE%D1%81%D0%BE%D0%BD%D1%8F%D1%87%D0%BD%D1%96_%D,https://uk.wikipedia.org/api/rest_v1/page/html/%D0%94%D0%BE%D1%81%D0%BE%D0%BD%D1%8F%D1%87%D0%BD%D1%9,https://doi.org/10.1016/s0016-7037(97)00299-8,http://dx.doi.org/10.1016%2FS0016-7037%2897%2900299-8
16984,wikipedia,https://doi.org/10.1016/s0016-7037(97)00299-8,https://uk.wikipedia.org/api/rest_v1/page/html/%D0%94%D0%BE%D1%81%D0%BE%D0%BD%D1%8F%D1%87%D0%BD%D1%9,c3b68469-252e-4f53-82ff-51fd3b193284,2018-03-30 23:14:01,2018-03-30 19:16:07,references,36c35e23-8757-4a9d-aacf-345e9b7eb50d,https://creativecommons.org/publicdomain/zero/1.0/,https://doi.org/10.13003/CED-terms-of-use,,,https://evidence.eventdata.crossref.org/evidence/20180330-wikipedia-95d97e3c-2d6a-4b44-a2a6-03777a1ccdb9,add,https://uk.wikipedia.org/wiki/%D0%94%D0%BE%D1%81%D0%BE%D0%BD%D1%8F%D1%87%D0%BD%D,Досонячні зерна,https://uk.wikipedia.org/w/index.php?title=%D0%94%D0%BE%D1%81%D0%BE%D0%BD%D1%8F%D1%87%D0%BD%D1%96_%D,https://uk.wikipedia.org/api/rest_v1/page/html/%D0%94%D0%BE%D1%81%D0%BE%D0%BD%D1%8F%D1%87%D0%BD%D1%9,https://doi.org/10.1016/s0016-7037(97)00299-8,http://dx.doi.org/10.1016%2FS0016-7037%2897%2900299-8
16985,wikipedia,https://doi.org/10.1016/s0016-7037(97)00299-8,https://uk.wikipedia.org/api/rest_v1/page/html/%D0%94%D0%BE%D1%81%D0%BE%D0%BD%D1%8F%D1%87%D0%BD%D1%9,2b00a5e3-c713-4474-90fb-c22d4b5ec14c,2018-03-30 23:14:01,2018-03-30 19:16:07,references,36c35e23-8757-4a9d-aacf-345e9b7eb50d,https://creativecommons.org/publicdomain/zero/1.0/,https://doi.org/10.13003/CED-terms-of-use,,,https://evidence.eventdata.crossref.org/evidence/20180330-wikipedia-95d97e3c-2d6a-4b44-a2a6-03777a1ccdb9,add,https://uk.wikipedia.org/wiki/%D0%94%D0%BE%D1%81%D0%BE%D0%BD%D1%8F%D1%87%D0%BD%D,Досонячні зерна,https://uk.wikipedia.org/w/index.php?title=%D0%94%D0%BE%D1%81%D0%BE%D0%BD%D1%8F%D1%87%D0%BD%D1%96_%D,https://uk.wikipedia.org/api/rest_v1/page/html/%D0%94%D0%BE%D1%81%D0%BE%D0%BD%D1%8F%D1%87%D0%BD%D1%9,https://doi.org/10.1016/s0016-7037(97)00299-8,https://doi.org/10.1016/s0016-7037(97)00299-8
16986,wikipedia,https://doi.org/10.1016/s0016-7037(97)00299-8,https://uk.wikipedia.org/api/rest_v1/page/html/%D0%94%D0%BE%D1%81%D0%BE%D0%BD%D1%8F%D1%87%D0%BD%D1%9,232a300b-a052-4edb-a3b0-e7233c313586,2018-03-30 23:15:52,2018-03-30 19:18:35,references,36c35e23-8757-4a9d-aacf-345e9b7eb50d,https://creativecommons.org/publicdomain/zero/1.0/,https://doi.org/10.13003/CED-terms-of-use,,,https://evidence.eventdata.crossref.org/evidence/20180330-wikipedia-f8c2ce6c-10bc-4781-944c-25d46c85de15,add,https://uk.wikipedia.org/wiki/%D0%94%D0%BE%D1%81%D0%BE%D0%BD%D1%8F%D1%87%D0%BD%D,Досонячні зерна,https://uk.wikipedia.org/w/index.php?title=%D0%94%D0%BE%D1%81%D0%BE%D0%BD%D1%8F%D1%87%D0%BD%D1%96_%D,https://uk.wikipedia.org/api/rest_v1/page/html/%D0%94%D0%BE%D1%81%D0%BE%D0%BD%D1%8F%D1%87%D0%BD%D1%9,https://doi.org/10.1016/s0016-7037(97)00299-8,http://dx.doi.org/10.1016%2FS0016-7037%2897%2900299-8
16987,wikipedia,https://doi.org/10.1016/s0016-7037(97)00299-8,https://uk.wikipedia.org/api/rest_v1/page/html/%D0%94%D0%BE%D1%81%D0%BE%D0%BD%D1%8F%D1%87%D0%BD%D1%9,0bbff975-1e20-44c6-be12-cae8d9343845,2018-03-30 23:15:52,2018-03-30 19:18:36,references,36c35e23-8757-4a9d-aacf-345e9b7eb50d,https://creativecommons.org/publicdomain/zero/1.0/,https://doi.org/10.13003/CED-terms-of-use,,,https://evidence.eventdata.crossref.org/evidence/20180330-wikipedia-f8c2ce6c-10bc-4781-944c-25d46c85de15,add,https://uk.wikipedia.org/wiki/%D0%94%D0%BE%D1%81%D0%BE%D0%BD%D1%8F%D1%87%D0%BD%D,Досонячні зерна,https://uk.wikipedia.org/w/index.php?title=%D0%94%D0%BE%D1%81%D0%BE%D0%BD%D1%8F%D1%87%D0%BD%D1%96_%D,https://uk.wikipedia.org/api/rest_v1/page/html/%D0%94%D0%BE%D1%81%D0%BE%D0%BD%D1%8F%D1%87%D0%BD%D1%9,https://doi.org/10.1016/s0016-7037(97)00299-8,https://doi.org/10.1016/s0016-7037(97)00299-8
16988,wikipedia,https://doi.org/10.1016/s0016-7037(97)00299-8,https://uk.wikipedia.org/api/rest_v1/page/html/%D0%94%D0%BE%D1%81%D0%BE%D0%BD%D1%8F%D1%87%D0%BD%D1%9,d3be6069-b350-47d3-a1fb-7948987c27e5,2018-04-09 00:25:43,2018-04-08 20:28:38,references,36c35e23-8757-4a9d-aacf-345e9b7eb50d,https://creativecommons.org/publicdomain/zero/1.0/,https://doi.org/10.13003/CED-terms-of-use,,,https://evidence.eventdata.crossref.org/evidence/20180409-wikipedia-471fd6fc-77e8-473a-ba3e-a9465081fce4,add,https://uk.wikipedia.org/wiki/%D0%94%D0%BE%D1%81%D0%BE%D0%BD%D1%8F%D1%87%D0%BD%D,Досонячні зерна,https://uk.wikipedia.org/w/index.php?title=%D0%94%D0%BE%D1%81%D0%BE%D0%BD%D1%8F%D1%87%D0%BD%D1%96_%D,https://uk.wikipedia.org/api/rest_v1/page/html/%D0%94%D0%BE%D1%81%D0%BE%D0%BD%D1%8F%D1%87%D0%BD%D1%9,https://doi.org/10.1016/s0016-7037(97)00299-8,https://doi.org/10.1016/s0016-7037(97)00299-8
16989,wikipedia,https://doi.org/10.1016/s0016-7037(97)00299-8,https://uk.wikipedia.org/api/rest_v1/page/html/%D0%94%D0%BE%D1%81%D0%BE%D0%BD%D1%8F%D1%87%D0%BD%D1%9,a386a384-e677-43fd-8b61-e16dee9d9344,2018-04-09 00:25:43,2018-04-08 20:28:38,references,36c35e23-8757-4a9d-aacf-345e9b7eb50d,https://creativecommons.org/publicdomain/zero/1.0/,https://doi.org/10.13003/CED-terms-of-use,,,https://evidence.eventdata.crossref.org/evidence/20180409-wikipedia-471fd6fc-77e8-473a-ba3e-a9465081fce4,add,https://uk.wikipedia.org/wiki/%D0%94%D0%BE%D1%81%D0%BE%D0%BD%D1%8F%D1%87%D0%BD%D,Досонячні зерна,https://uk.wikipedia.org/w/index.php?title=%D0%94%D0%BE%D1%81%D0%BE%D0%BD%D1%8F%D1%87%D0%BD%D1%96_%D,https://uk.wikipedia.org/api/rest_v1/page/html/%D0%94%D0%BE%D1%81%D0%BE%D0%BD%D1%8F%D1%87%D0%BD%D1%9,https://doi.org/10.1016/s0016-7037(97)00299-8,http://dx.doi.org/10.1016%2FS0016-7037%2897%2900299-8
16990,wikipedia,https://doi.org/10.1016/s0016-7037(97)00299-8,https://uk.wikipedia.org/api/rest_v1/page/html/%D0%94%D0%BE%D1%81%D0%BE%D0%BD%D1%8F%D1%87%D0%BD%D1%9,3ea21396-f359-4599-ae45-3ea756e911d0,2018-04-09 00:29:29,2018-04-08 20:31:51,references,36c35e23-8757-4a9d-aacf-345e9b7eb50d,https://creativecommons.org/publicdomain/zero/1.0/,https://doi.org/10.13003/CED-terms-of-use,,,https://evidence.eventdata.crossref.org/evidence/20180409-wikipedia-7fad4c14-1276-437c-b5ed-5efe507fd7fb,add,https://uk.wikipedia.org/wiki/%D0%94%D0%BE%D1%81%D0%BE%D0%BD%D1%8F%D1%87%D0%BD%D,Досонячні зерна,https://uk.wikipedia.org/w/index.php?title=%D0%94%D0%BE%D1%81%D0%BE%D0%BD%D1%8F%D1%87%D0%BD%D1%96_%D,https://uk.wikipedia.org/api/rest_v1/page/html/%D0%94%D0%BE%D1%81%D0%BE%D0%BD%D1%8F%D1%87%D0%BD%D1%9,https://doi.org/10.1016/s0016-7037(97)00299-8,http://dx.doi.org/10.1016%2FS0016-7037%2897%2900299-8
16991,wikipedia,https://doi.org/10.1016/s0016-7037(97)00299-8,https://uk.wikipedia.org/api/rest_v1/page/html/%D0%94%D0%BE%D1%81%D0%BE%D0%BD%D1%8F%D1%87%D0%BD%D1%9,ad4801c1-65f0-4a06-aa6c-e00fccbfaa91,2018-04-09 00:29:29,2018-04-08 20:31:54,references,36c35e23-8757-4a9d-aacf-345e9b7eb50d,https://creativecommons.org/publicdomain/zero/1.0/,https://doi.org/10.13003/CED-terms-of-use,,,https://evidence.eventdata.crossref.org/evidence/20180409-wikipedia-7fad4c14-1276-437c-b5ed-5efe507fd7fb,add,https://uk.wikipedia.org/wiki/%D0%94%D0%BE%D1%81%D0%BE%D0%BD%D1%8F%D1%87%D0%BD%D,Досонячні зерна,https://uk.wikipedia.org/w/index.php?title=%D0%94%D0%BE%D1%81%D0%BE%D0%BD%D1%8F%D1%87%D0%BD%D1%96_%D,https://uk.wikipedia.org/api/rest_v1/page/html/%D0%94%D0%BE%D1%81%D0%BE%D0%BD%D1%8F%D1%87%D0%BD%D1%9,https://doi.org/10.1016/s0016-7037(97)00299-8,https://doi.org/10.1016/s0016-7037(97)00299-8
16992,wikipedia,https://doi.org/10.1016/s0016-7037(97)00299-8,https://uk.wikipedia.org/api/rest_v1/page/html/%D0%94%D0%BE%D1%81%D0%BE%D0%BD%D1%8F%D1%87%D0%BD%D1%9,f0d8a491-cf4a-4717-8565-b2d5a679fd30,2018-04-09 00:30:41,2018-04-08 20:34:29,references,36c35e23-8757-4a9d-aacf-345e9b7eb50d,https://creativecommons.org/publicdomain/zero/1.0/,https://doi.org/10.13003/CED-terms-of-use,,,https://evidence.eventdata.crossref.org/evidence/20180409-wikipedia-87a123b4-64bf-4d29-9f3f-a34753722022,add,https://uk.wikipedia.org/wiki/%D0%94%D0%BE%D1%81%D0%BE%D0%BD%D1%8F%D1%87%D0%BD%D,Досонячні зерна,https://uk.wikipedia.org/w/index.php?title=%D0%94%D0%BE%D1%81%D0%BE%D0%BD%D1%8F%D1%87%D0%BD%D1%96_%D,https://uk.wikipedia.org/api/rest_v1/page/html/%D0%94%D0%BE%D1%81%D0%BE%D0%BD%D1%8F%D1%87%D0%BD%D1%9,https://doi.org/10.1016/s0016-7037(97)00299-8,https://doi.org/10.1016/s0016-7037(97)00299-8
16993,wikipedia,https://doi.org/10.1016/s0016-7037(97)00299-8,https://uk.wikipedia.org/api/rest_v1/page/html/%D0%94%D0%BE%D1%81%D0%BE%D0%BD%D1%8F%D1%87%D0%BD%D1%9,342696a9-1433-41dd-b67c-24fb88d71084,2018-04-09 00:30:41,2018-04-08 20:34:31,references,36c35e23-8757-4a9d-aacf-345e9b7eb50d,https://creativecommons.org/publicdomain/zero/1.0/,https://doi.org/10.13003/CED-terms-of-use,,,https://evidence.eventdata.crossref.org/evidence/20180409-wikipedia-87a123b4-64bf-4d29-9f3f-a34753722022,add,https://uk.wikipedia.org/wiki/%D0%94%D0%BE%D1%81%D0%BE%D0%BD%D1%8F%D1%87%D0%BD%D,Досонячні зерна,https://uk.wikipedia.org/w/index.php?title=%D0%94%D0%BE%D1%81%D0%BE%D0%BD%D1%8F%D1%87%D0%BD%D1%96_%D,https://uk.wikipedia.org/api/rest_v1/page/html/%D0%94%D0%BE%D1%81%D0%BE%D0%BD%D1%8F%D1%87%D0%BD%D1%9,https://doi.org/10.1016/s0016-7037(97)00299-8,http://dx.doi.org/10.1016%2FS0016-7037%2897%2900299-8
16994,wikipedia,https://doi.org/10.1016/s0016-7037(97)00299-8,https://uk.wikipedia.org/api/rest_v1/page/html/%D0%94%D0%BE%D1%81%D0%BE%D0%BD%D1%8F%D1%87%D0%BD%D1%9,1227b3aa-4333-4e46-aa7e-7117f17200f6,2018-04-09 00:44:26,2018-04-08 20:47:33,references,36c35e23-8757-4a9d-aacf-345e9b7eb50d,https://creativecommons.org/publicdomain/zero/1.0/,https://doi.org/10.13003/CED-terms-of-use,,,https://evidence.eventdata.crossref.org/evidence/20180409-wikipedia-a8b38f69-6829-4a6a-a4a3-543ee890e45a,add,https://uk.wikipedia.org/wiki/%D0%94%D0%BE%D1%81%D0%BE%D0%BD%D1%8F%D1%87%D0%BD%D,Досонячні зерна,https://uk.wikipedia.org/w/index.php?title=%D0%94%D0%BE%D1%81%D0%BE%D0%BD%D1%8F%D1%87%D0%BD%D1%96_%D,https://uk.wikipedia.org/api/rest_v1/page/html/%D0%94%D0%BE%D1%81%D0%BE%D0%BD%D1%8F%D1%87%D0%BD%D1%9,https://doi.org/10.1016/s0016-7037(97)00299-8,http://dx.doi.org/10.1016%2FS0016-7037%2897%2900299-8
16995,wikipedia,https://doi.org/10.1016/s0016-7037(97)00299-8,https://uk.wikipedia.org/api/rest_v1/page/html/%D0%94%D0%BE%D1%81%D0%BE%D0%BD%D1%8F%D1%87%D0%BD%D1%9,ad41a474-ee03-4873-9d60-89df3d3005b0,2018-04-09 00:44:26,2018-04-08 20:47:34,references,36c35e23-8757-4a9d-aacf-345e9b7eb50d,https://creativecommons.org/publicdomain/zero/1.0/,https://doi.org/10.13003/CED-terms-of-use,,,https://evidence.eventdata.crossref.org/evidence/20180409-wikipedia-a8b38f69-6829-4a6a-a4a3-543ee890e45a,add,https://uk.wikipedia.org/wiki/%D0%94%D0%BE%D1%81%D0%BE%D0%BD%D1%8F%D1%87%D0%BD%D,Досонячні зерна,https://uk.wikipedia.org/w/index.php?title=%D0%94%D0%BE%D1%81%D0%BE%D0%BD%D1%8F%D1%87%D0%BD%D1%96_%D,https://uk.wikipedia.org/api/rest_v1/page/html/%D0%94%D0%BE%D1%81%D0%BE%D0%BD%D1%8F%D1%87%D0%BD%D1%9,https://doi.org/10.1016/s0016-7037(97)00299-8,https://doi.org/10.1016/s0016-7037(97)00299-8
16996,wikipedia,https://doi.org/10.1016/s0016-7037(97)00299-8,https://uk.wikipedia.org/api/rest_v1/page/html/%D0%94%D0%BE%D1%81%D0%BE%D0%BD%D1%8F%D1%87%D0%BD%D1%9,b4c26a02-2b38-40df-965e-5edc25842235,2018-04-11 16:10:20,2018-04-11 12:13:38,references,36c35e23-8757-4a9d-aacf-345e9b7eb50d,https://creativecommons.org/publicdomain/zero/1.0/,https://doi.org/10.13003/CED-terms-of-use,,,https://evidence.eventdata.crossref.org/evidence/20180411-wikipedia-f27d42b6-4af3-4c39-b044-0fd7c9f2a20d,add,https://uk.wikipedia.org/wiki/%D0%94%D0%BE%D1%81%D0%BE%D0%BD%D1%8F%D1%87%D0%BD%D,Досонячні зерна,https://uk.wikipedia.org/w/index.php?title=%D0%94%D0%BE%D1%81%D0%BE%D0%BD%D1%8F%D1%87%D0%BD%D1%96_%D,https://uk.wikipedia.org/api/rest_v1/page/html/%D0%94%D0%BE%D1%81%D0%BE%D0%BD%D1%8F%D1%87%D0%BD%D1%9,https://doi.org/10.1016/s0016-7037(97)00299-8,https://doi.org/10.1016/s0016-7037(97)00299-8
16997,wikipedia,https://doi.org/10.1016/s0016-7037(97)00299-8,https://uk.wikipedia.org/api/rest_v1/page/html/%D0%94%D0%BE%D1%81%D0%BE%D0%BD%D1%8F%D1%87%D0%BD%D1%9,190b1c51-b66d-4fbb-a96a-dabcf16a03c6,2018-04-11 16:10:20,2018-04-11 12:13:38,references,36c35e23-8757-4a9d-aacf-345e9b7eb50d,https://creativecommons.org/publicdomain/zero/1.0/,https://doi.org/10.13003/CED-terms-of-use,,,https://evidence.eventdata.crossref.org/evidence/20180411-wikipedia-f27d42b6-4af3-4c39-b044-0fd7c9f2a20d,add,https://uk.wikipedia.org/wiki/%D0%94%D0%BE%D1%81%D0%BE%D0%BD%D1%8F%D1%87%D0%BD%D,Досонячні зерна,https://uk.wikipedia.org/w/index.php?title=%D0%94%D0%BE%D1%81%D0%BE%D0%BD%D1%8F%D1%87%D0%BD%D1%96_%D,https://uk.wikipedia.org/api/rest_v1/page/html/%D0%94%D0%BE%D1%81%D0%BE%D0%BD%D1%8F%D1%87%D0%BD%D1%9,https://doi.org/10.1016/s0016-7037(97)00299-8,http://dx.doi.org/10.1016%2FS0016-7037%2897%2900299-8
16998,wikipedia,https://doi.org/10.1016/s0016-7037(97)00299-8,https://uk.wikipedia.org/api/rest_v1/page/html/%D0%94%D0%BE%D1%81%D0%BE%D0%BD%D1%8F%D1%87%D0%BD%D1%9,bf9e52c5-b12e-4827-99d8-c7be9702aca2,2018-04-11 16:23:00,2018-04-11 12:25:13,references,36c35e23-8757-4a9d-aacf-345e9b7eb50d,https://creativecommons.org/publicdomain/zero/1.0/,https://doi.org/10.13003/CED-terms-of-use,,,https://evidence.eventdata.crossref.org/evidence/20180411-wikipedia-2277afe7-0c08-45e6-8ea6-3a42f5eb99db,add,https://uk.wikipedia.org/wiki/%D0%94%D0%BE%D1%81%D0%BE%D0%BD%D1%8F%D1%87%D0%BD%D,Досонячні зерна,https://uk.wikipedia.org/w/index.php?title=%D0%94%D0%BE%D1%81%D0%BE%D0%BD%D1%8F%D1%87%D0%BD%D1%96_%D,https://uk.wikipedia.org/api/rest_v1/page/html/%D0%94%D0%BE%D1%81%D0%BE%D0%BD%D1%8F%D1%87%D0%BD%D1%9,https://doi.org/10.1016/s0016-7037(97)00299-8,http://dx.doi.org/10.1016%2FS0016-7037%2897%2900299-8
16999,wikipedia,https://doi.org/10.1016/s0016-7037(97)00299-8,https://uk.wikipedia.org/api/rest_v1/page/html/%D0%94%D0%BE%D1%81%D0%BE%D0%BD%D1%8F%D1%87%D0%BD%D1%9,668c6384-c354-4cc3-9e5d-4b798039fb2e,2018-04-11 16:23:00,2018-04-11 12:25:13,references,36c35e23-8757-4a9d-aacf-345e9b7eb50d,https://creativecommons.org/publicdomain/zero/1.0/,https://doi.org/10.13003/CED-terms-of-use,,,https://evidence.eventdata.crossref.org/evidence/20180411-wikipedia-2277afe7-0c08-45e6-8ea6-3a42f5eb99db,add,https://uk.wikipedia.org/wiki/%D0%94%D0%BE%D1%81%D0%BE%D0%BD%D1%8F%D1%87%D0%BD%D,Досонячні зерна,https://uk.wikipedia.org/w/index.php?title=%D0%94%D0%BE%D1%81%D0%BE%D0%BD%D1%8F%D1%87%D0%BD%D1%96_%D,https://uk.wikipedia.org/api/rest_v1/page/html/%D0%94%D0%BE%D1%81%D0%BE%D0%BD%D1%8F%D1%87%D0%BD%D1%9,https://doi.org/10.1016/s0016-7037(97)00299-8,https://doi.org/10.1016/s0016-7037(97)00299-8
17000,wikipedia,https://doi.org/10.1016/s0016-7037(97)00299-8,https://uk.wikipedia.org/api/rest_v1/page/html/%D0%94%D0%BE%D1%81%D0%BE%D0%BD%D1%8F%D1%87%D0%BD%D1%9,3872ab75-7c76-4d1d-8c8d-7237ddcf5207,2019-04-27 19:57:45,2019-04-27 16:06:01,references,36c35e23-8757-4a9d-aacf-345e9b7eb50d,https://creativecommons.org/publicdomain/zero/1.0/,https://doi.org/10.13003/CED-terms-of-use,,,https://evidence.eventdata.crossref.org/evidence/20190427-wikipedia-4798d55f-0351-47f3-a232-2f1ad2471d22,add,https://uk.wikipedia.org/wiki/%D0%94%D0%BE%D1%81%D0%BE%D0%BD%D1%8F%D1%87%D0%BD%D,Досонячні зерна,https://uk.wikipedia.org/w/index.php?title=%D0%94%D0%BE%D1%81%D0%BE%D0%BD%D1%8F%D1%87%D0%BD%D1%96_%D,https://uk.wikipedia.org/api/rest_v1/page/html/%D0%94%D0%BE%D1%81%D0%BE%D0%BD%D1%8F%D1%87%D0%BD%D1%9,https://doi.org/10.1016/s0016-7037(97)00299-8,http://dx.doi.org/10.1016%2FS0016-7037%2897%2900299-8
17001,wikipedia,https://doi.org/10.1016/s0016-7037(97)00299-8,https://uk.wikipedia.org/api/rest_v1/page/html/%D0%94%D0%BE%D1%81%D0%BE%D0%BD%D1%8F%D1%87%D0%BD%D1%9,eeed239b-a663-4368-a858-792460a97d0b,2019-04-27 19:57:45,2019-04-27 16:06:33,references,36c35e23-8757-4a9d-aacf-345e9b7eb50d,https://creativecommons.org/publicdomain/zero/1.0/,https://doi.org/10.13003/CED-terms-of-use,,,https://evidence.eventdata.crossref.org/evidence/20190427-wikipedia-4798d55f-0351-47f3-a232-2f1ad2471d22,add,https://uk.wikipedia.org/wiki/%D0%94%D0%BE%D1%81%D0%BE%D0%BD%D1%8F%D1%87%D0%BD%D,Досонячні зерна,https://uk.wikipedia.org/w/index.php?title=%D0%94%D0%BE%D1%81%D0%BE%D0%BD%D1%8F%D1%87%D0%BD%D1%96_%D,https://uk.wikipedia.org/api/rest_v1/page/html/%D0%94%D0%BE%D1%81%D0%BE%D0%BD%D1%8F%D1%87%D0%BD%D1%9,https://doi.org/10.1016/s0016-7037(97)00299-8,https://doi.org/10.1016/s0016-7037(97)00299-8
17002,wikipedia,https://doi.org/10.1016/s0016-7037(97)00299-8,https://uk.wikipedia.org/api/rest_v1/page/html/%D0%94%D0%BE%D1%81%D0%BE%D0%BD%D1%8F%D1%87%D0%BD%D1%9,98d66167-73ea-4fe0-8c73-4934f1244528,2019-05-23 11:13:33,2019-05-23 07:23:57,references,36c35e23-8757-4a9d-aacf-345e9b7eb50d,https://creativecommons.org/publicdomain/zero/1.0/,https://doi.org/10.13003/CED-terms-of-use,,,https://evidence.eventdata.crossref.org/evidence/20190523-wikipedia-89b12fde-8a54-4eb9-a98c-04847fc03884,add,https://uk.wikipedia.org/wiki/%D0%94%D0%BE%D1%81%D0%BE%D0%BD%D1%8F%D1%87%D0%BD%D,Досонячні зерна,https://uk.wikipedia.org/w/index.php?title=%D0%94%D0%BE%D1%81%D0%BE%D0%BD%D1%8F%D1%87%D0%BD%D1%96_%D,https://uk.wikipedia.org/api/rest_v1/page/html/%D0%94%D0%BE%D1%81%D0%BE%D0%BD%D1%8F%D1%87%D0%BD%D1%9,https://doi.org/10.1016/s0016-7037(97)00299-8,https://doi.org/10.1016/s0016-7037(97)00299-8
17003,wikipedia,https://doi.org/10.1016/s0016-7037(97)00299-8,https://uk.wikipedia.org/api/rest_v1/page/html/%D0%94%D0%BE%D1%81%D0%BE%D0%BD%D1%8F%D1%87%D0%BD%D1%9,5ff73a2b-3558-4487-a3d1-a2371a43516f,2019-05-23 11:13:33,2019-05-23 07:23:57,references,36c35e23-8757-4a9d-aacf-345e9b7eb50d,https://creativecommons.org/publicdomain/zero/1.0/,https://doi.org/10.13003/CED-terms-of-use,,,https://evidence.eventdata.crossref.org/evidence/20190523-wikipedia-89b12fde-8a54-4eb9-a98c-04847fc03884,add,https://uk.wikipedia.org/wiki/%D0%94%D0%BE%D1%81%D0%BE%D0%BD%D1%8F%D1%87%D0%BD%D,Досонячні зерна,https://uk.wikipedia.org/w/index.php?title=%D0%94%D0%BE%D1%81%D0%BE%D0%BD%D1%8F%D1%87%D0%BD%D1%96_%D,https://uk.wikipedia.org/api/rest_v1/page/html/%D0%94%D0%BE%D1%81%D0%BE%D0%BD%D1%8F%D1%87%D0%BD%D1%9,https://doi.org/10.1016/s0016-7037(97)00299-8,http://dx.doi.org/10.1016%2FS0016-7037%2897%2900299-8
17004,wikipedia,https://doi.org/10.1016/s0016-7037(97)00299-8,https://uk.wikipedia.org/api/rest_v1/page/html/%D0%94%D0%BE%D1%81%D0%BE%D0%BD%D1%8F%D1%87%D0%BD%D1%9,ed88619c-d0c7-41a3-bb38-2dd0831c2476,2019-06-02 22:34:50,2019-06-11 07:40:28,references,36c35e23-8757-4a9d-aacf-345e9b7eb50d,https://creativecommons.org/publicdomain/zero/1.0/,https://doi.org/10.13003/CED-terms-of-use,,,https://evidence.eventdata.crossref.org/evidence/20190602-wikipedia-c493d18d-c8b7-4a50-bffb-d8fed45b6cbe,add,https://uk.wikipedia.org/wiki/%D0%94%D0%BE%D1%81%D0%BE%D0%BD%D1%8F%D1%87%D0%BD%D,Досонячні зерна,https://uk.wikipedia.org/w/index.php?title=%D0%94%D0%BE%D1%81%D0%BE%D0%BD%D1%8F%D1%87%D0%BD%D1%96_%D,https://uk.wikipedia.org/api/rest_v1/page/html/%D0%94%D0%BE%D1%81%D0%BE%D0%BD%D1%8F%D1%87%D0%BD%D1%9,https://doi.org/10.1016/s0016-7037(97)00299-8,https://doi.org/10.1016/s0016-7037(97)00299-8
17005,wikipedia,https://doi.org/10.1016/s0016-7037(97)00299-8,https://uk.wikipedia.org/api/rest_v1/page/html/%D0%94%D0%BE%D1%81%D0%BE%D0%BD%D1%8F%D1%87%D0%BD%D1%9,cc729f2d-f05e-4313-ab8c-0f594cb112d8,2019-06-02 22:34:50,2019-06-11 07:46:08,references,36c35e23-8757-4a9d-aacf-345e9b7eb50d,https://creativecommons.org/publicdomain/zero/1.0/,https://doi.org/10.13003/CED-terms-of-use,,,https://evidence.eventdata.crossref.org/evidence/20190602-wikipedia-c493d18d-c8b7-4a50-bffb-d8fed45b6cbe,add,https://uk.wikipedia.org/wiki/%D0%94%D0%BE%D1%81%D0%BE%D0%BD%D1%8F%D1%87%D0%BD%D,Досонячні зерна,https://uk.wikipedia.org/w/index.php?title=%D0%94%D0%BE%D1%81%D0%BE%D0%BD%D1%8F%D1%87%D0%BD%D1%96_%D,https://uk.wikipedia.org/api/rest_v1/page/html/%D0%94%D0%BE%D1%81%D0%BE%D0%BD%D1%8F%D1%87%D0%BD%D1%9,https://doi.org/10.1016/s0016-7037(97)00299-8,http://dx.doi.org/10.1016%2FS0016-7037%2897%2900299-8
17006,wikipedia,https://doi.org/10.1016/s0016-7037(97)00299-8,https://uk.wikipedia.org/api/rest_v1/page/html/%D0%94%D0%BE%D1%81%D0%BE%D0%BD%D1%8F%D1%87%D0%BD%D1%9,b5848fe2-5edc-4cf3-a998-1d2a3c3d1ced,2019-06-04 19:28:48,2019-06-11 20:59:59,references,36c35e23-8757-4a9d-aacf-345e9b7eb50d,https://creativecommons.org/publicdomain/zero/1.0/,https://doi.org/10.13003/CED-terms-of-use,,,https://evidence.eventdata.crossref.org/evidence/20190604-wikipedia-cdd869b3-783d-458d-8ba0-e9373663d8a6,add,https://uk.wikipedia.org/wiki/%D0%94%D0%BE%D1%81%D0%BE%D0%BD%D1%8F%D1%87%D0%BD%D,Досонячні зерна,https://uk.wikipedia.org/w/index.php?title=%D0%94%D0%BE%D1%81%D0%BE%D0%BD%D1%8F%D1%87%D0%BD%D1%96_%D,https://uk.wikipedia.org/api/rest_v1/page/html/%D0%94%D0%BE%D1%81%D0%BE%D0%BD%D1%8F%D1%87%D0%BD%D1%9,https://doi.org/10.1016/s0016-7037(97)00299-8,http://dx.doi.org/10.1016%2FS0016-7037%2897%2900299-8
17007,wikipedia,https://doi.org/10.1016/s0016-7037(97)00299-8,https://uk.wikipedia.org/api/rest_v1/page/html/%D0%94%D0%BE%D1%81%D0%BE%D0%BD%D1%8F%D1%87%D0%BD%D1%9,3eb23f3c-b8c0-4f01-bdfb-551f5d7e889f,2019-06-04 19:28:48,2019-06-11 21:03:05,references,36c35e23-8757-4a9d-aacf-345e9b7eb50d,https://creativecommons.org/publicdomain/zero/1.0/,https://doi.org/10.13003/CED-terms-of-use,,,https://evidence.eventdata.crossref.org/evidence/20190604-wikipedia-cdd869b3-783d-458d-8ba0-e9373663d8a6,add,https://uk.wikipedia.org/wiki/%D0%94%D0%BE%D1%81%D0%BE%D0%BD%D1%8F%D1%87%D0%BD%D,Досонячні зерна,https://uk.wikipedia.org/w/index.php?title=%D0%94%D0%BE%D1%81%D0%BE%D0%BD%D1%8F%D1%87%D0%BD%D1%96_%D,https://uk.wikipedia.org/api/rest_v1/page/html/%D0%94%D0%BE%D1%81%D0%BE%D0%BD%D1%8F%D1%87%D0%BD%D1%9,https://doi.org/10.1016/s0016-7037(97)00299-8,https://doi.org/10.1016/s0016-7037(97)00299-8
17008,wikipedia,https://doi.org/10.1016/s0016-7037(97)00299-8,https://uk.wikipedia.org/api/rest_v1/page/html/%D0%94%D0%BE%D1%81%D0%BE%D0%BD%D1%8F%D1%87%D0%BD%D1%9,29bb292b-310e-4904-b15a-d947d34235cc,2019-06-05 11:27:51,2019-06-12 06:10:54,references,36c35e23-8757-4a9d-aacf-345e9b7eb50d,https://creativecommons.org/publicdomain/zero/1.0/,https://doi.org/10.13003/CED-terms-of-use,,,https://evidence.eventdata.crossref.org/evidence/20190605-wikipedia-f2c1118a-9784-45f3-88dc-a0f5b5b19cbe,add,https://uk.wikipedia.org/wiki/%D0%94%D0%BE%D1%81%D0%BE%D0%BD%D1%8F%D1%87%D0%BD%D,Досонячні зерна,https://uk.wikipedia.org/w/index.php?title=%D0%94%D0%BE%D1%81%D0%BE%D0%BD%D1%8F%D1%87%D0%BD%D1%96_%D,https://uk.wikipedia.org/api/rest_v1/page/html/%D0%94%D0%BE%D1%81%D0%BE%D0%BD%D1%8F%D1%87%D0%BD%D1%9,https://doi.org/10.1016/s0016-7037(97)00299-8,https://doi.org/10.1016/s0016-7037(97)00299-8
17009,wikipedia,https://doi.org/10.1016/s0016-7037(97)00299-8,https://uk.wikipedia.org/api/rest_v1/page/html/%D0%94%D0%BE%D1%81%D0%BE%D0%BD%D1%8F%D1%87%D0%BD%D1%9,9e4d96c2-162c-4644-9c82-43fc8fde81b8,2019-06-05 11:27:51,2019-06-12 06:14:10,references,36c35e23-8757-4a9d-aacf-345e9b7eb50d,https://creativecommons.org/publicdomain/zero/1.0/,https://doi.org/10.13003/CED-terms-of-use,,,https://evidence.eventdata.crossref.org/evidence/20190605-wikipedia-f2c1118a-9784-45f3-88dc-a0f5b5b19cbe,add,https://uk.wikipedia.org/wiki/%D0%94%D0%BE%D1%81%D0%BE%D0%BD%D1%8F%D1%87%D0%BD%D,Досонячні зерна,https://uk.wikipedia.org/w/index.php?title=%D0%94%D0%BE%D1%81%D0%BE%D0%BD%D1%8F%D1%87%D0%BD%D1%96_%D,https://uk.wikipedia.org/api/rest_v1/page/html/%D0%94%D0%BE%D1%81%D0%BE%D0%BD%D1%8F%D1%87%D0%BD%D1%9,https://doi.org/10.1016/s0016-7037(97)00299-8,http://dx.doi.org/10.1016%2FS0016-7037%2897%2900299-8
17010,wikipedia,https://doi.org/10.1016/s0016-7037(97)00299-8,https://uk.wikipedia.org/api/rest_v1/page/html/%D0%94%D0%BE%D1%81%D0%BE%D0%BD%D1%8F%D1%87%D0%BD%D1%9,af091957-f594-4abd-b75c-c69209f89bc4,2019-06-05 11:46:01,2019-06-12 06:53:16,references,36c35e23-8757-4a9d-aacf-345e9b7eb50d,https://creativecommons.org/publicdomain/zero/1.0/,https://doi.org/10.13003/CED-terms-of-use,,,https://evidence.eventdata.crossref.org/evidence/20190605-wikipedia-8918d022-a484-447f-8bc8-29c19d1abdcf,add,https://uk.wikipedia.org/wiki/%D0%94%D0%BE%D1%81%D0%BE%D0%BD%D1%8F%D1%87%D0%BD%D,Досонячні зерна,https://uk.wikipedia.org/w/index.php?title=%D0%94%D0%BE%D1%81%D0%BE%D0%BD%D1%8F%D1%87%D0%BD%D1%96_%D,https://uk.wikipedia.org/api/rest_v1/page/html/%D0%94%D0%BE%D1%81%D0%BE%D0%BD%D1%8F%D1%87%D0%BD%D1%9,https://doi.org/10.1016/s0016-7037(97)00299-8,http://dx.doi.org/10.1016%2FS0016-7037%2897%2900299-8
17011,wikipedia,https://doi.org/10.1016/s0016-7037(97)00299-8,https://uk.wikipedia.org/api/rest_v1/page/html/%D0%94%D0%BE%D1%81%D0%BE%D0%BD%D1%8F%D1%87%D0%BD%D1%9,b1ce746d-e33a-4348-8966-7019270ca5e0,2019-06-05 11:46:01,2019-06-12 07:02:32,references,36c35e23-8757-4a9d-aacf-345e9b7eb50d,https://creativecommons.org/publicdomain/zero/1.0/,https://doi.org/10.13003/CED-terms-of-use,,,https://evidence.eventdata.crossref.org/evidence/20190605-wikipedia-8918d022-a484-447f-8bc8-29c19d1abdcf,add,https://uk.wikipedia.org/wiki/%D0%94%D0%BE%D1%81%D0%BE%D0%BD%D1%8F%D1%87%D0%BD%D,Досонячні зерна,https://uk.wikipedia.org/w/index.php?title=%D0%94%D0%BE%D1%81%D0%BE%D0%BD%D1%8F%D1%87%D0%BD%D1%96_%D,https://uk.wikipedia.org/api/rest_v1/page/html/%D0%94%D0%BE%D1%81%D0%BE%D0%BD%D1%8F%D1%87%D0%BD%D1%9,https://doi.org/10.1016/s0016-7037(97)00299-8,https://doi.org/10.1016/s0016-7037(97)00299-8
17012,wikipedia,https://doi.org/10.1016/s0016-7037(97)00299-8,https://uk.wikipedia.org/api/rest_v1/page/html/%D0%94%D0%BE%D1%81%D0%BE%D0%BD%D1%8F%D1%87%D0%BD%D1%9,12b6a04a-24f8-46f4-bba5-bf3dd56ce371,2019-06-07 14:20:19,2019-06-13 17:41:19,references,36c35e23-8757-4a9d-aacf-345e9b7eb50d,https://creativecommons.org/publicdomain/zero/1.0/,https://doi.org/10.13003/CED-terms-of-use,,,https://evidence.eventdata.crossref.org/evidence/20190607-wikipedia-3df7cfed-1fa6-469c-8c0c-57b23145803b,add,https://uk.wikipedia.org/wiki/%D0%94%D0%BE%D1%81%D0%BE%D0%BD%D1%8F%D1%87%D0%BD%D,Досонячні зерна,https://uk.wikipedia.org/w/index.php?title=%D0%94%D0%BE%D1%81%D0%BE%D0%BD%D1%8F%D1%87%D0%BD%D1%96_%D,https://uk.wikipedia.org/api/rest_v1/page/html/%D0%94%D0%BE%D1%81%D0%BE%D0%BD%D1%8F%D1%87%D0%BD%D1%9,https://doi.org/10.1016/s0016-7037(97)00299-8,http://dx.doi.org/10.1016%2FS0016-7037%2897%2900299-8
17013,wikipedia,https://doi.org/10.1016/s0016-7037(97)00299-8,https://uk.wikipedia.org/api/rest_v1/page/html/%D0%94%D0%BE%D1%81%D0%BE%D0%BD%D1%8F%D1%87%D0%BD%D1%9,837133f4-a993-42ac-8a3a-757171e89e8d,2019-06-07 14:20:19,2019-06-13 19:20:45,references,36c35e23-8757-4a9d-aacf-345e9b7eb50d,https://creativecommons.org/publicdomain/zero/1.0/,https://doi.org/10.13003/CED-terms-of-use,,,https://evidence.eventdata.crossref.org/evidence/20190607-wikipedia-3df7cfed-1fa6-469c-8c0c-57b23145803b,add,https://uk.wikipedia.org/wiki/%D0%94%D0%BE%D1%81%D0%BE%D0%BD%D1%8F%D1%87%D0%BD%D,Досонячні зерна,https://uk.wikipedia.org/w/index.php?title=%D0%94%D0%BE%D1%81%D0%BE%D0%BD%D1%8F%D1%87%D0%BD%D1%96_%D,https://uk.wikipedia.org/api/rest_v1/page/html/%D0%94%D0%BE%D1%81%D0%BE%D0%BD%D1%8F%D1%87%D0%BD%D1%9,https://doi.org/10.1016/s0016-7037(97)00299-8,https://doi.org/10.1016/s0016-7037(97)00299-8
17014,wikipedia,https://doi.org/10.1016/s0016-7037(97)00299-8,https://uk.wikipedia.org/api/rest_v1/page/html/%D0%94%D0%BE%D1%81%D0%BE%D0%BD%D1%8F%D1%87%D0%BD%D1%9,d9140549-7a82-498a-88d1-08e718c7aa19,2020-01-17 07:18:40,2020-01-17 02:28:21,references,36c35e23-8757-4a9d-aacf-345e9b7eb50d,https://creativecommons.org/publicdomain/zero/1.0/,https://doi.org/10.13003/CED-terms-of-use,,,https://evidence.eventdata.crossref.org/evidence/20200117-wikipedia-d606c963-6543-42d0-a791-543ddea257d3,add,https://uk.wikipedia.org/wiki/%D0%94%D0%BE%D1%81%D0%BE%D0%BD%D1%8F%D1%87%D0%BD%D,Досонячні зерна,https://uk.wikipedia.org/w/index.php?title=%D0%94%D0%BE%D1%81%D0%BE%D0%BD%D1%8F%D1%87%D0%BD%D1%96_%D,https://uk.wikipedia.org/api/rest_v1/page/html/%D0%94%D0%BE%D1%81%D0%BE%D0%BD%D1%8F%D1%87%D0%BD%D1%9,https://doi.org/10.1016/s0016-7037(97)00299-8,https://doi.org/10.1016/s0016-7037(97)00299-8
17015,wikipedia,https://doi.org/10.1016/s0016-7037(97)00299-8,https://uk.wikipedia.org/api/rest_v1/page/html/%D0%94%D0%BE%D1%81%D0%BE%D0%BD%D1%8F%D1%87%D0%BD%D1%9,d93f1124-a509-4df6-b994-5291e0679c1e,2020-01-17 07:18:40,2020-01-17 02:28:22,references,36c35e23-8757-4a9d-aacf-345e9b7eb50d,https://creativecommons.org/publicdomain/zero/1.0/,https://doi.org/10.13003/CED-terms-of-use,,,https://evidence.eventdata.crossref.org/evidence/20200117-wikipedia-d606c963-6543-42d0-a791-543ddea257d3,add,https://uk.wikipedia.org/wiki/%D0%94%D0%BE%D1%81%D0%BE%D0%BD%D1%8F%D1%87%D0%BD%D,Досонячні зерна,https://uk.wikipedia.org/w/index.php?title=%D0%94%D0%BE%D1%81%D0%BE%D0%BD%D1%8F%D1%87%D0%BD%D1%96_%D,https://uk.wikipedia.org/api/rest_v1/page/html/%D0%94%D0%BE%D1%81%D0%BE%D0%BD%D1%8F%D1%87%D0%BD%D1%9,https://doi.org/10.1016/s0016-7037(97)00299-8,http://dx.doi.org/10.1016%2FS0016-7037%2897%2900299-8
17016,wikipedia,https://doi.org/10.1016/s0016-7037(97)00299-8,https://uk.wikipedia.org/api/rest_v1/page/html/%D0%94%D0%BE%D1%81%D0%BE%D0%BD%D1%8F%D1%87%D0%BD%D1%9,5b17145c-212e-4a4c-b4c4-005d190d3c4c,2020-01-17 07:33:18,2020-01-17 02:41:05,references,36c35e23-8757-4a9d-aacf-345e9b7eb50d,https://creativecommons.org/publicdomain/zero/1.0/,https://doi.org/10.13003/CED-terms-of-use,,,https://evidence.eventdata.crossref.org/evidence/20200117-wikipedia-ff24a1c5-4bcd-43f8-ad06-4a518d83edf1,add,https://uk.wikipedia.org/wiki/%D0%94%D0%BE%D1%81%D0%BE%D0%BD%D1%8F%D1%87%D0%BD%D,Досонячні зерна,https://uk.wikipedia.org/w/index.php?title=%D0%94%D0%BE%D1%81%D0%BE%D0%BD%D1%8F%D1%87%D0%BD%D1%96_%D,https://uk.wikipedia.org/api/rest_v1/page/html/%D0%94%D0%BE%D1%81%D0%BE%D0%BD%D1%8F%D1%87%D0%BD%D1%9,https://doi.org/10.1016/s0016-7037(97)00299-8,http://dx.doi.org/10.1016%2FS0016-7037%2897%2900299-8
17017,wikipedia,https://doi.org/10.1016/s0016-7037(97)00299-8,https://uk.wikipedia.org/api/rest_v1/page/html/%D0%94%D0%BE%D1%81%D0%BE%D0%BD%D1%8F%D1%87%D0%BD%D1%9,36c31e01-b022-4447-9f96-7bc8fd332558,2020-01-17 07:33:18,2020-01-17 02:41:13,references,36c35e23-8757-4a9d-aacf-345e9b7eb50d,https://creativecommons.org/publicdomain/zero/1.0/,https://doi.org/10.13003/CED-terms-of-use,,,https://evidence.eventdata.crossref.org/evidence/20200117-wikipedia-ff24a1c5-4bcd-43f8-ad06-4a518d83edf1,add,https://uk.wikipedia.org/wiki/%D0%94%D0%BE%D1%81%D0%BE%D0%BD%D1%8F%D1%87%D0%BD%D,Досонячні зерна,https://uk.wikipedia.org/w/index.php?title=%D0%94%D0%BE%D1%81%D0%BE%D0%BD%D1%8F%D1%87%D0%BD%D1%96_%D,https://uk.wikipedia.org/api/rest_v1/page/html/%D0%94%D0%BE%D1%81%D0%BE%D0%BD%D1%8F%D1%87%D0%BD%D1%9,https://doi.org/10.1016/s0016-7037(97)00299-8,https://doi.org/10.1016/s0016-7037(97)00299-8
17018,wikipedia,https://doi.org/10.1016/s0016-7037(97)00299-8,https://uk.wikipedia.org/api/rest_v1/page/html/%D0%94%D0%BE%D1%81%D0%BE%D0%BD%D1%8F%D1%87%D0%BD%D1%9,63bf2a0e-9e77-4183-bc1c-bfe4c99da8cf,2020-02-23 07:46:44,2020-02-23 02:52:55,references,36c35e23-8757-4a9d-aacf-345e9b7eb50d,https://creativecommons.org/publicdomain/zero/1.0/,https://doi.org/10.13003/CED-terms-of-use,,,https://evidence.eventdata.crossref.org/evidence/20200223-wikipedia-0e311e60-a1da-425a-adc9-7721cfa4ed8a,add,https://uk.wikipedia.org/wiki/%D0%94%D0%BE%D1%81%D0%BE%D0%BD%D1%8F%D1%87%D0%BD%D,Досонячні зерна,https://uk.wikipedia.org/w/index.php?title=%D0%94%D0%BE%D1%81%D0%BE%D0%BD%D1%8F%D1%87%D0%BD%D1%96_%D,https://uk.wikipedia.org/api/rest_v1/page/html/%D0%94%D0%BE%D1%81%D0%BE%D0%BD%D1%8F%D1%87%D0%BD%D1%9,https://doi.org/10.1016/s0016-7037(97)00299-8,http://dx.doi.org/10.1016%2FS0016-7037%2897%2900299-8
17019,wikipedia,https://doi.org/10.1016/s0016-7037(97)00299-8,https://uk.wikipedia.org/api/rest_v1/page/html/%D0%94%D0%BE%D1%81%D0%BE%D0%BD%D1%8F%D1%87%D0%BD%D1%9,e0b2dac2-78a9-4730-9a0a-7016dddd1ed4,2020-02-23 07:46:44,2020-02-23 02:53:06,references,36c35e23-8757-4a9d-aacf-345e9b7eb50d,https://creativecommons.org/publicdomain/zero/1.0/,https://doi.org/10.13003/CED-terms-of-use,,,https://evidence.eventdata.crossref.org/evidence/20200223-wikipedia-0e311e60-a1da-425a-adc9-7721cfa4ed8a,add,https://uk.wikipedia.org/wiki/%D0%94%D0%BE%D1%81%D0%BE%D0%BD%D1%8F%D1%87%D0%BD%D,Досонячні зерна,https://uk.wikipedia.org/w/index.php?title=%D0%94%D0%BE%D1%81%D0%BE%D0%BD%D1%8F%D1%87%D0%BD%D1%96_%D,https://uk.wikipedia.org/api/rest_v1/page/html/%D0%94%D0%BE%D1%81%D0%BE%D0%BD%D1%8F%D1%87%D0%BD%D1%9,https://doi.org/10.1016/s0016-7037(97)00299-8,https://doi.org/10.1016/s0016-7037(97)00299-8
17020,wikipedia,https://doi.org/10.1016/s0016-7037(97)00299-8,https://uk.wikipedia.org/api/rest_v1/page/html/%D0%94%D0%BE%D1%81%D0%BE%D0%BD%D1%8F%D1%87%D0%BD%D1%9,575a86b0-a91a-4823-ac33-e3a1329c2836,2020-05-01 22:22:57,2020-10-14 13:02:46,references,36c35e23-8757-4a9d-aacf-345e9b7eb50d,https://creativecommons.org/publicdomain/zero/1.0/,https://doi.org/10.13003/CED-terms-of-use,,,https://evidence.eventdata.crossref.org/evidence/20200501-wikipedia-5d478db4-beb2-4a19-9b72-2e792ee912bd,add,https://uk.wikipedia.org/wiki/%D0%94%D0%BE%D1%81%D0%BE%D0%BD%D1%8F%D1%87%D0%BD%D,Досонячні зерна,https://uk.wikipedia.org/w/index.php?title=%D0%94%D0%BE%D1%81%D0%BE%D0%BD%D1%8F%D1%87%D0%BD%D1%96_%D,https://uk.wikipedia.org/api/rest_v1/page/html/%D0%94%D0%BE%D1%81%D0%BE%D0%BD%D1%8F%D1%87%D0%BD%D1%9,https://doi.org/10.1016/s0016-7037(97)00299-8,https://doi.org/10.1016/s0016-7037(97)00299-8
17021,wikipedia,https://doi.org/10.1016/s0016-7037(97)00299-8,https://uk.wikipedia.org/api/rest_v1/page/html/%D0%94%D0%BE%D1%81%D0%BE%D0%BD%D1%8F%D1%87%D0%BD%D1%9,c2c84e79-b1a5-4e21-8e18-c249f470af66,2020-05-01 22:22:57,2020-10-14 13:02:47,references,36c35e23-8757-4a9d-aacf-345e9b7eb50d,https://creativecommons.org/publicdomain/zero/1.0/,https://doi.org/10.13003/CED-terms-of-use,,,https://evidence.eventdata.crossref.org/evidence/20200501-wikipedia-5d478db4-beb2-4a19-9b72-2e792ee912bd,add,https://uk.wikipedia.org/wiki/%D0%94%D0%BE%D1%81%D0%BE%D0%BD%D1%8F%D1%87%D0%BD%D,Досонячні зерна,https://uk.wikipedia.org/w/index.php?title=%D0%94%D0%BE%D1%81%D0%BE%D0%BD%D1%8F%D1%87%D0%BD%D1%96_%D,https://uk.wikipedia.org/api/rest_v1/page/html/%D0%94%D0%BE%D1%81%D0%BE%D0%BD%D1%8F%D1%87%D0%BD%D1%9,https://doi.org/10.1016/s0016-7037(97)00299-8,http://dx.doi.org/10.1016%2FS0016-7037%2897%2900299-8
17022,wikipedia,https://doi.org/10.1016/s0016-7037(97)00299-8,https://uk.wikipedia.org/api/rest_v1/page/html/%D0%94%D0%BE%D1%81%D0%BE%D0%BD%D1%8F%D1%87%D0%BD%D1%9,91815a90-0c9b-496b-8d61-3d0f55104695,2020-05-04 04:13:34,2020-10-14 14:14:14,references,36c35e23-8757-4a9d-aacf-345e9b7eb50d,https://creativecommons.org/publicdomain/zero/1.0/,https://doi.org/10.13003/CED-terms-of-use,,,https://evidence.eventdata.crossref.org/evidence/20200504-wikipedia-2398f563-3c25-4f6f-943c-7a4999a5ec18,add,https://uk.wikipedia.org/wiki/%D0%94%D0%BE%D1%81%D0%BE%D0%BD%D1%8F%D1%87%D0%BD%D,Досонячні зерна,https://uk.wikipedia.org/w/index.php?title=%D0%94%D0%BE%D1%81%D0%BE%D0%BD%D1%8F%D1%87%D0%BD%D1%96_%D,https://uk.wikipedia.org/api/rest_v1/page/html/%D0%94%D0%BE%D1%81%D0%BE%D0%BD%D1%8F%D1%87%D0%BD%D1%9,https://doi.org/10.1016/s0016-7037(97)00299-8,https://doi.org/10.1016/s0016-7037(97)00299-8
17023,wikipedia,https://doi.org/10.1016/s0016-7037(97)00299-8,https://uk.wikipedia.org/api/rest_v1/page/html/%D0%94%D0%BE%D1%81%D0%BE%D0%BD%D1%8F%D1%87%D0%BD%D1%9,6e0df7ea-ae62-4aee-a54b-3cebb744cc2a,2020-05-04 04:13:34,2020-10-14 14:14:15,references,36c35e23-8757-4a9d-aacf-345e9b7eb50d,https://creativecommons.org/publicdomain/zero/1.0/,https://doi.org/10.13003/CED-terms-of-use,,,https://evidence.eventdata.crossref.org/evidence/20200504-wikipedia-2398f563-3c25-4f6f-943c-7a4999a5ec18,add,https://uk.wikipedia.org/wiki/%D0%94%D0%BE%D1%81%D0%BE%D0%BD%D1%8F%D1%87%D0%BD%D,Досонячні зерна,https://uk.wikipedia.org/w/index.php?title=%D0%94%D0%BE%D1%81%D0%BE%D0%BD%D1%8F%D1%87%D0%BD%D1%96_%D,https://uk.wikipedia.org/api/rest_v1/page/html/%D0%94%D0%BE%D1%81%D0%BE%D0%BD%D1%8F%D1%87%D0%BD%D1%9,https://doi.org/10.1016/s0016-7037(97)00299-8,http://dx.doi.org/10.1016%2FS0016-7037%2897%2900299-8
17024,wikipedia,https://doi.org/10.1016/s0016-7037(97)00299-8,https://uk.wikipedia.org/api/rest_v1/page/html/%D0%94%D0%BE%D1%81%D0%BE%D0%BD%D1%8F%D1%87%D0%BD%D1%9,41f9ad4e-090f-4ea4-8f26-5841d836aa97,2020-05-05 18:13:15,2020-10-14 14:55:27,references,36c35e23-8757-4a9d-aacf-345e9b7eb50d,https://creativecommons.org/publicdomain/zero/1.0/,https://doi.org/10.13003/CED-terms-of-use,,,https://evidence.eventdata.crossref.org/evidence/20200505-wikipedia-bce98a64-f929-4b08-86dd-de8d32416d7b,add,https://uk.wikipedia.org/wiki/%D0%94%D0%BE%D1%81%D0%BE%D0%BD%D1%8F%D1%87%D0%BD%D,Досонячні зерна,https://uk.wikipedia.org/w/index.php?title=%D0%94%D0%BE%D1%81%D0%BE%D0%BD%D1%8F%D1%87%D0%BD%D1%96_%D,https://uk.wikipedia.org/api/rest_v1/page/html/%D0%94%D0%BE%D1%81%D0%BE%D0%BD%D1%8F%D1%87%D0%BD%D1%9,https://doi.org/10.1016/s0016-7037(97)00299-8,https://doi.org/10.1016/s0016-7037(97)00299-8
17025,wikipedia,https://doi.org/10.1016/s0016-7037(97)00299-8,https://uk.wikipedia.org/api/rest_v1/page/html/%D0%94%D0%BE%D1%81%D0%BE%D0%BD%D1%8F%D1%87%D0%BD%D1%9,a46b1395-646c-4879-8aa9-6b13d9323e1c,2020-05-05 18:13:15,2020-10-14 14:55:28,references,36c35e23-8757-4a9d-aacf-345e9b7eb50d,https://creativecommons.org/publicdomain/zero/1.0/,https://doi.org/10.13003/CED-terms-of-use,,,https://evidence.eventdata.crossref.org/evidence/20200505-wikipedia-bce98a64-f929-4b08-86dd-de8d32416d7b,add,https://uk.wikipedia.org/wiki/%D0%94%D0%BE%D1%81%D0%BE%D0%BD%D1%8F%D1%87%D0%BD%D,Досонячні зерна,https://uk.wikipedia.org/w/index.php?title=%D0%94%D0%BE%D1%81%D0%BE%D0%BD%D1%8F%D1%87%D0%BD%D1%96_%D,https://uk.wikipedia.org/api/rest_v1/page/html/%D0%94%D0%BE%D1%81%D0%BE%D0%BD%D1%8F%D1%87%D0%BD%D1%9,https://doi.org/10.1016/s0016-7037(97)00299-8,http://dx.doi.org/10.1016%2FS0016-7037%2897%2900299-8
17026,wikipedia,https://doi.org/10.1016/s0016-7037(97)00299-8,https://uk.wikipedia.org/api/rest_v1/page/html/%D0%94%D0%BE%D1%81%D0%BE%D0%BD%D1%8F%D1%87%D0%BD%D1%9,e1e1ccb6-69c9-4002-82fb-0deb612df211,2020-05-07 07:06:45,2020-10-14 15:50:10,references,36c35e23-8757-4a9d-aacf-345e9b7eb50d,https://creativecommons.org/publicdomain/zero/1.0/,https://doi.org/10.13003/CED-terms-of-use,,,https://evidence.eventdata.crossref.org/evidence/20200507-wikipedia-856dd479-32ef-41de-8a1f-11efba762664,add,https://uk.wikipedia.org/wiki/%D0%94%D0%BE%D1%81%D0%BE%D0%BD%D1%8F%D1%87%D0%BD%D,Досонячні зерна,https://uk.wikipedia.org/w/index.php?title=%D0%94%D0%BE%D1%81%D0%BE%D0%BD%D1%8F%D1%87%D0%BD%D1%96_%D,https://uk.wikipedia.org/api/rest_v1/page/html/%D0%94%D0%BE%D1%81%D0%BE%D0%BD%D1%8F%D1%87%D0%BD%D1%9,https://doi.org/10.1016/s0016-7037(97)00299-8,https://doi.org/10.1016/s0016-7037(97)00299-8
17027,wikipedia,https://doi.org/10.1016/s0016-7037(97)00299-8,https://uk.wikipedia.org/api/rest_v1/page/html/%D0%94%D0%BE%D1%81%D0%BE%D0%BD%D1%8F%D1%87%D0%BD%D1%9,b1de30f7-50d1-432f-998b-ba52b7f410d6,2020-05-07 07:06:45,2020-10-14 15:50:10,references,36c35e23-8757-4a9d-aacf-345e9b7eb50d,https://creativecommons.org/publicdomain/zero/1.0/,https://doi.org/10.13003/CED-terms-of-use,,,https://evidence.eventdata.crossref.org/evidence/20200507-wikipedia-856dd479-32ef-41de-8a1f-11efba762664,add,https://uk.wikipedia.org/wiki/%D0%94%D0%BE%D1%81%D0%BE%D0%BD%D1%8F%D1%87%D0%BD%D,Досонячні зерна,https://uk.wikipedia.org/w/index.php?title=%D0%94%D0%BE%D1%81%D0%BE%D0%BD%D1%8F%D1%87%D0%BD%D1%96_%D,https://uk.wikipedia.org/api/rest_v1/page/html/%D0%94%D0%BE%D1%81%D0%BE%D0%BD%D1%8F%D1%87%D0%BD%D1%9,https://doi.org/10.1016/s0016-7037(97)00299-8,http://dx.doi.org/10.1016%2FS0016-7037%2897%2900299-8
17028,wikipedia,https://doi.org/10.1016/s0016-7037(97)00299-8,https://uk.wikipedia.org/api/rest_v1/page/html/%D0%94%D0%BE%D1%81%D0%BE%D0%BD%D1%8F%D1%87%D0%BD%D1%9,bcb7eea9-9d37-4eca-b43d-5514da586f37,2020-05-08 07:03:03,2020-10-14 16:26:02,references,36c35e23-8757-4a9d-aacf-345e9b7eb50d,https://creativecommons.org/publicdomain/zero/1.0/,https://doi.org/10.13003/CED-terms-of-use,,,https://evidence.eventdata.crossref.org/evidence/20200508-wikipedia-fea0ddf4-9aa1-40af-af0c-3314424ccea3,add,https://uk.wikipedia.org/wiki/%D0%94%D0%BE%D1%81%D0%BE%D0%BD%D1%8F%D1%87%D0%BD%D,Досонячні зерна,https://uk.wikipedia.org/w/index.php?title=%D0%94%D0%BE%D1%81%D0%BE%D0%BD%D1%8F%D1%87%D0%BD%D1%96_%D,https://uk.wikipedia.org/api/rest_v1/page/html/%D0%94%D0%BE%D1%81%D0%BE%D0%BD%D1%8F%D1%87%D0%BD%D1%9,https://doi.org/10.1016/s0016-7037(97)00299-8,http://dx.doi.org/10.1016%2FS0016-7037%2897%2900299-8
17029,wikipedia,https://doi.org/10.1016/s0016-7037(97)00299-8,https://uk.wikipedia.org/api/rest_v1/page/html/%D0%94%D0%BE%D1%81%D0%BE%D0%BD%D1%8F%D1%87%D0%BD%D1%9,5a24fa50-05a5-4247-86f1-54e11e83cc3e,2020-05-08 07:03:03,2020-10-14 16:26:02,references,36c35e23-8757-4a9d-aacf-345e9b7eb50d,https://creativecommons.org/publicdomain/zero/1.0/,https://doi.org/10.13003/CED-terms-of-use,,,https://evidence.eventdata.crossref.org/evidence/20200508-wikipedia-fea0ddf4-9aa1-40af-af0c-3314424ccea3,add,https://uk.wikipedia.org/wiki/%D0%94%D0%BE%D1%81%D0%BE%D0%BD%D1%8F%D1%87%D0%BD%D,Досонячні зерна,https://uk.wikipedia.org/w/index.php?title=%D0%94%D0%BE%D1%81%D0%BE%D0%BD%D1%8F%D1%87%D0%BD%D1%96_%D,https://uk.wikipedia.org/api/rest_v1/page/html/%D0%94%D0%BE%D1%81%D0%BE%D0%BD%D1%8F%D1%87%D0%BD%D1%9,https://doi.org/10.1016/s0016-7037(97)00299-8,https://doi.org/10.1016/s0016-7037(97)00299-8
17030,wikipedia,https://doi.org/10.1016/s0016-7037(97)00299-8,https://uk.wikipedia.org/api/rest_v1/page/html/%D0%94%D0%BE%D1%81%D0%BE%D0%BD%D1%8F%D1%87%D0%BD%D1%9,782b38ae-16f5-4a47-afd9-d3d411fb69ff,2020-05-31 14:29:01,2020-10-15 03:36:40,references,36c35e23-8757-4a9d-aacf-345e9b7eb50d,https://creativecommons.org/publicdomain/zero/1.0/,https://doi.org/10.13003/CED-terms-of-use,,,https://evidence.eventdata.crossref.org/evidence/20200531-wikipedia-af7ca4e3-7b0b-4b68-90c0-7c80e37c34a8,add,https://uk.wikipedia.org/wiki/%D0%94%D0%BE%D1%81%D0%BE%D0%BD%D1%8F%D1%87%D0%BD%D,Досонячні зерна,https://uk.wikipedia.org/w/index.php?title=%D0%94%D0%BE%D1%81%D0%BE%D0%BD%D1%8F%D1%87%D0%BD%D1%96_%D,https://uk.wikipedia.org/api/rest_v1/page/html/%D0%94%D0%BE%D1%81%D0%BE%D0%BD%D1%8F%D1%87%D0%BD%D1%9,https://doi.org/10.1016/s0016-7037(97)00299-8,https://doi.org/10.1016/s0016-7037(97)00299-8
17031,wikipedia,https://doi.org/10.1016/s0016-7037(97)00299-8,https://uk.wikipedia.org/api/rest_v1/page/html/%D0%94%D0%BE%D1%81%D0%BE%D0%BD%D1%8F%D1%87%D0%BD%D1%9,38cf74f7-a4d4-44d2-8c74-cc677612a28f,2020-05-31 14:29:01,2020-10-15 03:36:41,references,36c35e23-8757-4a9d-aacf-345e9b7eb50d,https://creativecommons.org/publicdomain/zero/1.0/,https://doi.org/10.13003/CED-terms-of-use,,,https://evidence.eventdata.crossref.org/evidence/20200531-wikipedia-af7ca4e3-7b0b-4b68-90c0-7c80e37c34a8,add,https://uk.wikipedia.org/wiki/%D0%94%D0%BE%D1%81%D0%BE%D0%BD%D1%8F%D1%87%D0%BD%D,Досонячні зерна,https://uk.wikipedia.org/w/index.php?title=%D0%94%D0%BE%D1%81%D0%BE%D0%BD%D1%8F%D1%87%D0%BD%D1%96_%D,https://uk.wikipedia.org/api/rest_v1/page/html/%D0%94%D0%BE%D1%81%D0%BE%D0%BD%D1%8F%D1%87%D0%BD%D1%9,https://doi.org/10.1016/s0016-7037(97)00299-8,http://dx.doi.org/10.1016%2FS0016-7037%2897%2900299-8
17032,wikipedia,https://doi.org/10.1016/s0016-7037(97)00299-8,https://uk.wikipedia.org/api/rest_v1/page/html/%D0%94%D0%BE%D1%81%D0%BE%D0%BD%D1%8F%D1%87%D0%BD%D1%9,4dcd8bb0-6b1a-47e8-87c2-d6b33532e1d8,2021-01-07 06:45:23,2021-01-07 01:54:45,references,36c35e23-8757-4a9d-aacf-345e9b7eb50d,https://creativecommons.org/publicdomain/zero/1.0/,https://doi.org/10.13003/CED-terms-of-use,,,https://evidence.eventdata.crossref.org/evidence/20210107-wikipedia-7ef6d6b6-e1f0-4add-9bff-2b04d156f5d5,add,https://uk.wikipedia.org/wiki/%D0%94%D0%BE%D1%81%D0%BE%D0%BD%D1%8F%D1%87%D0%BD%D,Досонячні зерна,https://uk.wikipedia.org/w/index.php?title=%D0%94%D0%BE%D1%81%D0%BE%D0%BD%D1%8F%D1%87%D0%BD%D1%96_%D,https://uk.wikipedia.org/api/rest_v1/page/html/%D0%94%D0%BE%D1%81%D0%BE%D0%BD%D1%8F%D1%87%D0%BD%D1%9,https://doi.org/10.1016/s0016-7037(97)00299-8,https://doi.org/10.1016/s0016-7037(97)00299-8
17033,wikipedia,https://doi.org/10.1016/s0016-7037(97)00299-8,https://uk.wikipedia.org/api/rest_v1/page/html/%D0%94%D0%BE%D1%81%D0%BE%D0%BD%D1%8F%D1%87%D0%BD%D1%9,93b8d294-3c50-4e78-bb34-244d260c7650,2021-01-07 06:45:23,2021-01-07 01:55:10,references,36c35e23-8757-4a9d-aacf-345e9b7eb50d,https://creativecommons.org/publicdomain/zero/1.0/,https://doi.org/10.13003/CED-terms-of-use,,,https://evidence.eventdata.crossref.org/evidence/20210107-wikipedia-7ef6d6b6-e1f0-4add-9bff-2b04d156f5d5,add,https://uk.wikipedia.org/wiki/%D0%94%D0%BE%D1%81%D0%BE%D0%BD%D1%8F%D1%87%D0%BD%D,Досонячні зерна,https://uk.wikipedia.org/w/index.php?title=%D0%94%D0%BE%D1%81%D0%BE%D0%BD%D1%8F%D1%87%D0%BD%D1%96_%D,https://uk.wikipedia.org/api/rest_v1/page/html/%D0%94%D0%BE%D1%81%D0%BE%D0%BD%D1%8F%D1%87%D0%BD%D1%9,https://doi.org/10.1016/s0016-7037(97)00299-8,http://dx.doi.org/10.1016%2FS0016-7037%2897%2900299-8
17034,wikipedia,https://doi.org/10.1016/S0016-7037(97)00299-8,https://uk.wikipedia.org/api/rest_v1/page/html/%D0%94%D0%BE%D1%81%D0%BE%D0%BD%D1%8F%D1%87%D0%BD%D1%9,9cc42d0b-3fff-4772-a191-cd6bd6931669,2021-01-26 20:04:19,2021-01-26 15:27:16,references,36c35e23-8757-4a9d-aacf-345e9b7eb50d,https://creativecommons.org/publicdomain/zero/1.0/,https://doi.org/10.13003/CED-terms-of-use,,,https://evidence.eventdata.crossref.org/evidence/20210126-wikipedia-d09db6c1-91e9-4dba-9b9e-6882f032cc5f,add,https://uk.wikipedia.org/wiki/%D0%94%D0%BE%D1%81%D0%BE%D0%BD%D1%8F%D1%87%D0%BD%D,Досонячні зерна,https://uk.wikipedia.org/w/index.php?title=%D0%94%D0%BE%D1%81%D0%BE%D0%BD%D1%8F%D1%87%D0%BD%D1%96_%D,https://uk.wikipedia.org/api/rest_v1/page/html/%D0%94%D0%BE%D1%81%D0%BE%D0%BD%D1%8F%D1%87%D0%BD%D1%9,https://doi.org/10.1016/S0016-7037(97)00299-8,https://doi.org/10.1016/S0016-7037(97)00299-8
17035,wikipedia,https://doi.org/10.1016/S0016-7037(97)00299-8,https://uk.wikipedia.org/api/rest_v1/page/html/%D0%94%D0%BE%D1%81%D0%BE%D0%BD%D1%8F%D1%87%D0%BD%D1%9,72689e8c-a48e-4e79-b324-f8010912d661,2021-01-26 20:04:19,2021-01-26 15:27:26,references,36c35e23-8757-4a9d-aacf-345e9b7eb50d,https://creativecommons.org/publicdomain/zero/1.0/,https://doi.org/10.13003/CED-terms-of-use,,,https://evidence.eventdata.crossref.org/evidence/20210126-wikipedia-d09db6c1-91e9-4dba-9b9e-6882f032cc5f,add,https://uk.wikipedia.org/wiki/%D0%94%D0%BE%D1%81%D0%BE%D0%BD%D1%8F%D1%87%D0%BD%D,Досонячні зерна,https://uk.wikipedia.org/w/index.php?title=%D0%94%D0%BE%D1%81%D0%BE%D0%BD%D1%8F%D1%87%D0%BD%D1%96_%D,https://uk.wikipedia.org/api/rest_v1/page/html/%D0%94%D0%BE%D1%81%D0%BE%D0%BD%D1%8F%D1%87%D0%BD%D1%9,https://doi.org/10.1016/S0016-7037(97)00299-8,http://dx.doi.org/10.1016%2FS0016-7037%2897%2900299-8
17036,wikipedia,https://doi.org/10.1016/S0016-7037(97)00299-8,https://uk.wikipedia.org/api/rest_v1/page/html/%D0%94%D0%BE%D1%81%D0%BE%D0%BD%D1%8F%D1%87%D0%BD%D1%9,6bce5b74-fe0e-4000-b317-e95ae6750ad1,2021-01-27 15:59:48,2021-01-27 11:51:50,references,36c35e23-8757-4a9d-aacf-345e9b7eb50d,https://creativecommons.org/publicdomain/zero/1.0/,https://doi.org/10.13003/CED-terms-of-use,,,https://evidence.eventdata.crossref.org/evidence/20210127-wikipedia-10807f71-db35-49ae-82b1-5e2b18e4e3ba,add,https://uk.wikipedia.org/wiki/%D0%94%D0%BE%D1%81%D0%BE%D0%BD%D1%8F%D1%87%D0%BD%D,Досонячні зерна,https://uk.wikipedia.org/w/index.php?title=%D0%94%D0%BE%D1%81%D0%BE%D0%BD%D1%8F%D1%87%D0%BD%D1%96_%D,https://uk.wikipedia.org/api/rest_v1/page/html/%D0%94%D0%BE%D1%81%D0%BE%D0%BD%D1%8F%D1%87%D0%BD%D1%9,https://doi.org/10.1016/S0016-7037(97)00299-8,http://dx.doi.org/10.1016%2FS0016-7037%2897%2900299-8
17037,wikipedia,https://doi.org/10.1016/S0016-7037(97)00299-8,https://uk.wikipedia.org/api/rest_v1/page/html/%D0%94%D0%BE%D1%81%D0%BE%D0%BD%D1%8F%D1%87%D0%BD%D1%9,b950cdc6-4128-440f-b579-8bbc24560e37,2021-01-27 15:59:48,2021-01-27 11:51:55,references,36c35e23-8757-4a9d-aacf-345e9b7eb50d,https://creativecommons.org/publicdomain/zero/1.0/,https://doi.org/10.13003/CED-terms-of-use,,,https://evidence.eventdata.crossref.org/evidence/20210127-wikipedia-10807f71-db35-49ae-82b1-5e2b18e4e3ba,add,https://uk.wikipedia.org/wiki/%D0%94%D0%BE%D1%81%D0%BE%D0%BD%D1%8F%D1%87%D0%BD%D,Досонячні зерна,https://uk.wikipedia.org/w/index.php?title=%D0%94%D0%BE%D1%81%D0%BE%D0%BD%D1%8F%D1%87%D0%BD%D1%96_%D,https://uk.wikipedia.org/api/rest_v1/page/html/%D0%94%D0%BE%D1%81%D0%BE%D0%BD%D1%8F%D1%87%D0%BD%D1%9,https://doi.org/10.1016/S0016-7037(97)00299-8,https://doi.org/10.1016/S0016-7037(97)00299-8
