crossRefIncrement,sourceID,objectID,subjectID,eventID,occurredAt,timeObserved,relationType,sourceToken,license,crossrefTermsOfUse,messageAction
1093,crossref,https://doi.org/10.1016/S0022-3476(98)70498-6,https://doi.org/10.3746/jfn.2011.16.3.248,d9d2f4a4-e188-43f9-b9c3-638d92f92162,2011-09-30 00:00:00,2019-06-23 20:00:24,references,8676e950-8ac5-4074-8ac3-c0a18ada7e99,https://doi.org/10.13003/CED-terms-of-use,https://doi.org/10.13003/CED-terms-of-use,create
1094,crossref,https://doi.org/10.1016/S0022-3476(98)70498-6,https://doi.org/10.1007/s13671-011-0003-5,ec84ef33-d6ec-4376-ad26-97b4d629268a,2012-01-20 00:00:00,2019-06-23 20:39:56,references,8676e950-8ac5-4074-8ac3-c0a18ada7e99,https://doi.org/10.13003/CED-terms-of-use,https://doi.org/10.13003/CED-terms-of-use,create
1095,crossref,https://doi.org/10.1016/S0022-3476(98)70498-6,https://doi.org/10.4168/aard.2017.5.5.256,bc075543-2788-4751-ba73-2b91624694a3,2017-01-01 00:00:00,2019-06-29 08:25:29,references,8676e950-8ac5-4074-8ac3-c0a18ada7e99,https://doi.org/10.13003/CED-terms-of-use,https://doi.org/10.13003/CED-terms-of-use,create
1096,crossref,https://doi.org/10.1016/S0022-3476(98)70498-6,https://doi.org/10.5021/ad.2010.22.4.404,0260e43d-664d-4d0c-a49b-d593d250f292,2010-01-01 00:00:00,2019-07-02 23:43:01,references,8676e950-8ac5-4074-8ac3-c0a18ada7e99,https://doi.org/10.13003/CED-terms-of-use,https://doi.org/10.13003/CED-terms-of-use,create
1097,crossref,https://doi.org/10.1016/S0022-3476(98)70498-6,https://doi.org/10.1007/s13671-012-0021-y,7f6d447e-660f-462d-b604-ac6ef86fe368,2012-09-15 00:00:00,2019-07-07 07:16:39,references,8676e950-8ac5-4074-8ac3-c0a18ada7e99,https://doi.org/10.13003/CED-terms-of-use,https://doi.org/10.13003/CED-terms-of-use,create
1098,crossref,https://doi.org/10.1016/S0022-3476(98)70498-6,https://doi.org/10.1097/PEC.0b013e31828a7a5f,3e630368-54db-4e39-9806-2c4d4fa60996,2013-04-01 00:00:00,2019-07-12 20:58:29,references,8676e950-8ac5-4074-8ac3-c0a18ada7e99,https://doi.org/10.13003/CED-terms-of-use,https://doi.org/10.13003/CED-terms-of-use,create
1099,crossref,https://doi.org/10.1016/S0022-3476(98)70498-6,https://doi.org/10.1111/all.13442,2376f7fd-f3c3-4e28-b2e1-5abd847b03a4,2018-04-17 00:00:00,2019-12-11 20:58:12,references,8676e950-8ac5-4074-8ac3-c0a18ada7e99,https://doi.org/10.13003/CED-terms-of-use,https://doi.org/10.13003/CED-terms-of-use,create
1100,crossref,https://doi.org/10.1016/S0022-3476(98)70498-6,https://doi.org/10.1097/ACI.0b013e3283535bae,e6a760ce-5beb-4065-8285-d18869eb4098,2012-06-01 00:00:00,2019-12-26 14:14:31,references,8676e950-8ac5-4074-8ac3-c0a18ada7e99,https://doi.org/10.13003/CED-terms-of-use,https://doi.org/10.13003/CED-terms-of-use,create
