DOI,URL,title,container_title,authors,page,publisher,language,alternative_id,created_date_time,deposited_date_time,is_referenced_by_count,issue,issued_date_parts,prefix,published_online_date_parts,published_print_date_parts
10.1016/s0022-3476(98)70498-6,http://dx.doi.org/10.1016/s0022-3476(98)70498-6,Atopic dermatitis and food hypersensitivity reactions,The Journal of Pediatrics,A.Wesley Burks,132-136,Elsevier BV,en,S0022347698704986,2005-11-05 12:37:57,2019-01-21 07:52:28,193,1,1998/1,10.1016,,1998/1
10.1016/s0022-3476(98)70498-6,http://dx.doi.org/10.1016/s0022-3476(98)70498-6,Atopic dermatitis and food hypersensitivity reactions,The Journal of Pediatrics,John M. James,132-136,Elsevier BV,en,S0022347698704986,2005-11-05 12:37:57,2019-01-21 07:52:28,193,1,1998/1,10.1016,,1998/1
10.1016/s0022-3476(98)70498-6,http://dx.doi.org/10.1016/s0022-3476(98)70498-6,Atopic dermatitis and food hypersensitivity reactions,The Journal of Pediatrics,Anne Hiegel,132-136,Elsevier BV,en,S0022347698704986,2005-11-05 12:37:57,2019-01-21 07:52:28,193,1,1998/1,10.1016,,1998/1
10.1016/s0022-3476(98)70498-6,http://dx.doi.org/10.1016/s0022-3476(98)70498-6,Atopic dermatitis and food hypersensitivity reactions,The Journal of Pediatrics,Gail Wilson,132-136,Elsevier BV,en,S0022347698704986,2005-11-05 12:37:57,2019-01-21 07:52:28,193,1,1998/1,10.1016,,1998/1
10.1016/s0022-3476(98)70498-6,http://dx.doi.org/10.1016/s0022-3476(98)70498-6,Atopic dermatitis and food hypersensitivity reactions,The Journal of Pediatrics,J.Gary Wheeler,132-136,Elsevier BV,en,S0022347698704986,2005-11-05 12:37:57,2019-01-21 07:52:28,193,1,1998/1,10.1016,,1998/1
10.1016/s0022-3476(98)70498-6,http://dx.doi.org/10.1016/s0022-3476(98)70498-6,Atopic dermatitis and food hypersensitivity reactions,The Journal of Pediatrics,Stacie M. Jones,132-136,Elsevier BV,en,S0022347698704986,2005-11-05 12:37:57,2019-01-21 07:52:28,193,1,1998/1,10.1016,,1998/1
10.1016/s0022-3476(98)70498-6,http://dx.doi.org/10.1016/s0022-3476(98)70498-6,Atopic dermatitis and food hypersensitivity reactions,The Journal of Pediatrics,Nancy Zuerlein,132-136,Elsevier BV,en,S0022347698704986,2005-11-05 12:37:57,2019-01-21 07:52:28,193,1,1998/1,10.1016,,1998/1
