crossRefIncrement,sourceID,objectID,subjectID,eventID,occurredAt,timeObserved,relationType,sourceToken,license,crossrefTermsOfUse,messageAction
685,crossref,https://doi.org/10.1016/S0010-0277(98)00032-8,https://doi.org/10.1007/s13164-012-0085-4,5943941a-3dbf-437a-a113-bb72466936d0,2012-03-01 00:00:00,2019-06-25 14:30:47,references,8676e950-8ac5-4074-8ac3-c0a18ada7e99,https://doi.org/10.13003/CED-terms-of-use,https://doi.org/10.13003/CED-terms-of-use,create
686,crossref,https://doi.org/10.1016/S0010-0277(98)00032-8,https://doi.org/10.1080/13506285.2012.716799,8e06babc-a151-4c21-ac31-3e28ffaf9e22,2012-09-01 00:00:00,2019-07-04 20:10:51,references,8676e950-8ac5-4074-8ac3-c0a18ada7e99,https://doi.org/10.13003/CED-terms-of-use,https://doi.org/10.13003/CED-terms-of-use,create
687,crossref,https://doi.org/10.1016/S0010-0277(98)00032-8,https://doi.org/10.1002/icd.1815,9d94fe9f-0f06-4d32-8f56-c2c747a184e7,2013-08-29 00:00:00,2019-07-23 14:46:38,references,8676e950-8ac5-4074-8ac3-c0a18ada7e99,https://doi.org/10.13003/CED-terms-of-use,https://doi.org/10.13003/CED-terms-of-use,create
688,crossref,https://doi.org/10.1016/S0010-0277(98)00032-8,https://doi.org/10.5406/amerjpsyc.125.3.0291,2cf6ef86-fa27-4095-97ab-f388369f2ede,2012-01-01 00:00:00,2019-07-26 16:19:29,references,8676e950-8ac5-4074-8ac3-c0a18ada7e99,https://doi.org/10.13003/CED-terms-of-use,https://doi.org/10.13003/CED-terms-of-use,create
689,crossref,https://doi.org/10.1016/S0010-0277(98)00032-8,https://doi.org/10.1017/9781316014165.008,81405d9b-b5b9-488d-b8d7-48f681e50652,2019-11-07 00:00:00,2019-10-30 21:51:55,references,8676e950-8ac5-4074-8ac3-c0a18ada7e99,https://doi.org/10.13003/CED-terms-of-use,https://doi.org/10.13003/CED-terms-of-use,create
690,crossref,https://doi.org/10.1016/S0010-0277(98)00032-8,https://doi.org/10.1017/9781316014165.007,3b037733-3cae-47a3-9ef1-7b2cff25b4d2,2019-11-07 00:00:00,2019-10-30 22:21:35,references,8676e950-8ac5-4074-8ac3-c0a18ada7e99,https://doi.org/10.13003/CED-terms-of-use,https://doi.org/10.13003/CED-terms-of-use,create
691,crossref,https://doi.org/10.1016/S0010-0277(98)00032-8,https://doi.org/10.1017/9781316014165.018,968c3a61-b9ab-456a-9bd1-1ee6582d5964,2019-11-07 00:00:00,2019-10-30 22:27:51,references,8676e950-8ac5-4074-8ac3-c0a18ada7e99,https://doi.org/10.13003/CED-terms-of-use,https://doi.org/10.13003/CED-terms-of-use,create
692,crossref,https://doi.org/10.1016/S0010-0277(98)00032-8,https://doi.org/10.1017/9781316014165.001,7694297c-795c-4b39-9fbd-399f84f5f155,2019-11-07 00:00:00,2019-10-30 23:31:29,references,8676e950-8ac5-4074-8ac3-c0a18ada7e99,https://doi.org/10.13003/CED-terms-of-use,https://doi.org/10.13003/CED-terms-of-use,create
693,crossref,https://doi.org/10.1016/S0010-0277(98)00032-8,https://doi.org/10.1017/9781316014165.006,d3b1f928-f571-480a-869a-5a9d212f9d2a,2019-11-07 00:00:00,2019-10-31 00:25:10,references,8676e950-8ac5-4074-8ac3-c0a18ada7e99,https://doi.org/10.13003/CED-terms-of-use,https://doi.org/10.13003/CED-terms-of-use,create
694,crossref,https://doi.org/10.1016/S0010-0277(98)00032-8,https://doi.org/10.1017/9781316014165.011,49ab2f52-e69e-4898-b7af-dad5e95095b9,2019-11-07 00:00:00,2019-10-31 01:17:27,references,8676e950-8ac5-4074-8ac3-c0a18ada7e99,https://doi.org/10.13003/CED-terms-of-use,https://doi.org/10.13003/CED-terms-of-use,create
695,crossref,https://doi.org/10.1016/S0010-0277(98)00032-8,https://doi.org/10.1017/9781316014165.022,061265b0-864a-48d5-beed-93a1a24d706f,2019-11-07 00:00:00,2019-10-31 01:59:05,references,8676e950-8ac5-4074-8ac3-c0a18ada7e99,https://doi.org/10.13003/CED-terms-of-use,https://doi.org/10.13003/CED-terms-of-use,create
696,crossref,https://doi.org/10.1016/S0010-0277(98)00032-8,https://doi.org/10.1017/9781316014165.002,43aaaee1-6291-434b-bc7d-11ff0cb2ce33,2019-11-07 00:00:00,2019-10-31 04:17:06,references,8676e950-8ac5-4074-8ac3-c0a18ada7e99,https://doi.org/10.13003/CED-terms-of-use,https://doi.org/10.13003/CED-terms-of-use,create
697,crossref,https://doi.org/10.1016/S0010-0277(98)00032-8,https://doi.org/10.1017/9781316014165.012,938f8667-90f7-4446-a434-f517feff9194,2019-11-07 00:00:00,2019-10-31 04:22:00,references,8676e950-8ac5-4074-8ac3-c0a18ada7e99,https://doi.org/10.13003/CED-terms-of-use,https://doi.org/10.13003/CED-terms-of-use,create
698,crossref,https://doi.org/10.1016/S0010-0277(98)00032-8,https://doi.org/10.1017/9781316014165.003,2b210545-9368-4e02-8ca0-a1a1626a6b53,2019-11-07 00:00:00,2019-10-31 04:55:12,references,8676e950-8ac5-4074-8ac3-c0a18ada7e99,https://doi.org/10.13003/CED-terms-of-use,https://doi.org/10.13003/CED-terms-of-use,create
699,crossref,https://doi.org/10.1016/S0010-0277(98)00032-8,https://doi.org/10.1017/9781316014165.016,b02db9b1-bdf8-48bf-9486-6224a1f455c1,,2019-10-31 07:07:29,references,8676e950-8ac5-4074-8ac3-c0a18ada7e99,https://doi.org/10.13003/CED-terms-of-use,https://doi.org/10.13003/CED-terms-of-use,create
700,crossref,https://doi.org/10.1016/S0010-0277(98)00032-8,https://doi.org/10.1017/9781316014165.004,218f46c8-2d48-4a0d-9296-ee7e8e41f8d9,2019-11-07 00:00:00,2019-10-31 07:46:04,references,8676e950-8ac5-4074-8ac3-c0a18ada7e99,https://doi.org/10.13003/CED-terms-of-use,https://doi.org/10.13003/CED-terms-of-use,create
701,crossref,https://doi.org/10.1016/S0010-0277(98)00032-8,https://doi.org/10.1017/9781316014165.020,7f5767b8-9627-4874-b376-cb992e98dc91,2019-11-07 00:00:00,2019-10-31 07:59:59,references,8676e950-8ac5-4074-8ac3-c0a18ada7e99,https://doi.org/10.13003/CED-terms-of-use,https://doi.org/10.13003/CED-terms-of-use,create
702,crossref,https://doi.org/10.1016/S0010-0277(98)00032-8,https://doi.org/10.1017/9781316014165.021,b21fe14a-dda7-4d2a-b9c7-b0aa03d8df59,2019-11-07 00:00:00,2019-10-31 08:09:40,references,8676e950-8ac5-4074-8ac3-c0a18ada7e99,https://doi.org/10.13003/CED-terms-of-use,https://doi.org/10.13003/CED-terms-of-use,create
703,crossref,https://doi.org/10.1016/S0010-0277(98)00032-8,https://doi.org/10.1017/9781316014165.010,1abf6012-be37-4f12-b810-3881c1d65211,,2019-10-31 08:53:23,references,8676e950-8ac5-4074-8ac3-c0a18ada7e99,https://doi.org/10.13003/CED-terms-of-use,https://doi.org/10.13003/CED-terms-of-use,create
704,crossref,https://doi.org/10.1016/S0010-0277(98)00032-8,https://doi.org/10.1017/9781316014165.005,ffec380d-0f92-42b3-8424-fcf5e40f4287,2019-11-07 00:00:00,2019-10-31 09:34:58,references,8676e950-8ac5-4074-8ac3-c0a18ada7e99,https://doi.org/10.13003/CED-terms-of-use,https://doi.org/10.13003/CED-terms-of-use,create
705,crossref,https://doi.org/10.1016/S0010-0277(98)00032-8,https://doi.org/10.1017/9781316014165.017,1083f275-dcbf-4cce-9180-7186a5ba2502,2019-11-07 00:00:00,2019-10-31 14:25:38,references,8676e950-8ac5-4074-8ac3-c0a18ada7e99,https://doi.org/10.13003/CED-terms-of-use,https://doi.org/10.13003/CED-terms-of-use,create
706,crossref,https://doi.org/10.1016/S0010-0277(98)00032-8,https://doi.org/10.1017/9781316014165.009,41003225-5878-4a97-9450-2f97f5b318b6,2019-11-07 00:00:00,2019-10-31 14:54:34,references,8676e950-8ac5-4074-8ac3-c0a18ada7e99,https://doi.org/10.13003/CED-terms-of-use,https://doi.org/10.13003/CED-terms-of-use,create
707,crossref,https://doi.org/10.1016/S0010-0277(98)00032-8,https://doi.org/10.1017/9781316014165,48f57d9d-c666-4051-83af-ed15a7724be7,2019-10-28 00:00:00,2019-11-05 11:48:56,references,8676e950-8ac5-4074-8ac3-c0a18ada7e99,https://doi.org/10.13003/CED-terms-of-use,https://doi.org/10.13003/CED-terms-of-use,create
708,crossref,https://doi.org/10.1016/S0010-0277(98)00032-8,https://doi.org/10.1017/9781316014165.019,d6eefd83-bc29-4926-9e37-e5d003c4f89f,2019-11-07 00:00:00,2019-11-25 13:55:45,references,8676e950-8ac5-4074-8ac3-c0a18ada7e99,https://doi.org/10.13003/CED-terms-of-use,https://doi.org/10.13003/CED-terms-of-use,create
709,crossref,https://doi.org/10.1016/S0010-0277(98)00032-8,https://doi.org/10.1017/9781316014165.014,41cda2e7-f299-4134-a201-94e509a7f077,2019-11-07 00:00:00,2019-12-01 13:20:18,references,8676e950-8ac5-4074-8ac3-c0a18ada7e99,https://doi.org/10.13003/CED-terms-of-use,https://doi.org/10.13003/CED-terms-of-use,create
710,crossref,https://doi.org/10.1016/S0010-0277(98)00032-8,https://doi.org/10.1371/journal.pone.0060296,a1f0a0ba-d2d6-4ed5-a386-91fd49a8a9d3,2013-03-27 00:00:00,2019-12-26 23:14:03,references,8676e950-8ac5-4074-8ac3-c0a18ada7e99,https://doi.org/10.13003/CED-terms-of-use,https://doi.org/10.13003/CED-terms-of-use,create
711,crossref,https://doi.org/10.1016/S0010-0277(98)00032-8,https://doi.org/10.1017/9781316014165.015,36cf660d-0de3-43a6-8cb7-8abc01f70855,2019-11-07 00:00:00,2019-12-28 01:25:19,references,8676e950-8ac5-4074-8ac3-c0a18ada7e99,https://doi.org/10.13003/CED-terms-of-use,https://doi.org/10.13003/CED-terms-of-use,create
712,crossref,https://doi.org/10.1016/S0010-0277(98)00032-8,https://doi.org/10.1017/9781316014165.013,2dbd68ef-a1ed-445c-b9e2-a8ddad4985f6,2019-11-07 00:00:00,2019-12-29 21:10:08,references,8676e950-8ac5-4074-8ac3-c0a18ada7e99,https://doi.org/10.13003/CED-terms-of-use,https://doi.org/10.13003/CED-terms-of-use,create
