DOI,URL,title,container_title,authors,page,publisher,language,alternative_id,created_date_time,deposited_date_time,is_referenced_by_count,issue,issued_date_parts,prefix,published_online_date_parts,published_print_date_parts
10.1111/j.1469-7793.1997.259bc.x,http://dx.doi.org/10.1111/j.1469-7793.1997.259bc.x,Mental rehearsal of motor tasks recruits a-motoneurones but fails to recruit human fusimotor neurones selectively,The Journal of Physiology,Simon C. Gandevia,259-266,Wiley,en,,2004-09-30 07:21:12,2020-04-03 07:21:20,75,1,1997/11,10.1113,2004/9/30,1997/11
10.1111/j.1469-7793.1997.259bc.x,http://dx.doi.org/10.1111/j.1469-7793.1997.259bc.x,Mental rehearsal of motor tasks recruits a-motoneurones but fails to recruit human fusimotor neurones selectively,The Journal of Physiology,Linda R. Wilson,259-266,Wiley,en,,2004-09-30 07:21:12,2020-04-03 07:21:20,75,1,1997/11,10.1113,2004/9/30,1997/11
10.1111/j.1469-7793.1997.259bc.x,http://dx.doi.org/10.1111/j.1469-7793.1997.259bc.x,Mental rehearsal of motor tasks recruits a-motoneurones but fails to recruit human fusimotor neurones selectively,The Journal of Physiology,J. Timothy Inglis,259-266,Wiley,en,,2004-09-30 07:21:12,2020-04-03 07:21:20,75,1,1997/11,10.1113,2004/9/30,1997/11
10.1111/j.1469-7793.1997.259bc.x,http://dx.doi.org/10.1111/j.1469-7793.1997.259bc.x,Mental rehearsal of motor tasks recruits a-motoneurones but fails to recruit human fusimotor neurones selectively,The Journal of Physiology,David Burke,259-266,Wiley,en,,2004-09-30 07:21:12,2020-04-03 07:21:20,75,1,1997/11,10.1113,2004/9/30,1997/11
