DOI,URL,title,container_title,authors,page,publisher,language,alternative_id,created_date_time,deposited_date_time,is_referenced_by_count,issue,issued_date_parts,prefix,published_online_date_parts,published_print_date_parts
10.1016/s0167-5273(97)00202-7,http://dx.doi.org/10.1016/s0167-5273(97)00202-7,The diameter of the epicardial coronary arteries in patients with dilated cardiomyopathy,International Journal of Cardiology,Morris Mosseri,133-141,Elsevier BV,en,S0167527397002027,2002-07-25 11:07:39,2019-04-27 10:50:56,6,2,1997/11,10.1016,,1997/11
10.1016/s0167-5273(97)00202-7,http://dx.doi.org/10.1016/s0167-5273(97)00202-7,The diameter of the epicardial coronary arteries in patients with dilated cardiomyopathy,International Journal of Cardiology,Einat Zolti,133-141,Elsevier BV,en,S0167527397002027,2002-07-25 11:07:39,2019-04-27 10:50:56,6,2,1997/11,10.1016,,1997/11
10.1016/s0167-5273(97)00202-7,http://dx.doi.org/10.1016/s0167-5273(97)00202-7,The diameter of the epicardial coronary arteries in patients with dilated cardiomyopathy,International Journal of Cardiology,Yoseph Rozenman,133-141,Elsevier BV,en,S0167527397002027,2002-07-25 11:07:39,2019-04-27 10:50:56,6,2,1997/11,10.1016,,1997/11
10.1016/s0167-5273(97)00202-7,http://dx.doi.org/10.1016/s0167-5273(97)00202-7,The diameter of the epicardial coronary arteries in patients with dilated cardiomyopathy,International Journal of Cardiology,Chaim Lotan,133-141,Elsevier BV,en,S0167527397002027,2002-07-25 11:07:39,2019-04-27 10:50:56,6,2,1997/11,10.1016,,1997/11
10.1016/s0167-5273(97)00202-7,http://dx.doi.org/10.1016/s0167-5273(97)00202-7,The diameter of the epicardial coronary arteries in patients with dilated cardiomyopathy,International Journal of Cardiology,Tamara Ershov,133-141,Elsevier BV,en,S0167527397002027,2002-07-25 11:07:39,2019-04-27 10:50:56,6,2,1997/11,10.1016,,1997/11
10.1016/s0167-5273(97)00202-7,http://dx.doi.org/10.1016/s0167-5273(97)00202-7,The diameter of the epicardial coronary arteries in patients with dilated cardiomyopathy,International Journal of Cardiology,Tami Izak,133-141,Elsevier BV,en,S0167527397002027,2002-07-25 11:07:39,2019-04-27 10:50:56,6,2,1997/11,10.1016,,1997/11
10.1016/s0167-5273(97)00202-7,http://dx.doi.org/10.1016/s0167-5273(97)00202-7,The diameter of the epicardial coronary arteries in patients with dilated cardiomyopathy,International Journal of Cardiology,Dan Admon,133-141,Elsevier BV,en,S0167527397002027,2002-07-25 11:07:39,2019-04-27 10:50:56,6,2,1997/11,10.1016,,1997/11
10.1016/s0167-5273(97)00202-7,http://dx.doi.org/10.1016/s0167-5273(97)00202-7,The diameter of the epicardial coronary arteries in patients with dilated cardiomyopathy,International Journal of Cardiology,Mervyn S Gotsman,133-141,Elsevier BV,en,S0167527397002027,2002-07-25 11:07:39,2019-04-27 10:50:56,6,2,1997/11,10.1016,,1997/11
