DOI,URL,title,container_title,author,page,publisher,language,alternative_id,created_date_time,deposited_date_time,is_referenced_by_count,issue,issued_date_parts,prefix,published_online_date_parts,published_print_date_parts
10.1044/jslhr.4006.1245,http://dx.doi.org/10.1044/jslhr.4006.1245,Prevalence of Specific Language Impairment in Kindergarten Children,"Journal of Speech, Language, and Hearing Research",Elaine Smith,1245-1260,American Speech Language Hearing Association,en,10.1044/jslhr.4006.1245,2014-07-29 20:59:28,2019-12-23 15:01:05,1004,6,1997/12,10.1044,,1997/12
10.1111/j.1475-2743.1997.tb00594.x,http://dx.doi.org/10.1111/j.1475-2743.1997.tb00594.x,Agricultural soils as a sink to mitigate CO2emissions,Soil Use and Management,P. Smith,230-244,Wiley,en,10.1111/j.1475-2743.1997.tb00594.x,2007-02-02 21:57:12,2020-04-19 23:11:57,534,s4,1997/12,10.1111,,1997/12
10.1046/j.1523-1755.1999.00786.x,http://dx.doi.org/10.1046/j.1523-1755.1999.00786.x,Echocardiography overestimates left ventricular mass in hemodialysis patients relative to magnetic resonance imaging,Kidney International,George Davey Smith,2248-2253,Elsevier BV,en,S0085253815465639,2002-07-26 10:01:23,2019-04-12 03:27:13,92,6,1999/12,10.1016,,1999/12
10.1136/bmj.319.7223.1462,http://dx.doi.org/10.1136/bmj.319.7223.1462,Increase in congenital rubella occurrence after immunisation in Greece: retrospective survey and systematic review   How does herd immunity work?,BMJ,John A. Walker-Smith,1462-1467,BMJ,en,,2011-10-28 00:01:59,2016-12-24 11:25:09,138,7223,1999/12/4,10.1136,,1999/12/4
10.1037/0012-1649.36.1.25,http://dx.doi.org/10.1037/0012-1649.36.1.25,Acquisition of mental state language in Mandarin- and Cantonese-speaking children.,Developmental Psychology,W. K. Smith,25-43,American Psychological Association (APA),en,1999-15929-003 | 10645742,2005-09-23 15:46:35,2020-04-09 21:36:48,86,1,2000,10.1037,2000,
10.1177/016344300022001003,http://dx.doi.org/10.1177/016344300022001003,"Public relations, news production and changing patterns of source access in the British national media","Media, Culture & Society",Brian E. Smith,39-59,SAGE Publications,en,10.1177/016344300022001003,2007-03-11 05:11:16,2018-01-07 16:06:47,101,1,2000/1,10.1177,2016/6/30,2000/1
10.1016/s0747-5632(99)00049-7,http://dx.doi.org/10.1016/s0747-5632(99)00049-7,Incidence and correlates of pathological Internet use among college students,Computers in Human Behavior,R. Smith,13-29,Elsevier BV,en,S0747563299000497,2002-07-26 03:01:16,2019-04-14 00:55:55,581,1,2000/1,10.1016,,2000/1
10.1046/j.1525-1497.2000.07228.x,http://dx.doi.org/10.1046/j.1525-1497.2000.07228.x,A physician’s guide to talking about end-of-life care,Journal of General Internal Medicine,Benjamin Smith,195-200,Springer Science and Business Media LLC,en,1503195,2003-03-12 05:29:07,2017-06-15 05:12:28,74,3,2000/3,10.1007,,2000/3
10.1093/brain/123.4.665,http://dx.doi.org/10.1093/brain/123.4.665,The incidence and lifetime prevalence of neurological disorders in a prospective community-based study in the UK,Brain,Frank Smithuis,665-676,Oxford University Press (OUP),,,2002-07-26 22:45:55,2017-08-22 22:40:13,429,4,2000/4/1,10.1093,,2000/4/1
10.1016/s0378-1119(00)00064-0,http://dx.doi.org/10.1016/s0378-1119(00)00064-0,Genomic organisation and characterisation of the neural sex-determination gene fruitless (fru) in the Hawaiian species Drosophila heteroneura,Gene,S. Smith,143-149,Elsevier BV,en,S0378111900000640,2002-07-26 02:18:34,2019-04-14 19:52:35,10,1-2,2000/4,10.1016,,2000/4
10.1016/s0272-6386(00)70249-6,http://dx.doi.org/10.1016/s0272-6386(00)70249-6,Seasonal variations of blood pressure and overhydration in patients on chronic hemodialysis,American Journal of Kidney Diseases,Hannah M. Buchanan-Smith,812-818,Elsevier BV,en,S0272638600702496,2008-03-18 13:02:59,2019-05-09 06:21:12,16,5,2000/5,10.1016,,2000/5
