DOI,URL,title,container_title,authors,page,publisher,language,alternative_id,created_date_time,deposited_date_time,is_referenced_by_count,issue,issued_date_parts,prefix,published_online_date_parts,published_print_date_parts
10.1177/070674379704200909,http://dx.doi.org/10.1177/070674379704200909,Depression in Primary Care—More like Asthma Than Appendicitis: The Michigan Depression Project,The Canadian Journal of Psychiatry,Michael S Klinkman,966-973,SAGE Publications,en,10.1177/070674379704200909,2017-01-06 01:32:38,2018-01-10 09:38:15,42,9,1997/11,10.1177,2016/11/30,1997/11
10.1177/070674379704200909,http://dx.doi.org/10.1177/070674379704200909,Depression in Primary Care—More like Asthma Than Appendicitis: The Michigan Depression Project,The Canadian Journal of Psychiatry,Thomas L Schwenk,966-973,SAGE Publications,en,10.1177/070674379704200909,2017-01-06 01:32:38,2018-01-10 09:38:15,42,9,1997/11,10.1177,2016/11/30,1997/11
10.1177/070674379704200909,http://dx.doi.org/10.1177/070674379704200909,Depression in Primary Care—More like Asthma Than Appendicitis: The Michigan Depression Project,The Canadian Journal of Psychiatry,James C Coyne,966-973,SAGE Publications,en,10.1177/070674379704200909,2017-01-06 01:32:38,2018-01-10 09:38:15,42,9,1997/11,10.1177,2016/11/30,1997/11
10.1177/070674379704200909,http://dx.doi.org/10.1177/070674379704200909,Depression in Primary Care—More like Asthma Than Appendicitis: The Michigan Depression Project,The Canadian Journal of Psychiatry,Michael S Klinkman,966-973,SAGE Publications,en,10.1177/070674379704200909,2017-01-06 01:32:38,2018-01-10 09:38:15,42,9,1997/11,10.1177,2016/11/30,1997/11
10.1177/070674379704200909,http://dx.doi.org/10.1177/070674379704200909,Depression in Primary Care—More like Asthma Than Appendicitis: The Michigan Depression Project,The Canadian Journal of Psychiatry,Thomas L Schwenk,966-973,SAGE Publications,en,10.1177/070674379704200909,2017-01-06 01:32:38,2018-01-10 09:38:15,42,9,1997/11,10.1177,2016/11/30,1997/11
10.1177/070674379704200909,http://dx.doi.org/10.1177/070674379704200909,Depression in Primary Care—More like Asthma Than Appendicitis: The Michigan Depression Project,The Canadian Journal of Psychiatry,James C Coyne,966-973,SAGE Publications,en,10.1177/070674379704200909,2017-01-06 01:32:38,2018-01-10 09:38:15,42,9,1997/11,10.1177,2016/11/30,1997/11
