{
  "0":{
    "affiliation":null,
    "authenticated_orcid":null,
    "family":"Smith",
    "given":"Jane",
    "name":"Jane Smith",
    "orcid":null,
    "sequence":null,
    "suffix":null
  },
  "1":{
    "affiliation":"The University of Iowa Iowa City",
    "authenticated_orcid":null,
    "family":"Smith",
    "given":"Elaine",
    "name":"Elaine Smith",
    "orcid":null,
    "sequence":"additional",
    "suffix":null
  },
  "2":{
    "affiliation":"",
    "authenticated_orcid":null,
    "family":"Smith",
    "given":"P.",
    "name":"P. Smith",
    "orcid":null,
    "sequence":"additional",
    "suffix":null
  },
  "3":{
    "affiliation":"",
    "authenticated_orcid":null,
    "family":"Smith",
    "given":"Daryl G.",
    "name":"Daryl G. Smith",
    "orcid":null,
    "sequence":"first",
    "suffix":null
  },
  "4":{
    "affiliation":"",
    "authenticated_orcid":null,
    "family":"Smith",
    "given":"M. S.",
    "name":"M. S. Smith",
    "orcid":null,
    "sequence":"first",
    "suffix":null
  },
  "5":{
    "affiliation":"Center for Place, Culture, and Politics, and Department of Anthropology, City University of New York, NY, USA",
    "authenticated_orcid":null,
    "family":"Smith",
    "given":"Neil",
    "name":"Neil Smith",
    "orcid":null,
    "sequence":"first",
    "suffix":null
  },
  "6":{
    "affiliation":"",
    "authenticated_orcid":null,
    "family":"Smitherman",
    "given":"Stephen M.",
    "name":"Stephen M. Smitherman",
    "orcid":null,
    "sequence":"additional",
    "suffix":null
  },
  "7":{
    "affiliation":"From The Rockefeller University (E.R. De O. e S., C.E.S., J.D.S., J.L.B.), New York, NY; University of Washington (D.F.) (Seattle); Hunter College (M.M.H.), City University of New York; and Carl T. Hayden VA Medical Center (E.A.B.), Phoenix, Ariz.",
    "authenticated_orcid":null,
    "family":"Smith",
    "given":"Jonathan D.",
    "name":"Jonathan D. Smith",
    "orcid":null,
    "sequence":"additional",
    "suffix":null
  },
  "8":{
    "affiliation":"",
    "authenticated_orcid":null,
    "family":"Davey Smith",
    "given":"G.",
    "name":"G. Davey Smith",
    "orcid":null,
    "sequence":"additional",
    "suffix":null
  },
  "9":{
    "affiliation":"",
    "authenticated_orcid":null,
    "family":"Smith",
    "given":"M.",
    "name":"M. Smith",
    "orcid":null,
    "sequence":"additional",
    "suffix":null
  },
  "10":{
    "affiliation":"",
    "authenticated_orcid":null,
    "family":"Smith",
    "given":"R.",
    "name":"R. Smith",
    "orcid":null,
    "sequence":"first",
    "suffix":null
  },
  "11":{
    "affiliation":"",
    "authenticated_orcid":null,
    "family":"Smith",
    "given":"Thomas T.",
    "name":"Thomas T. Smith",
    "orcid":null,
    "sequence":"additional",
    "suffix":null
  },
  "12":{
    "affiliation":"",
    "authenticated_orcid":null,
    "family":"Smith",
    "given":"Stephen W.",
    "name":"Stephen W. Smith",
    "orcid":null,
    "sequence":"additional",
    "suffix":null
  },
  "13":{
    "affiliation":"",
    "authenticated_orcid":null,
    "family":"Smith",
    "given":"Walker O.",
    "name":"Walker O. Smith",
    "orcid":null,
    "sequence":"additional",
    "suffix":null
  },
  "14":{
    "affiliation":"",
    "authenticated_orcid":null,
    "family":"Mahnensmith",
    "given":"Rex",
    "name":"Rex Mahnensmith",
    "orcid":null,
    "sequence":"additional",
    "suffix":null
  },
  "15":{
    "affiliation":"",
    "authenticated_orcid":null,
    "family":"Smith",
    "given":"I.",
    "name":"I. Smith",
    "orcid":null,
    "sequence":"first",
    "suffix":null
  },
  "17":{
    "affiliation":"",
    "authenticated_orcid":null,
    "family":"Smith",
    "given":"B. D.",
    "name":"B. D. Smith",
    "orcid":null,
    "sequence":"first",
    "suffix":null
  },
  "18":{
    "affiliation":"",
    "authenticated_orcid":null,
    "family":"Smith",
    "given":"Hamilton O.",
    "name":"Hamilton O. Smith",
    "orcid":null,
    "sequence":"additional",
    "suffix":null
  },
  "19":{
    "affiliation":"",
    "authenticated_orcid":null,
    "family":"Smith",
    "given":"Thomas",
    "name":"Thomas Smith",
    "orcid":null,
    "sequence":"additional",
    "suffix":null
  },
  "20":{
    "affiliation":"",
    "authenticated_orcid":null,
    "family":"Smith",
    "given":"Gordon C.S.",
    "name":"Gordon C.S. Smith",
    "orcid":null,
    "sequence":"first",
    "suffix":null
  },
  "21":{
    "affiliation":"",
    "authenticated_orcid":null,
    "family":"Smith",
    "given":"S.",
    "name":"S. Smith",
    "orcid":null,
    "sequence":"additional",
    "suffix":null
  },
  "22":{
    "affiliation":"MANCHESTER METROPOLITAN UNIVERSITY",
    "authenticated_orcid":null,
    "family":"SMITHSON",
    "given":"JANET",
    "name":"JANET SMITHSON",
    "orcid":null,
    "sequence":"additional",
    "suffix":null
  },
  "23":{
    "affiliation":"",
    "authenticated_orcid":null,
    "family":"Smith",
    "given":"George Davey",
    "name":"George Davey Smith",
    "orcid":null,
    "sequence":"first",
    "suffix":null
  },
  "24":{
    "affiliation":"",
    "authenticated_orcid":null,
    "family":"Walker-Smith",
    "given":"John A.",
    "name":"John A. Walker-Smith",
    "orcid":null,
    "sequence":"additional",
    "suffix":null
  },
  "25":{
    "affiliation":"",
    "authenticated_orcid":null,
    "family":"Smith",
    "given":"W. K.",
    "name":"W. K. Smith",
    "orcid":null,
    "sequence":"additional",
    "suffix":null
  },
  "26":{
    "affiliation":"",
    "authenticated_orcid":null,
    "family":"Smith",
    "given":"Brian E.",
    "name":"Brian E. Smith",
    "orcid":null,
    "sequence":"additional",
    "suffix":null
  },
  "28":{
    "affiliation":"",
    "authenticated_orcid":null,
    "family":"Smith",
    "given":"Benjamin",
    "name":"Benjamin Smith",
    "orcid":null,
    "sequence":"additional",
    "suffix":null
  },
  "29":{
    "affiliation":"",
    "authenticated_orcid":null,
    "family":"Smithuis",
    "given":"Frank",
    "name":"Frank Smithuis",
    "orcid":null,
    "sequence":"additional",
    "suffix":null
  },
  "31":{
    "affiliation":"",
    "authenticated_orcid":null,
    "family":"Buchanan-Smith",
    "given":"Hannah M.",
    "name":"Hannah M. Buchanan-Smith",
    "orcid":null,
    "sequence":"additional",
    "suffix":null
  },
  "32":{
    "affiliation":"",
    "authenticated_orcid":null,
    "family":"Smith, Jr",
    "given":"Sidney C.",
    "name":"Sidney C. Smith, Jr",
    "orcid":null,
    "sequence":"additional",
    "suffix":null
  },
  "33":{
    "affiliation":"",
    "authenticated_orcid":null,
    "family":"Smith",
    "given":"Clare G.M.",
    "name":"Clare G.M. Smith",
    "orcid":null,
    "sequence":"first",
    "suffix":null
  },
  "34":{
    "affiliation":"",
    "authenticated_orcid":null,
    "family":"Smith",
    "given":"A. F.",
    "name":"A. F. Smith",
    "orcid":null,
    "sequence":"additional",
    "suffix":null
  },
  "35":{
    "affiliation":"",
    "authenticated_orcid":null,
    "family":"Smith",
    "given":"Kathy",
    "name":"Kathy Smith",
    "orcid":null,
    "sequence":"additional",
    "suffix":null
  },
  "36":{
    "affiliation":"Department of Sociology, Duke University, Durham, North Carolina 27708; e-mail:",
    "authenticated_orcid":null,
    "family":"Smith-Lovin",
    "given":"Lynn",
    "name":"Lynn Smith-Lovin",
    "orcid":null,
    "sequence":"additional",
    "suffix":null
  },
  "37":{
    "affiliation":"",
    "authenticated_orcid":null,
    "family":"Smith",
    "given":"G. C S",
    "name":"G. C S Smith",
    "orcid":null,
    "sequence":"first",
    "suffix":null
  },
  "40":{
    "affiliation":"",
    "authenticated_orcid":null,
    "family":"Smith",
    "given":"R.",
    "name":"R. Smith",
    "orcid":null,
    "sequence":"additional",
    "suffix":null
  },
  "41":{
    "affiliation":"",
    "authenticated_orcid":null,
    "family":"Smith",
    "given":"Geoff",
    "name":"Geoff Smith",
    "orcid":null,
    "sequence":"additional",
    "suffix":null
  },
  "42":{
    "affiliation":"",
    "authenticated_orcid":null,
    "family":"Smith",
    "given":"Daniel T.",
    "name":"Daniel T. Smith",
    "orcid":null,
    "sequence":"additional",
    "suffix":null
  },
  "43":{
    "affiliation":"",
    "authenticated_orcid":null,
    "family":"Gordon-smith",
    "given":"E. C.",
    "name":"E. C. Gordon-smith",
    "orcid":null,
    "sequence":"additional",
    "suffix":null
  },
  "44":{
    "affiliation":"",
    "authenticated_orcid":null,
    "family":"Smith",
    "given":"Graham Paul",
    "name":"Graham Paul Smith",
    "orcid":null,
    "sequence":"additional",
    "suffix":null
  },
  "45":{
    "affiliation":"",
    "authenticated_orcid":null,
    "family":"Smith",
    "given":"Douglas E.",
    "name":"Douglas E. Smith",
    "orcid":null,
    "sequence":"first",
    "suffix":null
  },
  "46":{
    "affiliation":"",
    "authenticated_orcid":null,
    "family":"Smith",
    "given":"Steven B.",
    "name":"Steven B. Smith",
    "orcid":null,
    "sequence":"additional",
    "suffix":null
  },
  "47":{
    "affiliation":"",
    "authenticated_orcid":null,
    "family":"Smith",
    "given":"David E.",
    "name":"David E. Smith",
    "orcid":null,
    "sequence":"first",
    "suffix":null
  },
  "48":{
    "affiliation":"",
    "authenticated_orcid":null,
    "family":"Smith",
    "given":"Faye E",
    "name":"Faye E Smith",
    "orcid":null,
    "sequence":"additional",
    "suffix":null
  },
  "49":{
    "affiliation":"",
    "authenticated_orcid":null,
    "family":"Smith",
    "given":"Andra M",
    "name":"Andra M Smith",
    "orcid":null,
    "sequence":"additional",
    "suffix":null
  },
  "50":{
    "affiliation":"",
    "authenticated_orcid":null,
    "family":"Smith",
    "given":"Mike",
    "name":"Mike Smith",
    "orcid":null,
    "sequence":"additional",
    "suffix":null
  },
  "51":{
    "affiliation":"",
    "authenticated_orcid":null,
    "family":"Smith",
    "given":"Sandy G.",
    "name":"Sandy G. Smith",
    "orcid":null,
    "sequence":"additional",
    "suffix":null
  },
  "52":{
    "affiliation":"",
    "authenticated_orcid":null,
    "family":"Smith",
    "given":"Robert C.",
    "name":"Robert C. Smith",
    "orcid":null,
    "sequence":"additional",
    "suffix":null
  },
  "53":{
    "affiliation":"",
    "authenticated_orcid":null,
    "family":"Smith-Palmer",
    "given":"Truis",
    "name":"Truis Smith-Palmer",
    "orcid":null,
    "sequence":"additional",
    "suffix":null
  },
  "55":{
    "affiliation":"Bowling Green State University",
    "authenticated_orcid":null,
    "family":"Smith",
    "given":"Patricia C.",
    "name":"Patricia C. Smith",
    "orcid":null,
    "sequence":"additional",
    "suffix":null
  },
  "56":{
    "affiliation":"",
    "authenticated_orcid":null,
    "family":"Smith",
    "given":"Nickolas C.",
    "name":"Nickolas C. Smith",
    "orcid":null,
    "sequence":"additional",
    "suffix":null
  },
  "58":{
    "affiliation":"",
    "authenticated_orcid":null,
    "family":"Smith",
    "given":"Gerald H.",
    "name":"Gerald H. Smith",
    "orcid":null,
    "sequence":"additional",
    "suffix":null
  },
  "59":{
    "affiliation":"",
    "authenticated_orcid":null,
    "family":"Smith",
    "given":"A",
    "name":"A Smith",
    "orcid":null,
    "sequence":"additional",
    "suffix":null
  },
  "61":{
    "affiliation":"",
    "authenticated_orcid":null,
    "family":"Smith",
    "given":"Andrew C",
    "name":"Andrew C Smith",
    "orcid":null,
    "sequence":"additional",
    "suffix":null
  },
  "62":{
    "affiliation":"Indiana University",
    "authenticated_orcid":null,
    "family":"Smith",
    "given":"Linda B.",
    "name":"Linda B. Smith",
    "orcid":null,
    "sequence":"first",
    "suffix":null
  },
  "63":{
    "affiliation":"Carolin Smith is a postdoctoral research officer and Caroline Crowther is Associate Professor in the Department of Obstetrics &amp; Gynaecology, Adelaide University, Adelaide, Australia.",
    "authenticated_orcid":null,
    "family":"Smith",
    "given":"Caroline",
    "name":"Caroline Smith",
    "orcid":null,
    "sequence":"first",
    "suffix":null
  },
  "64":{
    "affiliation":"",
    "authenticated_orcid":null,
    "family":"Smith",
    "given":"Karen",
    "name":"Karen Smith",
    "orcid":null,
    "sequence":"additional",
    "suffix":null
  },
  "65":{
    "affiliation":"",
    "authenticated_orcid":null,
    "family":"Smith",
    "given":"Andrew T.",
    "name":"Andrew T. Smith",
    "orcid":null,
    "sequence":"additional",
    "suffix":null
  },
  "66":{
    "affiliation":"",
    "authenticated_orcid":null,
    "family":"Smith",
    "given":"D. Randall",
    "name":"D. Randall Smith",
    "orcid":null,
    "sequence":"first",
    "suffix":null
  },
  "67":{
    "affiliation":"",
    "authenticated_orcid":null,
    "family":"Smith",
    "given":"David M.",
    "name":"David M. Smith",
    "orcid":null,
    "sequence":"additional",
    "suffix":null
  },
  "68":{
    "affiliation":"",
    "authenticated_orcid":null,
    "family":"Smith",
    "given":"M",
    "name":"M Smith",
    "orcid":null,
    "sequence":"first",
    "suffix":null
  },
  "69":{
    "affiliation":"",
    "authenticated_orcid":null,
    "family":"Smith",
    "given":"H. O.",
    "name":"H. O. Smith",
    "orcid":null,
    "sequence":"additional",
    "suffix":null
  },
  "70":{
    "affiliation":"",
    "authenticated_orcid":null,
    "family":"Smith",
    "given":"Jennifer S.",
    "name":"Jennifer S. Smith",
    "orcid":null,
    "sequence":"additional",
    "suffix":null
  },
  "71":{
    "affiliation":"",
    "authenticated_orcid":null,
    "family":"Smith",
    "given":"R. P. R.",
    "name":"R. P. R. Smith",
    "orcid":null,
    "sequence":"first",
    "suffix":null
  },
  "74":{
    "affiliation":"",
    "authenticated_orcid":null,
    "family":"Smith",
    "given":"D. L.",
    "name":"D. L. Smith",
    "orcid":null,
    "sequence":"first",
    "suffix":null
  },
  "75":{
    "affiliation":"",
    "authenticated_orcid":null,
    "family":"Smith-Weller",
    "given":"T.",
    "name":"T. Smith-Weller",
    "orcid":null,
    "sequence":"additional",
    "suffix":null
  },
  "76":{
    "affiliation":"",
    "authenticated_orcid":null,
    "family":"Smith",
    "given":"Brian R.",
    "name":"Brian R. Smith",
    "orcid":null,
    "sequence":"additional",
    "suffix":null
  },
  "77":{
    "affiliation":"Deceased",
    "authenticated_orcid":null,
    "family":"Smith",
    "given":"Helene S.",
    "name":"Helene S. Smith",
    "orcid":null,
    "sequence":"additional",
    "suffix":null
  },
  "78":{
    "affiliation":"",
    "authenticated_orcid":null,
    "family":"Smith",
    "given":"Richard S",
    "name":"Richard S Smith",
    "orcid":null,
    "sequence":"additional",
    "suffix":null
  },
  "79":{
    "affiliation":"",
    "authenticated_orcid":null,
    "family":"Smith",
    "given":"GD",
    "name":"GD Smith",
    "orcid":null,
    "sequence":"additional",
    "suffix":null
  },
  "80":{
    "affiliation":"",
    "authenticated_orcid":null,
    "family":"Smith",
    "given":"Sidney C.",
    "name":"Sidney C. Smith",
    "orcid":null,
    "sequence":"additional",
    "suffix":null
  },
  "81":{
    "affiliation":"",
    "authenticated_orcid":null,
    "family":"Smith",
    "given":"Peter K.",
    "name":"Peter K. Smith",
    "orcid":null,
    "sequence":"first",
    "suffix":null
  },
  "82":{
    "affiliation":"",
    "authenticated_orcid":null,
    "family":"Smith",
    "given":"I",
    "name":"I Smith",
    "orcid":null,
    "sequence":"additional",
    "suffix":null
  },
  "83":{
    "affiliation":"",
    "authenticated_orcid":null,
    "family":"Smith",
    "given":"M Alex",
    "name":"M Alex Smith",
    "orcid":null,
    "sequence":"first",
    "suffix":null
  }
}