{
  "0":{
    "increment":14377,
    "objectID":"https:\/\/doi.org\/10.1001\/jama.280.18.1601",
    "totalEvents":170,
    "totalCambiaEvents":null,
    "firstCambiaEvent":null,
    "lastCambiaEvent":null,
    "totalCrossrefEvents":null,
    "firstCrossrefEvent":null,
    "lastCrossrefEvent":null,
    "totalDataciteEvents":null,
    "firstDataciteEvent":null,
    "lastDataciteEvent":null,
    "totalF1000Events":null,
    "firstF1000Event":null,
    "lastF1000Event":null,
    "totalHypothesisEvents":null,
    "firstHypothesisEvent":null,
    "lastHypothesisEvent":null,
    "totalNewsfeedEvents":null,
    "firstNewsfeedEvent":null,
    "lastNewsfeedEvent":null,
    "totalRedditEvents":null,
    "firstRedditEvent":null,
    "lastRedditEvent":null,
    "totalRedditLinksEvents":null,
    "firstRedditLinksEvent":null,
    "lastRedditLinksEvent":null,
    "totalStackExchangeEvents":null,
    "firstStackExchangeEvent":null,
    "lastStackExchangeEvent":null,
    "totalTwitterEvents":90,
    "firstTwitterEvent":1539978880000,
    "lastTwitterEvent":1613279340000,
    "totalWebEvents":null,
    "firstWebEvent":null,
    "lastWebEvent":null,
    "totalWikipediaEvents":79,
    "firstWikipediaEvent":1503820157000,
    "lastWikipediaEvent":1610595972000,
    "totalWordpressEvents":1,
    "firstWordpressEvent":1607823871000,
    "lastWordPressEvent":1607823871000
  }
}