{
  "0":{
    "wikipediaIncrement":3635,
    "sourceID":"wikipedia",
    "objectID":"https:\/\/doi.org\/10.1001\/jama.280.18.1601",
    "subjectID":"https:\/\/en.wikipedia.org\/wiki\/Bharadvajasana",
    "eventID":"9e788b14-655e-4708-9b4a-b1ec2732dba5",
    "occurredAt":1503834501000,
    "timeObserved":1503820157000,
    "relationType":"references",
    "sourceToken":"36c35e23-8757-4a9d-aacf-345e9b7eb50d",
    "license":"https:\/\/creativecommons.org\/publicdomain\/zero\/1.0\/",
    "termsOfUse":"https:\/\/doi.org\/10.13003\/CED-terms-of-use",
    "updatedDate":1517419800000,
    "updatedReason":"https:\/\/evidence.eventdata.crossref.org\/announcements\/2018-01-19T00-00-00Z-ED-15.json",
    "evidenceRecord":"https:\/\/evidence.eventdata.crossref.org\/evidence\/20170827-wikipedia-0423b6ad-67d4-41b8-8df7-6ac89e9a527e",
    "eventAction":"add",
    "subjectPID":"https:\/\/en.wikipedia.org\/wiki\/Bharadvajasana",
    "subjectTitle":"Bharadvajasana",
    "subjectURL":"https:\/\/en.wikipedia.org\/w\/index.php?title=Bharadvajasana&oldid=797495444",
    "subjectAPIURL":"https:\/\/en.wikipedia.org\/api\/rest_v1\/page\/html\/Bharadvajasana\/797495444",
    "objectPID":"https:\/\/doi.org\/10.1001\/jama.280.18.1601",
    "objectURL":"https:\/\/doi.org\/10.1001\/jama.280.18.1601"
  },
  "1":{
    "wikipediaIncrement":3636,
    "sourceID":"wikipedia",
    "objectID":"https:\/\/doi.org\/10.1001\/jama.280.18.1601",
    "subjectID":"https:\/\/en.wikipedia.org\/wiki\/Marian_Garfinkel",
    "eventID":"95cc4d5e-35ef-49ff-a50e-9346c8c677d2",
    "occurredAt":1507565756000,
    "timeObserved":1507551437000,
    "relationType":"references",
    "sourceToken":"36c35e23-8757-4a9d-aacf-345e9b7eb50d",
    "license":"https:\/\/creativecommons.org\/publicdomain\/zero\/1.0\/",
    "termsOfUse":"https:\/\/doi.org\/10.13003\/CED-terms-of-use",
    "updatedDate":1517419800000,
    "updatedReason":"https:\/\/evidence.eventdata.crossref.org\/announcements\/2018-01-19T00-00-00Z-ED-15.json",
    "evidenceRecord":"https:\/\/evidence.eventdata.crossref.org\/evidence\/20171009-wikipedia-1208672b-8af4-4e2b-b352-bea080a4eafc",
    "eventAction":"add",
    "subjectPID":"https:\/\/en.wikipedia.org\/wiki\/Marian_Garfinkel",
    "subjectTitle":"Marian Garfinkel",
    "subjectURL":"https:\/\/en.wikipedia.org\/w\/index.php?title=Marian_Garfinkel&oldid=804527054",
    "subjectAPIURL":"https:\/\/en.wikipedia.org\/api\/rest_v1\/page\/html\/Marian_Garfinkel\/804527054",
    "objectPID":"https:\/\/doi.org\/10.1001\/jama.280.18.1601",
    "objectURL":"https:\/\/doi.org\/10.1001\/jama.280.18.1601"
  },
  "2":{
    "wikipediaIncrement":3637,
    "sourceID":"wikipedia",
    "objectID":"https:\/\/doi.org\/10.1001\/jama.280.18.1601",
    "subjectID":"https:\/\/en.wikipedia.org\/api\/rest_v1\/page\/html\/Marian_Garfinkel\/805560547",
    "eventID":"5a48ae11-0fdc-47a3-93fe-0bec677b726e",
    "occurredAt":1508129860000,
    "timeObserved":1508115585000,
    "relationType":"references",
    "sourceToken":"36c35e23-8757-4a9d-aacf-345e9b7eb50d",
    "license":"https:\/\/creativecommons.org\/publicdomain\/zero\/1.0\/",
    "termsOfUse":"https:\/\/doi.org\/10.13003\/CED-terms-of-use",
    "updatedDate":null,
    "updatedReason":null,
    "evidenceRecord":"https:\/\/evidence.eventdata.crossref.org\/evidence\/20171016-wikipedia-9e5eb99b-dfdf-48e0-a028-444174fc1abc",
    "eventAction":"add",
    "subjectPID":"https:\/\/en.wikipedia.org\/w\/index.php?title=Marian_Garfinkel&oldid=805560547",
    "subjectTitle":"Marian Garfinkel",
    "subjectURL":"https:\/\/en.wikipedia.org\/wiki\/Marian_Garfinkel",
    "subjectAPIURL":"https:\/\/en.wikipedia.org\/api\/rest_v1\/page\/html\/Marian_Garfinkel\/805560547",
    "objectPID":"https:\/\/doi.org\/10.1001\/jama.280.18.1601",
    "objectURL":"https:\/\/doi.org\/10.1001\/jama.280.18.1601"
  },
  "3":{
    "wikipediaIncrement":3638,
    "sourceID":"wikipedia",
    "objectID":"https:\/\/doi.org\/10.1001\/jama.280.18.1601",
    "subjectID":"https:\/\/en.wikipedia.org\/api\/rest_v1\/page\/html\/Marian_Garfinkel\/805561378",
    "eventID":"6a997c8d-0da3-45bf-ba25-d94aec69fe63",
    "occurredAt":1508130443000,
    "timeObserved":1508116129000,
    "relationType":"references",
    "sourceToken":"36c35e23-8757-4a9d-aacf-345e9b7eb50d",
    "license":"https:\/\/creativecommons.org\/publicdomain\/zero\/1.0\/",
    "termsOfUse":"https:\/\/doi.org\/10.13003\/CED-terms-of-use",
    "updatedDate":null,
    "updatedReason":null,
    "evidenceRecord":"https:\/\/evidence.eventdata.crossref.org\/evidence\/20171016-wikipedia-3ed75372-b8d1-48ed-84d8-a0bf13a3de34",
    "eventAction":"add",
    "subjectPID":"https:\/\/en.wikipedia.org\/w\/index.php?title=Marian_Garfinkel&oldid=805561378",
    "subjectTitle":"Marian Garfinkel",
    "subjectURL":"https:\/\/en.wikipedia.org\/wiki\/Marian_Garfinkel",
    "subjectAPIURL":"https:\/\/en.wikipedia.org\/api\/rest_v1\/page\/html\/Marian_Garfinkel\/805561378",
    "objectPID":"https:\/\/doi.org\/10.1001\/jama.280.18.1601",
    "objectURL":"https:\/\/doi.org\/10.1001\/jama.280.18.1601"
  },
  "4":{
    "wikipediaIncrement":3639,
    "sourceID":"wikipedia",
    "objectID":"https:\/\/doi.org\/10.1001\/jama.280.18.1601",
    "subjectID":"https:\/\/en.wikipedia.org\/api\/rest_v1\/page\/html\/Marian_Garfinkel\/805601542",
    "eventID":"7edbb180-2686-4c6c-8f76-89e15b427368",
    "occurredAt":1508159163000,
    "timeObserved":1508144806000,
    "relationType":"references",
    "sourceToken":"36c35e23-8757-4a9d-aacf-345e9b7eb50d",
    "license":"https:\/\/creativecommons.org\/publicdomain\/zero\/1.0\/",
    "termsOfUse":"https:\/\/doi.org\/10.13003\/CED-terms-of-use",
    "updatedDate":null,
    "updatedReason":null,
    "evidenceRecord":"https:\/\/evidence.eventdata.crossref.org\/evidence\/20171016-wikipedia-8bb6a0e3-6d83-4f51-952b-ca64b398ee60",
    "eventAction":"add",
    "subjectPID":"https:\/\/en.wikipedia.org\/w\/index.php?title=Marian_Garfinkel&oldid=805601542",
    "subjectTitle":"Marian Garfinkel",
    "subjectURL":"https:\/\/en.wikipedia.org\/wiki\/Marian_Garfinkel",
    "subjectAPIURL":"https:\/\/en.wikipedia.org\/api\/rest_v1\/page\/html\/Marian_Garfinkel\/805601542",
    "objectPID":"https:\/\/doi.org\/10.1001\/jama.280.18.1601",
    "objectURL":"https:\/\/doi.org\/10.1001\/jama.280.18.1601"
  },
  "5":{
    "wikipediaIncrement":3640,
    "sourceID":"wikipedia",
    "objectID":"https:\/\/doi.org\/10.1001\/jama.280.18.1601",
    "subjectID":"https:\/\/en.wikipedia.org\/api\/rest_v1\/page\/html\/Marian_Garfinkel\/805698234",
    "eventID":"f6821a91-1409-414f-9764-d6558f541c2d",
    "occurredAt":1508204847000,
    "timeObserved":1508190682000,
    "relationType":"references",
    "sourceToken":"36c35e23-8757-4a9d-aacf-345e9b7eb50d",
    "license":"https:\/\/creativecommons.org\/publicdomain\/zero\/1.0\/",
    "termsOfUse":"https:\/\/doi.org\/10.13003\/CED-terms-of-use",
    "updatedDate":null,
    "updatedReason":null,
    "evidenceRecord":"https:\/\/evidence.eventdata.crossref.org\/evidence\/20171017-wikipedia-93bfb31d-d5ec-4f9f-93bb-795c9c0a9ede",
    "eventAction":"add",
    "subjectPID":"https:\/\/en.wikipedia.org\/w\/index.php?title=Marian_Garfinkel&oldid=805698234",
    "subjectTitle":"Marian Garfinkel",
    "subjectURL":"https:\/\/en.wikipedia.org\/wiki\/Marian_Garfinkel",
    "subjectAPIURL":"https:\/\/en.wikipedia.org\/api\/rest_v1\/page\/html\/Marian_Garfinkel\/805698234",
    "objectPID":"https:\/\/doi.org\/10.1001\/jama.280.18.1601",
    "objectURL":"https:\/\/doi.org\/10.1001\/jama.280.18.1601"
  },
  "6":{
    "wikipediaIncrement":3641,
    "sourceID":"wikipedia",
    "objectID":"https:\/\/doi.org\/10.1001\/jama.280.18.1601",
    "subjectID":"https:\/\/en.wikipedia.org\/api\/rest_v1\/page\/html\/Marian_Garfinkel\/805698644",
    "eventID":"c4defb16-a95b-49fc-8440-438857c640db",
    "occurredAt":1508205087000,
    "timeObserved":1508191010000,
    "relationType":"references",
    "sourceToken":"36c35e23-8757-4a9d-aacf-345e9b7eb50d",
    "license":"https:\/\/creativecommons.org\/publicdomain\/zero\/1.0\/",
    "termsOfUse":"https:\/\/doi.org\/10.13003\/CED-terms-of-use",
    "updatedDate":null,
    "updatedReason":null,
    "evidenceRecord":"https:\/\/evidence.eventdata.crossref.org\/evidence\/20171017-wikipedia-cb06d15a-5af9-4af5-911d-1a39240dbefb",
    "eventAction":"add",
    "subjectPID":"https:\/\/en.wikipedia.org\/w\/index.php?title=Marian_Garfinkel&oldid=805698644",
    "subjectTitle":"Marian Garfinkel",
    "subjectURL":"https:\/\/en.wikipedia.org\/wiki\/Marian_Garfinkel",
    "subjectAPIURL":"https:\/\/en.wikipedia.org\/api\/rest_v1\/page\/html\/Marian_Garfinkel\/805698644",
    "objectPID":"https:\/\/doi.org\/10.1001\/jama.280.18.1601",
    "objectURL":"https:\/\/doi.org\/10.1001\/jama.280.18.1601"
  },
  "7":{
    "wikipediaIncrement":3642,
    "sourceID":"wikipedia",
    "objectID":"https:\/\/doi.org\/10.1001\/jama.280.18.1601",
    "subjectID":"https:\/\/en.wikipedia.org\/api\/rest_v1\/page\/html\/Marian_Garfinkel\/805698475",
    "eventID":"1d2b81f5-988f-46cc-a6e5-18af6bf130dc",
    "occurredAt":1508204994000,
    "timeObserved":1508191126000,
    "relationType":"references",
    "sourceToken":"36c35e23-8757-4a9d-aacf-345e9b7eb50d",
    "license":"https:\/\/creativecommons.org\/publicdomain\/zero\/1.0\/",
    "termsOfUse":"https:\/\/doi.org\/10.13003\/CED-terms-of-use",
    "updatedDate":null,
    "updatedReason":null,
    "evidenceRecord":"https:\/\/evidence.eventdata.crossref.org\/evidence\/20171017-wikipedia-32eb30b3-1751-405d-88c2-f9d13c05e6de",
    "eventAction":"add",
    "subjectPID":"https:\/\/en.wikipedia.org\/w\/index.php?title=Marian_Garfinkel&oldid=805698475",
    "subjectTitle":"Marian Garfinkel",
    "subjectURL":"https:\/\/en.wikipedia.org\/wiki\/Marian_Garfinkel",
    "subjectAPIURL":"https:\/\/en.wikipedia.org\/api\/rest_v1\/page\/html\/Marian_Garfinkel\/805698475",
    "objectPID":"https:\/\/doi.org\/10.1001\/jama.280.18.1601",
    "objectURL":"https:\/\/doi.org\/10.1001\/jama.280.18.1601"
  },
  "8":{
    "wikipediaIncrement":3643,
    "sourceID":"wikipedia",
    "objectID":"https:\/\/doi.org\/10.1001\/jama.280.18.1601",
    "subjectID":"https:\/\/en.wikipedia.org\/api\/rest_v1\/page\/html\/Marian_Garfinkel\/805698577",
    "eventID":"54eae091-7ee8-4f76-81e4-63da217ad639",
    "occurredAt":1508205048000,
    "timeObserved":1508191318000,
    "relationType":"references",
    "sourceToken":"36c35e23-8757-4a9d-aacf-345e9b7eb50d",
    "license":"https:\/\/creativecommons.org\/publicdomain\/zero\/1.0\/",
    "termsOfUse":"https:\/\/doi.org\/10.13003\/CED-terms-of-use",
    "updatedDate":null,
    "updatedReason":null,
    "evidenceRecord":"https:\/\/evidence.eventdata.crossref.org\/evidence\/20171017-wikipedia-97cf2bba-56cc-406d-a30d-e2ad425babed",
    "eventAction":"add",
    "subjectPID":"https:\/\/en.wikipedia.org\/w\/index.php?title=Marian_Garfinkel&oldid=805698577",
    "subjectTitle":"Marian Garfinkel",
    "subjectURL":"https:\/\/en.wikipedia.org\/wiki\/Marian_Garfinkel",
    "subjectAPIURL":"https:\/\/en.wikipedia.org\/api\/rest_v1\/page\/html\/Marian_Garfinkel\/805698577",
    "objectPID":"https:\/\/doi.org\/10.1001\/jama.280.18.1601",
    "objectURL":"https:\/\/doi.org\/10.1001\/jama.280.18.1601"
  },
  "9":{
    "wikipediaIncrement":3644,
    "sourceID":"wikipedia",
    "objectID":"https:\/\/doi.org\/10.1001\/jama.280.18.1601",
    "subjectID":"https:\/\/en.wikipedia.org\/api\/rest_v1\/page\/html\/Marian_Garfinkel\/805700584",
    "eventID":"007d5dc0-4049-4ea2-b682-0ed6ed549aab",
    "occurredAt":1508206345000,
    "timeObserved":1508192273000,
    "relationType":"references",
    "sourceToken":"36c35e23-8757-4a9d-aacf-345e9b7eb50d",
    "license":"https:\/\/creativecommons.org\/publicdomain\/zero\/1.0\/",
    "termsOfUse":"https:\/\/doi.org\/10.13003\/CED-terms-of-use",
    "updatedDate":null,
    "updatedReason":null,
    "evidenceRecord":"https:\/\/evidence.eventdata.crossref.org\/evidence\/20171017-wikipedia-9eb3c8bb-647d-4fec-9da0-84aed255b6b7",
    "eventAction":"add",
    "subjectPID":"https:\/\/en.wikipedia.org\/w\/index.php?title=Marian_Garfinkel&oldid=805700584",
    "subjectTitle":"Marian Garfinkel",
    "subjectURL":"https:\/\/en.wikipedia.org\/wiki\/Marian_Garfinkel",
    "subjectAPIURL":"https:\/\/en.wikipedia.org\/api\/rest_v1\/page\/html\/Marian_Garfinkel\/805700584",
    "objectPID":"https:\/\/doi.org\/10.1001\/jama.280.18.1601",
    "objectURL":"https:\/\/doi.org\/10.1001\/jama.280.18.1601"
  },
  "10":{
    "wikipediaIncrement":3645,
    "sourceID":"wikipedia",
    "objectID":"https:\/\/doi.org\/10.1001\/jama.280.18.1601",
    "subjectID":"https:\/\/en.wikipedia.org\/api\/rest_v1\/page\/html\/Marian_Garfinkel\/808540966",
    "eventID":"727b027f-223b-40d1-a9fa-543e0b5c2b8e",
    "occurredAt":1509717314000,
    "timeObserved":1509702972000,
    "relationType":"references",
    "sourceToken":"36c35e23-8757-4a9d-aacf-345e9b7eb50d",
    "license":"https:\/\/creativecommons.org\/publicdomain\/zero\/1.0\/",
    "termsOfUse":"https:\/\/doi.org\/10.13003\/CED-terms-of-use",
    "updatedDate":null,
    "updatedReason":null,
    "evidenceRecord":"https:\/\/evidence.eventdata.crossref.org\/evidence\/20171103-wikipedia-ffa5d7ef-d7d4-4fe9-8b34-b6999eec0464",
    "eventAction":"add",
    "subjectPID":"https:\/\/en.wikipedia.org\/w\/index.php?title=Marian_Garfinkel&oldid=808540966",
    "subjectTitle":"Marian Garfinkel",
    "subjectURL":"https:\/\/en.wikipedia.org\/wiki\/Marian_Garfinkel",
    "subjectAPIURL":"https:\/\/en.wikipedia.org\/api\/rest_v1\/page\/html\/Marian_Garfinkel\/808540966",
    "objectPID":"https:\/\/doi.org\/10.1001\/jama.280.18.1601",
    "objectURL":"https:\/\/doi.org\/10.1001\/jama.280.18.1601"
  },
  "11":{
    "wikipediaIncrement":3646,
    "sourceID":"wikipedia",
    "objectID":"https:\/\/doi.org\/10.1001\/jama.280.18.1601",
    "subjectID":"https:\/\/en.wikipedia.org\/api\/rest_v1\/page\/html\/Marian_Garfinkel\/809863777",
    "eventID":"786109c4-eed2-4afe-8f1d-272918aaa01a",
    "occurredAt":1510442179000,
    "timeObserved":1510424234000,
    "relationType":"references",
    "sourceToken":"36c35e23-8757-4a9d-aacf-345e9b7eb50d",
    "license":"https:\/\/creativecommons.org\/publicdomain\/zero\/1.0\/",
    "termsOfUse":"https:\/\/doi.org\/10.13003\/CED-terms-of-use",
    "updatedDate":null,
    "updatedReason":null,
    "evidenceRecord":"https:\/\/evidence.eventdata.crossref.org\/evidence\/20171111-wikipedia-1e996063-90bf-44be-ad2b-b639855fb335",
    "eventAction":"add",
    "subjectPID":"https:\/\/en.wikipedia.org\/w\/index.php?title=Marian_Garfinkel&oldid=809863777",
    "subjectTitle":"Marian Garfinkel",
    "subjectURL":"https:\/\/en.wikipedia.org\/wiki\/Marian_Garfinkel",
    "subjectAPIURL":"https:\/\/en.wikipedia.org\/api\/rest_v1\/page\/html\/Marian_Garfinkel\/809863777",
    "objectPID":"https:\/\/doi.org\/10.1001\/jama.280.18.1601",
    "objectURL":"https:\/\/doi.org\/10.1001\/jama.280.18.1601"
  },
  "12":{
    "wikipediaIncrement":3647,
    "sourceID":"wikipedia",
    "objectID":"https:\/\/doi.org\/10.1001\/jama.280.18.1601",
    "subjectID":"https:\/\/en.wikipedia.org\/api\/rest_v1\/page\/html\/Marian_Garfinkel\/809913687",
    "eventID":"6df45fd5-b480-4c4e-9e17-d78bfb367cc3",
    "occurredAt":1510475279000,
    "timeObserved":1510457334000,
    "relationType":"references",
    "sourceToken":"36c35e23-8757-4a9d-aacf-345e9b7eb50d",
    "license":"https:\/\/creativecommons.org\/publicdomain\/zero\/1.0\/",
    "termsOfUse":"https:\/\/doi.org\/10.13003\/CED-terms-of-use",
    "updatedDate":null,
    "updatedReason":null,
    "evidenceRecord":"https:\/\/evidence.eventdata.crossref.org\/evidence\/20171112-wikipedia-251da09b-bf30-4d48-9463-876637a62adb",
    "eventAction":"add",
    "subjectPID":"https:\/\/en.wikipedia.org\/w\/index.php?title=Marian_Garfinkel&oldid=809913687",
    "subjectTitle":"Marian Garfinkel",
    "subjectURL":"https:\/\/en.wikipedia.org\/wiki\/Marian_Garfinkel",
    "subjectAPIURL":"https:\/\/en.wikipedia.org\/api\/rest_v1\/page\/html\/Marian_Garfinkel\/809913687",
    "objectPID":"https:\/\/doi.org\/10.1001\/jama.280.18.1601",
    "objectURL":"https:\/\/doi.org\/10.1001\/jama.280.18.1601"
  },
  "13":{
    "wikipediaIncrement":3648,
    "sourceID":"wikipedia",
    "objectID":"https:\/\/doi.org\/10.1001\/jama.280.18.1601",
    "subjectID":"https:\/\/en.wikipedia.org\/api\/rest_v1\/page\/html\/Marian_Garfinkel\/810061999",
    "eventID":"dd1786ad-3287-42cf-9dc8-bcd999a2a895",
    "occurredAt":1510546058000,
    "timeObserved":1510528150000,
    "relationType":"references",
    "sourceToken":"36c35e23-8757-4a9d-aacf-345e9b7eb50d",
    "license":"https:\/\/creativecommons.org\/publicdomain\/zero\/1.0\/",
    "termsOfUse":"https:\/\/doi.org\/10.13003\/CED-terms-of-use",
    "updatedDate":null,
    "updatedReason":null,
    "evidenceRecord":"https:\/\/evidence.eventdata.crossref.org\/evidence\/20171113-wikipedia-2aa3b537-6f27-4831-b84f-4ac5b46c65b3",
    "eventAction":"add",
    "subjectPID":"https:\/\/en.wikipedia.org\/w\/index.php?title=Marian_Garfinkel&oldid=810061999",
    "subjectTitle":"Marian Garfinkel",
    "subjectURL":"https:\/\/en.wikipedia.org\/wiki\/Marian_Garfinkel",
    "subjectAPIURL":"https:\/\/en.wikipedia.org\/api\/rest_v1\/page\/html\/Marian_Garfinkel\/810061999",
    "objectPID":"https:\/\/doi.org\/10.1001\/jama.280.18.1601",
    "objectURL":"https:\/\/doi.org\/10.1001\/jama.280.18.1601"
  },
  "14":{
    "wikipediaIncrement":3649,
    "sourceID":"wikipedia",
    "objectID":"https:\/\/doi.org\/10.1001\/jama.280.18.1601",
    "subjectID":"https:\/\/en.wikipedia.org\/api\/rest_v1\/page\/html\/Marian_Garfinkel\/813319179",
    "eventID":"56a4cb35-b222-440b-bad4-8089320c8764",
    "occurredAt":1512265724000,
    "timeObserved":1515888730000,
    "relationType":"references",
    "sourceToken":"36c35e23-8757-4a9d-aacf-345e9b7eb50d",
    "license":"https:\/\/creativecommons.org\/publicdomain\/zero\/1.0\/",
    "termsOfUse":"https:\/\/doi.org\/10.13003\/CED-terms-of-use",
    "updatedDate":null,
    "updatedReason":null,
    "evidenceRecord":"https:\/\/evidence.eventdata.crossref.org\/evidence\/20171203-wikipedia-15b72c05-8e25-4253-a465-e25c4e241e5f",
    "eventAction":"add",
    "subjectPID":"https:\/\/en.wikipedia.org\/w\/index.php?title=Marian_Garfinkel&oldid=813319179",
    "subjectTitle":"Marian Garfinkel",
    "subjectURL":"https:\/\/en.wikipedia.org\/wiki\/Marian_Garfinkel",
    "subjectAPIURL":"https:\/\/en.wikipedia.org\/api\/rest_v1\/page\/html\/Marian_Garfinkel\/813319179",
    "objectPID":"https:\/\/doi.org\/10.1001\/jama.280.18.1601",
    "objectURL":"https:\/\/doi.org\/10.1001\/jama.280.18.1601"
  },
  "15":{
    "wikipediaIncrement":3650,
    "sourceID":"wikipedia",
    "objectID":"https:\/\/doi.org\/10.1001\/jama.280.18.1601",
    "subjectID":"https:\/\/en.wikipedia.org\/api\/rest_v1\/page\/html\/Marian_Garfinkel\/825457948",
    "eventID":"36c86cf8-5564-451d-b88b-43d4a0a3218f",
    "occurredAt":1518533053000,
    "timeObserved":1518515149000,
    "relationType":"references",
    "sourceToken":"36c35e23-8757-4a9d-aacf-345e9b7eb50d",
    "license":"https:\/\/creativecommons.org\/publicdomain\/zero\/1.0\/",
    "termsOfUse":"https:\/\/doi.org\/10.13003\/CED-terms-of-use",
    "updatedDate":null,
    "updatedReason":null,
    "evidenceRecord":"https:\/\/evidence.eventdata.crossref.org\/evidence\/20180213-wikipedia-ed45ad20-f7cf-4324-b5ba-3bebaf3f27de",
    "eventAction":"add",
    "subjectPID":"https:\/\/en.wikipedia.org\/wiki\/Marian_Garfinkel",
    "subjectTitle":"Marian Garfinkel",
    "subjectURL":"https:\/\/en.wikipedia.org\/w\/index.php?title=Marian_Garfinkel&oldid=825457948",
    "subjectAPIURL":"https:\/\/en.wikipedia.org\/api\/rest_v1\/page\/html\/Marian_Garfinkel\/825457948",
    "objectPID":"https:\/\/doi.org\/10.1001\/jama.280.18.1601",
    "objectURL":"https:\/\/doi.org\/10.1001\/jama.280.18.1601"
  },
  "16":{
    "wikipediaIncrement":3651,
    "sourceID":"wikipedia",
    "objectID":"https:\/\/doi.org\/10.1001\/jama.280.18.1601",
    "subjectID":"https:\/\/en.wikipedia.org\/api\/rest_v1\/page\/html\/Marian_Garfinkel\/832772621",
    "eventID":"f1c45d79-e2b3-48bd-bbe3-67624b97e48c",
    "occurredAt":1522190098000,
    "timeObserved":1522175840000,
    "relationType":"references",
    "sourceToken":"36c35e23-8757-4a9d-aacf-345e9b7eb50d",
    "license":"https:\/\/creativecommons.org\/publicdomain\/zero\/1.0\/",
    "termsOfUse":"https:\/\/doi.org\/10.13003\/CED-terms-of-use",
    "updatedDate":null,
    "updatedReason":null,
    "evidenceRecord":"https:\/\/evidence.eventdata.crossref.org\/evidence\/20180327-wikipedia-d92b6de8-41c4-451a-a2b6-4c23cd3b0e12",
    "eventAction":"add",
    "subjectPID":"https:\/\/en.wikipedia.org\/wiki\/Marian_Garfinkel",
    "subjectTitle":"Marian Garfinkel",
    "subjectURL":"https:\/\/en.wikipedia.org\/w\/index.php?title=Marian_Garfinkel&oldid=832772621",
    "subjectAPIURL":"https:\/\/en.wikipedia.org\/api\/rest_v1\/page\/html\/Marian_Garfinkel\/832772621",
    "objectPID":"https:\/\/doi.org\/10.1001\/jama.280.18.1601",
    "objectURL":"https:\/\/doi.org\/10.1001\/jama.280.18.1601"
  },
  "17":{
    "wikipediaIncrement":3652,
    "sourceID":"wikipedia",
    "objectID":"https:\/\/doi.org\/10.1001\/jama.280.18.1601",
    "subjectID":"https:\/\/en.wikipedia.org\/api\/rest_v1\/page\/html\/Marian_Garfinkel\/833439913",
    "eventID":"5071e6ae-f02d-4165-b6f1-87f9c95b48a6",
    "occurredAt":1522510361000,
    "timeObserved":1522496052000,
    "relationType":"references",
    "sourceToken":"36c35e23-8757-4a9d-aacf-345e9b7eb50d",
    "license":"https:\/\/creativecommons.org\/publicdomain\/zero\/1.0\/",
    "termsOfUse":"https:\/\/doi.org\/10.13003\/CED-terms-of-use",
    "updatedDate":null,
    "updatedReason":null,
    "evidenceRecord":"https:\/\/evidence.eventdata.crossref.org\/evidence\/20180331-wikipedia-f7922df0-e2db-41b5-92c9-89427099c6d3",
    "eventAction":"add",
    "subjectPID":"https:\/\/en.wikipedia.org\/wiki\/Marian_Garfinkel",
    "subjectTitle":"Marian Garfinkel",
    "subjectURL":"https:\/\/en.wikipedia.org\/w\/index.php?title=Marian_Garfinkel&oldid=833439913",
    "subjectAPIURL":"https:\/\/en.wikipedia.org\/api\/rest_v1\/page\/html\/Marian_Garfinkel\/833439913",
    "objectPID":"https:\/\/doi.org\/10.1001\/jama.280.18.1601",
    "objectURL":"https:\/\/doi.org\/10.1001\/jama.280.18.1601"
  },
  "18":{
    "wikipediaIncrement":3653,
    "sourceID":"wikipedia",
    "objectID":"https:\/\/doi.org\/10.1001\/jama.280.18.1601",
    "subjectID":"https:\/\/en.wikipedia.org\/api\/rest_v1\/page\/html\/Marian_Garfinkel\/833440082",
    "eventID":"3a866696-4132-4922-b7d7-4f6c6f55999e",
    "occurredAt":1522510436000,
    "timeObserved":1522496153000,
    "relationType":"references",
    "sourceToken":"36c35e23-8757-4a9d-aacf-345e9b7eb50d",
    "license":"https:\/\/creativecommons.org\/publicdomain\/zero\/1.0\/",
    "termsOfUse":"https:\/\/doi.org\/10.13003\/CED-terms-of-use",
    "updatedDate":null,
    "updatedReason":null,
    "evidenceRecord":"https:\/\/evidence.eventdata.crossref.org\/evidence\/20180331-wikipedia-b0086eae-3650-4f3e-a4fa-e0d41308ff77",
    "eventAction":"add",
    "subjectPID":"https:\/\/en.wikipedia.org\/wiki\/Marian_Garfinkel",
    "subjectTitle":"Marian Garfinkel",
    "subjectURL":"https:\/\/en.wikipedia.org\/w\/index.php?title=Marian_Garfinkel&oldid=833440082",
    "subjectAPIURL":"https:\/\/en.wikipedia.org\/api\/rest_v1\/page\/html\/Marian_Garfinkel\/833440082",
    "objectPID":"https:\/\/doi.org\/10.1001\/jama.280.18.1601",
    "objectURL":"https:\/\/doi.org\/10.1001\/jama.280.18.1601"
  },
  "19":{
    "wikipediaIncrement":3654,
    "sourceID":"wikipedia",
    "objectID":"https:\/\/doi.org\/10.1001\/jama.280.18.1601",
    "subjectID":"https:\/\/en.wikipedia.org\/api\/rest_v1\/page\/html\/Bharadvajasana\/835987315",
    "eventID":"aea0d72f-de64-4828-9b87-70db9a5883e4",
    "occurredAt":1523492296000,
    "timeObserved":1523477961000,
    "relationType":"references",
    "sourceToken":"36c35e23-8757-4a9d-aacf-345e9b7eb50d",
    "license":"https:\/\/creativecommons.org\/publicdomain\/zero\/1.0\/",
    "termsOfUse":"https:\/\/doi.org\/10.13003\/CED-terms-of-use",
    "updatedDate":null,
    "updatedReason":null,
    "evidenceRecord":"https:\/\/evidence.eventdata.crossref.org\/evidence\/20180412-wikipedia-04a58ad5-1dfa-4a2a-a90f-5c76bf13ea6f",
    "eventAction":"add",
    "subjectPID":"https:\/\/en.wikipedia.org\/wiki\/Bharadvajasana",
    "subjectTitle":"Bharadvajasana",
    "subjectURL":"https:\/\/en.wikipedia.org\/w\/index.php?title=Bharadvajasana&oldid=835987315",
    "subjectAPIURL":"https:\/\/en.wikipedia.org\/api\/rest_v1\/page\/html\/Bharadvajasana\/835987315",
    "objectPID":"https:\/\/doi.org\/10.1001\/jama.280.18.1601",
    "objectURL":"https:\/\/dx.doi.org\/10.1001\/jama.280.18.1601"
  },
  "20":{
    "wikipediaIncrement":3655,
    "sourceID":"wikipedia",
    "objectID":"https:\/\/doi.org\/10.1001\/jama.280.18.1601",
    "subjectID":"https:\/\/en.wikipedia.org\/api\/rest_v1\/page\/html\/Bharadvajasana\/841174861",
    "eventID":"b21a1a62-27d2-446f-83c6-7cfe9fb61b5b",
    "occurredAt":1526304320000,
    "timeObserved":1526290057000,
    "relationType":"references",
    "sourceToken":"36c35e23-8757-4a9d-aacf-345e9b7eb50d",
    "license":"https:\/\/creativecommons.org\/publicdomain\/zero\/1.0\/",
    "termsOfUse":"https:\/\/doi.org\/10.13003\/CED-terms-of-use",
    "updatedDate":null,
    "updatedReason":null,
    "evidenceRecord":"https:\/\/evidence.eventdata.crossref.org\/evidence\/20180514-wikipedia-a0bb701d-a1db-45c7-a13b-1831d0c7faa7",
    "eventAction":"add",
    "subjectPID":"https:\/\/en.wikipedia.org\/wiki\/Bharadvajasana",
    "subjectTitle":"Bharadvajasana",
    "subjectURL":"https:\/\/en.wikipedia.org\/w\/index.php?title=Bharadvajasana&oldid=841174861",
    "subjectAPIURL":"https:\/\/en.wikipedia.org\/api\/rest_v1\/page\/html\/Bharadvajasana\/841174861",
    "objectPID":"https:\/\/doi.org\/10.1001\/jama.280.18.1601",
    "objectURL":"https:\/\/dx.doi.org\/10.1001\/jama.280.18.1601"
  },
  "21":{
    "wikipediaIncrement":3656,
    "sourceID":"wikipedia",
    "objectID":"https:\/\/doi.org\/10.1001\/jama.280.18.1601",
    "subjectID":"https:\/\/en.wikipedia.org\/api\/rest_v1\/page\/html\/Marian_Garfinkel\/855619350",
    "eventID":"acde128f-0a65-4828-82ed-ac01134ba3c3",
    "occurredAt":1534697738000,
    "timeObserved":1534683440000,
    "relationType":"references",
    "sourceToken":"36c35e23-8757-4a9d-aacf-345e9b7eb50d",
    "license":"https:\/\/creativecommons.org\/publicdomain\/zero\/1.0\/",
    "termsOfUse":"https:\/\/doi.org\/10.13003\/CED-terms-of-use",
    "updatedDate":null,
    "updatedReason":null,
    "evidenceRecord":"https:\/\/evidence.eventdata.crossref.org\/evidence\/20180819-wikipedia-86bb4afb-4779-4096-9a6e-fc0d2f22abcb",
    "eventAction":"add",
    "subjectPID":"https:\/\/en.wikipedia.org\/wiki\/Marian_Garfinkel",
    "subjectTitle":"Marian Garfinkel",
    "subjectURL":"https:\/\/en.wikipedia.org\/w\/index.php?title=Marian_Garfinkel&oldid=855619350",
    "subjectAPIURL":"https:\/\/en.wikipedia.org\/api\/rest_v1\/page\/html\/Marian_Garfinkel\/855619350",
    "objectPID":"https:\/\/doi.org\/10.1001\/jama.280.18.1601",
    "objectURL":"https:\/\/doi.org\/10.1001\/jama.280.18.1601"
  },
  "22":{
    "wikipediaIncrement":3657,
    "sourceID":"wikipedia",
    "objectID":"https:\/\/doi.org\/10.1001\/jama.280.18.1601",
    "subjectID":"https:\/\/en.wikipedia.org\/api\/rest_v1\/page\/html\/Marian_Garfinkel\/855621890",
    "eventID":"486d72b4-3e08-4eaf-9032-064371e37669",
    "occurredAt":1534698944000,
    "timeObserved":1534684645000,
    "relationType":"references",
    "sourceToken":"36c35e23-8757-4a9d-aacf-345e9b7eb50d",
    "license":"https:\/\/creativecommons.org\/publicdomain\/zero\/1.0\/",
    "termsOfUse":"https:\/\/doi.org\/10.13003\/CED-terms-of-use",
    "updatedDate":null,
    "updatedReason":null,
    "evidenceRecord":"https:\/\/evidence.eventdata.crossref.org\/evidence\/20180819-wikipedia-5a09b781-a4ff-4df5-8dfd-aee3a30308c5",
    "eventAction":"add",
    "subjectPID":"https:\/\/en.wikipedia.org\/wiki\/Marian_Garfinkel",
    "subjectTitle":"Marian Garfinkel",
    "subjectURL":"https:\/\/en.wikipedia.org\/w\/index.php?title=Marian_Garfinkel&oldid=855621890",
    "subjectAPIURL":"https:\/\/en.wikipedia.org\/api\/rest_v1\/page\/html\/Marian_Garfinkel\/855621890",
    "objectPID":"https:\/\/doi.org\/10.1001\/jama.280.18.1601",
    "objectURL":"https:\/\/doi.org\/10.1001\/jama.280.18.1601"
  },
  "23":{
    "wikipediaIncrement":3658,
    "sourceID":"wikipedia",
    "objectID":"https:\/\/doi.org\/10.1001\/jama.280.18.1601",
    "subjectID":"https:\/\/en.wikipedia.org\/api\/rest_v1\/page\/html\/Marian_Garfinkel\/855623220",
    "eventID":"e5622405-6fb5-47fd-951e-cfec93e6b48e",
    "occurredAt":1534699659000,
    "timeObserved":1534685390000,
    "relationType":"references",
    "sourceToken":"36c35e23-8757-4a9d-aacf-345e9b7eb50d",
    "license":"https:\/\/creativecommons.org\/publicdomain\/zero\/1.0\/",
    "termsOfUse":"https:\/\/doi.org\/10.13003\/CED-terms-of-use",
    "updatedDate":null,
    "updatedReason":null,
    "evidenceRecord":"https:\/\/evidence.eventdata.crossref.org\/evidence\/20180819-wikipedia-61409621-f72a-4c2b-b793-220782462aa4",
    "eventAction":"add",
    "subjectPID":"https:\/\/en.wikipedia.org\/wiki\/Marian_Garfinkel",
    "subjectTitle":"Marian Garfinkel",
    "subjectURL":"https:\/\/en.wikipedia.org\/w\/index.php?title=Marian_Garfinkel&oldid=855623220",
    "subjectAPIURL":"https:\/\/en.wikipedia.org\/api\/rest_v1\/page\/html\/Marian_Garfinkel\/855623220",
    "objectPID":"https:\/\/doi.org\/10.1001\/jama.280.18.1601",
    "objectURL":"https:\/\/doi.org\/10.1001\/jama.280.18.1601"
  },
  "24":{
    "wikipediaIncrement":3659,
    "sourceID":"wikipedia",
    "objectID":"https:\/\/doi.org\/10.1001\/jama.280.18.1601",
    "subjectID":"https:\/\/en.wikipedia.org\/api\/rest_v1\/page\/html\/Marian_Garfinkel\/855623473",
    "eventID":"7d0437ed-9824-4d4e-bb6e-a25f9625da5e",
    "occurredAt":1534699796000,
    "timeObserved":1534685444000,
    "relationType":"references",
    "sourceToken":"36c35e23-8757-4a9d-aacf-345e9b7eb50d",
    "license":"https:\/\/creativecommons.org\/publicdomain\/zero\/1.0\/",
    "termsOfUse":"https:\/\/doi.org\/10.13003\/CED-terms-of-use",
    "updatedDate":null,
    "updatedReason":null,
    "evidenceRecord":"https:\/\/evidence.eventdata.crossref.org\/evidence\/20180819-wikipedia-1c487b54-3ae4-4d85-abe4-df190c35c5b1",
    "eventAction":"add",
    "subjectPID":"https:\/\/en.wikipedia.org\/wiki\/Marian_Garfinkel",
    "subjectTitle":"Marian Garfinkel",
    "subjectURL":"https:\/\/en.wikipedia.org\/w\/index.php?title=Marian_Garfinkel&oldid=855623473",
    "subjectAPIURL":"https:\/\/en.wikipedia.org\/api\/rest_v1\/page\/html\/Marian_Garfinkel\/855623473",
    "objectPID":"https:\/\/doi.org\/10.1001\/jama.280.18.1601",
    "objectURL":"https:\/\/doi.org\/10.1001\/jama.280.18.1601"
  },
  "25":{
    "wikipediaIncrement":3660,
    "sourceID":"wikipedia",
    "objectID":"https:\/\/doi.org\/10.1001\/jama.280.18.1601",
    "subjectID":"https:\/\/en.wikipedia.org\/api\/rest_v1\/page\/html\/Marian_Garfinkel\/857767927",
    "eventID":"99ad2628-8b53-4f1f-bfbf-c288a0927a0e",
    "occurredAt":1535926002000,
    "timeObserved":1535911684000,
    "relationType":"references",
    "sourceToken":"36c35e23-8757-4a9d-aacf-345e9b7eb50d",
    "license":"https:\/\/creativecommons.org\/publicdomain\/zero\/1.0\/",
    "termsOfUse":"https:\/\/doi.org\/10.13003\/CED-terms-of-use",
    "updatedDate":null,
    "updatedReason":null,
    "evidenceRecord":"https:\/\/evidence.eventdata.crossref.org\/evidence\/20180902-wikipedia-d96457b7-3ace-40b5-8160-d2013adb1be3",
    "eventAction":"add",
    "subjectPID":"https:\/\/en.wikipedia.org\/wiki\/Marian_Garfinkel",
    "subjectTitle":"Marian Garfinkel",
    "subjectURL":"https:\/\/en.wikipedia.org\/w\/index.php?title=Marian_Garfinkel&oldid=857767927",
    "subjectAPIURL":"https:\/\/en.wikipedia.org\/api\/rest_v1\/page\/html\/Marian_Garfinkel\/857767927",
    "objectPID":"https:\/\/doi.org\/10.1001\/jama.280.18.1601",
    "objectURL":"https:\/\/doi.org\/10.1001\/jama.280.18.1601"
  },
  "26":{
    "wikipediaIncrement":3661,
    "sourceID":"wikipedia",
    "objectID":"https:\/\/doi.org\/10.1001\/jama.280.18.1601",
    "subjectID":"https:\/\/en.wikipedia.org\/api\/rest_v1\/page\/html\/Bharadvajasana\/873652709",
    "eventID":"ff56224f-5b32-402e-851f-c9d7966311c1",
    "occurredAt":1544773872000,
    "timeObserved":1544756166000,
    "relationType":"references",
    "sourceToken":"36c35e23-8757-4a9d-aacf-345e9b7eb50d",
    "license":"https:\/\/creativecommons.org\/publicdomain\/zero\/1.0\/",
    "termsOfUse":"https:\/\/doi.org\/10.13003\/CED-terms-of-use",
    "updatedDate":null,
    "updatedReason":null,
    "evidenceRecord":"https:\/\/evidence.eventdata.crossref.org\/evidence\/20181214-wikipedia-bcc66158-aa22-4387-a104-6010c2336420",
    "eventAction":"add",
    "subjectPID":"https:\/\/en.wikipedia.org\/wiki\/Bharadvajasana",
    "subjectTitle":"Bharadvajasana",
    "subjectURL":"https:\/\/en.wikipedia.org\/w\/index.php?title=Bharadvajasana&oldid=873652709",
    "subjectAPIURL":"https:\/\/en.wikipedia.org\/api\/rest_v1\/page\/html\/Bharadvajasana\/873652709",
    "objectPID":"https:\/\/doi.org\/10.1001\/jama.280.18.1601",
    "objectURL":"https:\/\/dx.doi.org\/10.1001\/jama.280.18.1601"
  },
  "27":{
    "wikipediaIncrement":3662,
    "sourceID":"wikipedia",
    "objectID":"https:\/\/doi.org\/10.1001\/jama.280.18.1601",
    "subjectID":"https:\/\/en.wikipedia.org\/api\/rest_v1\/page\/html\/Bharadvajasana\/873653192",
    "eventID":"be47b3c2-adcb-4373-ad42-d9d944a32241",
    "occurredAt":1544774249000,
    "timeObserved":1544756544000,
    "relationType":"references",
    "sourceToken":"36c35e23-8757-4a9d-aacf-345e9b7eb50d",
    "license":"https:\/\/creativecommons.org\/publicdomain\/zero\/1.0\/",
    "termsOfUse":"https:\/\/doi.org\/10.13003\/CED-terms-of-use",
    "updatedDate":null,
    "updatedReason":null,
    "evidenceRecord":"https:\/\/evidence.eventdata.crossref.org\/evidence\/20181214-wikipedia-788dfceb-ca03-4c19-b9be-ae13a9a05092",
    "eventAction":"add",
    "subjectPID":"https:\/\/en.wikipedia.org\/wiki\/Bharadvajasana",
    "subjectTitle":"Bharadvajasana",
    "subjectURL":"https:\/\/en.wikipedia.org\/w\/index.php?title=Bharadvajasana&oldid=873653192",
    "subjectAPIURL":"https:\/\/en.wikipedia.org\/api\/rest_v1\/page\/html\/Bharadvajasana\/873653192",
    "objectPID":"https:\/\/doi.org\/10.1001\/jama.280.18.1601",
    "objectURL":"https:\/\/doi.org\/10.1001\/jama.280.18.1601"
  },
  "28":{
    "wikipediaIncrement":3663,
    "sourceID":"wikipedia",
    "objectID":"https:\/\/doi.org\/10.1001\/jama.280.18.1601",
    "subjectID":"https:\/\/en.wikipedia.org\/api\/rest_v1\/page\/html\/Bharadvajasana\/873653260",
    "eventID":"ed03b5da-1625-42d0-a34c-28a024052e61",
    "occurredAt":1544774305000,
    "timeObserved":1544756596000,
    "relationType":"references",
    "sourceToken":"36c35e23-8757-4a9d-aacf-345e9b7eb50d",
    "license":"https:\/\/creativecommons.org\/publicdomain\/zero\/1.0\/",
    "termsOfUse":"https:\/\/doi.org\/10.13003\/CED-terms-of-use",
    "updatedDate":null,
    "updatedReason":null,
    "evidenceRecord":"https:\/\/evidence.eventdata.crossref.org\/evidence\/20181214-wikipedia-9aea6a8b-f0ec-4c9c-90fa-b0183b1c11ee",
    "eventAction":"add",
    "subjectPID":"https:\/\/en.wikipedia.org\/wiki\/Bharadvajasana",
    "subjectTitle":"Bharadvajasana",
    "subjectURL":"https:\/\/en.wikipedia.org\/w\/index.php?title=Bharadvajasana&oldid=873653260",
    "subjectAPIURL":"https:\/\/en.wikipedia.org\/api\/rest_v1\/page\/html\/Bharadvajasana\/873653260",
    "objectPID":"https:\/\/doi.org\/10.1001\/jama.280.18.1601",
    "objectURL":"https:\/\/doi.org\/10.1001\/jama.280.18.1601"
  },
  "29":{
    "wikipediaIncrement":3664,
    "sourceID":"wikipedia",
    "objectID":"https:\/\/doi.org\/10.1001\/jama.280.18.1601",
    "subjectID":"https:\/\/en.wikipedia.org\/api\/rest_v1\/page\/html\/Bharadvajasana\/873654374",
    "eventID":"cfbf8bfc-8679-4f36-a748-515224b81bf2",
    "occurredAt":1544775233000,
    "timeObserved":1544757357000,
    "relationType":"references",
    "sourceToken":"36c35e23-8757-4a9d-aacf-345e9b7eb50d",
    "license":"https:\/\/creativecommons.org\/publicdomain\/zero\/1.0\/",
    "termsOfUse":"https:\/\/doi.org\/10.13003\/CED-terms-of-use",
    "updatedDate":null,
    "updatedReason":null,
    "evidenceRecord":"https:\/\/evidence.eventdata.crossref.org\/evidence\/20181214-wikipedia-68e9c968-4828-4c9c-b0bd-2788a27f723d",
    "eventAction":"add",
    "subjectPID":"https:\/\/en.wikipedia.org\/wiki\/Bharadvajasana",
    "subjectTitle":"Bharadvajasana",
    "subjectURL":"https:\/\/en.wikipedia.org\/w\/index.php?title=Bharadvajasana&oldid=873654374",
    "subjectAPIURL":"https:\/\/en.wikipedia.org\/api\/rest_v1\/page\/html\/Bharadvajasana\/873654374",
    "objectPID":"https:\/\/doi.org\/10.1001\/jama.280.18.1601",
    "objectURL":"https:\/\/doi.org\/10.1001\/jama.280.18.1601"
  },
  "30":{
    "wikipediaIncrement":3665,
    "sourceID":"wikipedia",
    "objectID":"https:\/\/doi.org\/10.1001\/jama.280.18.1601",
    "subjectID":"https:\/\/en.wikipedia.org\/api\/rest_v1\/page\/html\/Bharadvajasana\/873654600",
    "eventID":"fb0c8d7b-eede-4610-87df-e0caeaf6a681",
    "occurredAt":1544775443000,
    "timeObserved":1544757861000,
    "relationType":"references",
    "sourceToken":"36c35e23-8757-4a9d-aacf-345e9b7eb50d",
    "license":"https:\/\/creativecommons.org\/publicdomain\/zero\/1.0\/",
    "termsOfUse":"https:\/\/doi.org\/10.13003\/CED-terms-of-use",
    "updatedDate":null,
    "updatedReason":null,
    "evidenceRecord":"https:\/\/evidence.eventdata.crossref.org\/evidence\/20181214-wikipedia-3989d829-0df0-43f5-bf38-0476d63d9a23",
    "eventAction":"add",
    "subjectPID":"https:\/\/en.wikipedia.org\/wiki\/Bharadvajasana",
    "subjectTitle":"Bharadvajasana",
    "subjectURL":"https:\/\/en.wikipedia.org\/w\/index.php?title=Bharadvajasana&oldid=873654600",
    "subjectAPIURL":"https:\/\/en.wikipedia.org\/api\/rest_v1\/page\/html\/Bharadvajasana\/873654600",
    "objectPID":"https:\/\/doi.org\/10.1001\/jama.280.18.1601",
    "objectURL":"https:\/\/dx.doi.org\/10.1001\/jama.280.18.1601"
  },
  "31":{
    "wikipediaIncrement":3666,
    "sourceID":"wikipedia",
    "objectID":"https:\/\/doi.org\/10.1001\/jama.280.18.1601",
    "subjectID":"https:\/\/en.wikipedia.org\/api\/rest_v1\/page\/html\/Bharadvajasana\/873654561",
    "eventID":"4e9f1a07-2490-4375-9da3-c3aef54d7d71",
    "occurredAt":1544775415000,
    "timeObserved":1544757932000,
    "relationType":"references",
    "sourceToken":"36c35e23-8757-4a9d-aacf-345e9b7eb50d",
    "license":"https:\/\/creativecommons.org\/publicdomain\/zero\/1.0\/",
    "termsOfUse":"https:\/\/doi.org\/10.13003\/CED-terms-of-use",
    "updatedDate":null,
    "updatedReason":null,
    "evidenceRecord":"https:\/\/evidence.eventdata.crossref.org\/evidence\/20181214-wikipedia-5733558f-0f20-4db9-94d1-94db50cd0ba7",
    "eventAction":"add",
    "subjectPID":"https:\/\/en.wikipedia.org\/wiki\/Bharadvajasana",
    "subjectTitle":"Bharadvajasana",
    "subjectURL":"https:\/\/en.wikipedia.org\/w\/index.php?title=Bharadvajasana&oldid=873654561",
    "subjectAPIURL":"https:\/\/en.wikipedia.org\/api\/rest_v1\/page\/html\/Bharadvajasana\/873654561",
    "objectPID":"https:\/\/doi.org\/10.1001\/jama.280.18.1601",
    "objectURL":"https:\/\/doi.org\/10.1001\/jama.280.18.1601"
  },
  "32":{
    "wikipediaIncrement":3667,
    "sourceID":"wikipedia",
    "objectID":"https:\/\/doi.org\/10.1001\/jama.280.18.1601",
    "subjectID":"https:\/\/en.wikipedia.org\/api\/rest_v1\/page\/html\/Bharadvajasana\/873654530",
    "eventID":"dcfd75db-1290-4af4-8a4b-715fab3e30f1",
    "occurredAt":1544775385000,
    "timeObserved":1544757962000,
    "relationType":"references",
    "sourceToken":"36c35e23-8757-4a9d-aacf-345e9b7eb50d",
    "license":"https:\/\/creativecommons.org\/publicdomain\/zero\/1.0\/",
    "termsOfUse":"https:\/\/doi.org\/10.13003\/CED-terms-of-use",
    "updatedDate":null,
    "updatedReason":null,
    "evidenceRecord":"https:\/\/evidence.eventdata.crossref.org\/evidence\/20181214-wikipedia-5dc02f93-69b2-4fb3-b82f-23ee9b1c3e38",
    "eventAction":"add",
    "subjectPID":"https:\/\/en.wikipedia.org\/wiki\/Bharadvajasana",
    "subjectTitle":"Bharadvajasana",
    "subjectURL":"https:\/\/en.wikipedia.org\/w\/index.php?title=Bharadvajasana&oldid=873654530",
    "subjectAPIURL":"https:\/\/en.wikipedia.org\/api\/rest_v1\/page\/html\/Bharadvajasana\/873654530",
    "objectPID":"https:\/\/doi.org\/10.1001\/jama.280.18.1601",
    "objectURL":"https:\/\/doi.org\/10.1001\/jama.280.18.1601"
  },
  "33":{
    "wikipediaIncrement":3668,
    "sourceID":"wikipedia",
    "objectID":"https:\/\/doi.org\/10.1001\/jama.280.18.1601",
    "subjectID":"https:\/\/en.wikipedia.org\/api\/rest_v1\/page\/html\/Bharadvajasana\/873655337",
    "eventID":"a44a6382-13ba-4357-8aea-806c0e2cb492",
    "occurredAt":1544775996000,
    "timeObserved":1544758173000,
    "relationType":"references",
    "sourceToken":"36c35e23-8757-4a9d-aacf-345e9b7eb50d",
    "license":"https:\/\/creativecommons.org\/publicdomain\/zero\/1.0\/",
    "termsOfUse":"https:\/\/doi.org\/10.13003\/CED-terms-of-use",
    "updatedDate":null,
    "updatedReason":null,
    "evidenceRecord":"https:\/\/evidence.eventdata.crossref.org\/evidence\/20181214-wikipedia-2a417e78-82a0-4cbb-9038-ab68f2ed6d19",
    "eventAction":"add",
    "subjectPID":"https:\/\/en.wikipedia.org\/wiki\/Bharadvajasana",
    "subjectTitle":"Bharadvajasana",
    "subjectURL":"https:\/\/en.wikipedia.org\/w\/index.php?title=Bharadvajasana&oldid=873655337",
    "subjectAPIURL":"https:\/\/en.wikipedia.org\/api\/rest_v1\/page\/html\/Bharadvajasana\/873655337",
    "objectPID":"https:\/\/doi.org\/10.1001\/jama.280.18.1601",
    "objectURL":"https:\/\/doi.org\/10.1001\/jama.280.18.1601"
  },
  "34":{
    "wikipediaIncrement":3669,
    "sourceID":"wikipedia",
    "objectID":"https:\/\/doi.org\/10.1001\/jama.280.18.1601",
    "subjectID":"https:\/\/en.wikipedia.org\/api\/rest_v1\/page\/html\/Bharadvajasana\/873655398",
    "eventID":"371ab98d-d060-4944-9d04-411333bbb1c5",
    "occurredAt":1544776037000,
    "timeObserved":1544758221000,
    "relationType":"references",
    "sourceToken":"36c35e23-8757-4a9d-aacf-345e9b7eb50d",
    "license":"https:\/\/creativecommons.org\/publicdomain\/zero\/1.0\/",
    "termsOfUse":"https:\/\/doi.org\/10.13003\/CED-terms-of-use",
    "updatedDate":null,
    "updatedReason":null,
    "evidenceRecord":"https:\/\/evidence.eventdata.crossref.org\/evidence\/20181214-wikipedia-f2dabac1-695d-49d0-8a4c-05dadf9ca6d8",
    "eventAction":"add",
    "subjectPID":"https:\/\/en.wikipedia.org\/wiki\/Bharadvajasana",
    "subjectTitle":"Bharadvajasana",
    "subjectURL":"https:\/\/en.wikipedia.org\/w\/index.php?title=Bharadvajasana&oldid=873655398",
    "subjectAPIURL":"https:\/\/en.wikipedia.org\/api\/rest_v1\/page\/html\/Bharadvajasana\/873655398",
    "objectPID":"https:\/\/doi.org\/10.1001\/jama.280.18.1601",
    "objectURL":"https:\/\/doi.org\/10.1001\/jama.280.18.1601"
  },
  "35":{
    "wikipediaIncrement":3670,
    "sourceID":"wikipedia",
    "objectID":"https:\/\/doi.org\/10.1001\/jama.280.18.1601",
    "subjectID":"https:\/\/en.wikipedia.org\/api\/rest_v1\/page\/html\/Bharadvajasana\/874054663",
    "eventID":"5ccca7d0-3d96-4cb4-ba45-6bc2dabb9985",
    "occurredAt":1544994482000,
    "timeObserved":1544976597000,
    "relationType":"references",
    "sourceToken":"36c35e23-8757-4a9d-aacf-345e9b7eb50d",
    "license":"https:\/\/creativecommons.org\/publicdomain\/zero\/1.0\/",
    "termsOfUse":"https:\/\/doi.org\/10.13003\/CED-terms-of-use",
    "updatedDate":null,
    "updatedReason":null,
    "evidenceRecord":"https:\/\/evidence.eventdata.crossref.org\/evidence\/20181216-wikipedia-3fa53aa2-e039-413c-aa26-8a2b01dbebad",
    "eventAction":"add",
    "subjectPID":"https:\/\/en.wikipedia.org\/wiki\/Bharadvajasana",
    "subjectTitle":"Bharadvajasana",
    "subjectURL":"https:\/\/en.wikipedia.org\/w\/index.php?title=Bharadvajasana&oldid=874054663",
    "subjectAPIURL":"https:\/\/en.wikipedia.org\/api\/rest_v1\/page\/html\/Bharadvajasana\/874054663",
    "objectPID":"https:\/\/doi.org\/10.1001\/jama.280.18.1601",
    "objectURL":"https:\/\/dx.doi.org\/10.1001\/jama.280.18.1601"
  },
  "36":{
    "wikipediaIncrement":3671,
    "sourceID":"wikipedia",
    "objectID":"https:\/\/doi.org\/10.1001\/jama.280.18.1601",
    "subjectID":"https:\/\/en.wikipedia.org\/api\/rest_v1\/page\/html\/Bharadvajasana\/874054777",
    "eventID":"bd912a98-8352-4397-af60-9ef57baa4336",
    "occurredAt":1544994537000,
    "timeObserved":1544976747000,
    "relationType":"references",
    "sourceToken":"36c35e23-8757-4a9d-aacf-345e9b7eb50d",
    "license":"https:\/\/creativecommons.org\/publicdomain\/zero\/1.0\/",
    "termsOfUse":"https:\/\/doi.org\/10.13003\/CED-terms-of-use",
    "updatedDate":null,
    "updatedReason":null,
    "evidenceRecord":"https:\/\/evidence.eventdata.crossref.org\/evidence\/20181216-wikipedia-ac7a120d-d862-40fe-804d-891450a6a06a",
    "eventAction":"add",
    "subjectPID":"https:\/\/en.wikipedia.org\/wiki\/Bharadvajasana",
    "subjectTitle":"Bharadvajasana",
    "subjectURL":"https:\/\/en.wikipedia.org\/w\/index.php?title=Bharadvajasana&oldid=874054777",
    "subjectAPIURL":"https:\/\/en.wikipedia.org\/api\/rest_v1\/page\/html\/Bharadvajasana\/874054777",
    "objectPID":"https:\/\/doi.org\/10.1001\/jama.280.18.1601",
    "objectURL":"https:\/\/doi.org\/10.1001\/jama.280.18.1601"
  },
  "37":{
    "wikipediaIncrement":3672,
    "sourceID":"wikipedia",
    "objectID":"https:\/\/doi.org\/10.1001\/jama.280.18.1601",
    "subjectID":"https:\/\/en.wikipedia.org\/api\/rest_v1\/page\/html\/Bharadvajasana\/874055350",
    "eventID":"02086d10-a7f0-44d4-8605-afea6086b6cd",
    "occurredAt":1544994794000,
    "timeObserved":1544976992000,
    "relationType":"references",
    "sourceToken":"36c35e23-8757-4a9d-aacf-345e9b7eb50d",
    "license":"https:\/\/creativecommons.org\/publicdomain\/zero\/1.0\/",
    "termsOfUse":"https:\/\/doi.org\/10.13003\/CED-terms-of-use",
    "updatedDate":null,
    "updatedReason":null,
    "evidenceRecord":"https:\/\/evidence.eventdata.crossref.org\/evidence\/20181216-wikipedia-c2c61acb-653f-4b55-808c-01d339861ff6",
    "eventAction":"add",
    "subjectPID":"https:\/\/en.wikipedia.org\/wiki\/Bharadvajasana",
    "subjectTitle":"Bharadvajasana",
    "subjectURL":"https:\/\/en.wikipedia.org\/w\/index.php?title=Bharadvajasana&oldid=874055350",
    "subjectAPIURL":"https:\/\/en.wikipedia.org\/api\/rest_v1\/page\/html\/Bharadvajasana\/874055350",
    "objectPID":"https:\/\/doi.org\/10.1001\/jama.280.18.1601",
    "objectURL":"https:\/\/doi.org\/10.1001\/jama.280.18.1601"
  },
  "38":{
    "wikipediaIncrement":3673,
    "sourceID":"wikipedia",
    "objectID":"https:\/\/doi.org\/10.1001\/jama.280.18.1601",
    "subjectID":"https:\/\/en.wikipedia.org\/api\/rest_v1\/page\/html\/Bharadvajasana\/874056113",
    "eventID":"a00a49f9-781e-4169-b4c5-d23b3dcab2bf",
    "occurredAt":1544995105000,
    "timeObserved":1544977337000,
    "relationType":"references",
    "sourceToken":"36c35e23-8757-4a9d-aacf-345e9b7eb50d",
    "license":"https:\/\/creativecommons.org\/publicdomain\/zero\/1.0\/",
    "termsOfUse":"https:\/\/doi.org\/10.13003\/CED-terms-of-use",
    "updatedDate":null,
    "updatedReason":null,
    "evidenceRecord":"https:\/\/evidence.eventdata.crossref.org\/evidence\/20181216-wikipedia-ac01bd2b-50b4-4780-8984-f409d10b8d44",
    "eventAction":"add",
    "subjectPID":"https:\/\/en.wikipedia.org\/wiki\/Bharadvajasana",
    "subjectTitle":"Bharadvajasana",
    "subjectURL":"https:\/\/en.wikipedia.org\/w\/index.php?title=Bharadvajasana&oldid=874056113",
    "subjectAPIURL":"https:\/\/en.wikipedia.org\/api\/rest_v1\/page\/html\/Bharadvajasana\/874056113",
    "objectPID":"https:\/\/doi.org\/10.1001\/jama.280.18.1601",
    "objectURL":"https:\/\/doi.org\/10.1001\/jama.280.18.1601"
  },
  "39":{
    "wikipediaIncrement":3674,
    "sourceID":"wikipedia",
    "objectID":"https:\/\/doi.org\/10.1001\/jama.280.18.1601",
    "subjectID":"https:\/\/en.wikipedia.org\/api\/rest_v1\/page\/html\/Bharadvajasana\/874056020",
    "eventID":"25bb2079-d8da-4b3e-9870-25ea5624e33e",
    "occurredAt":1544995074000,
    "timeObserved":1544977392000,
    "relationType":"references",
    "sourceToken":"36c35e23-8757-4a9d-aacf-345e9b7eb50d",
    "license":"https:\/\/creativecommons.org\/publicdomain\/zero\/1.0\/",
    "termsOfUse":"https:\/\/doi.org\/10.13003\/CED-terms-of-use",
    "updatedDate":null,
    "updatedReason":null,
    "evidenceRecord":"https:\/\/evidence.eventdata.crossref.org\/evidence\/20181216-wikipedia-b9ce7d13-385b-4b2a-ab83-0ab8f593c2bc",
    "eventAction":"add",
    "subjectPID":"https:\/\/en.wikipedia.org\/wiki\/Bharadvajasana",
    "subjectTitle":"Bharadvajasana",
    "subjectURL":"https:\/\/en.wikipedia.org\/w\/index.php?title=Bharadvajasana&oldid=874056020",
    "subjectAPIURL":"https:\/\/en.wikipedia.org\/api\/rest_v1\/page\/html\/Bharadvajasana\/874056020",
    "objectPID":"https:\/\/doi.org\/10.1001\/jama.280.18.1601",
    "objectURL":"https:\/\/doi.org\/10.1001\/jama.280.18.1601"
  },
  "40":{
    "wikipediaIncrement":3675,
    "sourceID":"wikipedia",
    "objectID":"https:\/\/doi.org\/10.1001\/jama.280.18.1601",
    "subjectID":"https:\/\/en.wikipedia.org\/api\/rest_v1\/page\/html\/Bharadvajasana\/876324226",
    "eventID":"9d57074a-65b5-4ee3-9d62-b4f5d8edc247",
    "occurredAt":1546364354000,
    "timeObserved":1546346523000,
    "relationType":"references",
    "sourceToken":"36c35e23-8757-4a9d-aacf-345e9b7eb50d",
    "license":"https:\/\/creativecommons.org\/publicdomain\/zero\/1.0\/",
    "termsOfUse":"https:\/\/doi.org\/10.13003\/CED-terms-of-use",
    "updatedDate":null,
    "updatedReason":null,
    "evidenceRecord":"https:\/\/evidence.eventdata.crossref.org\/evidence\/20190101-wikipedia-a4b8fc37-e9ff-4619-8da1-18779e4ddee0",
    "eventAction":"add",
    "subjectPID":"https:\/\/en.wikipedia.org\/wiki\/Bharadvajasana",
    "subjectTitle":"Bharadvajasana",
    "subjectURL":"https:\/\/en.wikipedia.org\/w\/index.php?title=Bharadvajasana&oldid=876324226",
    "subjectAPIURL":"https:\/\/en.wikipedia.org\/api\/rest_v1\/page\/html\/Bharadvajasana\/876324226",
    "objectPID":"https:\/\/doi.org\/10.1001\/jama.280.18.1601",
    "objectURL":"https:\/\/doi.org\/10.1001\/jama.280.18.1601"
  },
  "41":{
    "wikipediaIncrement":3676,
    "sourceID":"wikipedia",
    "objectID":"https:\/\/doi.org\/10.1001\/jama.280.18.1601",
    "subjectID":"https:\/\/en.wikipedia.org\/api\/rest_v1\/page\/html\/Bharadvajasana\/879680542",
    "eventID":"8f46aa1f-3d9b-4f9d-91fa-8bf06c513a30",
    "occurredAt":1548184103000,
    "timeObserved":1548166328000,
    "relationType":"references",
    "sourceToken":"36c35e23-8757-4a9d-aacf-345e9b7eb50d",
    "license":"https:\/\/creativecommons.org\/publicdomain\/zero\/1.0\/",
    "termsOfUse":"https:\/\/doi.org\/10.13003\/CED-terms-of-use",
    "updatedDate":null,
    "updatedReason":null,
    "evidenceRecord":"https:\/\/evidence.eventdata.crossref.org\/evidence\/20190122-wikipedia-2a616823-e2a8-41c0-893b-5e4c6a797361",
    "eventAction":"add",
    "subjectPID":"https:\/\/en.wikipedia.org\/wiki\/Bharadvajasana",
    "subjectTitle":"Bharadvajasana",
    "subjectURL":"https:\/\/en.wikipedia.org\/w\/index.php?title=Bharadvajasana&oldid=879680542",
    "subjectAPIURL":"https:\/\/en.wikipedia.org\/api\/rest_v1\/page\/html\/Bharadvajasana\/879680542",
    "objectPID":"https:\/\/doi.org\/10.1001\/jama.280.18.1601",
    "objectURL":"https:\/\/doi.org\/10.1001\/jama.280.18.1601"
  },
  "42":{
    "wikipediaIncrement":3677,
    "sourceID":"wikipedia",
    "objectID":"https:\/\/doi.org\/10.1001\/jama.280.18.1601",
    "subjectID":"https:\/\/en.wikipedia.org\/api\/rest_v1\/page\/html\/Bharadvajasana\/883045952",
    "eventID":"f252b804-1ace-47f4-9c71-3e89c1e3ae35",
    "occurredAt":1550013410000,
    "timeObserved":1549996332000,
    "relationType":"references",
    "sourceToken":"36c35e23-8757-4a9d-aacf-345e9b7eb50d",
    "license":"https:\/\/creativecommons.org\/publicdomain\/zero\/1.0\/",
    "termsOfUse":"https:\/\/doi.org\/10.13003\/CED-terms-of-use",
    "updatedDate":null,
    "updatedReason":null,
    "evidenceRecord":"https:\/\/evidence.eventdata.crossref.org\/evidence\/20190212-wikipedia-59011c50-a21c-46d5-b49b-e24c73f1dad4",
    "eventAction":"add",
    "subjectPID":"https:\/\/en.wikipedia.org\/wiki\/Bharadvajasana",
    "subjectTitle":"Bharadvajasana",
    "subjectURL":"https:\/\/en.wikipedia.org\/w\/index.php?title=Bharadvajasana&oldid=883045952",
    "subjectAPIURL":"https:\/\/en.wikipedia.org\/api\/rest_v1\/page\/html\/Bharadvajasana\/883045952",
    "objectPID":"https:\/\/doi.org\/10.1001\/jama.280.18.1601",
    "objectURL":"https:\/\/doi.org\/10.1001\/jama.280.18.1601"
  },
  "43":{
    "wikipediaIncrement":3678,
    "sourceID":"wikipedia",
    "objectID":"https:\/\/doi.org\/10.1001\/jama.280.18.1601",
    "subjectID":"https:\/\/en.wikipedia.org\/api\/rest_v1\/page\/html\/Bharadvajasana\/883620743",
    "eventID":"05c14931-30a9-4240-a7cd-1f1d06e0bfe4",
    "occurredAt":1550331679000,
    "timeObserved":1550313937000,
    "relationType":"references",
    "sourceToken":"36c35e23-8757-4a9d-aacf-345e9b7eb50d",
    "license":"https:\/\/creativecommons.org\/publicdomain\/zero\/1.0\/",
    "termsOfUse":"https:\/\/doi.org\/10.13003\/CED-terms-of-use",
    "updatedDate":null,
    "updatedReason":null,
    "evidenceRecord":"https:\/\/evidence.eventdata.crossref.org\/evidence\/20190216-wikipedia-f89c8687-8ffd-4a4c-8aa9-87b831c6e807",
    "eventAction":"add",
    "subjectPID":"https:\/\/en.wikipedia.org\/wiki\/Bharadvajasana",
    "subjectTitle":"Bharadvajasana",
    "subjectURL":"https:\/\/en.wikipedia.org\/w\/index.php?title=Bharadvajasana&oldid=883620743",
    "subjectAPIURL":"https:\/\/en.wikipedia.org\/api\/rest_v1\/page\/html\/Bharadvajasana\/883620743",
    "objectPID":"https:\/\/doi.org\/10.1001\/jama.280.18.1601",
    "objectURL":"https:\/\/doi.org\/10.1001\/jama.280.18.1601"
  },
  "44":{
    "wikipediaIncrement":3679,
    "sourceID":"wikipedia",
    "objectID":"https:\/\/doi.org\/10.1001\/jama.280.18.1601",
    "subjectID":"https:\/\/en.wikipedia.org\/api\/rest_v1\/page\/html\/Bharadvajasana\/883621023",
    "eventID":"9f917491-994a-4147-8ebc-06e808fb11ab",
    "occurredAt":1550331824000,
    "timeObserved":1550313982000,
    "relationType":"references",
    "sourceToken":"36c35e23-8757-4a9d-aacf-345e9b7eb50d",
    "license":"https:\/\/creativecommons.org\/publicdomain\/zero\/1.0\/",
    "termsOfUse":"https:\/\/doi.org\/10.13003\/CED-terms-of-use",
    "updatedDate":null,
    "updatedReason":null,
    "evidenceRecord":"https:\/\/evidence.eventdata.crossref.org\/evidence\/20190216-wikipedia-0e09c838-d64b-4f83-a550-43dd2960cd91",
    "eventAction":"add",
    "subjectPID":"https:\/\/en.wikipedia.org\/wiki\/Bharadvajasana",
    "subjectTitle":"Bharadvajasana",
    "subjectURL":"https:\/\/en.wikipedia.org\/w\/index.php?title=Bharadvajasana&oldid=883621023",
    "subjectAPIURL":"https:\/\/en.wikipedia.org\/api\/rest_v1\/page\/html\/Bharadvajasana\/883621023",
    "objectPID":"https:\/\/doi.org\/10.1001\/jama.280.18.1601",
    "objectURL":"https:\/\/doi.org\/10.1001\/jama.280.18.1601"
  },
  "45":{
    "wikipediaIncrement":3680,
    "sourceID":"wikipedia",
    "objectID":"https:\/\/doi.org\/10.1001\/jama.280.18.1601",
    "subjectID":"https:\/\/en.wikipedia.org\/api\/rest_v1\/page\/html\/Bharadvajasana\/883620832",
    "eventID":"b5608a06-a9cd-400b-8b8f-ca7aef708024",
    "occurredAt":1550331720000,
    "timeObserved":1550314006000,
    "relationType":"references",
    "sourceToken":"36c35e23-8757-4a9d-aacf-345e9b7eb50d",
    "license":"https:\/\/creativecommons.org\/publicdomain\/zero\/1.0\/",
    "termsOfUse":"https:\/\/doi.org\/10.13003\/CED-terms-of-use",
    "updatedDate":null,
    "updatedReason":null,
    "evidenceRecord":"https:\/\/evidence.eventdata.crossref.org\/evidence\/20190216-wikipedia-043cd56a-6ec2-4533-8eab-d5e29445a646",
    "eventAction":"add",
    "subjectPID":"https:\/\/en.wikipedia.org\/wiki\/Bharadvajasana",
    "subjectTitle":"Bharadvajasana",
    "subjectURL":"https:\/\/en.wikipedia.org\/w\/index.php?title=Bharadvajasana&oldid=883620832",
    "subjectAPIURL":"https:\/\/en.wikipedia.org\/api\/rest_v1\/page\/html\/Bharadvajasana\/883620832",
    "objectPID":"https:\/\/doi.org\/10.1001\/jama.280.18.1601",
    "objectURL":"https:\/\/doi.org\/10.1001\/jama.280.18.1601"
  },
  "46":{
    "wikipediaIncrement":3681,
    "sourceID":"wikipedia",
    "objectID":"https:\/\/doi.org\/10.1001\/jama.280.18.1601",
    "subjectID":"https:\/\/en.wikipedia.org\/api\/rest_v1\/page\/html\/Bharadvajasana\/883620702",
    "eventID":"14cdde27-0f6b-46c9-bb13-b8fb13772209",
    "occurredAt":1550331662000,
    "timeObserved":1550314115000,
    "relationType":"references",
    "sourceToken":"36c35e23-8757-4a9d-aacf-345e9b7eb50d",
    "license":"https:\/\/creativecommons.org\/publicdomain\/zero\/1.0\/",
    "termsOfUse":"https:\/\/doi.org\/10.13003\/CED-terms-of-use",
    "updatedDate":null,
    "updatedReason":null,
    "evidenceRecord":"https:\/\/evidence.eventdata.crossref.org\/evidence\/20190216-wikipedia-b0fe37da-1a9a-4bc3-841b-11c35031fc4d",
    "eventAction":"add",
    "subjectPID":"https:\/\/en.wikipedia.org\/wiki\/Bharadvajasana",
    "subjectTitle":"Bharadvajasana",
    "subjectURL":"https:\/\/en.wikipedia.org\/w\/index.php?title=Bharadvajasana&oldid=883620702",
    "subjectAPIURL":"https:\/\/en.wikipedia.org\/api\/rest_v1\/page\/html\/Bharadvajasana\/883620702",
    "objectPID":"https:\/\/doi.org\/10.1001\/jama.280.18.1601",
    "objectURL":"https:\/\/doi.org\/10.1001\/jama.280.18.1601"
  },
  "47":{
    "wikipediaIncrement":3682,
    "sourceID":"wikipedia",
    "objectID":"https:\/\/doi.org\/10.1001\/jama.280.18.1601",
    "subjectID":"https:\/\/en.wikipedia.org\/api\/rest_v1\/page\/html\/Marian_Garfinkel\/888840727",
    "eventID":"36e3710e-5769-4413-aa6d-851f3f684a99",
    "occurredAt":1553195437000,
    "timeObserved":1553465407000,
    "relationType":"references",
    "sourceToken":"36c35e23-8757-4a9d-aacf-345e9b7eb50d",
    "license":"https:\/\/creativecommons.org\/publicdomain\/zero\/1.0\/",
    "termsOfUse":"https:\/\/doi.org\/10.13003\/CED-terms-of-use",
    "updatedDate":null,
    "updatedReason":null,
    "evidenceRecord":"https:\/\/evidence.eventdata.crossref.org\/evidence\/20190321-wikipedia-f9d4e0bb-a7e1-4939-96a7-971517094f7c",
    "eventAction":"add",
    "subjectPID":"https:\/\/en.wikipedia.org\/wiki\/Marian_Garfinkel",
    "subjectTitle":"Marian Garfinkel",
    "subjectURL":"https:\/\/en.wikipedia.org\/w\/index.php?title=Marian_Garfinkel&oldid=888840727",
    "subjectAPIURL":"https:\/\/en.wikipedia.org\/api\/rest_v1\/page\/html\/Marian_Garfinkel\/888840727",
    "objectPID":"https:\/\/doi.org\/10.1001\/jama.280.18.1601",
    "objectURL":"https:\/\/doi.org\/10.1001\/jama.280.18.1601"
  },
  "48":{
    "wikipediaIncrement":3683,
    "sourceID":"wikipedia",
    "objectID":"https:\/\/doi.org\/10.1001\/jama.280.18.1601",
    "subjectID":"https:\/\/en.wikipedia.org\/api\/rest_v1\/page\/html\/Marian_Garfinkel\/889254483",
    "eventID":"a38180c5-e7f1-4e78-b218-fc613e201b09",
    "occurredAt":1553438361000,
    "timeObserved":1553611743000,
    "relationType":"references",
    "sourceToken":"36c35e23-8757-4a9d-aacf-345e9b7eb50d",
    "license":"https:\/\/creativecommons.org\/publicdomain\/zero\/1.0\/",
    "termsOfUse":"https:\/\/doi.org\/10.13003\/CED-terms-of-use",
    "updatedDate":null,
    "updatedReason":null,
    "evidenceRecord":"https:\/\/evidence.eventdata.crossref.org\/evidence\/20190324-wikipedia-5d74b801-80ab-40b2-99dc-02d69567747f",
    "eventAction":"add",
    "subjectPID":"https:\/\/en.wikipedia.org\/wiki\/Marian_Garfinkel",
    "subjectTitle":"Marian Garfinkel",
    "subjectURL":"https:\/\/en.wikipedia.org\/w\/index.php?title=Marian_Garfinkel&oldid=889254483",
    "subjectAPIURL":"https:\/\/en.wikipedia.org\/api\/rest_v1\/page\/html\/Marian_Garfinkel\/889254483",
    "objectPID":"https:\/\/doi.org\/10.1001\/jama.280.18.1601",
    "objectURL":"https:\/\/doi.org\/10.1001\/jama.280.18.1601"
  },
  "49":{
    "wikipediaIncrement":3684,
    "sourceID":"wikipedia",
    "objectID":"https:\/\/doi.org\/10.1001\/jama.280.18.1601",
    "subjectID":"https:\/\/en.wikipedia.org\/api\/rest_v1\/page\/html\/Marian_Garfinkel\/910225010",
    "eventID":"1cb5e847-e590-473e-8af9-619066e99798",
    "occurredAt":1565450350000,
    "timeObserved":1565561065000,
    "relationType":"references",
    "sourceToken":"36c35e23-8757-4a9d-aacf-345e9b7eb50d",
    "license":"https:\/\/creativecommons.org\/publicdomain\/zero\/1.0\/",
    "termsOfUse":"https:\/\/doi.org\/10.13003\/CED-terms-of-use",
    "updatedDate":null,
    "updatedReason":null,
    "evidenceRecord":"https:\/\/evidence.eventdata.crossref.org\/evidence\/20190810-wikipedia-0e93eb34-b96e-4fc6-b873-27390d45605a",
    "eventAction":"add",
    "subjectPID":"https:\/\/en.wikipedia.org\/wiki\/Marian_Garfinkel",
    "subjectTitle":"Marian Garfinkel",
    "subjectURL":"https:\/\/en.wikipedia.org\/w\/index.php?title=Marian_Garfinkel&oldid=910225010",
    "subjectAPIURL":"https:\/\/en.wikipedia.org\/api\/rest_v1\/page\/html\/Marian_Garfinkel\/910225010",
    "objectPID":"https:\/\/doi.org\/10.1001\/jama.280.18.1601",
    "objectURL":"https:\/\/jamanetwork.com\/journals\/jama\/fullarticle\/188150"
  },
  "50":{
    "wikipediaIncrement":3685,
    "sourceID":"wikipedia",
    "objectID":"https:\/\/doi.org\/10.1001\/jama.280.18.1601",
    "subjectID":"https:\/\/en.wikipedia.org\/api\/rest_v1\/page\/html\/Marian_Garfinkel\/910224776",
    "eventID":"953ba43f-6a22-44e7-9274-063e60acb693",
    "occurredAt":1565450224000,
    "timeObserved":1565564439000,
    "relationType":"references",
    "sourceToken":"36c35e23-8757-4a9d-aacf-345e9b7eb50d",
    "license":"https:\/\/creativecommons.org\/publicdomain\/zero\/1.0\/",
    "termsOfUse":"https:\/\/doi.org\/10.13003\/CED-terms-of-use",
    "updatedDate":null,
    "updatedReason":null,
    "evidenceRecord":"https:\/\/evidence.eventdata.crossref.org\/evidence\/20190810-wikipedia-84fd766a-b167-46b9-91a6-96a066026e65",
    "eventAction":"add",
    "subjectPID":"https:\/\/en.wikipedia.org\/wiki\/Marian_Garfinkel",
    "subjectTitle":"Marian Garfinkel",
    "subjectURL":"https:\/\/en.wikipedia.org\/w\/index.php?title=Marian_Garfinkel&oldid=910224776",
    "subjectAPIURL":"https:\/\/en.wikipedia.org\/api\/rest_v1\/page\/html\/Marian_Garfinkel\/910224776",
    "objectPID":"https:\/\/doi.org\/10.1001\/jama.280.18.1601",
    "objectURL":"https:\/\/jamanetwork.com\/journals\/jama\/fullarticle\/188150"
  },
  "51":{
    "wikipediaIncrement":3686,
    "sourceID":"wikipedia",
    "objectID":"https:\/\/doi.org\/10.1001\/jama.280.18.1601",
    "subjectID":"https:\/\/en.wikipedia.org\/api\/rest_v1\/page\/html\/Marian_Garfinkel\/911224593",
    "eventID":"71ca3119-0813-449c-b099-d455cd6f60c7",
    "occurredAt":1566043137000,
    "timeObserved":1566029054000,
    "relationType":"references",
    "sourceToken":"36c35e23-8757-4a9d-aacf-345e9b7eb50d",
    "license":"https:\/\/creativecommons.org\/publicdomain\/zero\/1.0\/",
    "termsOfUse":"https:\/\/doi.org\/10.13003\/CED-terms-of-use",
    "updatedDate":null,
    "updatedReason":null,
    "evidenceRecord":"https:\/\/evidence.eventdata.crossref.org\/evidence\/20190817-wikipedia-ddf3ea5c-cb2a-4908-a663-01f396c37c07",
    "eventAction":"add",
    "subjectPID":"https:\/\/en.wikipedia.org\/wiki\/Marian_Garfinkel",
    "subjectTitle":"Marian Garfinkel",
    "subjectURL":"https:\/\/en.wikipedia.org\/w\/index.php?title=Marian_Garfinkel&oldid=911224593",
    "subjectAPIURL":"https:\/\/en.wikipedia.org\/api\/rest_v1\/page\/html\/Marian_Garfinkel\/911224593",
    "objectPID":"https:\/\/doi.org\/10.1001\/jama.280.18.1601",
    "objectURL":"https:\/\/jamanetwork.com\/journals\/jama\/fullarticle\/188150"
  },
  "52":{
    "wikipediaIncrement":3687,
    "sourceID":"wikipedia",
    "objectID":"https:\/\/doi.org\/10.1001\/jama.280.18.1601",
    "subjectID":"https:\/\/en.wikipedia.org\/api\/rest_v1\/page\/html\/Marian_Garfinkel\/934254973",
    "eventID":"a52add00-b0aa-4bfe-8149-dbd2bc036b58",
    "occurredAt":1578237961000,
    "timeObserved":1578221405000,
    "relationType":"references",
    "sourceToken":"36c35e23-8757-4a9d-aacf-345e9b7eb50d",
    "license":"https:\/\/creativecommons.org\/publicdomain\/zero\/1.0\/",
    "termsOfUse":"https:\/\/doi.org\/10.13003\/CED-terms-of-use",
    "updatedDate":null,
    "updatedReason":null,
    "evidenceRecord":"https:\/\/evidence.eventdata.crossref.org\/evidence\/20200105-wikipedia-79e92e5b-c188-47a6-ac30-79da6269d6e7",
    "eventAction":"add",
    "subjectPID":"https:\/\/en.wikipedia.org\/wiki\/Marian_Garfinkel",
    "subjectTitle":"Marian Garfinkel",
    "subjectURL":"https:\/\/en.wikipedia.org\/w\/index.php?title=Marian_Garfinkel&oldid=934254973",
    "subjectAPIURL":"https:\/\/en.wikipedia.org\/api\/rest_v1\/page\/html\/Marian_Garfinkel\/934254973",
    "objectPID":"https:\/\/doi.org\/10.1001\/jama.280.18.1601",
    "objectURL":"https:\/\/doi.org\/10.1001\/jama.280.18.1601"
  },
  "53":{
    "wikipediaIncrement":3688,
    "sourceID":"wikipedia",
    "objectID":"https:\/\/doi.org\/10.1001\/jama.280.18.1601",
    "subjectID":"https:\/\/en.wikipedia.org\/api\/rest_v1\/page\/html\/Marian_Garfinkel\/934254900",
    "eventID":"c55c0813-e576-4106-8206-b0a64b358877",
    "occurredAt":1578237917000,
    "timeObserved":1578221460000,
    "relationType":"references",
    "sourceToken":"36c35e23-8757-4a9d-aacf-345e9b7eb50d",
    "license":"https:\/\/creativecommons.org\/publicdomain\/zero\/1.0\/",
    "termsOfUse":"https:\/\/doi.org\/10.13003\/CED-terms-of-use",
    "updatedDate":null,
    "updatedReason":null,
    "evidenceRecord":"https:\/\/evidence.eventdata.crossref.org\/evidence\/20200105-wikipedia-30218137-c7e9-4446-9a56-4b7527f05a61",
    "eventAction":"add",
    "subjectPID":"https:\/\/en.wikipedia.org\/wiki\/Marian_Garfinkel",
    "subjectTitle":"Marian Garfinkel",
    "subjectURL":"https:\/\/en.wikipedia.org\/w\/index.php?title=Marian_Garfinkel&oldid=934254900",
    "subjectAPIURL":"https:\/\/en.wikipedia.org\/api\/rest_v1\/page\/html\/Marian_Garfinkel\/934254900",
    "objectPID":"https:\/\/doi.org\/10.1001\/jama.280.18.1601",
    "objectURL":"https:\/\/doi.org\/10.1001\/jama.280.18.1601"
  },
  "54":{
    "wikipediaIncrement":3689,
    "sourceID":"wikipedia",
    "objectID":"https:\/\/doi.org\/10.1001\/jama.280.18.1601",
    "subjectID":"https:\/\/en.wikipedia.org\/api\/rest_v1\/page\/html\/Marian_Garfinkel\/934254761",
    "eventID":"107cd7b6-7bd7-4921-b3e7-ff7738b10b5c",
    "occurredAt":1578237867000,
    "timeObserved":1578224032000,
    "relationType":"references",
    "sourceToken":"36c35e23-8757-4a9d-aacf-345e9b7eb50d",
    "license":"https:\/\/creativecommons.org\/publicdomain\/zero\/1.0\/",
    "termsOfUse":"https:\/\/doi.org\/10.13003\/CED-terms-of-use",
    "updatedDate":null,
    "updatedReason":null,
    "evidenceRecord":"https:\/\/evidence.eventdata.crossref.org\/evidence\/20200105-wikipedia-7dc42473-2210-4b23-8436-9d2c62d0f4ba",
    "eventAction":"add",
    "subjectPID":"https:\/\/en.wikipedia.org\/wiki\/Marian_Garfinkel",
    "subjectTitle":"Marian Garfinkel",
    "subjectURL":"https:\/\/en.wikipedia.org\/w\/index.php?title=Marian_Garfinkel&oldid=934254761",
    "subjectAPIURL":"https:\/\/en.wikipedia.org\/api\/rest_v1\/page\/html\/Marian_Garfinkel\/934254761",
    "objectPID":"https:\/\/doi.org\/10.1001\/jama.280.18.1601",
    "objectURL":"https:\/\/doi.org\/10.1001\/jama.280.18.1601"
  },
  "55":{
    "wikipediaIncrement":3690,
    "sourceID":"wikipedia",
    "objectID":"https:\/\/doi.org\/10.1001\/jama.280.18.1601",
    "subjectID":"https:\/\/en.wikipedia.org\/api\/rest_v1\/page\/html\/Marian_Garfinkel\/975454087",
    "eventID":"3142f2ea-8837-4efe-9b2e-b423d342180c",
    "occurredAt":1598631322000,
    "timeObserved":1599218737000,
    "relationType":"references",
    "sourceToken":"36c35e23-8757-4a9d-aacf-345e9b7eb50d",
    "license":"https:\/\/creativecommons.org\/publicdomain\/zero\/1.0\/",
    "termsOfUse":"https:\/\/doi.org\/10.13003\/CED-terms-of-use",
    "updatedDate":null,
    "updatedReason":null,
    "evidenceRecord":"https:\/\/evidence.eventdata.crossref.org\/evidence\/20200828-wikipedia-553a9f1d-afdc-4a14-912d-f7a3c69cb31f",
    "eventAction":"add",
    "subjectPID":"https:\/\/en.wikipedia.org\/wiki\/Marian_Garfinkel",
    "subjectTitle":"Marian Garfinkel",
    "subjectURL":"https:\/\/en.wikipedia.org\/w\/index.php?title=Marian_Garfinkel&oldid=975454087",
    "subjectAPIURL":"https:\/\/en.wikipedia.org\/api\/rest_v1\/page\/html\/Marian_Garfinkel\/975454087",
    "objectPID":"https:\/\/doi.org\/10.1001\/jama.280.18.1601",
    "objectURL":"https:\/\/doi.org\/10.1001\/jama.280.18.1601"
  },
  "56":{
    "wikipediaIncrement":3691,
    "sourceID":"wikipedia",
    "objectID":"https:\/\/doi.org\/10.1001\/jama.280.18.1601",
    "subjectID":"https:\/\/en.wikipedia.org\/api\/rest_v1\/page\/html\/Marian_Garfinkel\/975454144",
    "eventID":"fa82c3da-2662-412f-8e6f-6be73b4dcc13",
    "occurredAt":1598631350000,
    "timeObserved":1599219136000,
    "relationType":"references",
    "sourceToken":"36c35e23-8757-4a9d-aacf-345e9b7eb50d",
    "license":"https:\/\/creativecommons.org\/publicdomain\/zero\/1.0\/",
    "termsOfUse":"https:\/\/doi.org\/10.13003\/CED-terms-of-use",
    "updatedDate":null,
    "updatedReason":null,
    "evidenceRecord":"https:\/\/evidence.eventdata.crossref.org\/evidence\/20200828-wikipedia-b9239982-da6e-4552-a67e-f76aeaf2e5bb",
    "eventAction":"add",
    "subjectPID":"https:\/\/en.wikipedia.org\/wiki\/Marian_Garfinkel",
    "subjectTitle":"Marian Garfinkel",
    "subjectURL":"https:\/\/en.wikipedia.org\/w\/index.php?title=Marian_Garfinkel&oldid=975454144",
    "subjectAPIURL":"https:\/\/en.wikipedia.org\/api\/rest_v1\/page\/html\/Marian_Garfinkel\/975454144",
    "objectPID":"https:\/\/doi.org\/10.1001\/jama.280.18.1601",
    "objectURL":"https:\/\/doi.org\/10.1001\/jama.280.18.1601"
  },
  "57":{
    "wikipediaIncrement":3692,
    "sourceID":"wikipedia",
    "objectID":"https:\/\/doi.org\/10.1001\/jama.280.18.1601",
    "subjectID":"https:\/\/en.wikipedia.org\/api\/rest_v1\/page\/html\/Marian_Garfinkel\/975468131",
    "eventID":"e0308873-fa03-4bb8-ad04-395615dcc07d",
    "occurredAt":1598637418000,
    "timeObserved":1599224392000,
    "relationType":"references",
    "sourceToken":"36c35e23-8757-4a9d-aacf-345e9b7eb50d",
    "license":"https:\/\/creativecommons.org\/publicdomain\/zero\/1.0\/",
    "termsOfUse":"https:\/\/doi.org\/10.13003\/CED-terms-of-use",
    "updatedDate":null,
    "updatedReason":null,
    "evidenceRecord":"https:\/\/evidence.eventdata.crossref.org\/evidence\/20200828-wikipedia-8c9c93ea-1fab-4b74-89f1-d3b611936565",
    "eventAction":"add",
    "subjectPID":"https:\/\/en.wikipedia.org\/wiki\/Marian_Garfinkel",
    "subjectTitle":"Marian Garfinkel",
    "subjectURL":"https:\/\/en.wikipedia.org\/w\/index.php?title=Marian_Garfinkel&oldid=975468131",
    "subjectAPIURL":"https:\/\/en.wikipedia.org\/api\/rest_v1\/page\/html\/Marian_Garfinkel\/975468131",
    "objectPID":"https:\/\/doi.org\/10.1001\/jama.280.18.1601",
    "objectURL":"https:\/\/doi.org\/10.1001\/jama.280.18.1601"
  },
  "58":{
    "wikipediaIncrement":3693,
    "sourceID":"wikipedia",
    "objectID":"https:\/\/doi.org\/10.1001\/jama.280.18.1601",
    "subjectID":"https:\/\/en.wikipedia.org\/api\/rest_v1\/page\/html\/Marian_Garfinkel\/975523496",
    "eventID":"07ac2425-3a88-41b1-a1d3-f22b3b1d0a21",
    "occurredAt":1598661946000,
    "timeObserved":1599240451000,
    "relationType":"references",
    "sourceToken":"36c35e23-8757-4a9d-aacf-345e9b7eb50d",
    "license":"https:\/\/creativecommons.org\/publicdomain\/zero\/1.0\/",
    "termsOfUse":"https:\/\/doi.org\/10.13003\/CED-terms-of-use",
    "updatedDate":null,
    "updatedReason":null,
    "evidenceRecord":"https:\/\/evidence.eventdata.crossref.org\/evidence\/20200829-wikipedia-4272f6ed-233c-4ccb-8c80-cd9833d7c233",
    "eventAction":"add",
    "subjectPID":"https:\/\/en.wikipedia.org\/wiki\/Marian_Garfinkel",
    "subjectTitle":"Marian Garfinkel",
    "subjectURL":"https:\/\/en.wikipedia.org\/w\/index.php?title=Marian_Garfinkel&oldid=975523496",
    "subjectAPIURL":"https:\/\/en.wikipedia.org\/api\/rest_v1\/page\/html\/Marian_Garfinkel\/975523496",
    "objectPID":"https:\/\/doi.org\/10.1001\/jama.280.18.1601",
    "objectURL":"https:\/\/doi.org\/10.1001\/jama.280.18.1601"
  },
  "59":{
    "wikipediaIncrement":3694,
    "sourceID":"wikipedia",
    "objectID":"https:\/\/doi.org\/10.1001\/jama.280.18.1601",
    "subjectID":"https:\/\/en.wikipedia.org\/api\/rest_v1\/page\/html\/Marian_Garfinkel\/975561301",
    "eventID":"5c7c1636-7927-4c07-9ebb-2173c73e41d3",
    "occurredAt":1598680695000,
    "timeObserved":1599249359000,
    "relationType":"references",
    "sourceToken":"36c35e23-8757-4a9d-aacf-345e9b7eb50d",
    "license":"https:\/\/creativecommons.org\/publicdomain\/zero\/1.0\/",
    "termsOfUse":"https:\/\/doi.org\/10.13003\/CED-terms-of-use",
    "updatedDate":null,
    "updatedReason":null,
    "evidenceRecord":"https:\/\/evidence.eventdata.crossref.org\/evidence\/20200829-wikipedia-cc22ae23-f910-487e-95fc-9f2b80636f1b",
    "eventAction":"add",
    "subjectPID":"https:\/\/en.wikipedia.org\/wiki\/Marian_Garfinkel",
    "subjectTitle":"Marian Garfinkel",
    "subjectURL":"https:\/\/en.wikipedia.org\/w\/index.php?title=Marian_Garfinkel&oldid=975561301",
    "subjectAPIURL":"https:\/\/en.wikipedia.org\/api\/rest_v1\/page\/html\/Marian_Garfinkel\/975561301",
    "objectPID":"https:\/\/doi.org\/10.1001\/jama.280.18.1601",
    "objectURL":"https:\/\/doi.org\/10.1001\/jama.280.18.1601"
  },
  "60":{
    "wikipediaIncrement":3695,
    "sourceID":"wikipedia",
    "objectID":"https:\/\/doi.org\/10.1001\/jama.280.18.1601",
    "subjectID":"https:\/\/en.wikipedia.org\/api\/rest_v1\/page\/html\/Marian_Garfinkel\/975561413",
    "eventID":"36d59c86-4489-454b-b317-3e5cd0109529",
    "occurredAt":1598680743000,
    "timeObserved":1599249814000,
    "relationType":"references",
    "sourceToken":"36c35e23-8757-4a9d-aacf-345e9b7eb50d",
    "license":"https:\/\/creativecommons.org\/publicdomain\/zero\/1.0\/",
    "termsOfUse":"https:\/\/doi.org\/10.13003\/CED-terms-of-use",
    "updatedDate":null,
    "updatedReason":null,
    "evidenceRecord":"https:\/\/evidence.eventdata.crossref.org\/evidence\/20200829-wikipedia-dad9f1c1-65dd-4fdf-ab3c-78f123409219",
    "eventAction":"add",
    "subjectPID":"https:\/\/en.wikipedia.org\/wiki\/Marian_Garfinkel",
    "subjectTitle":"Marian Garfinkel",
    "subjectURL":"https:\/\/en.wikipedia.org\/w\/index.php?title=Marian_Garfinkel&oldid=975561413",
    "subjectAPIURL":"https:\/\/en.wikipedia.org\/api\/rest_v1\/page\/html\/Marian_Garfinkel\/975561413",
    "objectPID":"https:\/\/doi.org\/10.1001\/jama.280.18.1601",
    "objectURL":"https:\/\/doi.org\/10.1001\/jama.280.18.1601"
  },
  "61":{
    "wikipediaIncrement":3696,
    "sourceID":"wikipedia",
    "objectID":"https:\/\/doi.org\/10.1001\/jama.280.18.1601",
    "subjectID":"https:\/\/en.wikipedia.org\/api\/rest_v1\/page\/html\/Marian_Garfinkel\/975714966",
    "eventID":"a9339fcf-2772-4b1c-8536-407c1a23a7ba",
    "occurredAt":1598749943000,
    "timeObserved":1599295952000,
    "relationType":"references",
    "sourceToken":"36c35e23-8757-4a9d-aacf-345e9b7eb50d",
    "license":"https:\/\/creativecommons.org\/publicdomain\/zero\/1.0\/",
    "termsOfUse":"https:\/\/doi.org\/10.13003\/CED-terms-of-use",
    "updatedDate":null,
    "updatedReason":null,
    "evidenceRecord":"https:\/\/evidence.eventdata.crossref.org\/evidence\/20200830-wikipedia-7b07376e-eb8e-4dee-85ce-ad43d00bfe12",
    "eventAction":"add",
    "subjectPID":"https:\/\/en.wikipedia.org\/wiki\/Marian_Garfinkel",
    "subjectTitle":"Marian Garfinkel",
    "subjectURL":"https:\/\/en.wikipedia.org\/w\/index.php?title=Marian_Garfinkel&oldid=975714966",
    "subjectAPIURL":"https:\/\/en.wikipedia.org\/api\/rest_v1\/page\/html\/Marian_Garfinkel\/975714966",
    "objectPID":"https:\/\/doi.org\/10.1001\/jama.280.18.1601",
    "objectURL":"https:\/\/doi.org\/10.1001\/jama.280.18.1601"
  },
  "62":{
    "wikipediaIncrement":3697,
    "sourceID":"wikipedia",
    "objectID":"https:\/\/doi.org\/10.1001\/jama.280.18.1601",
    "subjectID":"https:\/\/en.wikipedia.org\/api\/rest_v1\/page\/html\/Marian_Garfinkel\/975715164",
    "eventID":"09c0d122-0464-4e8b-83ad-997bc55241dd",
    "occurredAt":1598750078000,
    "timeObserved":1599296128000,
    "relationType":"references",
    "sourceToken":"36c35e23-8757-4a9d-aacf-345e9b7eb50d",
    "license":"https:\/\/creativecommons.org\/publicdomain\/zero\/1.0\/",
    "termsOfUse":"https:\/\/doi.org\/10.13003\/CED-terms-of-use",
    "updatedDate":null,
    "updatedReason":null,
    "evidenceRecord":"https:\/\/evidence.eventdata.crossref.org\/evidence\/20200830-wikipedia-ebbfb4c1-db7d-4496-b1fc-73ce0b48cb3d",
    "eventAction":"add",
    "subjectPID":"https:\/\/en.wikipedia.org\/wiki\/Marian_Garfinkel",
    "subjectTitle":"Marian Garfinkel",
    "subjectURL":"https:\/\/en.wikipedia.org\/w\/index.php?title=Marian_Garfinkel&oldid=975715164",
    "subjectAPIURL":"https:\/\/en.wikipedia.org\/api\/rest_v1\/page\/html\/Marian_Garfinkel\/975715164",
    "objectPID":"https:\/\/doi.org\/10.1001\/jama.280.18.1601",
    "objectURL":"https:\/\/doi.org\/10.1001\/jama.280.18.1601"
  },
  "63":{
    "wikipediaIncrement":3698,
    "sourceID":"wikipedia",
    "objectID":"https:\/\/doi.org\/10.1001\/jama.280.18.1601",
    "subjectID":"https:\/\/en.wikipedia.org\/api\/rest_v1\/page\/html\/Marian_Garfinkel\/975985007",
    "eventID":"1776704f-e475-46e9-9f43-d14df8f11a14",
    "occurredAt":1598885106000,
    "timeObserved":1599374003000,
    "relationType":"references",
    "sourceToken":"36c35e23-8757-4a9d-aacf-345e9b7eb50d",
    "license":"https:\/\/creativecommons.org\/publicdomain\/zero\/1.0\/",
    "termsOfUse":"https:\/\/doi.org\/10.13003\/CED-terms-of-use",
    "updatedDate":null,
    "updatedReason":null,
    "evidenceRecord":"https:\/\/evidence.eventdata.crossref.org\/evidence\/20200831-wikipedia-5e607336-8ef1-4489-9c8d-6fa7c529522a",
    "eventAction":"add",
    "subjectPID":"https:\/\/en.wikipedia.org\/wiki\/Marian_Garfinkel",
    "subjectTitle":"Marian Garfinkel",
    "subjectURL":"https:\/\/en.wikipedia.org\/w\/index.php?title=Marian_Garfinkel&oldid=975985007",
    "subjectAPIURL":"https:\/\/en.wikipedia.org\/api\/rest_v1\/page\/html\/Marian_Garfinkel\/975985007",
    "objectPID":"https:\/\/doi.org\/10.1001\/jama.280.18.1601",
    "objectURL":"https:\/\/doi.org\/10.1001\/jama.280.18.1601"
  },
  "64":{
    "wikipediaIncrement":3699,
    "sourceID":"wikipedia",
    "objectID":"https:\/\/doi.org\/10.1001\/jama.280.18.1601",
    "subjectID":"https:\/\/en.wikipedia.org\/api\/rest_v1\/page\/html\/Marian_Garfinkel\/975984787",
    "eventID":"423b617f-714b-47ee-8360-5334f48beb11",
    "occurredAt":1598885020000,
    "timeObserved":1599375207000,
    "relationType":"references",
    "sourceToken":"36c35e23-8757-4a9d-aacf-345e9b7eb50d",
    "license":"https:\/\/creativecommons.org\/publicdomain\/zero\/1.0\/",
    "termsOfUse":"https:\/\/doi.org\/10.13003\/CED-terms-of-use",
    "updatedDate":null,
    "updatedReason":null,
    "evidenceRecord":"https:\/\/evidence.eventdata.crossref.org\/evidence\/20200831-wikipedia-ce0bccf0-e357-43d2-b6d2-bf0c14c81c94",
    "eventAction":"add",
    "subjectPID":"https:\/\/en.wikipedia.org\/wiki\/Marian_Garfinkel",
    "subjectTitle":"Marian Garfinkel",
    "subjectURL":"https:\/\/en.wikipedia.org\/w\/index.php?title=Marian_Garfinkel&oldid=975984787",
    "subjectAPIURL":"https:\/\/en.wikipedia.org\/api\/rest_v1\/page\/html\/Marian_Garfinkel\/975984787",
    "objectPID":"https:\/\/doi.org\/10.1001\/jama.280.18.1601",
    "objectURL":"https:\/\/doi.org\/10.1001\/jama.280.18.1601"
  },
  "65":{
    "wikipediaIncrement":3700,
    "sourceID":"wikipedia",
    "objectID":"https:\/\/doi.org\/10.1001\/jama.280.18.1601",
    "subjectID":"https:\/\/en.wikipedia.org\/api\/rest_v1\/page\/html\/Marian_Garfinkel\/975984622",
    "eventID":"c592320d-d752-4e07-b5d8-bb2cb251acfb",
    "occurredAt":1598884945000,
    "timeObserved":1599375479000,
    "relationType":"references",
    "sourceToken":"36c35e23-8757-4a9d-aacf-345e9b7eb50d",
    "license":"https:\/\/creativecommons.org\/publicdomain\/zero\/1.0\/",
    "termsOfUse":"https:\/\/doi.org\/10.13003\/CED-terms-of-use",
    "updatedDate":null,
    "updatedReason":null,
    "evidenceRecord":"https:\/\/evidence.eventdata.crossref.org\/evidence\/20200831-wikipedia-3220011d-9828-4ede-9dd6-609561dd53cb",
    "eventAction":"add",
    "subjectPID":"https:\/\/en.wikipedia.org\/wiki\/Marian_Garfinkel",
    "subjectTitle":"Marian Garfinkel",
    "subjectURL":"https:\/\/en.wikipedia.org\/w\/index.php?title=Marian_Garfinkel&oldid=975984622",
    "subjectAPIURL":"https:\/\/en.wikipedia.org\/api\/rest_v1\/page\/html\/Marian_Garfinkel\/975984622",
    "objectPID":"https:\/\/doi.org\/10.1001\/jama.280.18.1601",
    "objectURL":"https:\/\/doi.org\/10.1001\/jama.280.18.1601"
  },
  "66":{
    "wikipediaIncrement":3701,
    "sourceID":"wikipedia",
    "objectID":"https:\/\/doi.org\/10.1001\/jama.280.18.1601",
    "subjectID":"https:\/\/en.wikipedia.org\/api\/rest_v1\/page\/html\/Marian_Garfinkel\/976037620",
    "eventID":"82c7d0d8-3056-4991-814a-627d9c6c89a5",
    "occurredAt":1598907024000,
    "timeObserved":1599394685000,
    "relationType":"references",
    "sourceToken":"36c35e23-8757-4a9d-aacf-345e9b7eb50d",
    "license":"https:\/\/creativecommons.org\/publicdomain\/zero\/1.0\/",
    "termsOfUse":"https:\/\/doi.org\/10.13003\/CED-terms-of-use",
    "updatedDate":null,
    "updatedReason":null,
    "evidenceRecord":"https:\/\/evidence.eventdata.crossref.org\/evidence\/20200831-wikipedia-6dde13c0-620b-43ff-b374-89ab791d14f6",
    "eventAction":"add",
    "subjectPID":"https:\/\/en.wikipedia.org\/wiki\/Marian_Garfinkel",
    "subjectTitle":"Marian Garfinkel",
    "subjectURL":"https:\/\/en.wikipedia.org\/w\/index.php?title=Marian_Garfinkel&oldid=976037620",
    "subjectAPIURL":"https:\/\/en.wikipedia.org\/api\/rest_v1\/page\/html\/Marian_Garfinkel\/976037620",
    "objectPID":"https:\/\/doi.org\/10.1001\/jama.280.18.1601",
    "objectURL":"https:\/\/doi.org\/10.1001\/jama.280.18.1601"
  },
  "67":{
    "wikipediaIncrement":3702,
    "sourceID":"wikipedia",
    "objectID":"https:\/\/doi.org\/10.1001\/jama.280.18.1601",
    "subjectID":"https:\/\/en.wikipedia.org\/api\/rest_v1\/page\/html\/Marian_Garfinkel\/976145098",
    "eventID":"57544338-3b66-4f1e-8034-28a275ab0e25",
    "occurredAt":1598962477000,
    "timeObserved":1599426547000,
    "relationType":"references",
    "sourceToken":"36c35e23-8757-4a9d-aacf-345e9b7eb50d",
    "license":"https:\/\/creativecommons.org\/publicdomain\/zero\/1.0\/",
    "termsOfUse":"https:\/\/doi.org\/10.13003\/CED-terms-of-use",
    "updatedDate":null,
    "updatedReason":null,
    "evidenceRecord":"https:\/\/evidence.eventdata.crossref.org\/evidence\/20200901-wikipedia-27acbd69-73da-4188-a91b-b06efb9cedb8",
    "eventAction":"add",
    "subjectPID":"https:\/\/en.wikipedia.org\/wiki\/Marian_Garfinkel",
    "subjectTitle":"Marian Garfinkel",
    "subjectURL":"https:\/\/en.wikipedia.org\/w\/index.php?title=Marian_Garfinkel&oldid=976145098",
    "subjectAPIURL":"https:\/\/en.wikipedia.org\/api\/rest_v1\/page\/html\/Marian_Garfinkel\/976145098",
    "objectPID":"https:\/\/doi.org\/10.1001\/jama.280.18.1601",
    "objectURL":"https:\/\/doi.org\/10.1001\/jama.280.18.1601"
  },
  "68":{
    "wikipediaIncrement":3703,
    "sourceID":"wikipedia",
    "objectID":"https:\/\/doi.org\/10.1001\/jama.280.18.1601",
    "subjectID":"https:\/\/en.wikipedia.org\/api\/rest_v1\/page\/html\/Marian_Garfinkel\/976145026",
    "eventID":"184566c1-e1fc-409d-8149-ed95397c1377",
    "occurredAt":1598962442000,
    "timeObserved":1599427300000,
    "relationType":"references",
    "sourceToken":"36c35e23-8757-4a9d-aacf-345e9b7eb50d",
    "license":"https:\/\/creativecommons.org\/publicdomain\/zero\/1.0\/",
    "termsOfUse":"https:\/\/doi.org\/10.13003\/CED-terms-of-use",
    "updatedDate":null,
    "updatedReason":null,
    "evidenceRecord":"https:\/\/evidence.eventdata.crossref.org\/evidence\/20200901-wikipedia-606d6dda-0749-42a6-93db-a34db30b622a",
    "eventAction":"add",
    "subjectPID":"https:\/\/en.wikipedia.org\/wiki\/Marian_Garfinkel",
    "subjectTitle":"Marian Garfinkel",
    "subjectURL":"https:\/\/en.wikipedia.org\/w\/index.php?title=Marian_Garfinkel&oldid=976145026",
    "subjectAPIURL":"https:\/\/en.wikipedia.org\/api\/rest_v1\/page\/html\/Marian_Garfinkel\/976145026",
    "objectPID":"https:\/\/doi.org\/10.1001\/jama.280.18.1601",
    "objectURL":"https:\/\/doi.org\/10.1001\/jama.280.18.1601"
  },
  "69":{
    "wikipediaIncrement":3704,
    "sourceID":"wikipedia",
    "objectID":"https:\/\/doi.org\/10.1001\/jama.280.18.1601",
    "subjectID":"https:\/\/en.wikipedia.org\/api\/rest_v1\/page\/html\/Marian_Garfinkel\/976223689",
    "eventID":"5165e835-00c5-4d8d-81a9-3d0150d2f942",
    "occurredAt":1598993673000,
    "timeObserved":1599447757000,
    "relationType":"references",
    "sourceToken":"36c35e23-8757-4a9d-aacf-345e9b7eb50d",
    "license":"https:\/\/creativecommons.org\/publicdomain\/zero\/1.0\/",
    "termsOfUse":"https:\/\/doi.org\/10.13003\/CED-terms-of-use",
    "updatedDate":null,
    "updatedReason":null,
    "evidenceRecord":"https:\/\/evidence.eventdata.crossref.org\/evidence\/20200901-wikipedia-0e26eb4b-9a03-4f68-9e10-23761ad0eb14",
    "eventAction":"add",
    "subjectPID":"https:\/\/en.wikipedia.org\/wiki\/Marian_Garfinkel",
    "subjectTitle":"Marian Garfinkel",
    "subjectURL":"https:\/\/en.wikipedia.org\/w\/index.php?title=Marian_Garfinkel&oldid=976223689",
    "subjectAPIURL":"https:\/\/en.wikipedia.org\/api\/rest_v1\/page\/html\/Marian_Garfinkel\/976223689",
    "objectPID":"https:\/\/doi.org\/10.1001\/jama.280.18.1601",
    "objectURL":"https:\/\/doi.org\/10.1001\/jama.280.18.1601"
  },
  "70":{
    "wikipediaIncrement":3705,
    "sourceID":"wikipedia",
    "objectID":"https:\/\/doi.org\/10.1001\/jama.280.18.1601",
    "subjectID":"https:\/\/en.wikipedia.org\/api\/rest_v1\/page\/html\/Marian_Garfinkel\/976517016",
    "eventID":"0fb9e4d0-2553-463e-919d-1aac74b78d5c",
    "occurredAt":1599132117000,
    "timeObserved":1599524205000,
    "relationType":"references",
    "sourceToken":"36c35e23-8757-4a9d-aacf-345e9b7eb50d",
    "license":"https:\/\/creativecommons.org\/publicdomain\/zero\/1.0\/",
    "termsOfUse":"https:\/\/doi.org\/10.13003\/CED-terms-of-use",
    "updatedDate":null,
    "updatedReason":null,
    "evidenceRecord":"https:\/\/evidence.eventdata.crossref.org\/evidence\/20200903-wikipedia-382eec3e-ac6a-480a-9f2c-93d238400993",
    "eventAction":"add",
    "subjectPID":"https:\/\/en.wikipedia.org\/wiki\/Marian_Garfinkel",
    "subjectTitle":"Marian Garfinkel",
    "subjectURL":"https:\/\/en.wikipedia.org\/w\/index.php?title=Marian_Garfinkel&oldid=976517016",
    "subjectAPIURL":"https:\/\/en.wikipedia.org\/api\/rest_v1\/page\/html\/Marian_Garfinkel\/976517016",
    "objectPID":"https:\/\/doi.org\/10.1001\/jama.280.18.1601",
    "objectURL":"https:\/\/doi.org\/10.1001\/jama.280.18.1601"
  },
  "71":{
    "wikipediaIncrement":3706,
    "sourceID":"wikipedia",
    "objectID":"https:\/\/doi.org\/10.1001\/jama.280.18.1601",
    "subjectID":"https:\/\/en.wikipedia.org\/api\/rest_v1\/page\/html\/Marian_Garfinkel\/976521631",
    "eventID":"435dbb2d-f526-4ad2-9f59-150c419f30a4",
    "occurredAt":1599134638000,
    "timeObserved":1599526318000,
    "relationType":"references",
    "sourceToken":"36c35e23-8757-4a9d-aacf-345e9b7eb50d",
    "license":"https:\/\/creativecommons.org\/publicdomain\/zero\/1.0\/",
    "termsOfUse":"https:\/\/doi.org\/10.13003\/CED-terms-of-use",
    "updatedDate":null,
    "updatedReason":null,
    "evidenceRecord":"https:\/\/evidence.eventdata.crossref.org\/evidence\/20200903-wikipedia-de5ae934-8f96-4d4b-98d6-a58b353d7f57",
    "eventAction":"add",
    "subjectPID":"https:\/\/en.wikipedia.org\/wiki\/Marian_Garfinkel",
    "subjectTitle":"Marian Garfinkel",
    "subjectURL":"https:\/\/en.wikipedia.org\/w\/index.php?title=Marian_Garfinkel&oldid=976521631",
    "subjectAPIURL":"https:\/\/en.wikipedia.org\/api\/rest_v1\/page\/html\/Marian_Garfinkel\/976521631",
    "objectPID":"https:\/\/doi.org\/10.1001\/jama.280.18.1601",
    "objectURL":"https:\/\/doi.org\/10.1001\/jama.280.18.1601"
  },
  "72":{
    "wikipediaIncrement":3707,
    "sourceID":"wikipedia",
    "objectID":"https:\/\/doi.org\/10.1001\/jama.280.18.1601",
    "subjectID":"https:\/\/en.wikipedia.org\/api\/rest_v1\/page\/html\/Marian_Garfinkel\/976602092",
    "eventID":"555fa366-3ee7-471a-8f5b-330fc1336e1a",
    "occurredAt":1599171182000,
    "timeObserved":1599556742000,
    "relationType":"references",
    "sourceToken":"36c35e23-8757-4a9d-aacf-345e9b7eb50d",
    "license":"https:\/\/creativecommons.org\/publicdomain\/zero\/1.0\/",
    "termsOfUse":"https:\/\/doi.org\/10.13003\/CED-terms-of-use",
    "updatedDate":null,
    "updatedReason":null,
    "evidenceRecord":"https:\/\/evidence.eventdata.crossref.org\/evidence\/20200903-wikipedia-d7b891f5-55a2-4600-9bdb-fbc8eea30fbd",
    "eventAction":"add",
    "subjectPID":"https:\/\/en.wikipedia.org\/wiki\/Marian_Garfinkel",
    "subjectTitle":"Marian Garfinkel",
    "subjectURL":"https:\/\/en.wikipedia.org\/w\/index.php?title=Marian_Garfinkel&oldid=976602092",
    "subjectAPIURL":"https:\/\/en.wikipedia.org\/api\/rest_v1\/page\/html\/Marian_Garfinkel\/976602092",
    "objectPID":"https:\/\/doi.org\/10.1001\/jama.280.18.1601",
    "objectURL":"https:\/\/doi.org\/10.1001\/jama.280.18.1601"
  },
  "73":{
    "wikipediaIncrement":3708,
    "sourceID":"wikipedia",
    "objectID":"https:\/\/doi.org\/10.1001\/jama.280.18.1601",
    "subjectID":"https:\/\/en.wikipedia.org\/api\/rest_v1\/page\/html\/Marian_Garfinkel\/977081555",
    "eventID":"410e49dd-51d0-4bd8-92c4-f1044e28636e",
    "occurredAt":1599424056000,
    "timeObserved":1599731871000,
    "relationType":"references",
    "sourceToken":"36c35e23-8757-4a9d-aacf-345e9b7eb50d",
    "license":"https:\/\/creativecommons.org\/publicdomain\/zero\/1.0\/",
    "termsOfUse":"https:\/\/doi.org\/10.13003\/CED-terms-of-use",
    "updatedDate":null,
    "updatedReason":null,
    "evidenceRecord":"https:\/\/evidence.eventdata.crossref.org\/evidence\/20200906-wikipedia-a0ff895d-8f4c-425e-b5fc-334e0252d713",
    "eventAction":"add",
    "subjectPID":"https:\/\/en.wikipedia.org\/wiki\/Marian_Garfinkel",
    "subjectTitle":"Marian Garfinkel",
    "subjectURL":"https:\/\/en.wikipedia.org\/w\/index.php?title=Marian_Garfinkel&oldid=977081555",
    "subjectAPIURL":"https:\/\/en.wikipedia.org\/api\/rest_v1\/page\/html\/Marian_Garfinkel\/977081555",
    "objectPID":"https:\/\/doi.org\/10.1001\/jama.280.18.1601",
    "objectURL":"https:\/\/doi.org\/10.1001\/jama.280.18.1601"
  },
  "74":{
    "wikipediaIncrement":3709,
    "sourceID":"wikipedia",
    "objectID":"https:\/\/doi.org\/10.1001\/jama.280.18.1601",
    "subjectID":"https:\/\/en.wikipedia.org\/api\/rest_v1\/page\/html\/Marian_Garfinkel\/979109198",
    "eventID":"fba59f80-73d5-4803-ae13-045280e87a5f",
    "occurredAt":1600462011000,
    "timeObserved":1600552611000,
    "relationType":"references",
    "sourceToken":"36c35e23-8757-4a9d-aacf-345e9b7eb50d",
    "license":"https:\/\/creativecommons.org\/publicdomain\/zero\/1.0\/",
    "termsOfUse":"https:\/\/doi.org\/10.13003\/CED-terms-of-use",
    "updatedDate":null,
    "updatedReason":null,
    "evidenceRecord":"https:\/\/evidence.eventdata.crossref.org\/evidence\/20200918-wikipedia-0ae4056f-5ea1-461a-aab9-3016323bba52",
    "eventAction":"add",
    "subjectPID":"https:\/\/en.wikipedia.org\/wiki\/Marian_Garfinkel",
    "subjectTitle":"Marian Garfinkel",
    "subjectURL":"https:\/\/en.wikipedia.org\/w\/index.php?title=Marian_Garfinkel&oldid=979109198",
    "subjectAPIURL":"https:\/\/en.wikipedia.org\/api\/rest_v1\/page\/html\/Marian_Garfinkel\/979109198",
    "objectPID":"https:\/\/doi.org\/10.1001\/jama.280.18.1601",
    "objectURL":"https:\/\/doi.org\/10.1001\/jama.280.18.1601"
  },
  "75":{
    "wikipediaIncrement":3710,
    "sourceID":"wikipedia",
    "objectID":"https:\/\/doi.org\/10.1001\/jama.280.18.1601",
    "subjectID":"https:\/\/en.wikipedia.org\/api\/rest_v1\/page\/html\/Marian_Garfinkel\/951733447",
    "eventID":"79b619e0-8ca0-4c05-9ef9-5575aec75964",
    "occurredAt":1587225954000,
    "timeObserved":1602659041000,
    "relationType":"references",
    "sourceToken":"36c35e23-8757-4a9d-aacf-345e9b7eb50d",
    "license":"https:\/\/creativecommons.org\/publicdomain\/zero\/1.0\/",
    "termsOfUse":"https:\/\/doi.org\/10.13003\/CED-terms-of-use",
    "updatedDate":null,
    "updatedReason":null,
    "evidenceRecord":"https:\/\/evidence.eventdata.crossref.org\/evidence\/20200418-wikipedia-7cce96d1-dacc-45e0-a246-308453fdff37",
    "eventAction":"add",
    "subjectPID":"https:\/\/en.wikipedia.org\/wiki\/Marian_Garfinkel",
    "subjectTitle":"Marian Garfinkel",
    "subjectURL":"https:\/\/en.wikipedia.org\/w\/index.php?title=Marian_Garfinkel&oldid=951733447",
    "subjectAPIURL":"https:\/\/en.wikipedia.org\/api\/rest_v1\/page\/html\/Marian_Garfinkel\/951733447",
    "objectPID":"https:\/\/doi.org\/10.1001\/jama.280.18.1601",
    "objectURL":"https:\/\/doi.org\/10.1001\/jama.280.18.1601"
  },
  "76":{
    "wikipediaIncrement":3711,
    "sourceID":"wikipedia",
    "objectID":"https:\/\/doi.org\/10.1001\/jama.280.18.1601",
    "subjectID":"https:\/\/en.wikipedia.org\/api\/rest_v1\/page\/html\/Marian_Garfinkel\/983966924",
    "eventID":"e5071af5-9931-4bfc-a4ff-050985dc8fd3",
    "occurredAt":1602929811000,
    "timeObserved":1602915680000,
    "relationType":"references",
    "sourceToken":"36c35e23-8757-4a9d-aacf-345e9b7eb50d",
    "license":"https:\/\/creativecommons.org\/publicdomain\/zero\/1.0\/",
    "termsOfUse":"https:\/\/doi.org\/10.13003\/CED-terms-of-use",
    "updatedDate":null,
    "updatedReason":null,
    "evidenceRecord":"https:\/\/evidence.eventdata.crossref.org\/evidence\/20201017-wikipedia-f25c33fb-842e-4333-87ea-65045d371a24",
    "eventAction":"add",
    "subjectPID":"https:\/\/en.wikipedia.org\/wiki\/Marian_Garfinkel",
    "subjectTitle":"Marian Garfinkel",
    "subjectURL":"https:\/\/en.wikipedia.org\/w\/index.php?title=Marian_Garfinkel&oldid=983966924",
    "subjectAPIURL":"https:\/\/en.wikipedia.org\/api\/rest_v1\/page\/html\/Marian_Garfinkel\/983966924",
    "objectPID":"https:\/\/doi.org\/10.1001\/jama.280.18.1601",
    "objectURL":"https:\/\/doi.org\/10.1001\/jama.280.18.1601"
  },
  "77":{
    "wikipediaIncrement":3712,
    "sourceID":"wikipedia",
    "objectID":"https:\/\/doi.org\/10.1001\/jama.280.18.1601",
    "subjectID":"https:\/\/en.wikipedia.org\/api\/rest_v1\/page\/html\/Marian_Garfinkel\/993578588",
    "eventID":"6fe31c22-fffc-4b74-a6cb-5849a79ec936",
    "occurredAt":1607680346000,
    "timeObserved":1607662866000,
    "relationType":"references",
    "sourceToken":"36c35e23-8757-4a9d-aacf-345e9b7eb50d",
    "license":"https:\/\/creativecommons.org\/publicdomain\/zero\/1.0\/",
    "termsOfUse":"https:\/\/doi.org\/10.13003\/CED-terms-of-use",
    "updatedDate":null,
    "updatedReason":null,
    "evidenceRecord":"https:\/\/evidence.eventdata.crossref.org\/evidence\/20201211-wikipedia-cd313ab9-9cb2-4503-b573-da3f21b43f72",
    "eventAction":"add",
    "subjectPID":"https:\/\/en.wikipedia.org\/wiki\/Marian_Garfinkel",
    "subjectTitle":"Marian Garfinkel",
    "subjectURL":"https:\/\/en.wikipedia.org\/w\/index.php?title=Marian_Garfinkel&oldid=993578588",
    "subjectAPIURL":"https:\/\/en.wikipedia.org\/api\/rest_v1\/page\/html\/Marian_Garfinkel\/993578588",
    "objectPID":"https:\/\/doi.org\/10.1001\/jama.280.18.1601",
    "objectURL":"https:\/\/doi.org\/10.1001\/jama.280.18.1601"
  },
  "78":{
    "wikipediaIncrement":3713,
    "sourceID":"wikipedia",
    "objectID":"https:\/\/doi.org\/10.1001\/jama.280.18.1601",
    "subjectID":"https:\/\/en.wikipedia.org\/api\/rest_v1\/page\/html\/Marian_Garfinkel\/1000244219",
    "eventID":"03a13309-f07a-4779-90b2-4ae0b013a010",
    "occurredAt":1610613328000,
    "timeObserved":1610595972000,
    "relationType":"references",
    "sourceToken":"36c35e23-8757-4a9d-aacf-345e9b7eb50d",
    "license":"https:\/\/creativecommons.org\/publicdomain\/zero\/1.0\/",
    "termsOfUse":"https:\/\/doi.org\/10.13003\/CED-terms-of-use",
    "updatedDate":null,
    "updatedReason":null,
    "evidenceRecord":"https:\/\/evidence.eventdata.crossref.org\/evidence\/20210114-wikipedia-005a39bf-ebce-4fe8-bc06-672db0aa414d",
    "eventAction":"add",
    "subjectPID":"https:\/\/en.wikipedia.org\/wiki\/Marian_Garfinkel",
    "subjectTitle":"Marian Garfinkel",
    "subjectURL":"https:\/\/en.wikipedia.org\/w\/index.php?title=Marian_Garfinkel&oldid=1000244219",
    "subjectAPIURL":"https:\/\/en.wikipedia.org\/api\/rest_v1\/page\/html\/Marian_Garfinkel\/1000244219",
    "objectPID":"https:\/\/doi.org\/10.1001\/jama.280.18.1601",
    "objectURL":"https:\/\/doi.org\/10.1001\/jama.280.18.1601"
  }
}