wikipediaIncrement,sourceID,objectID,subjectID,eventID,occurredAt,timeObserved,relationType,sourceToken,license,termsOfUse,updatedDate,updatedReason,evidenceRecord,eventAction,subjectPID,subjectTitle,subjectURL,subjectAPIURL,objectPID,objectURL
537172,wikipedia,https://doi.org/10.1001/jama.279.18.1452,https://ml.wikipedia.org/api/rest_v1/page/html/%E0%B4%A8%E0%B5%8D%E0%B4%AF%E0%B5%81%E0%B4%AE%E0%B5%8,f7cf1250-eb63-4193-9bad-e190d2bf93ae,2018-10-18 16:35:41,2018-10-18 12:42:12,references,36c35e23-8757-4a9d-aacf-345e9b7eb50d,https://creativecommons.org/publicdomain/zero/1.0/,https://doi.org/10.13003/CED-terms-of-use,,,https://evidence.eventdata.crossref.org/evidence/20181018-wikipedia-e4023823-e29f-4b51-9b95-4d52f3030623,add,https://ml.wikipedia.org/wiki/%E0%B4%A8%E0%B5%8D%E0%B4%AF%E0%B5%81%E0%B4%AE%E0%B,ന്യുമോണിയ,https://ml.wikipedia.org/w/index.php?title=%E0%B4%A8%E0%B5%8D%E0%B4%AF%E0%B5%81%E0%B4%AE%E0%B5%8B%E0,https://ml.wikipedia.org/api/rest_v1/page/html/%E0%B4%A8%E0%B5%8D%E0%B4%AF%E0%B5%81%E0%B4%AE%E0%B5%8,https://doi.org/10.1001/jama.279.18.1452,https://doi.org/10.1001/jama.279.18.1452
537173,wikipedia,https://doi.org/10.1001/jama.279.18.1452,https://ml.wikipedia.org/api/rest_v1/page/html/%E0%B4%A8%E0%B5%8D%E0%B4%AF%E0%B5%81%E0%B4%AE%E0%B5%8,b92cb447-c302-4356-9bb9-02da80aff245,2018-10-18 16:35:41,2018-10-18 12:42:14,references,36c35e23-8757-4a9d-aacf-345e9b7eb50d,https://creativecommons.org/publicdomain/zero/1.0/,https://doi.org/10.13003/CED-terms-of-use,,,https://evidence.eventdata.crossref.org/evidence/20181018-wikipedia-e4023823-e29f-4b51-9b95-4d52f3030623,add,https://ml.wikipedia.org/wiki/%E0%B4%A8%E0%B5%8D%E0%B4%AF%E0%B5%81%E0%B4%AE%E0%B,ന്യുമോണിയ,https://ml.wikipedia.org/w/index.php?title=%E0%B4%A8%E0%B5%8D%E0%B4%AF%E0%B5%81%E0%B4%AE%E0%B5%8B%E0,https://ml.wikipedia.org/api/rest_v1/page/html/%E0%B4%A8%E0%B5%8D%E0%B4%AF%E0%B5%81%E0%B4%AE%E0%B5%8,https://doi.org/10.1001/jama.279.18.1452,http://jama.ama-assn.org/content/279/18/1452.long
537174,wikipedia,https://doi.org/10.1001/jama.279.18.1452,https://ml.wikipedia.org/api/rest_v1/page/html/%E0%B4%A8%E0%B5%8D%E0%B4%AF%E0%B5%81%E0%B4%AE%E0%B5%8,b6b7ca77-8fcd-48cf-bdaf-089a38cb6fa6,2019-02-21 17:52:24,2019-02-21 12:59:51,references,36c35e23-8757-4a9d-aacf-345e9b7eb50d,https://creativecommons.org/publicdomain/zero/1.0/,https://doi.org/10.13003/CED-terms-of-use,,,https://evidence.eventdata.crossref.org/evidence/20190221-wikipedia-55270abd-fefc-4b2d-b17b-c31fa7b7e6cb,add,https://ml.wikipedia.org/wiki/%E0%B4%A8%E0%B5%8D%E0%B4%AF%E0%B5%81%E0%B4%AE%E0%B,ന്യുമോണിയ,https://ml.wikipedia.org/w/index.php?title=%E0%B4%A8%E0%B5%8D%E0%B4%AF%E0%B5%81%E0%B4%AE%E0%B5%8B%E0,https://ml.wikipedia.org/api/rest_v1/page/html/%E0%B4%A8%E0%B5%8D%E0%B4%AF%E0%B5%81%E0%B4%AE%E0%B5%8,https://doi.org/10.1001/jama.279.18.1452,https://doi.org/10.1001/jama.279.18.1452
537175,wikipedia,https://doi.org/10.1001/jama.279.18.1452,https://ml.wikipedia.org/api/rest_v1/page/html/%E0%B4%A8%E0%B5%8D%E0%B4%AF%E0%B5%81%E0%B4%AE%E0%B5%8,dbf529ba-7f29-40a7-889d-eed0e6413a53,2019-10-30 16:50:37,2019-10-30 13:15:17,references,36c35e23-8757-4a9d-aacf-345e9b7eb50d,https://creativecommons.org/publicdomain/zero/1.0/,https://doi.org/10.13003/CED-terms-of-use,,,https://evidence.eventdata.crossref.org/evidence/20191030-wikipedia-cebf41d0-2354-4201-9419-34ecf459f38d,add,https://ml.wikipedia.org/wiki/%E0%B4%A8%E0%B5%8D%E0%B4%AF%E0%B5%81%E0%B4%AE%E0%B,ന്യുമോണിയ,https://ml.wikipedia.org/w/index.php?title=%E0%B4%A8%E0%B5%8D%E0%B4%AF%E0%B5%81%E0%B4%AE%E0%B5%8B%E0,https://ml.wikipedia.org/api/rest_v1/page/html/%E0%B4%A8%E0%B5%8D%E0%B4%AF%E0%B5%81%E0%B4%AE%E0%B5%8,https://doi.org/10.1001/jama.279.18.1452,http://jama.ama-assn.org/content/279/18/1452.long
537176,wikipedia,https://doi.org/10.1001/jama.279.18.1452,https://ml.wikipedia.org/api/rest_v1/page/html/%E0%B4%A8%E0%B5%8D%E0%B4%AF%E0%B5%81%E0%B4%AE%E0%B5%8,46e53263-90f2-4579-8ffd-3bd0c513fb9d,2019-10-30 16:51:39,2019-10-30 13:15:36,references,36c35e23-8757-4a9d-aacf-345e9b7eb50d,https://creativecommons.org/publicdomain/zero/1.0/,https://doi.org/10.13003/CED-terms-of-use,,,https://evidence.eventdata.crossref.org/evidence/20191030-wikipedia-8dfa5e94-3609-4a4a-aa74-52a9775fed89,add,https://ml.wikipedia.org/wiki/%E0%B4%A8%E0%B5%8D%E0%B4%AF%E0%B5%81%E0%B4%AE%E0%B,ന്യുമോണിയ,https://ml.wikipedia.org/w/index.php?title=%E0%B4%A8%E0%B5%8D%E0%B4%AF%E0%B5%81%E0%B4%AE%E0%B5%8B%E0,https://ml.wikipedia.org/api/rest_v1/page/html/%E0%B4%A8%E0%B5%8D%E0%B4%AF%E0%B5%81%E0%B4%AE%E0%B5%8,https://doi.org/10.1001/jama.279.18.1452,https://doi.org/10.1001/jama.279.18.1452
537177,wikipedia,https://doi.org/10.1001/jama.279.18.1452,https://ml.wikipedia.org/api/rest_v1/page/html/%E0%B4%A8%E0%B5%8D%E0%B4%AF%E0%B5%81%E0%B4%AE%E0%B5%8,b396fde6-9543-4967-9094-78a5366e3ac7,2019-10-30 16:50:37,2019-10-30 13:15:53,references,36c35e23-8757-4a9d-aacf-345e9b7eb50d,https://creativecommons.org/publicdomain/zero/1.0/,https://doi.org/10.13003/CED-terms-of-use,,,https://evidence.eventdata.crossref.org/evidence/20191030-wikipedia-cebf41d0-2354-4201-9419-34ecf459f38d,add,https://ml.wikipedia.org/wiki/%E0%B4%A8%E0%B5%8D%E0%B4%AF%E0%B5%81%E0%B4%AE%E0%B,ന്യുമോണിയ,https://ml.wikipedia.org/w/index.php?title=%E0%B4%A8%E0%B5%8D%E0%B4%AF%E0%B5%81%E0%B4%AE%E0%B5%8B%E0,https://ml.wikipedia.org/api/rest_v1/page/html/%E0%B4%A8%E0%B5%8D%E0%B4%AF%E0%B5%81%E0%B4%AE%E0%B5%8,https://doi.org/10.1001/jama.279.18.1452,https://doi.org/10.1001/jama.279.18.1452
