{
  "0":{
    "twitterIncrement":10705,
    "sourceID":"twitter",
    "subjectID":"twitter:\/\/status?id=1122883717373018112",
    "objectID":"https:\/\/doi.org\/10.1001\/jama.280.3.222",
    "eventID":"dea8a048-7123-4327-a1df-fa3ddfe0e5d3",
    "occurredAt":1556551315000,
    "timeObserved":1556537615000,
    "relationType":"discusses",
    "sourceToken":"45a1ef76-4f43-4cdc-9ba8-5a6ad01cc231",
    "license":"https:\/\/creativecommons.org\/publicdomain\/zero\/1.0\/",
    "termsOfUse":"https:\/\/doi.org\/10.13003\/CED-terms-of-use",
    "tweetAuthor":"twitter:\/\/user?screen_name=swani741",
    "originalTweetAuthor":null,
    "updatedReason":null,
    "updated":null,
    "evidenceRecord":"https:\/\/evidence.eventdata.crossref.org\/evidence\/20190429-twitter-0ab5629e-7db9-4821-ad74-ab7c825d3f",
    "eventAction":"add",
    "subjectPID":"twitter:\/\/status?id=1122883717373018112",
    "originalTweetURL":"twitter:\/\/status?id=1122883717373018112",
    "alternativeID":"1122883717373018112",
    "title":"Tweet 1122883717373018112",
    "issued":1556551315000,
    "objectPID":"https:\/\/doi.org\/10.1001\/jama.280.3.222",
    "objectURL":"https:\/\/jamanetwork.com\/journals\/jama\/fullarticle\/187772",
    "updatedDate":null
  },
  "1":{
    "twitterIncrement":11321,
    "sourceID":"twitter",
    "subjectID":"twitter:\/\/status?id=1122883717373018112",
    "objectID":"https:\/\/doi.org\/10.1001\/jama.280.3.222",
    "eventID":"dea8a048-7123-4327-a1df-fa3ddfe0e5d3",
    "occurredAt":1556551315000,
    "timeObserved":1556537615000,
    "relationType":"discusses",
    "sourceToken":"45a1ef76-4f43-4cdc-9ba8-5a6ad01cc231",
    "license":"https:\/\/creativecommons.org\/publicdomain\/zero\/1.0\/",
    "termsOfUse":"https:\/\/doi.org\/10.13003\/CED-terms-of-use",
    "tweetAuthor":"twitter:\/\/user?screen_name=swani741",
    "originalTweetAuthor":null,
    "updatedReason":null,
    "updated":null,
    "evidenceRecord":"https:\/\/evidence.eventdata.crossref.org\/evidence\/20190429-twitter-0ab5629e-7db9-4821-ad74-ab7c825d3f",
    "eventAction":"add",
    "subjectPID":"twitter:\/\/status?id=1122883717373018112",
    "originalTweetURL":"twitter:\/\/status?id=1122883717373018112",
    "alternativeID":"1122883717373018112",
    "title":"Tweet 1122883717373018112",
    "issued":1556551315000,
    "objectPID":"https:\/\/doi.org\/10.1001\/jama.280.3.222",
    "objectURL":"https:\/\/jamanetwork.com\/journals\/jama\/fullarticle\/187772",
    "updatedDate":null
  },
  "2":{
    "twitterIncrement":12098,
    "sourceID":"twitter",
    "subjectID":"twitter:\/\/status?id=1122883717373018112",
    "objectID":"https:\/\/doi.org\/10.1001\/jama.280.3.222",
    "eventID":"dea8a048-7123-4327-a1df-fa3ddfe0e5d3",
    "occurredAt":1556551315000,
    "timeObserved":1556537615000,
    "relationType":"discusses",
    "sourceToken":"45a1ef76-4f43-4cdc-9ba8-5a6ad01cc231",
    "license":"https:\/\/creativecommons.org\/publicdomain\/zero\/1.0\/",
    "termsOfUse":"https:\/\/doi.org\/10.13003\/CED-terms-of-use",
    "tweetAuthor":"twitter:\/\/user?screen_name=swani741",
    "originalTweetAuthor":null,
    "updatedReason":null,
    "updated":null,
    "evidenceRecord":"https:\/\/evidence.eventdata.crossref.org\/evidence\/20190429-twitter-0ab5629e-7db9-4821-ad74-ab7c825d3f",
    "eventAction":"add",
    "subjectPID":"twitter:\/\/status?id=1122883717373018112",
    "originalTweetURL":"twitter:\/\/status?id=1122883717373018112",
    "alternativeID":"1122883717373018112",
    "title":"Tweet 1122883717373018112",
    "issued":1556551315000,
    "objectPID":"https:\/\/doi.org\/10.1001\/jama.280.3.222",
    "objectURL":"https:\/\/jamanetwork.com\/journals\/jama\/fullarticle\/187772",
    "updatedDate":null
  }
}