cambiaIncrement,sourceID,objectID,subjectID,eventID,occurredAt,timeObserved,relationType,sourceToken,license,termsOfUse,updatedReason,updated,eventAction,workSubtypeID,workTypeID,subjectTitle,subjectPID,jurisdiction,updatedDate
496,cambia-lens,https://doi.org/10.1016/s0092-8674(00)81199-x,https://lens.org/150-654-745-248-257,5faa28c0-e613-621f-4533-0387454ee16c,2008-08-20 00:00:00,2017-11-10 08:26:19,cites,1ad0b713-78ed-4bb9-8d5d-a3c2d163d46f,https://creativecommons.org/licenses/by-sa/4.0/,https://doi.org/10.13003/CED-terms-of-use,,,add,Patent Application,patent,Treatment,https://lens.org/150-654-745-248-257,EP,
497,cambia-lens,https://doi.org/10.1016/s0092-8674(00)81199-x,https://lens.org/151-348-928-536-359,cad2154b-8cbd-f489-1620-ead18904b334,2002-11-05 00:00:00,2017-11-10 08:37:02,cites,1ad0b713-78ed-4bb9-8d5d-a3c2d163d46f,https://creativecommons.org/licenses/by-sa/4.0/,https://doi.org/10.13003/CED-terms-of-use,,,add,Granted Patent,patent,Methods For Identifying Compounds Which Modulate Circadian Rhythm,https://lens.org/151-348-928-536-359,US,
498,cambia-lens,https://doi.org/10.1016/s0092-8674(00)81199-x,https://lens.org/157-725-162-530-875,0eb69d96-9080-8629-0262-59b478e454dc,2011-10-06 00:00:00,2017-11-10 10:15:16,cites,1ad0b713-78ed-4bb9-8d5d-a3c2d163d46f,https://creativecommons.org/licenses/by-sa/4.0/,https://doi.org/10.13003/CED-terms-of-use,,,add,Patent Application,patent,Expression Modulator For Clock Gene Bmal,https://lens.org/157-725-162-530-875,WO,
499,cambia-lens,https://doi.org/10.1016/s0092-8674(00)81199-x,https://lens.org/016-901-913-447-333,827ee762-e8fd-bb05-4546-758bdd75d7a5,2011-10-06 00:00:00,2017-11-10 13:21:18,cites,1ad0b713-78ed-4bb9-8d5d-a3c2d163d46f,https://creativecommons.org/licenses/by-sa/4.0/,https://doi.org/10.13003/CED-terms-of-use,,,add,Patent Application,patent,Expression Modulator For Clock Gene Period,https://lens.org/016-901-913-447-333,WO,
500,cambia-lens,https://doi.org/10.1016/s0092-8674(00)81199-x,https://lens.org/054-300-625-117-57X,f53c5728-5838-3c6e-1623-c048c5bef6f8,2012-11-07 00:00:00,2017-11-11 07:03:05,cites,1ad0b713-78ed-4bb9-8d5d-a3c2d163d46f,https://creativecommons.org/licenses/by-sa/4.0/,https://doi.org/10.13003/CED-terms-of-use,,,add,Limited Patent,patent,Clock Genexpression Regulierendes Mittel,https://lens.org/054-300-625-117-57X,DE,
