crossRefIncrement,sourceID,objectID,subjectID,eventID,occurredAt,timeObserved,relationType,sourceToken,license,crossrefTermsOfUse,messageAction
1982,crossref,https://doi.org/10.1016/S0092-8674(00)81199-X,https://doi.org/10.14411/eje.2003.036,8ffbc294-fd8f-4678-9eb6-500c33c2bb4f,2003-06-25 00:00:00,2019-06-20 05:56:50,references,8676e950-8ac5-4074-8ac3-c0a18ada7e99,https://doi.org/10.13003/CED-terms-of-use,https://doi.org/10.13003/CED-terms-of-use,create
1983,crossref,https://doi.org/10.1016/S0092-8674(00)81199-X,https://doi.org/10.3109/07420528.2011.636496,305a864c-91db-448c-a83d-8bea2368cab4,2012-01-04 00:00:00,2019-06-22 13:08:57,references,8676e950-8ac5-4074-8ac3-c0a18ada7e99,https://doi.org/10.13003/CED-terms-of-use,https://doi.org/10.13003/CED-terms-of-use,create
1984,crossref,https://doi.org/10.1016/S0092-8674(00)81199-X,https://doi.org/10.1093/nar/gkr1297,47ae9663-78dc-4017-99a0-d1cd73190360,2011-12-30 00:00:00,2019-06-23 01:55:54,references,8676e950-8ac5-4074-8ac3-c0a18ada7e99,https://doi.org/10.13003/CED-terms-of-use,https://doi.org/10.13003/CED-terms-of-use,create
1985,crossref,https://doi.org/10.1016/s0092-8674(00)81199-x,https://doi.org/10.3389/fphys.2019.00682,ef32d7ae-8971-46ad-89d2-1478193b7afe,2019-06-25 00:00:00,2019-06-26 07:37:10,references,8676e950-8ac5-4074-8ac3-c0a18ada7e99,https://doi.org/10.13003/CED-terms-of-use,https://doi.org/10.13003/CED-terms-of-use,create
1986,crossref,https://doi.org/10.1016/S0092-8674(00)81199-X,https://doi.org/10.1096/fj.201802528R,a85b4a1c-3cd3-4527-af05-929f8efc472e,2019-07-01 00:00:00,2019-06-29 03:35:56,references,8676e950-8ac5-4074-8ac3-c0a18ada7e99,https://doi.org/10.13003/CED-terms-of-use,https://doi.org/10.13003/CED-terms-of-use,create
1987,crossref,https://doi.org/10.1016/S0092-8674(00)81199-X,https://doi.org/10.3390/ijms20112772,5005abcf-c787-4f9c-a861-9eaf165339c4,2019-06-05 00:00:00,2019-06-30 07:45:37,references,8676e950-8ac5-4074-8ac3-c0a18ada7e99,https://doi.org/10.13003/CED-terms-of-use,https://doi.org/10.13003/CED-terms-of-use,create
1988,crossref,https://doi.org/10.1016/S0092-8674(00)81199-X,https://doi.org/10.3390/ijms20112765,6292b35e-d710-4693-b36a-714304c86d70,2019-06-05 00:00:00,2019-06-30 07:52:18,references,8676e950-8ac5-4074-8ac3-c0a18ada7e99,https://doi.org/10.13003/CED-terms-of-use,https://doi.org/10.13003/CED-terms-of-use,create
1989,crossref,https://doi.org/10.1016/S0092-8674(00)81199-X,https://doi.org/10.1096/fj.12-205781,c1e033da-8432-4f0a-836b-55df58289f8d,2012-08-01 00:00:00,2019-07-01 22:26:21,references,8676e950-8ac5-4074-8ac3-c0a18ada7e99,https://doi.org/10.13003/CED-terms-of-use,https://doi.org/10.13003/CED-terms-of-use,create
1990,crossref,https://doi.org/10.1016/S0092-8674(00)81199-X,https://doi.org/10.7600/jspfsm.59.233,cfc980bb-b7a9-4047-a41b-a01e9f1a5f09,2010-01-01 00:00:00,2019-07-05 08:14:26,references,8676e950-8ac5-4074-8ac3-c0a18ada7e99,https://doi.org/10.13003/CED-terms-of-use,https://doi.org/10.13003/CED-terms-of-use,create
1991,crossref,https://doi.org/10.1016/S0092-8674(00)81199-X,https://doi.org/10.1113/jphysiol.2012.242198,386d8580-d74a-4fa4-859d-d1d20766ebe6,2013-02-01 00:00:00,2019-07-10 19:07:46,references,8676e950-8ac5-4074-8ac3-c0a18ada7e99,https://doi.org/10.13003/CED-terms-of-use,https://doi.org/10.13003/CED-terms-of-use,create
1992,crossref,https://doi.org/10.1016/S0092-8674(00)81199-X,https://doi.org/10.3389/fphys.2019.00900,7c510ab2-4516-45a4-94f7-426141127965,2019-07-11 00:00:00,2019-07-13 02:28:04,references,8676e950-8ac5-4074-8ac3-c0a18ada7e99,https://doi.org/10.13003/CED-terms-of-use,https://doi.org/10.13003/CED-terms-of-use,create
1993,crossref,https://doi.org/10.1016/S0092-8674(00)81199-X,https://doi.org/10.4137/BCBCR.S9673,cc5b1aef-392b-47e9-8287-ce4d1aa5f1f0,2012-01-01 00:00:00,2019-07-15 19:14:51,references,8676e950-8ac5-4074-8ac3-c0a18ada7e99,https://doi.org/10.13003/CED-terms-of-use,https://doi.org/10.13003/CED-terms-of-use,create
1994,crossref,https://doi.org/10.1016/S0092-8674(00)81199-X,https://doi.org/10.1098/rstb.2001.0969,617cfbf9-17c3-44e9-b608-f72c3d0e0f31,2001-11-29 00:00:00,2019-07-19 06:19:06,references,8676e950-8ac5-4074-8ac3-c0a18ada7e99,https://doi.org/10.13003/CED-terms-of-use,https://doi.org/10.13003/CED-terms-of-use,create
1995,crossref,https://doi.org/10.1016/S0092-8674(00)81199-X,https://doi.org/10.1098/rstb.2001.0936,c3358e0e-a6f9-471b-adf4-cb34ffd17957,2001-11-29 00:00:00,2019-07-19 07:45:25,references,8676e950-8ac5-4074-8ac3-c0a18ada7e99,https://doi.org/10.13003/CED-terms-of-use,https://doi.org/10.13003/CED-terms-of-use,create
1996,crossref,https://doi.org/10.1016/S0092-8674(00)81199-X,https://doi.org/10.1098/rstb.2007.2143,1b98809e-dbeb-4d33-829e-2c85608e8f64,2007-08-07 00:00:00,2019-07-19 17:44:12,references,8676e950-8ac5-4074-8ac3-c0a18ada7e99,https://doi.org/10.13003/CED-terms-of-use,https://doi.org/10.13003/CED-terms-of-use,create
1997,crossref,https://doi.org/10.1016/S0092-8674(00)81199-X,https://doi.org/10.3390/ijms20092263,70ad85a3-db7e-47ec-b7c6-075aa21f3bbf,2019-05-08 00:00:00,2019-07-29 02:07:12,references,8676e950-8ac5-4074-8ac3-c0a18ada7e99,https://doi.org/10.13003/CED-terms-of-use,https://doi.org/10.13003/CED-terms-of-use,create
1998,crossref,https://doi.org/10.1016/S0092-8674(00)81199-X,https://doi.org/10.3109/07420528.2012.754447,dbebe99b-a4c9-4073-a662-2f7e645dc828,2013-02-20 00:00:00,2019-10-17 22:50:56,references,8676e950-8ac5-4074-8ac3-c0a18ada7e99,https://doi.org/10.13003/CED-terms-of-use,https://doi.org/10.13003/CED-terms-of-use,create
1999,crossref,https://doi.org/10.1016/S0092-8674(00)81199-X,https://doi.org/10.3389/fneur.2018.00424,ef6dddf7-ca17-487d-b08e-370ee564b632,2018-06-07 00:00:00,2019-10-19 21:53:53,references,8676e950-8ac5-4074-8ac3-c0a18ada7e99,https://doi.org/10.13003/CED-terms-of-use,https://doi.org/10.13003/CED-terms-of-use,create
2000,crossref,https://doi.org/10.1016/S0092-8674(00)81199-X,https://doi.org/10.1210/er.2018-00049,61935b52-9f73-4660-aa18-3e97d247173c,2018-08-28 00:00:00,2019-10-24 01:52:17,references,8676e950-8ac5-4074-8ac3-c0a18ada7e99,https://doi.org/10.13003/CED-terms-of-use,https://doi.org/10.13003/CED-terms-of-use,create
2001,crossref,https://doi.org/10.1016/S0092-8674(00)81199-X,https://doi.org/10.13160/ricns.2012.5.3.198,8aa7651e-4385-40b8-8a07-fdfa92f937c2,2012-09-30 00:00:00,2019-11-27 05:18:56,references,8676e950-8ac5-4074-8ac3-c0a18ada7e99,https://doi.org/10.13003/CED-terms-of-use,https://doi.org/10.13003/CED-terms-of-use,create
2002,crossref,https://doi.org/10.1016/S0092-8674(00)81199-X,https://doi.org/10.1073/pnas.1907488116,bf54b7e2-c47a-40e2-ab62-5f43487fc09b,2019-05-20 00:00:00,2019-12-07 10:33:42,references,8676e950-8ac5-4074-8ac3-c0a18ada7e99,https://doi.org/10.13003/CED-terms-of-use,https://doi.org/10.13003/CED-terms-of-use,create
2003,crossref,https://doi.org/10.1016/S0092-8674(00)81199-X,https://doi.org/10.1111/bph.14712,63b21be2-4ee3-41cd-93d1-78932fc0cffe,2019-07-06 00:00:00,2019-12-11 14:38:29,references,8676e950-8ac5-4074-8ac3-c0a18ada7e99,https://doi.org/10.13003/CED-terms-of-use,https://doi.org/10.13003/CED-terms-of-use,create
2004,crossref,https://doi.org/10.1016/S0092-8674(00)81199-X,https://doi.org/10.2165/11596850-000000000-00000,73ddfe4f-373a-4597-a516-c024aac9f6c0,2012-03-01 00:00:00,2019-12-13 23:20:10,references,8676e950-8ac5-4074-8ac3-c0a18ada7e99,https://doi.org/10.13003/CED-terms-of-use,https://doi.org/10.13003/CED-terms-of-use,create
2005,crossref,https://doi.org/10.1016/S0092-8674(00)81199-X,https://doi.org/10.1371/journal.pone.0069939,8fcd1a70-4524-4ab5-9d80-74354d0dd017,2013-07-25 00:00:00,2019-12-14 14:41:47,references,8676e950-8ac5-4074-8ac3-c0a18ada7e99,https://doi.org/10.13003/CED-terms-of-use,https://doi.org/10.13003/CED-terms-of-use,create
2006,crossref,https://doi.org/10.1016/S0092-8674(00)81199-X,https://doi.org/10.1155/2012/890875,69051d67-b1e8-4003-8864-3c7d475c7a44,2012-01-01 00:00:00,2019-12-16 02:02:34,references,8676e950-8ac5-4074-8ac3-c0a18ada7e99,https://doi.org/10.13003/CED-terms-of-use,https://doi.org/10.13003/CED-terms-of-use,create
2007,crossref,https://doi.org/10.1016/S0092-8674(00)81199-X,https://doi.org/10.1371/journal.pone.0056231,04042644-db21-47a9-ac64-3726f298cd52,2013-02-27 00:00:00,2019-12-23 03:19:38,references,8676e950-8ac5-4074-8ac3-c0a18ada7e99,https://doi.org/10.13003/CED-terms-of-use,https://doi.org/10.13003/CED-terms-of-use,create
2008,crossref,https://doi.org/10.1016/S0092-8674(00)81199-X,https://doi.org/10.1002/glia.22412,12e89a6c-6b12-4732-bb80-b2e09d2b2e31,2012-08-28 00:00:00,2019-12-23 23:07:08,references,8676e950-8ac5-4074-8ac3-c0a18ada7e99,https://doi.org/10.13003/CED-terms-of-use,https://doi.org/10.13003/CED-terms-of-use,create
2009,crossref,https://doi.org/10.1016/S0092-8674(00)81199-X,https://doi.org/10.1002/hep.26555,8fb78c86-b8c4-446e-9f7b-e22eea3ffc31,2013-12-23 00:00:00,2019-12-25 11:59:51,references,8676e950-8ac5-4074-8ac3-c0a18ada7e99,https://doi.org/10.13003/CED-terms-of-use,https://doi.org/10.13003/CED-terms-of-use,create
2010,crossref,https://doi.org/10.1016/S0092-8674(00)81199-X,https://doi.org/10.1098/rstb.2001.0960,9632c51c-11e1-42a2-8633-2e508c12448b,2001-11-29 00:00:00,2019-12-28 14:17:22,references,8676e950-8ac5-4074-8ac3-c0a18ada7e99,https://doi.org/10.13003/CED-terms-of-use,https://doi.org/10.13003/CED-terms-of-use,create
2011,crossref,https://doi.org/10.1016/S0092-8674(00)81199-X,https://doi.org/10.1007/s10616-018-0266-9,09bfb193-6950-4825-ad26-4b277a2f1c2e,2019-01-01 00:00:00,2020-01-02 11:50:59,references,8676e950-8ac5-4074-8ac3-c0a18ada7e99,https://doi.org/10.13003/CED-terms-of-use,https://doi.org/10.13003/CED-terms-of-use,create
