twitterIncrement,sourceID,subjectID,objectID,eventID,occurredAt,timeObserved,relationType,sourceToken,license,termsOfUse,tweetAuthor,originalTweetAuthor,updatedReason,updated,evidenceRecord,eventAction,subjectPID,originalTweetURL,alternativeID,title,issued,objectPID,objectURL,updatedDate
12872,twitter,http://twitter.com/Celine_MarieC/statuses/952838107207942144,https://doi.org/10.1016/s0092-8674(00)81199-x,ea452981-2800-4260-acc6-d187821249f8,2018-01-15 09:41:22,2018-01-15 12:45:56,discusses,45a1ef76-4f43-4cdc-9ba8-5a6ad01cc231,https://creativecommons.org/publicdomain/zero/1.0/,https://doi.org/10.13003/CED-terms-of-use,http://www.twitter.com/Celine_MarieC,http://www.twitter.com/SatchinPanda,,,https://evidence.eventdata.crossref.org/evidence/20180115-twitter-c1cb8a13-3b2f-4ce5-aaae-299bf8f9e7,add,http://twitter.com/Celine_MarieC/statuses/952838107207942144,http://twitter.com/SatchinPanda/statuses/952722557190340609,952838107207942144,Tweet 952838107207942144,2018-01-15 09:41:22,https://doi.org/10.1016/s0092-8674(00)81199-x,http://www.sciencedirect.com/science/article/pii/S009286740081199X,
12873,twitter,http://twitter.com/tranejoan/statuses/952977976534163457,https://doi.org/10.1016/s0092-8674(00)81199-x,e4ab6ceb-8655-4b8c-93a3-b3b9b2fb7efc,2018-01-15 18:57:09,2018-01-15 14:03:43,discusses,45a1ef76-4f43-4cdc-9ba8-5a6ad01cc231,https://creativecommons.org/publicdomain/zero/1.0/,https://doi.org/10.13003/CED-terms-of-use,http://www.twitter.com/tranejoan,http://www.twitter.com/SatchinPanda,,,https://evidence.eventdata.crossref.org/evidence/20180115-twitter-94b97029-3e30-4c9d-aeaa-581d6eb505,add,http://twitter.com/tranejoan/statuses/952977976534163457,http://twitter.com/SatchinPanda/statuses/952722557190340609,952977976534163457,Tweet 952977976534163457,2018-01-15 18:57:09,https://doi.org/10.1016/s0092-8674(00)81199-x,http://www.sciencedirect.com/science/article/pii/S009286740081199X,
12874,twitter,http://twitter.com/curtisannie/statuses/953017147378360323,https://doi.org/10.1016/s0092-8674(00)81199-x,3d69be2f-642e-4a3c-bb3f-d4394e0d9c0f,2018-01-15 21:32:48,2018-01-15 16:50:39,discusses,45a1ef76-4f43-4cdc-9ba8-5a6ad01cc231,https://creativecommons.org/publicdomain/zero/1.0/,https://doi.org/10.13003/CED-terms-of-use,http://www.twitter.com/curtisannie,http://www.twitter.com/SatchinPanda,,,https://evidence.eventdata.crossref.org/evidence/20180115-twitter-68567c3e-f289-44ce-b5d1-903afbfe2c,add,http://twitter.com/curtisannie/statuses/953017147378360323,http://twitter.com/SatchinPanda/statuses/952722557190340609,953017147378360323,Tweet 953017147378360323,2018-01-15 21:32:48,https://doi.org/10.1016/s0092-8674(00)81199-x,http://www.sciencedirect.com/science/article/pii/S009286740081199X,
12875,twitter,http://twitter.com/JaredWYoung/statuses/953279286508625920,https://doi.org/10.1016/s0092-8674(00)81199-x,dd260ef6-f748-4822-8dd6-0dd6aec80e94,2018-01-16 14:54:27,2018-01-17 16:42:17,discusses,45a1ef76-4f43-4cdc-9ba8-5a6ad01cc231,https://creativecommons.org/publicdomain/zero/1.0/,https://doi.org/10.13003/CED-terms-of-use,http://www.twitter.com/JaredWYoung,http://www.twitter.com/MarthaMerrow,,,https://evidence.eventdata.crossref.org/evidence/20180116-twitter-42085be7-32bd-4399-8682-ae5d27e643,add,http://twitter.com/JaredWYoung/statuses/953279286508625920,http://twitter.com/MarthaMerrow/statuses/952857377010745344,953279286508625920,Tweet 953279286508625920,2018-01-16 14:54:27,https://doi.org/10.1016/s0092-8674(00)81199-x,http://www.sciencedirect.com/science/article/pii/S009286740081199X,
12876,twitter,http://twitter.com/AlexCarlKeene/statuses/952899414934384640,https://doi.org/10.1016/s0092-8674(00)81199-x,98a8e03c-9770-4ee3-80ce-9634a8d6526c,2018-01-15 13:44:59,2018-01-17 16:42:28,discusses,45a1ef76-4f43-4cdc-9ba8-5a6ad01cc231,https://creativecommons.org/publicdomain/zero/1.0/,https://doi.org/10.13003/CED-terms-of-use,http://www.twitter.com/AlexCarlKeene,http://www.twitter.com/MarthaMerrow,,,https://evidence.eventdata.crossref.org/evidence/20180115-twitter-40dba2b4-693e-430d-b727-b6cb97d712,add,http://twitter.com/AlexCarlKeene/statuses/952899414934384640,http://twitter.com/MarthaMerrow/statuses/952857377010745344,952899414934384640,Tweet 952899414934384640,2018-01-15 13:44:59,https://doi.org/10.1016/s0092-8674(00)81199-x,http://www.sciencedirect.com/science/article/pii/S009286740081199X,
12877,twitter,http://twitter.com/BergeConny/statuses/952865793989103616,https://doi.org/10.1016/s0092-8674(00)81199-x,83ce468b-e415-4e39-9122-98b5ad563a13,2018-01-15 11:31:23,2018-01-17 18:35:43,discusses,45a1ef76-4f43-4cdc-9ba8-5a6ad01cc231,https://creativecommons.org/publicdomain/zero/1.0/,https://doi.org/10.13003/CED-terms-of-use,http://www.twitter.com/BergeConny,http://www.twitter.com/MarthaMerrow,,,https://evidence.eventdata.crossref.org/evidence/20180115-twitter-7fd48dbe-07bb-4b96-b103-114d4c9ce9,add,http://twitter.com/BergeConny/statuses/952865793989103616,http://twitter.com/MarthaMerrow/statuses/952857377010745344,952865793989103616,Tweet 952865793989103616,2018-01-15 11:31:23,https://doi.org/10.1016/s0092-8674(00)81199-x,http://www.sciencedirect.com/science/article/pii/S009286740081199X,
12878,twitter,http://twitter.com/RyanWLogan/statuses/952944410798551044,https://doi.org/10.1016/s0092-8674(00)81199-x,65389fae-12e8-4449-acc8-853dcbac72b6,2018-01-15 16:43:47,2018-01-17 21:06:44,discusses,45a1ef76-4f43-4cdc-9ba8-5a6ad01cc231,https://creativecommons.org/publicdomain/zero/1.0/,https://doi.org/10.13003/CED-terms-of-use,http://www.twitter.com/RyanWLogan,http://www.twitter.com/MarthaMerrow,,,https://evidence.eventdata.crossref.org/evidence/20180115-twitter-63821d07-f281-412b-9443-0966da75dd,add,http://twitter.com/RyanWLogan/statuses/952944410798551044,http://twitter.com/MarthaMerrow/statuses/952857377010745344,952944410798551044,Tweet 952944410798551044,2018-01-15 16:43:47,https://doi.org/10.1016/s0092-8674(00)81199-x,http://www.sciencedirect.com/science/article/pii/S009286740081199X,
12879,twitter,http://twitter.com/MeoYo/statuses/952859191013715969,https://doi.org/10.1016/s0092-8674(00)81199-x,e78ca692-3633-40ef-b943-6bd7b58e24c7,2018-01-15 11:05:09,2018-01-17 21:08:44,discusses,45a1ef76-4f43-4cdc-9ba8-5a6ad01cc231,https://creativecommons.org/publicdomain/zero/1.0/,https://doi.org/10.13003/CED-terms-of-use,http://www.twitter.com/MeoYo,http://www.twitter.com/SatchinPanda,,,https://evidence.eventdata.crossref.org/evidence/20180115-twitter-0dfdba96-15d1-4727-afd1-f34c351407,add,http://twitter.com/MeoYo/statuses/952859191013715969,http://twitter.com/SatchinPanda/statuses/952722557190340609,952859191013715969,Tweet 952859191013715969,2018-01-15 11:05:09,https://doi.org/10.1016/s0092-8674(00)81199-x,http://www.sciencedirect.com/science/article/pii/S009286740081199X,
12880,twitter,http://twitter.com/Q4LT00/statuses/952959870256398336,https://doi.org/10.1016/s0092-8674(00)81199-x,db7c4567-092f-4386-b987-f368ab1c1268,2018-01-15 17:45:12,2018-01-17 21:54:57,discusses,45a1ef76-4f43-4cdc-9ba8-5a6ad01cc231,https://creativecommons.org/publicdomain/zero/1.0/,https://doi.org/10.13003/CED-terms-of-use,http://www.twitter.com/Q4LT00,http://www.twitter.com/MarthaMerrow,,,https://evidence.eventdata.crossref.org/evidence/20180115-twitter-fc9f04a7-d436-4bb8-a0b2-2e0aef3c55,add,http://twitter.com/Q4LT00/statuses/952959870256398336,http://twitter.com/MarthaMerrow/statuses/952857377010745344,952959870256398336,Tweet 952959870256398336,2018-01-15 17:45:12,https://doi.org/10.1016/s0092-8674(00)81199-x,http://www.sciencedirect.com/science/article/pii/S009286740081199X,
12881,twitter,http://twitter.com/BakalLabICR/statuses/953424371552571394,https://doi.org/10.1016/s0092-8674(00)81199-x,3ddf2c51-8361-454f-8f36-b50d8a4d1253,2018-01-17 00:30:58,2018-01-17 22:09:20,discusses,45a1ef76-4f43-4cdc-9ba8-5a6ad01cc231,https://creativecommons.org/publicdomain/zero/1.0/,https://doi.org/10.13003/CED-terms-of-use,http://www.twitter.com/BakalLabICR,http://www.twitter.com/SatchinPanda,,,https://evidence.eventdata.crossref.org/evidence/20180117-twitter-d38e36ab-11c8-4abd-8c5b-d87e38bae0,add,http://twitter.com/BakalLabICR/statuses/953424371552571394,http://twitter.com/SatchinPanda/statuses/952722557190340609,953424371552571394,Tweet 953424371552571394,2018-01-17 00:30:58,https://doi.org/10.1016/s0092-8674(00)81199-x,http://www.sciencedirect.com/science/article/pii/S009286740081199X,
12882,twitter,http://twitter.com/JJ_clock/statuses/953033749922504704,https://doi.org/10.1016/s0092-8674(00)81199-x,0dcbb8cc-fe49-4ee2-89dd-ad420f4e4ce5,2018-01-15 22:38:47,2018-01-17 23:42:05,discusses,45a1ef76-4f43-4cdc-9ba8-5a6ad01cc231,https://creativecommons.org/publicdomain/zero/1.0/,https://doi.org/10.13003/CED-terms-of-use,http://www.twitter.com/JJ_clock,http://www.twitter.com/MarthaMerrow,,,https://evidence.eventdata.crossref.org/evidence/20180115-twitter-a3b7524d-8851-4831-9f4c-b3906f99d6,add,http://twitter.com/JJ_clock/statuses/953033749922504704,http://twitter.com/MarthaMerrow/statuses/952857377010745344,953033749922504704,Tweet 953033749922504704,2018-01-15 22:38:47,https://doi.org/10.1016/s0092-8674(00)81199-x,http://www.sciencedirect.com/science/article/pii/S009286740081199X,
12883,twitter,http://twitter.com/RRS_RadRes/statuses/953430327757819905,https://doi.org/10.1016/s0092-8674(00)81199-x,b9017146-e033-4bf5-a88a-b552e7deaabe,2018-01-17 00:54:38,2018-01-18 00:14:39,discusses,45a1ef76-4f43-4cdc-9ba8-5a6ad01cc231,https://creativecommons.org/publicdomain/zero/1.0/,https://doi.org/10.13003/CED-terms-of-use,http://www.twitter.com/RRS_RadRes,http://www.twitter.com/SatchinPanda,,,https://evidence.eventdata.crossref.org/evidence/20180117-twitter-d9a31231-3c13-4f2f-be9d-5d17145ac2,add,http://twitter.com/RRS_RadRes/statuses/953430327757819905,http://twitter.com/SatchinPanda/statuses/952722557190340609,953430327757819905,Tweet 953430327757819905,2018-01-17 00:54:38,https://doi.org/10.1016/s0092-8674(00)81199-x,http://www.sciencedirect.com/science/article/pii/S009286740081199X,
12884,twitter,http://twitter.com/ZombieCowMaster/statuses/953428389976821760,https://doi.org/10.1016/s0092-8674(00)81199-x,47f77e0d-2171-4a98-8b1e-0e4f52ce59b6,2018-01-17 00:46:56,2018-01-18 01:15:49,discusses,45a1ef76-4f43-4cdc-9ba8-5a6ad01cc231,https://creativecommons.org/publicdomain/zero/1.0/,https://doi.org/10.13003/CED-terms-of-use,http://www.twitter.com/ZombieCowMaster,http://www.twitter.com/SatchinPanda,,,https://evidence.eventdata.crossref.org/evidence/20180117-twitter-296ee5db-d9a1-4355-b7f6-392294fb78,add,http://twitter.com/ZombieCowMaster/statuses/953428389976821760,http://twitter.com/SatchinPanda/statuses/952722557190340609,953428389976821760,Tweet 953428389976821760,2018-01-17 00:46:56,https://doi.org/10.1016/s0092-8674(00)81199-x,http://www.sciencedirect.com/science/article/pii/S009286740081199X,
12885,twitter,http://twitter.com/Brianne_Kent/statuses/953283510147534848,https://doi.org/10.1016/s0092-8674(00)81199-x,e367c024-b81d-4522-8160-784fbb5b37ac,2018-01-16 15:11:14,2018-01-18 04:50:56,discusses,45a1ef76-4f43-4cdc-9ba8-5a6ad01cc231,https://creativecommons.org/publicdomain/zero/1.0/,https://doi.org/10.13003/CED-terms-of-use,http://www.twitter.com/Brianne_Kent,http://www.twitter.com/MarthaMerrow,,,https://evidence.eventdata.crossref.org/evidence/20180116-twitter-3375a01e-9aff-42ae-a4d2-d048205f5e,add,http://twitter.com/Brianne_Kent/statuses/953283510147534848,http://twitter.com/MarthaMerrow/statuses/952857377010745344,953283510147534848,Tweet 953283510147534848,2018-01-16 15:11:14,https://doi.org/10.1016/s0092-8674(00)81199-x,http://www.sciencedirect.com/science/article/pii/S009286740081199X,
12886,twitter,http://twitter.com/chakravarthy029/statuses/953372649018847232,https://doi.org/10.1016/s0092-8674(00)81199-x,173c5c8f-d655-4d24-ab8a-a3797513e99f,2018-01-16 21:05:26,2018-01-18 05:31:41,discusses,45a1ef76-4f43-4cdc-9ba8-5a6ad01cc231,https://creativecommons.org/publicdomain/zero/1.0/,https://doi.org/10.13003/CED-terms-of-use,http://www.twitter.com/chakravarthy029,http://www.twitter.com/MarthaMerrow,,,https://evidence.eventdata.crossref.org/evidence/20180116-twitter-80849163-a133-4da5-b3c0-447a217151,add,http://twitter.com/chakravarthy029/statuses/953372649018847232,http://twitter.com/MarthaMerrow/statuses/952857377010745344,953372649018847232,Tweet 953372649018847232,2018-01-16 21:05:26,https://doi.org/10.1016/s0092-8674(00)81199-x,http://www.sciencedirect.com/science/article/pii/S009286740081199X,
12887,twitter,http://twitter.com/VVyazovskiy/statuses/953041338735439872,https://doi.org/10.1016/s0092-8674(00)81199-x,57bb3161-d853-43d5-a846-57bdc961b1db,2018-01-15 23:08:56,2018-01-18 08:14:36,discusses,45a1ef76-4f43-4cdc-9ba8-5a6ad01cc231,https://creativecommons.org/publicdomain/zero/1.0/,https://doi.org/10.13003/CED-terms-of-use,http://www.twitter.com/VVyazovskiy,http://www.twitter.com/MarthaMerrow,,,https://evidence.eventdata.crossref.org/evidence/20180115-twitter-ba8bd868-29a4-4375-8f2e-8a8b039349,add,http://twitter.com/VVyazovskiy/statuses/953041338735439872,http://twitter.com/MarthaMerrow/statuses/952857377010745344,953041338735439872,Tweet 953041338735439872,2018-01-15 23:08:56,https://doi.org/10.1016/s0092-8674(00)81199-x,http://www.sciencedirect.com/science/article/pii/S009286740081199X,
12888,twitter,http://twitter.com/Dacks_Lab/statuses/952900724236734464,https://doi.org/10.1016/s0092-8674(00)81199-x,cf893906-ea08-4c4e-991d-c2cdf3a50f23,2018-01-15 13:50:11,2018-01-18 08:29:59,discusses,45a1ef76-4f43-4cdc-9ba8-5a6ad01cc231,https://creativecommons.org/publicdomain/zero/1.0/,https://doi.org/10.13003/CED-terms-of-use,http://www.twitter.com/Dacks_Lab,http://www.twitter.com/MarthaMerrow,,,https://evidence.eventdata.crossref.org/evidence/20180115-twitter-ea93bb3a-302c-4efa-954b-4169156a33,add,http://twitter.com/Dacks_Lab/statuses/952900724236734464,http://twitter.com/MarthaMerrow/statuses/952857377010745344,952900724236734464,Tweet 952900724236734464,2018-01-15 13:50:11,https://doi.org/10.1016/s0092-8674(00)81199-x,http://www.sciencedirect.com/science/article/pii/S009286740081199X,
12889,twitter,http://twitter.com/kaesser/statuses/952929111357476865,https://doi.org/10.1016/s0092-8674(00)81199-x,bc484a00-36a0-4626-83ee-be1db058016e,2018-01-15 15:42:59,2018-01-18 09:00:22,discusses,45a1ef76-4f43-4cdc-9ba8-5a6ad01cc231,https://creativecommons.org/publicdomain/zero/1.0/,https://doi.org/10.13003/CED-terms-of-use,http://www.twitter.com/kaesser,http://www.twitter.com/SatchinPanda,,,https://evidence.eventdata.crossref.org/evidence/20180115-twitter-970029e2-3ec8-4dbe-b911-a054445a77,add,http://twitter.com/kaesser/statuses/952929111357476865,http://twitter.com/SatchinPanda/statuses/952722557190340609,952929111357476865,Tweet 952929111357476865,2018-01-15 15:42:59,https://doi.org/10.1016/s0092-8674(00)81199-x,http://www.sciencedirect.com/science/article/pii/S009286740081199X,
12890,twitter,http://twitter.com/MarthaMerrow/statuses/952857377010745344,https://doi.org/10.1016/s0092-8674(00)81199-x,23168724-6bc5-4a64-b309-6cbc610eb28a,2018-01-15 10:57:56,2018-01-18 09:26:40,discusses,45a1ef76-4f43-4cdc-9ba8-5a6ad01cc231,https://creativecommons.org/publicdomain/zero/1.0/,https://doi.org/10.13003/CED-terms-of-use,http://www.twitter.com/MarthaMerrow,,,,https://evidence.eventdata.crossref.org/evidence/20180115-twitter-071db0ef-806b-4001-b0a0-3cde8689a9,add,http://twitter.com/MarthaMerrow/statuses/952857377010745344,http://twitter.com/MarthaMerrow/statuses/952857377010745344,952857377010745344,Tweet 952857377010745344,2018-01-15 10:57:56,https://doi.org/10.1016/s0092-8674(00)81199-x,http://www.sciencedirect.com/science/article/pii/S009286740081199X,
12891,twitter,http://twitter.com/VISHNUAMARAM/statuses/952743375760900097,https://doi.org/10.1016/s0092-8674(00)81199-x,62c16344-15c8-4e06-9f29-a3cc219bed7a,2018-01-15 03:24:56,2018-01-18 09:52:01,discusses,45a1ef76-4f43-4cdc-9ba8-5a6ad01cc231,https://creativecommons.org/publicdomain/zero/1.0/,https://doi.org/10.13003/CED-terms-of-use,http://www.twitter.com/VISHNUAMARAM,http://www.twitter.com/SatchinPanda,,,https://evidence.eventdata.crossref.org/evidence/20180115-twitter-e9f07447-5e7e-48d3-ad34-12ba75aeb5,add,http://twitter.com/VISHNUAMARAM/statuses/952743375760900097,http://twitter.com/SatchinPanda/statuses/952722557190340609,952743375760900097,Tweet 952743375760900097,2018-01-15 03:24:56,https://doi.org/10.1016/s0092-8674(00)81199-x,http://www.sciencedirect.com/science/article/pii/S009286740081199X,
12892,twitter,http://twitter.com/lexbwebb/statuses/952874930714087425,https://doi.org/10.1016/s0092-8674(00)81199-x,dbe01657-296c-4c6b-9e79-f8e83803b29d,2018-01-15 12:07:41,2018-01-18 09:54:58,discusses,45a1ef76-4f43-4cdc-9ba8-5a6ad01cc231,https://creativecommons.org/publicdomain/zero/1.0/,https://doi.org/10.13003/CED-terms-of-use,http://www.twitter.com/lexbwebb,http://www.twitter.com/MarthaMerrow,,,https://evidence.eventdata.crossref.org/evidence/20180115-twitter-7e24cf36-86fa-4b2e-89b9-233dae365f,add,http://twitter.com/lexbwebb/statuses/952874930714087425,http://twitter.com/MarthaMerrow/statuses/952857377010745344,952874930714087425,Tweet 952874930714087425,2018-01-15 12:07:41,https://doi.org/10.1016/s0092-8674(00)81199-x,http://www.sciencedirect.com/science/article/pii/S009286740081199X,
12893,twitter,http://twitter.com/pablo_jack/statuses/952982736821800960,https://doi.org/10.1016/s0092-8674(00)81199-x,4e790c29-1ac9-4582-afb4-c7a7c700d947,2018-01-15 19:16:04,2018-01-18 10:01:15,discusses,45a1ef76-4f43-4cdc-9ba8-5a6ad01cc231,https://creativecommons.org/publicdomain/zero/1.0/,https://doi.org/10.13003/CED-terms-of-use,http://www.twitter.com/pablo_jack,http://www.twitter.com/MarthaMerrow,,,https://evidence.eventdata.crossref.org/evidence/20180115-twitter-5da0ae7d-8de7-4f97-ae70-2d736e9801,add,http://twitter.com/pablo_jack/statuses/952982736821800960,http://twitter.com/MarthaMerrow/statuses/952857377010745344,952982736821800960,Tweet 952982736821800960,2018-01-15 19:16:04,https://doi.org/10.1016/s0092-8674(00)81199-x,http://www.sciencedirect.com/science/article/pii/S009286740081199X,
12894,twitter,http://twitter.com/SatchinPanda/statuses/952722557190340609,https://doi.org/10.1016/s0092-8674(00)81199-x,e0ffc08c-d61e-4500-ab95-f3ca257ceb2f,2018-01-15 02:02:13,2018-01-18 10:42:07,discusses,45a1ef76-4f43-4cdc-9ba8-5a6ad01cc231,https://creativecommons.org/publicdomain/zero/1.0/,https://doi.org/10.13003/CED-terms-of-use,http://www.twitter.com/SatchinPanda,,,,https://evidence.eventdata.crossref.org/evidence/20180115-twitter-f1cb55e5-fb36-422f-bc9e-56dc694526,add,http://twitter.com/SatchinPanda/statuses/952722557190340609,http://twitter.com/SatchinPanda/statuses/952722557190340609,952722557190340609,Tweet 952722557190340609,2018-01-15 02:02:13,https://doi.org/10.1016/s0092-8674(00)81199-x,http://www.sciencedirect.com/science/article/pii/S009286740081199X,
12895,twitter,http://twitter.com/MJ_Humphries/statuses/953540084103569408,https://doi.org/10.1016/s0092-8674(00)81199-x,8923b930-dfa8-4397-a552-eab0e3f96a78,2018-01-17 08:10:46,2018-01-18 10:50:52,discusses,45a1ef76-4f43-4cdc-9ba8-5a6ad01cc231,https://creativecommons.org/publicdomain/zero/1.0/,https://doi.org/10.13003/CED-terms-of-use,http://www.twitter.com/MJ_Humphries,http://www.twitter.com/SatchinPanda,,,https://evidence.eventdata.crossref.org/evidence/20180117-twitter-d84a95e9-9160-4009-b01c-daa7757168,add,http://twitter.com/MJ_Humphries/statuses/953540084103569408,http://twitter.com/SatchinPanda/statuses/952722557190340609,953540084103569408,Tweet 953540084103569408,2018-01-17 08:10:46,https://doi.org/10.1016/s0092-8674(00)81199-x,http://www.sciencedirect.com/science/article/pii/S009286740081199X,
12896,twitter,http://twitter.com/mclearygaffney/statuses/952847204603060225,https://doi.org/10.1016/s0092-8674(00)81199-x,efb0c347-978c-48dd-a6ce-021b96e30c9a,2018-01-15 10:17:31,2018-01-18 10:53:07,discusses,45a1ef76-4f43-4cdc-9ba8-5a6ad01cc231,https://creativecommons.org/publicdomain/zero/1.0/,https://doi.org/10.13003/CED-terms-of-use,http://www.twitter.com/mclearygaffney,http://www.twitter.com/SatchinPanda,,,https://evidence.eventdata.crossref.org/evidence/20180115-twitter-e9ea944a-e7d5-4e60-82b2-bbba80029a,add,http://twitter.com/mclearygaffney/statuses/952847204603060225,http://twitter.com/SatchinPanda/statuses/952722557190340609,952847204603060225,Tweet 952847204603060225,2018-01-15 10:17:31,https://doi.org/10.1016/s0092-8674(00)81199-x,http://www.sciencedirect.com/science/article/pii/S009286740081199X,
12897,twitter,http://twitter.com/essepf/statuses/952895237143351296,https://doi.org/10.1016/s0092-8674(00)81199-x,df1e4345-bb82-4f80-a3f3-b2ad68611914,2018-01-15 13:28:23,2018-01-18 11:17:19,discusses,45a1ef76-4f43-4cdc-9ba8-5a6ad01cc231,https://creativecommons.org/publicdomain/zero/1.0/,https://doi.org/10.13003/CED-terms-of-use,http://www.twitter.com/essepf,http://www.twitter.com/MarthaMerrow,,,https://evidence.eventdata.crossref.org/evidence/20180115-twitter-76a886ab-8436-4cb4-a8be-400d9607e7,add,http://twitter.com/essepf/statuses/952895237143351296,http://twitter.com/MarthaMerrow/statuses/952857377010745344,952895237143351296,Tweet 952895237143351296,2018-01-15 13:28:23,https://doi.org/10.1016/s0092-8674(00)81199-x,http://www.sciencedirect.com/science/article/pii/S009286740081199X,
12898,twitter,http://twitter.com/shrez07/statuses/953561571736694784,https://doi.org/10.1016/s0092-8674(00)81199-x,74979e42-53d2-4fe8-a99f-28449e703324,2018-01-17 09:36:09,2018-01-18 11:24:12,discusses,45a1ef76-4f43-4cdc-9ba8-5a6ad01cc231,https://creativecommons.org/publicdomain/zero/1.0/,https://doi.org/10.13003/CED-terms-of-use,http://www.twitter.com/shrez07,http://www.twitter.com/SatchinPanda,,,https://evidence.eventdata.crossref.org/evidence/20180117-twitter-32a53cea-fac8-433f-97e7-e3b5d618e3,add,http://twitter.com/shrez07/statuses/953561571736694784,http://twitter.com/SatchinPanda/statuses/952722557190340609,953561571736694784,Tweet 953561571736694784,2018-01-17 09:36:09,https://doi.org/10.1016/s0092-8674(00)81199-x,http://www.sciencedirect.com/science/article/pii/S009286740081199X,
12899,twitter,http://twitter.com/MLGumz/statuses/952727296137449474,https://doi.org/10.1016/s0092-8674(00)81199-x,c354d5ff-882c-4836-babf-a05a50e5b34b,2018-01-15 02:21:02,2018-01-18 11:33:53,discusses,45a1ef76-4f43-4cdc-9ba8-5a6ad01cc231,https://creativecommons.org/publicdomain/zero/1.0/,https://doi.org/10.13003/CED-terms-of-use,http://www.twitter.com/MLGumz,http://www.twitter.com/SatchinPanda,,,https://evidence.eventdata.crossref.org/evidence/20180115-twitter-cd233b4a-351c-4eba-bdaf-87686d6e53,add,http://twitter.com/MLGumz/statuses/952727296137449474,http://twitter.com/SatchinPanda/statuses/952722557190340609,952727296137449474,Tweet 952727296137449474,2018-01-15 02:21:02,https://doi.org/10.1016/s0092-8674(00)81199-x,http://www.sciencedirect.com/science/article/pii/S009286740081199X,
12900,twitter,http://twitter.com/ArenFelker/statuses/952892519540404225,https://doi.org/10.1016/s0092-8674(00)81199-x,647b9ac0-0a7a-46cf-9c1d-dd36b5ce73b9,2018-01-15 13:17:35,2018-01-18 11:37:42,discusses,45a1ef76-4f43-4cdc-9ba8-5a6ad01cc231,https://creativecommons.org/publicdomain/zero/1.0/,https://doi.org/10.13003/CED-terms-of-use,http://www.twitter.com/ArenFelker,http://www.twitter.com/SatchinPanda,,,https://evidence.eventdata.crossref.org/evidence/20180115-twitter-c173bb58-5efa-4330-b452-b9c4bb9b8c,add,http://twitter.com/ArenFelker/statuses/952892519540404225,http://twitter.com/SatchinPanda/statuses/952722557190340609,952892519540404225,Tweet 952892519540404225,2018-01-15 13:17:35,https://doi.org/10.1016/s0092-8674(00)81199-x,http://www.sciencedirect.com/science/article/pii/S009286740081199X,
12901,twitter,http://twitter.com/kaesser/statuses/952929201946071040,https://doi.org/10.1016/s0092-8674(00)81199-x,67a70bf1-f755-420e-9ca9-8c2bb94b68fe,2018-01-15 15:43:20,2018-01-18 11:54:01,discusses,45a1ef76-4f43-4cdc-9ba8-5a6ad01cc231,https://creativecommons.org/publicdomain/zero/1.0/,https://doi.org/10.13003/CED-terms-of-use,http://www.twitter.com/kaesser,http://www.twitter.com/MarthaMerrow,,,https://evidence.eventdata.crossref.org/evidence/20180115-twitter-7061f211-551f-4e7e-84fb-a87023530a,add,http://twitter.com/kaesser/statuses/952929201946071040,http://twitter.com/MarthaMerrow/statuses/952857377010745344,952929201946071040,Tweet 952929201946071040,2018-01-15 15:43:20,https://doi.org/10.1016/s0092-8674(00)81199-x,http://www.sciencedirect.com/science/article/pii/S009286740081199X,
12902,twitter,http://twitter.com/Niveditaseshad2/statuses/952737809277833217,https://doi.org/10.1016/s0092-8674(00)81199-x,c60bc755-7beb-436b-9be1-87474f63ed27,2018-01-15 03:02:49,2018-01-18 12:36:12,discusses,45a1ef76-4f43-4cdc-9ba8-5a6ad01cc231,https://creativecommons.org/publicdomain/zero/1.0/,https://doi.org/10.13003/CED-terms-of-use,http://www.twitter.com/Niveditaseshad2,http://www.twitter.com/SatchinPanda,,,https://evidence.eventdata.crossref.org/evidence/20180115-twitter-ca411ecd-33af-4df9-8453-aaa0a829a7,add,http://twitter.com/Niveditaseshad2/statuses/952737809277833217,http://twitter.com/SatchinPanda/statuses/952722557190340609,952737809277833217,Tweet 952737809277833217,2018-01-15 03:02:49,https://doi.org/10.1016/s0092-8674(00)81199-x,http://www.sciencedirect.com/science/article/pii/S009286740081199X,
12903,twitter,http://twitter.com/lambertlab1/statuses/953429483058495493,https://doi.org/10.1016/s0092-8674(00)81199-x,16d5beb0-b9c0-408c-8fa6-bde6cca2e409,2018-01-17 00:51:17,2018-01-18 13:07:38,discusses,45a1ef76-4f43-4cdc-9ba8-5a6ad01cc231,https://creativecommons.org/publicdomain/zero/1.0/,https://doi.org/10.13003/CED-terms-of-use,http://www.twitter.com/lambertlab1,http://www.twitter.com/SatchinPanda,,,https://evidence.eventdata.crossref.org/evidence/20180117-twitter-4f742485-27cf-48ed-8918-c28fe8c0d6,add,http://twitter.com/lambertlab1/statuses/953429483058495493,http://twitter.com/SatchinPanda/statuses/952722557190340609,953429483058495493,Tweet 953429483058495493,2018-01-17 00:51:17,https://doi.org/10.1016/s0092-8674(00)81199-x,http://www.sciencedirect.com/science/article/pii/S009286740081199X,
12904,twitter,http://twitter.com/Toxalim_E01/statuses/953052465947082752,https://doi.org/10.1016/s0092-8674(00)81199-x,ad435fb4-7487-4dbe-90fe-d690f16a70f0,2018-01-15 23:53:09,2018-01-18 16:34:00,discusses,45a1ef76-4f43-4cdc-9ba8-5a6ad01cc231,https://creativecommons.org/publicdomain/zero/1.0/,https://doi.org/10.13003/CED-terms-of-use,http://www.twitter.com/Toxalim_E01,http://www.twitter.com/SatchinPanda,,,https://evidence.eventdata.crossref.org/evidence/20180115-twitter-a13eb86c-8a75-44ee-bd82-b4d736b44e,add,http://twitter.com/Toxalim_E01/statuses/953052465947082752,http://twitter.com/SatchinPanda/statuses/952722557190340609,953052465947082752,Tweet 953052465947082752,2018-01-15 23:53:09,https://doi.org/10.1016/s0092-8674(00)81199-x,http://www.sciencedirect.com/science/article/pii/S009286740081199X,
12905,twitter,twitter://status?id=1113845433468510208,https://doi.org/10.1016/s0092-8674(00)81199-x,797efc1c-5609-42b1-affb-53451d8d5449,2019-04-04 16:47:00,2019-04-04 12:49:56,discusses,45a1ef76-4f43-4cdc-9ba8-5a6ad01cc231,https://creativecommons.org/publicdomain/zero/1.0/,https://doi.org/10.13003/CED-terms-of-use,twitter://user?screen_name=SRBR_Outreach,,,,https://evidence.eventdata.crossref.org/evidence/20190404-twitter-e07def70-6837-430c-bc4d-ece7e26de3,add,twitter://status?id=1113845433468510208,twitter://status?id=1113845433468510208,1113845433468510208,Tweet 1113845433468510208,2019-04-04 16:47:00,https://doi.org/10.1016/s0092-8674(00)81199-x,https://www.sciencedirect.com/science/article/pii/S009286740081199X,
12906,twitter,twitter://status?id=1113855934873444352,https://doi.org/10.1016/s0092-8674(00)81199-x,2c7a81b6-832d-4341-baba-0c54fd304c82,2019-04-04 17:28:43,2019-04-04 13:35:26,discusses,45a1ef76-4f43-4cdc-9ba8-5a6ad01cc231,https://creativecommons.org/publicdomain/zero/1.0/,https://doi.org/10.13003/CED-terms-of-use,twitter://user?screen_name=Mind_the_time,twitter://user?screen_name=SRBR_Outreach,,,https://evidence.eventdata.crossref.org/evidence/20190404-twitter-5ebf59d3-0480-4982-9d73-03bf9c0082,add,twitter://status?id=1113855934873444352,twitter://status?id=1113845433468510208,1113855934873444352,Tweet 1113855934873444352,2019-04-04 17:28:43,https://doi.org/10.1016/s0092-8674(00)81199-x,https://www.sciencedirect.com/science/article/pii/S009286740081199X,
12907,twitter,twitter://status?id=1113916149014646790,https://doi.org/10.1016/s0092-8674(00)81199-x,d60dc8d9-de8e-4941-a892-2a09d4cf152b,2019-04-04 21:28:00,2019-04-04 17:30:36,discusses,45a1ef76-4f43-4cdc-9ba8-5a6ad01cc231,https://creativecommons.org/publicdomain/zero/1.0/,https://doi.org/10.13003/CED-terms-of-use,twitter://user?screen_name=gcglatfelter,,,,https://evidence.eventdata.crossref.org/evidence/20190404-twitter-324671f1-1bed-4783-8ef8-751fd500f2,add,twitter://status?id=1113916149014646790,twitter://status?id=1113916149014646790,1113916149014646790,Tweet 1113916149014646790,2019-04-04 21:28:00,https://doi.org/10.1016/s0092-8674(00)81199-x,https://www.sciencedirect.com/science/article/pii/S009286740081199X,
12908,twitter,twitter://status?id=1114007296701546498,https://doi.org/10.1016/s0092-8674(00)81199-x,637b303b-d3d0-43d3-958f-18251a729bc8,2019-04-05 03:30:11,2019-04-04 23:31:39,discusses,45a1ef76-4f43-4cdc-9ba8-5a6ad01cc231,https://creativecommons.org/publicdomain/zero/1.0/,https://doi.org/10.13003/CED-terms-of-use,twitter://user?screen_name=toineschoutens,twitter://user?screen_name=SRBR_Outreach,,,https://evidence.eventdata.crossref.org/evidence/20190405-twitter-eedd00ac-4a9a-4bfc-a8cf-d98cc00b82,add,twitter://status?id=1114007296701546498,twitter://status?id=1113845433468510208,1114007296701546498,Tweet 1114007296701546498,2019-04-05 03:30:11,https://doi.org/10.1016/s0092-8674(00)81199-x,https://www.sciencedirect.com/science/article/pii/S009286740081199X,
12909,twitter,twitter://status?id=1114056427822358529,https://doi.org/10.1016/s0092-8674(00)81199-x,e70900ec-c385-486e-b5cb-edc5f99cfbbc,2019-04-05 06:45:25,2019-04-05 02:47:33,discusses,45a1ef76-4f43-4cdc-9ba8-5a6ad01cc231,https://creativecommons.org/publicdomain/zero/1.0/,https://doi.org/10.13003/CED-terms-of-use,twitter://user?screen_name=avaneekelen,twitter://user?screen_name=SRBR_Outreach,,,https://evidence.eventdata.crossref.org/evidence/20190405-twitter-8c6d8b76-6964-48c0-8944-54325ba4b0,add,twitter://status?id=1114056427822358529,twitter://status?id=1113845433468510208,1114056427822358529,Tweet 1114056427822358529,2019-04-05 06:45:25,https://doi.org/10.1016/s0092-8674(00)81199-x,https://www.sciencedirect.com/science/article/pii/S009286740081199X,
12910,twitter,twitter://status?id=1114082933629968384,https://doi.org/10.1016/s0092-8674(00)81199-x,44c06bab-046d-4256-8267-668c28cba058,2019-04-05 08:30:44,2019-04-05 04:31:36,discusses,45a1ef76-4f43-4cdc-9ba8-5a6ad01cc231,https://creativecommons.org/publicdomain/zero/1.0/,https://doi.org/10.13003/CED-terms-of-use,twitter://user?screen_name=JCedernaes,twitter://user?screen_name=SRBR_Outreach,,,https://evidence.eventdata.crossref.org/evidence/20190405-twitter-688e0026-9b71-4639-99ef-b90b725d26,add,twitter://status?id=1114082933629968384,twitter://status?id=1113845433468510208,1114082933629968384,Tweet 1114082933629968384,2019-04-05 08:30:44,https://doi.org/10.1016/s0092-8674(00)81199-x,https://www.sciencedirect.com/science/article/pii/S009286740081199X,
12911,twitter,twitter://status?id=1114185057432997888,https://doi.org/10.1016/s0092-8674(00)81199-x,3d634b0d-e22a-419a-90ab-654c681407bd,2019-04-05 15:16:32,2019-04-05 11:22:08,discusses,45a1ef76-4f43-4cdc-9ba8-5a6ad01cc231,https://creativecommons.org/publicdomain/zero/1.0/,https://doi.org/10.13003/CED-terms-of-use,twitter://user?screen_name=MLGumz,twitter://user?screen_name=SRBR_Outreach,,,https://evidence.eventdata.crossref.org/evidence/20190405-twitter-1cd44164-0d14-4e08-926f-fa21f288bd,add,twitter://status?id=1114185057432997888,twitter://status?id=1113845433468510208,1114185057432997888,Tweet 1114185057432997888,2019-04-05 15:16:32,https://doi.org/10.1016/s0092-8674(00)81199-x,https://www.sciencedirect.com/science/article/pii/S009286740081199X,
12912,twitter,twitter://status?id=1114219456794910721,https://doi.org/10.1016/s0092-8674(00)81199-x,86c0784e-9e08-4bd5-9572-d2534269b9dc,2019-04-05 17:33:14,2019-04-05 13:45:28,discusses,45a1ef76-4f43-4cdc-9ba8-5a6ad01cc231,https://creativecommons.org/publicdomain/zero/1.0/,https://doi.org/10.13003/CED-terms-of-use,twitter://user?screen_name=nemanja_milicev,twitter://user?screen_name=SRBR_Outreach,,,https://evidence.eventdata.crossref.org/evidence/20190405-twitter-dfdb694a-ae0f-4e04-be6c-e8a60b653b,add,twitter://status?id=1114219456794910721,twitter://status?id=1113845433468510208,1114219456794910721,Tweet 1114219456794910721,2019-04-05 17:33:14,https://doi.org/10.1016/s0092-8674(00)81199-x,https://www.sciencedirect.com/science/article/pii/S009286740081199X,
12913,twitter,twitter://status?id=1138834828114239490,https://doi.org/10.1016/s0092-8674(00)81199-x,18eccaad-107e-40f6-84d8-20d2b1cb824f,2019-06-12 15:45:56,2019-06-15 22:24:26,discusses,45a1ef76-4f43-4cdc-9ba8-5a6ad01cc231,https://creativecommons.org/publicdomain/zero/1.0/,https://doi.org/10.13003/CED-terms-of-use,twitter://user?screen_name=UdellWebb,twitter://user?screen_name=SatchinPanda,,,https://evidence.eventdata.crossref.org/evidence/20190612-twitter-f2ecbbc7-9c3e-4301-939b-97c440498b,add,twitter://status?id=1138834828114239490,twitter://status?id=1138832328648560640,1138834828114239490,Tweet 1138834828114239490,2019-06-12 15:45:56,https://doi.org/10.1016/s0092-8674(00)81199-x,https://www.sciencedirect.com/science/article/pii/S009286740081199X?via%3Dihub,
12914,twitter,twitter://status?id=1138832328648560640,https://doi.org/10.1016/s0092-8674(00)81199-x,da83b6bd-70c5-4272-8a47-8c527f219ca8,2019-06-12 15:36:00,2019-06-15 22:33:19,discusses,45a1ef76-4f43-4cdc-9ba8-5a6ad01cc231,https://creativecommons.org/publicdomain/zero/1.0/,https://doi.org/10.13003/CED-terms-of-use,twitter://user?screen_name=SatchinPanda,,,,https://evidence.eventdata.crossref.org/evidence/20190612-twitter-ca0f0291-57fa-4ae0-9f60-169a200df2,add,twitter://status?id=1138832328648560640,twitter://status?id=1138832328648560640,1138832328648560640,Tweet 1138832328648560640,2019-06-12 15:36:00,https://doi.org/10.1016/s0092-8674(00)81199-x,https://www.sciencedirect.com/science/article/pii/S009286740081199X?via%3Dihub,
12915,twitter,twitter://status?id=1138832571997904896,https://doi.org/10.1016/s0092-8674(00)81199-x,13f681bf-d27e-4604-91ce-d0f1c7db4fdd,2019-06-12 15:36:58,2019-06-15 22:33:21,discusses,45a1ef76-4f43-4cdc-9ba8-5a6ad01cc231,https://creativecommons.org/publicdomain/zero/1.0/,https://doi.org/10.13003/CED-terms-of-use,twitter://user?screen_name=Merz,twitter://user?screen_name=SatchinPanda,,,https://evidence.eventdata.crossref.org/evidence/20190612-twitter-79eae772-95ea-495c-bd98-09a9da0939,add,twitter://status?id=1138832571997904896,twitter://status?id=1138832328648560640,1138832571997904896,Tweet 1138832571997904896,2019-06-12 15:36:58,https://doi.org/10.1016/s0092-8674(00)81199-x,https://www.sciencedirect.com/science/article/pii/S009286740081199X?via%3Dihub,
12916,twitter,twitter://status?id=1138833018548883468,https://doi.org/10.1016/s0092-8674(00)81199-x,11ea62aa-486a-4851-bfb2-16a0e34bcdb7,2019-06-12 15:38:44,2019-06-15 22:33:29,discusses,45a1ef76-4f43-4cdc-9ba8-5a6ad01cc231,https://creativecommons.org/publicdomain/zero/1.0/,https://doi.org/10.13003/CED-terms-of-use,twitter://user?screen_name=muffmuff5,twitter://user?screen_name=SatchinPanda,,,https://evidence.eventdata.crossref.org/evidence/20190612-twitter-1d345c82-19b2-4104-b37a-0a4ec14293,add,twitter://status?id=1138833018548883468,twitter://status?id=1138832328648560640,1138833018548883468,Tweet 1138833018548883468,2019-06-12 15:38:44,https://doi.org/10.1016/s0092-8674(00)81199-x,https://www.sciencedirect.com/science/article/pii/S009286740081199X?via%3Dihub,
12917,twitter,twitter://status?id=1138857376717688835,https://doi.org/10.1016/s0092-8674(00)81199-x,0427693e-a89e-4b10-bb05-442d93ca00cf,2019-06-12 17:15:32,2019-06-15 23:01:43,discusses,45a1ef76-4f43-4cdc-9ba8-5a6ad01cc231,https://creativecommons.org/publicdomain/zero/1.0/,https://doi.org/10.13003/CED-terms-of-use,twitter://user?screen_name=JBroussard_CSU,twitter://user?screen_name=SatchinPanda,,,https://evidence.eventdata.crossref.org/evidence/20190612-twitter-725f9794-1e72-4368-a591-eb2e8979df,add,twitter://status?id=1138857376717688835,twitter://status?id=1138832328648560640,1138857376717688835,Tweet 1138857376717688835,2019-06-12 17:15:32,https://doi.org/10.1016/s0092-8674(00)81199-x,https://www.sciencedirect.com/science/article/pii/S009286740081199X?via%3Dihub,
12918,twitter,twitter://status?id=1138849863154642945,https://doi.org/10.1016/s0092-8674(00)81199-x,45d93e2e-bfee-4384-9c82-d4fece360be6,2019-06-12 16:45:40,2019-06-15 23:05:24,discusses,45a1ef76-4f43-4cdc-9ba8-5a6ad01cc231,https://creativecommons.org/publicdomain/zero/1.0/,https://doi.org/10.13003/CED-terms-of-use,twitter://user?screen_name=BaskethouseK,twitter://user?screen_name=SatchinPanda,,,https://evidence.eventdata.crossref.org/evidence/20190612-twitter-ad0f76bd-2da9-447d-a91d-f9728413a1,add,twitter://status?id=1138849863154642945,twitter://status?id=1138832328648560640,1138849863154642945,Tweet 1138849863154642945,2019-06-12 16:45:40,https://doi.org/10.1016/s0092-8674(00)81199-x,https://www.sciencedirect.com/science/article/pii/S009286740081199X?via%3Dihub,
12919,twitter,twitter://status?id=1138841443097874433,https://doi.org/10.1016/s0092-8674(00)81199-x,1809f29b-83bf-4c9d-a143-e17d0749f958,2019-06-12 16:12:13,2019-06-15 23:09:27,discusses,45a1ef76-4f43-4cdc-9ba8-5a6ad01cc231,https://creativecommons.org/publicdomain/zero/1.0/,https://doi.org/10.13003/CED-terms-of-use,twitter://user?screen_name=EricRPaquet,twitter://user?screen_name=SatchinPanda,,,https://evidence.eventdata.crossref.org/evidence/20190612-twitter-4bdfb3d2-c160-417f-92a9-6232a17ef6,add,twitter://status?id=1138841443097874433,twitter://status?id=1138832328648560640,1138841443097874433,Tweet 1138841443097874433,2019-06-12 16:12:13,https://doi.org/10.1016/s0092-8674(00)81199-x,https://www.sciencedirect.com/science/article/pii/S009286740081199X?via%3Dihub,
12920,twitter,twitter://status?id=1138882614440452099,https://doi.org/10.1016/s0092-8674(00)81199-x,b13e105c-b86c-412e-87c1-27b3145f30aa,2019-06-12 18:55:49,2019-06-16 00:52:04,discusses,45a1ef76-4f43-4cdc-9ba8-5a6ad01cc231,https://creativecommons.org/publicdomain/zero/1.0/,https://doi.org/10.13003/CED-terms-of-use,twitter://user?screen_name=agingroy,twitter://user?screen_name=SatchinPanda,,,https://evidence.eventdata.crossref.org/evidence/20190612-twitter-4f809eea-a29d-4a80-bfe9-0229ad35c5,add,twitter://status?id=1138882614440452099,twitter://status?id=1138832328648560640,1138882614440452099,Tweet 1138882614440452099,2019-06-12 18:55:49,https://doi.org/10.1016/s0092-8674(00)81199-x,https://www.sciencedirect.com/science/article/pii/S009286740081199X?via%3Dihub,
12921,twitter,twitter://status?id=1138942267769610240,https://doi.org/10.1016/s0092-8674(00)81199-x,7c12354f-bbaa-470e-9994-50de42388608,2019-06-12 22:52:51,2019-06-16 01:22:44,discusses,45a1ef76-4f43-4cdc-9ba8-5a6ad01cc231,https://creativecommons.org/publicdomain/zero/1.0/,https://doi.org/10.13003/CED-terms-of-use,twitter://user?screen_name=ketontai910,twitter://user?screen_name=kojija,,,https://evidence.eventdata.crossref.org/evidence/20190612-twitter-efb49167-cc62-45cb-9da0-dfb3a8f44d,add,twitter://status?id=1138942267769610240,twitter://status?id=1138942175289282560,1138942267769610240,Tweet 1138942267769610240,2019-06-12 22:52:51,https://doi.org/10.1016/s0092-8674(00)81199-x,https://www.sciencedirect.com/science/article/pii/S009286740081199X?via%3Dihub,
12922,twitter,twitter://status?id=1138942175289282560,https://doi.org/10.1016/s0092-8674(00)81199-x,c8958ba6-07bc-41d3-9a2f-d1e500ff5e8c,2019-06-12 22:52:29,2019-06-16 02:03:36,discusses,45a1ef76-4f43-4cdc-9ba8-5a6ad01cc231,https://creativecommons.org/publicdomain/zero/1.0/,https://doi.org/10.13003/CED-terms-of-use,twitter://user?screen_name=kojija,,,,https://evidence.eventdata.crossref.org/evidence/20190612-twitter-4922e945-0725-4262-a415-9d0a9bfcea,add,twitter://status?id=1138942175289282560,twitter://status?id=1138942175289282560,1138942175289282560,Tweet 1138942175289282560,2019-06-12 22:52:29,https://doi.org/10.1016/s0092-8674(00)81199-x,https://www.sciencedirect.com/science/article/pii/S009286740081199X?via%3Dihub,
12923,twitter,twitter://status?id=1138972239569641473,https://doi.org/10.1016/s0092-8674(00)81199-x,30470617-a06e-4fb1-91b6-597266e3b82e,2019-06-13 00:51:57,2019-06-16 02:39:50,discusses,45a1ef76-4f43-4cdc-9ba8-5a6ad01cc231,https://creativecommons.org/publicdomain/zero/1.0/,https://doi.org/10.13003/CED-terms-of-use,twitter://user?screen_name=titatami,,,,https://evidence.eventdata.crossref.org/evidence/20190613-twitter-62c75523-1f5b-4354-a205-610f1354a9,add,twitter://status?id=1138972239569641473,twitter://status?id=1138972239569641473,1138972239569641473,Tweet 1138972239569641473,2019-06-13 00:51:57,https://doi.org/10.1016/s0092-8674(00)81199-x,https://www.sciencedirect.com/science/article/pii/S009286740081199X?via%3Dihub,
12924,twitter,twitter://status?id=1138948900461654026,https://doi.org/10.1016/s0092-8674(00)81199-x,2e53746e-c625-4fed-8081-2ecff341c788,2019-06-12 23:19:13,2019-06-16 02:56:48,discusses,45a1ef76-4f43-4cdc-9ba8-5a6ad01cc231,https://creativecommons.org/publicdomain/zero/1.0/,https://doi.org/10.13003/CED-terms-of-use,twitter://user?screen_name=AntiAgify,twitter://user?screen_name=SatchinPanda,,,https://evidence.eventdata.crossref.org/evidence/20190612-twitter-b11e6471-7ef3-4786-89dc-a67ae2dcef,add,twitter://status?id=1138948900461654026,twitter://status?id=1138832328648560640,1138948900461654026,Tweet 1138948900461654026,2019-06-12 23:19:13,https://doi.org/10.1016/s0092-8674(00)81199-x,https://www.sciencedirect.com/science/article/pii/S009286740081199X?via%3Dihub,
12925,twitter,twitter://status?id=1138991761928249345,https://doi.org/10.1016/s0092-8674(00)81199-x,8ae1d9d9-871c-433c-af4c-8b748f4e018f,2019-06-13 02:09:32,2019-06-16 03:34:34,discusses,45a1ef76-4f43-4cdc-9ba8-5a6ad01cc231,https://creativecommons.org/publicdomain/zero/1.0/,https://doi.org/10.13003/CED-terms-of-use,twitter://user?screen_name=uota_aman,twitter://user?screen_name=kojija,,,https://evidence.eventdata.crossref.org/evidence/20190613-twitter-e231ef79-e5fd-4637-9594-42bf65f200,add,twitter://status?id=1138991761928249345,twitter://status?id=1138942175289282560,1138991761928249345,Tweet 1138991761928249345,2019-06-13 02:09:32,https://doi.org/10.1016/s0092-8674(00)81199-x,https://www.sciencedirect.com/science/article/pii/S009286740081199X?via%3Dihub,
12926,twitter,twitter://status?id=1138994101620269056,https://doi.org/10.1016/s0092-8674(00)81199-x,9ee25b43-b407-4ffe-a4f7-03b0126f7c02,2019-06-13 02:18:49,2019-06-16 03:34:51,discusses,45a1ef76-4f43-4cdc-9ba8-5a6ad01cc231,https://creativecommons.org/publicdomain/zero/1.0/,https://doi.org/10.13003/CED-terms-of-use,twitter://user?screen_name=cladelucia,twitter://user?screen_name=SatchinPanda,,,https://evidence.eventdata.crossref.org/evidence/20190613-twitter-fee27c5b-4524-4b8e-97e2-e539740418,add,twitter://status?id=1138994101620269056,twitter://status?id=1138832328648560640,1138994101620269056,Tweet 1138994101620269056,2019-06-13 02:18:49,https://doi.org/10.1016/s0092-8674(00)81199-x,https://www.sciencedirect.com/science/article/pii/S009286740081199X?via%3Dihub,
12927,twitter,twitter://status?id=1139061090812387328,https://doi.org/10.1016/s0092-8674(00)81199-x,ede6196f-9b1e-4186-98e8-a7a1f3e371fc,2019-06-13 06:45:01,2019-06-16 04:38:57,discusses,45a1ef76-4f43-4cdc-9ba8-5a6ad01cc231,https://creativecommons.org/publicdomain/zero/1.0/,https://doi.org/10.13003/CED-terms-of-use,twitter://user?screen_name=mimi_cardio,twitter://user?screen_name=SatchinPanda,,,https://evidence.eventdata.crossref.org/evidence/20190613-twitter-0a24af30-6518-4cbf-a32f-253a9d8257,add,twitter://status?id=1139061090812387328,twitter://status?id=1138832328648560640,1139061090812387328,Tweet 1139061090812387328,2019-06-13 06:45:01,https://doi.org/10.1016/s0092-8674(00)81199-x,https://www.sciencedirect.com/science/article/pii/S009286740081199X?via%3Dihub,
12928,twitter,twitter://status?id=1139080825583128577,https://doi.org/10.1016/s0092-8674(00)81199-x,239bc972-9deb-41e7-936f-f146a6daf642,2019-06-13 08:03:26,2019-06-16 05:28:45,discusses,45a1ef76-4f43-4cdc-9ba8-5a6ad01cc231,https://creativecommons.org/publicdomain/zero/1.0/,https://doi.org/10.13003/CED-terms-of-use,twitter://user?screen_name=MarthaMerrow,twitter://user?screen_name=SatchinPanda,,,https://evidence.eventdata.crossref.org/evidence/20190613-twitter-cac5f914-c04c-4d84-afb9-b24b130ca6,add,twitter://status?id=1139080825583128577,twitter://status?id=1138832328648560640,1139080825583128577,Tweet 1139080825583128577,2019-06-13 08:03:26,https://doi.org/10.1016/s0092-8674(00)81199-x,https://www.sciencedirect.com/science/article/pii/S009286740081199X?via%3Dihub,
12929,twitter,twitter://status?id=1139122138835759105,https://doi.org/10.1016/s0092-8674(00)81199-x,34838495-ca76-49d7-b1e3-e53812f5e94f,2019-06-13 10:47:36,2019-06-16 06:22:17,discusses,45a1ef76-4f43-4cdc-9ba8-5a6ad01cc231,https://creativecommons.org/publicdomain/zero/1.0/,https://doi.org/10.13003/CED-terms-of-use,twitter://user?screen_name=VijayJayaraman5,twitter://user?screen_name=SatchinPanda,,,https://evidence.eventdata.crossref.org/evidence/20190613-twitter-687adaa3-2fad-4d81-a545-14fd5d61f7,add,twitter://status?id=1139122138835759105,twitter://status?id=1138832328648560640,1139122138835759105,Tweet 1139122138835759105,2019-06-13 10:47:36,https://doi.org/10.1016/s0092-8674(00)81199-x,https://www.sciencedirect.com/science/article/pii/S009286740081199X?via%3Dihub,
12930,twitter,twitter://status?id=1139141866694291456,https://doi.org/10.1016/s0092-8674(00)81199-x,c30421d1-4aa0-4bea-960e-3d9b943c8e0c,2019-06-13 12:05:59,2019-06-16 06:44:49,discusses,45a1ef76-4f43-4cdc-9ba8-5a6ad01cc231,https://creativecommons.org/publicdomain/zero/1.0/,https://doi.org/10.13003/CED-terms-of-use,twitter://user?screen_name=harry_brennan,twitter://user?screen_name=SatchinPanda,,,https://evidence.eventdata.crossref.org/evidence/20190613-twitter-a2e41e7c-9105-40cc-ac04-1a89ef8686,add,twitter://status?id=1139141866694291456,twitter://status?id=1138832328648560640,1139141866694291456,Tweet 1139141866694291456,2019-06-13 12:05:59,https://doi.org/10.1016/s0092-8674(00)81199-x,https://www.sciencedirect.com/science/article/pii/S009286740081199X?via%3Dihub,
12931,twitter,twitter://status?id=1139161754800275461,https://doi.org/10.1016/s0092-8674(00)81199-x,5d4d735d-d424-4633-9bfc-e100b06490bb,2019-06-13 13:25:01,2019-06-16 07:31:59,discusses,45a1ef76-4f43-4cdc-9ba8-5a6ad01cc231,https://creativecommons.org/publicdomain/zero/1.0/,https://doi.org/10.13003/CED-terms-of-use,twitter://user?screen_name=JussherLab,twitter://user?screen_name=SatchinPanda,,,https://evidence.eventdata.crossref.org/evidence/20190613-twitter-e2fb953a-df8c-4a95-8feb-f87a4611ab,add,twitter://status?id=1139161754800275461,twitter://status?id=1138832328648560640,1139161754800275461,Tweet 1139161754800275461,2019-06-13 13:25:01,https://doi.org/10.1016/s0092-8674(00)81199-x,https://www.sciencedirect.com/science/article/pii/S009286740081199X?via%3Dihub,
12932,twitter,twitter://status?id=1139152314504306688,https://doi.org/10.1016/s0092-8674(00)81199-x,36c7dbbe-6534-4eb7-8bc5-b83924f55041,2019-06-13 12:47:30,2019-06-16 07:39:32,discusses,45a1ef76-4f43-4cdc-9ba8-5a6ad01cc231,https://creativecommons.org/publicdomain/zero/1.0/,https://doi.org/10.13003/CED-terms-of-use,twitter://user?screen_name=Nadine17118,twitter://user?screen_name=SatchinPanda,,,https://evidence.eventdata.crossref.org/evidence/20190613-twitter-fe23f51d-f2b1-4921-9244-30cbab8c84,add,twitter://status?id=1139152314504306688,twitter://status?id=1138832328648560640,1139152314504306688,Tweet 1139152314504306688,2019-06-13 12:47:30,https://doi.org/10.1016/s0092-8674(00)81199-x,https://www.sciencedirect.com/science/article/pii/S009286740081199X?via%3Dihub,
12933,twitter,twitter://status?id=1139498125389905920,https://doi.org/10.1016/s0092-8674(00)81199-x,69434bfd-5e5f-4106-a198-e0a93ffeb90d,2019-06-14 11:41:38,2019-06-16 17:04:32,discusses,45a1ef76-4f43-4cdc-9ba8-5a6ad01cc231,https://creativecommons.org/publicdomain/zero/1.0/,https://doi.org/10.13003/CED-terms-of-use,twitter://user?screen_name=KarinaRatiner,twitter://user?screen_name=SatchinPanda,,,https://evidence.eventdata.crossref.org/evidence/20190614-twitter-1a16975a-5f78-46c6-8664-67f40e66eb,add,twitter://status?id=1139498125389905920,twitter://status?id=1138832328648560640,1139498125389905920,Tweet 1139498125389905920,2019-06-14 11:41:38,https://doi.org/10.1016/s0092-8674(00)81199-x,https://www.sciencedirect.com/science/article/pii/S009286740081199X?via%3Dihub,
12934,twitter,twitter://status?id=1152613909506842624,https://doi.org/10.1016/s0092-8674(00)81199-x,1842f6d4-be86-4a53-8c4c-37e1f4cb73d8,2019-07-20 16:19:05,2019-07-20 12:26:00,discusses,45a1ef76-4f43-4cdc-9ba8-5a6ad01cc231,https://creativecommons.org/publicdomain/zero/1.0/,https://doi.org/10.13003/CED-terms-of-use,twitter://user?screen_name=titatami,twitter://user?screen_name=SatchinPanda,,,https://evidence.eventdata.crossref.org/evidence/20190720-twitter-6abd33e9-acfb-4c4a-a91a-088b0ac310,add,twitter://status?id=1152613909506842624,twitter://status?id=1138832328648560640,1152613909506842624,Tweet 1152613909506842624,2019-07-20 16:19:05,https://doi.org/10.1016/s0092-8674(00)81199-x,https://www.sciencedirect.com/science/article/pii/S009286740081199X?via%3Dihub,
12935,twitter,twitter://status?id=1156581605672181761,https://doi.org/10.1016/s0092-8674(00)81199-x,10caca95-f9c2-4eef-ae46-518dd5fc5668,2019-07-31 15:05:17,2019-07-31 11:17:15,discusses,45a1ef76-4f43-4cdc-9ba8-5a6ad01cc231,https://creativecommons.org/publicdomain/zero/1.0/,https://doi.org/10.13003/CED-terms-of-use,twitter://user?screen_name=lambertlab1,,,,https://evidence.eventdata.crossref.org/evidence/20190731-twitter-a9f9a948-1fcf-4941-9134-0e093d3328,add,twitter://status?id=1156581605672181761,twitter://status?id=1156581605672181761,1156581605672181761,Tweet 1156581605672181761,2019-07-31 15:05:17,https://doi.org/10.1016/s0092-8674(00)81199-x,https://www.sciencedirect.com/science/article/pii/S009286740081199X?via%3Dihub,
