wikipediaIncrement,sourceID,objectID,subjectID,eventID,occurredAt,timeObserved,relationType,sourceToken,license,termsOfUse,updatedDate,updatedReason,evidenceRecord,eventAction,subjectPID,subjectTitle,subjectURL,subjectAPIURL,objectPID,objectURL
25149,wikipedia,https://doi.org/10.1016/s0092-8674(00)81199-x,https://en.wikipedia.org/wiki/Ueli_Schibler,8f340e51-e429-418e-9c49-45fe8332684b,2017-04-13 20:34:40,2017-04-13 16:35:50,references,36c35e23-8757-4a9d-aacf-345e9b7eb50d,https://creativecommons.org/publicdomain/zero/1.0/,https://doi.org/10.13003/CED-terms-of-use,2018-01-31 17:30:00,https://evidence.eventdata.crossref.org/announcements/2018-01-19T00-00-00Z-ED-15.json,https://evidence.eventdata.crossref.org/evidence/20170413-wikipedia-7f7f4a6e-bef0-4b91-b461-af4ae573a6dd,add,https://en.wikipedia.org/wiki/Ueli_Schibler,Ueli Schibler,https://en.wikipedia.org/w/index.php?title=Ueli_Schibler&oldid=775276042,https://en.wikipedia.org/api/rest_v1/page/html/Ueli_Schibler/775276042,https://doi.org/10.1016/s0092-8674(00)81199-x,https://doi.org/10.1016/s0092-8674(00)81199-x
25150,wikipedia,https://doi.org/10.1016/s0092-8674(00)81199-x,https://en.wikipedia.org/api/rest_v1/page/html/Ueli_Schibler/813565828,a9e5076b-e81e-492a-8f84-985fb9eb64ad,2017-12-04 02:55:33,2018-01-14 05:59:07,references,36c35e23-8757-4a9d-aacf-345e9b7eb50d,https://creativecommons.org/publicdomain/zero/1.0/,https://doi.org/10.13003/CED-terms-of-use,,,https://evidence.eventdata.crossref.org/evidence/20171204-wikipedia-7c59e57d-7aaf-42cc-b9b8-84ac424e0c1a,add,https://en.wikipedia.org/w/index.php?title=Ueli_Schibler&oldid=813565828,Ueli Schibler,https://en.wikipedia.org/wiki/Ueli_Schibler,https://en.wikipedia.org/api/rest_v1/page/html/Ueli_Schibler/813565828,https://doi.org/10.1016/s0092-8674(00)81199-x,http://www.sciencedirect.com/science/article/pii/S009286740081199X
25151,wikipedia,https://doi.org/10.1016/s0092-8674(00)81199-x,https://en.wikipedia.org/api/rest_v1/page/html/Ueli_Schibler/829610230,53f59b41-186b-4e3c-8f0a-576dc6ddd67c,2018-03-09 18:09:17,2018-03-09 13:11:23,references,36c35e23-8757-4a9d-aacf-345e9b7eb50d,https://creativecommons.org/publicdomain/zero/1.0/,https://doi.org/10.13003/CED-terms-of-use,,,https://evidence.eventdata.crossref.org/evidence/20180309-wikipedia-e33ff9de-7b73-4988-80e7-0705bb60e72c,add,https://en.wikipedia.org/wiki/Ueli_Schibler,Ueli Schibler,https://en.wikipedia.org/w/index.php?title=Ueli_Schibler&oldid=829610230,https://en.wikipedia.org/api/rest_v1/page/html/Ueli_Schibler/829610230,https://doi.org/10.1016/s0092-8674(00)81199-x,https://doi.org/10.1016/s0092-8674(00)81199-x
25152,wikipedia,https://doi.org/10.1016/s0092-8674(00)81199-x,https://en.wikipedia.org/api/rest_v1/page/html/Ueli_Schibler/850214628,8ce6ec23-99a9-43a0-a46f-8d2df36721f5,2018-07-14 13:17:36,2018-07-14 09:19:21,references,36c35e23-8757-4a9d-aacf-345e9b7eb50d,https://creativecommons.org/publicdomain/zero/1.0/,https://doi.org/10.13003/CED-terms-of-use,,,https://evidence.eventdata.crossref.org/evidence/20180714-wikipedia-0343d9f0-0f95-425d-8973-26e0b0539f44,add,https://en.wikipedia.org/wiki/Ueli_Schibler,Ueli Schibler,https://en.wikipedia.org/w/index.php?title=Ueli_Schibler&oldid=850214628,https://en.wikipedia.org/api/rest_v1/page/html/Ueli_Schibler/850214628,https://doi.org/10.1016/s0092-8674(00)81199-x,http://www.sciencedirect.com/science/article/pii/S009286740081199X
25153,wikipedia,https://doi.org/10.1016/s0092-8674(00)81199-x,https://en.wikipedia.org/api/rest_v1/page/html/Ueli_Schibler/853137001,5a032640-557a-4f98-906b-6176468cb923,2018-08-02 17:31:18,2018-08-02 13:32:39,references,36c35e23-8757-4a9d-aacf-345e9b7eb50d,https://creativecommons.org/publicdomain/zero/1.0/,https://doi.org/10.13003/CED-terms-of-use,,,https://evidence.eventdata.crossref.org/evidence/20180802-wikipedia-cfe989f4-a0ff-417b-96bf-5cd856be326b,add,https://en.wikipedia.org/wiki/Ueli_Schibler,Ueli Schibler,https://en.wikipedia.org/w/index.php?title=Ueli_Schibler&oldid=853137001,https://en.wikipedia.org/api/rest_v1/page/html/Ueli_Schibler/853137001,https://doi.org/10.1016/s0092-8674(00)81199-x,http://www.sciencedirect.com/science/article/pii/S009286740081199X
25154,wikipedia,https://doi.org/10.1016/s0092-8674(00)81199-x,https://en.wikipedia.org/api/rest_v1/page/html/Ueli_Schibler/859207385,5ee8aa57-de4a-4b90-9585-7827567c819f,2018-09-12 13:22:19,2018-09-12 09:24:35,references,36c35e23-8757-4a9d-aacf-345e9b7eb50d,https://creativecommons.org/publicdomain/zero/1.0/,https://doi.org/10.13003/CED-terms-of-use,,,https://evidence.eventdata.crossref.org/evidence/20180912-wikipedia-955cad9a-0e6e-4064-94f1-c66e4d2aaaad,add,https://en.wikipedia.org/wiki/Ueli_Schibler,Ueli Schibler,https://en.wikipedia.org/w/index.php?title=Ueli_Schibler&oldid=859207385,https://en.wikipedia.org/api/rest_v1/page/html/Ueli_Schibler/859207385,https://doi.org/10.1016/s0092-8674(00)81199-x,https://doi.org/10.1016/s0092-8674(00)81199-x
25155,wikipedia,https://doi.org/10.1016/s0092-8674(00)81199-x,https://en.wikipedia.org/api/rest_v1/page/html/Ueli_Schibler/879637093,df4fab73-8c1c-4976-a282-6303172630c7,2019-01-22 14:08:18,2019-01-22 09:13:03,references,36c35e23-8757-4a9d-aacf-345e9b7eb50d,https://creativecommons.org/publicdomain/zero/1.0/,https://doi.org/10.13003/CED-terms-of-use,,,https://evidence.eventdata.crossref.org/evidence/20190122-wikipedia-0647101f-ae0f-44c8-8819-7ea45108797d,add,https://en.wikipedia.org/wiki/Ueli_Schibler,Ueli Schibler,https://en.wikipedia.org/w/index.php?title=Ueli_Schibler&oldid=879637093,https://en.wikipedia.org/api/rest_v1/page/html/Ueli_Schibler/879637093,https://doi.org/10.1016/s0092-8674(00)81199-x,https://doi.org/10.1016/s0092-8674(00)81199-x
25156,wikipedia,https://doi.org/10.1016/s0092-8674(00)81199-x,https://en.wikipedia.org/api/rest_v1/page/html/Ueli_Schibler/879637156,01557f49-28e6-4cbb-96f0-a0988f2f34be,2019-01-22 14:08:45,2019-01-22 09:13:23,references,36c35e23-8757-4a9d-aacf-345e9b7eb50d,https://creativecommons.org/publicdomain/zero/1.0/,https://doi.org/10.13003/CED-terms-of-use,,,https://evidence.eventdata.crossref.org/evidence/20190122-wikipedia-4cc04050-73c6-462a-9347-edd299656059,add,https://en.wikipedia.org/wiki/Ueli_Schibler,Ueli Schibler,https://en.wikipedia.org/w/index.php?title=Ueli_Schibler&oldid=879637156,https://en.wikipedia.org/api/rest_v1/page/html/Ueli_Schibler/879637156,https://doi.org/10.1016/s0092-8674(00)81199-x,http://www.sciencedirect.com/science/article/pii/S009286740081199X
25157,wikipedia,https://doi.org/10.1016/s0092-8674(00)81199-x,https://en.wikipedia.org/api/rest_v1/page/html/Ueli_Schibler/882312335,b64bfa19-ea7b-4a54-b5c2-32247c783ada,2019-02-08 05:49:48,2019-02-08 00:51:38,references,36c35e23-8757-4a9d-aacf-345e9b7eb50d,https://creativecommons.org/publicdomain/zero/1.0/,https://doi.org/10.13003/CED-terms-of-use,,,https://evidence.eventdata.crossref.org/evidence/20190208-wikipedia-650ced0e-3be1-464c-91cd-c6ce1b85a06d,add,https://en.wikipedia.org/wiki/Ueli_Schibler,Ueli Schibler,https://en.wikipedia.org/w/index.php?title=Ueli_Schibler&oldid=882312335,https://en.wikipedia.org/api/rest_v1/page/html/Ueli_Schibler/882312335,https://doi.org/10.1016/s0092-8674(00)81199-x,https://doi.org/10.1016/s0092-8674(00)81199-x
25158,wikipedia,https://doi.org/10.1016/s0092-8674(00)81199-x,https://en.wikipedia.org/api/rest_v1/page/html/Society_for_Research_on_Biological_Rhythms/884513879,5e5842f6-c159-40c9-8fcc-57b884c67c19,2019-02-22 03:39:40,2019-02-21 22:42:56,references,36c35e23-8757-4a9d-aacf-345e9b7eb50d,https://creativecommons.org/publicdomain/zero/1.0/,https://doi.org/10.13003/CED-terms-of-use,,,https://evidence.eventdata.crossref.org/evidence/20190222-wikipedia-c71bceed-df55-4553-b5fb-6367973829ec,add,https://en.wikipedia.org/wiki/Society_for_Research_on_Biological_Rhythms,Society for Research on Biological Rhythms,https://en.wikipedia.org/w/index.php?title=Society_for_Research_on_Biological_Rhythms&oldid=88451387,https://en.wikipedia.org/api/rest_v1/page/html/Society_for_Research_on_Biological_Rhythms/884513879,https://doi.org/10.1016/s0092-8674(00)81199-x,https://doi.org/10.1016/s0092-8674(00)81199-x
25159,wikipedia,https://doi.org/10.1016/s0092-8674(00)81199-x,https://en.wikipedia.org/api/rest_v1/page/html/Ueli_Schibler/889084001,5c5ad5dd-7424-403e-a70f-4d22a4307da2,2019-03-23 10:16:44,2019-03-25 22:50:01,references,36c35e23-8757-4a9d-aacf-345e9b7eb50d,https://creativecommons.org/publicdomain/zero/1.0/,https://doi.org/10.13003/CED-terms-of-use,,,https://evidence.eventdata.crossref.org/evidence/20190323-wikipedia-343e8e75-86ee-487d-8ff2-d45542765aec,add,https://en.wikipedia.org/wiki/Ueli_Schibler,Ueli Schibler,https://en.wikipedia.org/w/index.php?title=Ueli_Schibler&oldid=889084001,https://en.wikipedia.org/api/rest_v1/page/html/Ueli_Schibler/889084001,https://doi.org/10.1016/s0092-8674(00)81199-x,https://doi.org/10.1016/s0092-8674(00)81199-x
25160,wikipedia,https://doi.org/10.1016/s0092-8674(00)81199-x,https://en.wikipedia.org/api/rest_v1/page/html/Ueli_Schibler/889084036,005298b7-37be-4f9f-9b25-9388a8461b80,2019-03-23 10:17:08,2019-03-25 22:50:09,references,36c35e23-8757-4a9d-aacf-345e9b7eb50d,https://creativecommons.org/publicdomain/zero/1.0/,https://doi.org/10.13003/CED-terms-of-use,,,https://evidence.eventdata.crossref.org/evidence/20190323-wikipedia-affab6a0-45d6-4202-84ba-a0f1d4bf8e8c,add,https://en.wikipedia.org/wiki/Ueli_Schibler,Ueli Schibler,https://en.wikipedia.org/w/index.php?title=Ueli_Schibler&oldid=889084036,https://en.wikipedia.org/api/rest_v1/page/html/Ueli_Schibler/889084036,https://doi.org/10.1016/s0092-8674(00)81199-x,https://doi.org/10.1016/s0092-8674(00)81199-x
25161,wikipedia,https://doi.org/10.1016/s0092-8674(00)81199-x,https://en.wikipedia.org/api/rest_v1/page/html/Ueli_Schibler/889083954,57b84856-abf7-452d-840d-3d3bd1a77d77,2019-03-23 10:16:11,2019-03-25 22:55:53,references,36c35e23-8757-4a9d-aacf-345e9b7eb50d,https://creativecommons.org/publicdomain/zero/1.0/,https://doi.org/10.13003/CED-terms-of-use,,,https://evidence.eventdata.crossref.org/evidence/20190323-wikipedia-6665fd1b-70f4-4ba7-b114-2f508a5cbe97,add,https://en.wikipedia.org/wiki/Ueli_Schibler,Ueli Schibler,https://en.wikipedia.org/w/index.php?title=Ueli_Schibler&oldid=889083954,https://en.wikipedia.org/api/rest_v1/page/html/Ueli_Schibler/889083954,https://doi.org/10.1016/s0092-8674(00)81199-x,https://doi.org/10.1016/s0092-8674(00)81199-x
25162,wikipedia,https://doi.org/10.1016/s0092-8674(00)81199-x,https://en.wikipedia.org/api/rest_v1/page/html/Ueli_Schibler/889084084,9c2b0d4e-3cce-4800-a957-2c4f45e4ca14,2019-03-23 10:17:59,2019-03-25 23:14:27,references,36c35e23-8757-4a9d-aacf-345e9b7eb50d,https://creativecommons.org/publicdomain/zero/1.0/,https://doi.org/10.13003/CED-terms-of-use,,,https://evidence.eventdata.crossref.org/evidence/20190323-wikipedia-5b327a17-c2fa-487d-9586-0f99784d0f5e,add,https://en.wikipedia.org/wiki/Ueli_Schibler,Ueli Schibler,https://en.wikipedia.org/w/index.php?title=Ueli_Schibler&oldid=889084084,https://en.wikipedia.org/api/rest_v1/page/html/Ueli_Schibler/889084084,https://doi.org/10.1016/s0092-8674(00)81199-x,https://doi.org/10.1016/s0092-8674(00)81199-x
25163,wikipedia,https://doi.org/10.1016/s0092-8674(00)81199-x,https://en.wikipedia.org/api/rest_v1/page/html/Ueli_Schibler/889083917,df66e9b5-47cf-4f9c-b6d5-50492205bb3b,2019-03-23 10:15:39,2019-03-25 23:36:19,references,36c35e23-8757-4a9d-aacf-345e9b7eb50d,https://creativecommons.org/publicdomain/zero/1.0/,https://doi.org/10.13003/CED-terms-of-use,,,https://evidence.eventdata.crossref.org/evidence/20190323-wikipedia-583876f1-2962-453b-8dca-bf10bb7d1948,add,https://en.wikipedia.org/wiki/Ueli_Schibler,Ueli Schibler,https://en.wikipedia.org/w/index.php?title=Ueli_Schibler&oldid=889083917,https://en.wikipedia.org/api/rest_v1/page/html/Ueli_Schibler/889083917,https://doi.org/10.1016/s0092-8674(00)81199-x,https://doi.org/10.1016/s0092-8674(00)81199-x
25164,wikipedia,https://doi.org/10.1016/s0092-8674(00)81199-x,https://en.wikipedia.org/api/rest_v1/page/html/Society_for_Research_on_Biological_Rhythms/895098394,a48eb464-1be5-4374-ac1f-53d5d32ab181,2019-05-02 00:28:07,2019-05-01 22:26:21,references,36c35e23-8757-4a9d-aacf-345e9b7eb50d,https://creativecommons.org/publicdomain/zero/1.0/,https://doi.org/10.13003/CED-terms-of-use,,,https://evidence.eventdata.crossref.org/evidence/20190502-wikipedia-7ed35b11-b25d-44d8-a84e-3e24fa39fe29,add,https://en.wikipedia.org/wiki/Society_for_Research_on_Biological_Rhythms,Society for Research on Biological Rhythms,https://en.wikipedia.org/w/index.php?title=Society_for_Research_on_Biological_Rhythms&oldid=89509839,https://en.wikipedia.org/api/rest_v1/page/html/Society_for_Research_on_Biological_Rhythms/895098394,https://doi.org/10.1016/s0092-8674(00)81199-x,https://doi.org/10.1016/s0092-8674(00)81199-x
25165,wikipedia,https://doi.org/10.1016/s0092-8674(00)81199-x,https://en.wikipedia.org/api/rest_v1/page/html/Ueli_Schibler/908364180,e4fff3da-c42f-4a57-a1de-2ebe02be9351,2019-07-29 07:40:21,2019-07-29 03:45:07,references,36c35e23-8757-4a9d-aacf-345e9b7eb50d,https://creativecommons.org/publicdomain/zero/1.0/,https://doi.org/10.13003/CED-terms-of-use,,,https://evidence.eventdata.crossref.org/evidence/20190729-wikipedia-ce594eed-1d59-4e3f-a646-485803f892ed,add,https://en.wikipedia.org/wiki/Ueli_Schibler,Ueli Schibler,https://en.wikipedia.org/w/index.php?title=Ueli_Schibler&oldid=908364180,https://en.wikipedia.org/api/rest_v1/page/html/Ueli_Schibler/908364180,https://doi.org/10.1016/s0092-8674(00)81199-x,https://doi.org/10.1016/s0092-8674(00)81199-x
25166,wikipedia,https://doi.org/10.1016/s0092-8674(00)81199-x,https://en.wikipedia.org/api/rest_v1/page/html/Society_for_Research_on_Biological_Rhythms/910129501,4e5d85ac-cabb-48f7-a0d0-ad0cd44df267,2019-08-09 21:19:41,2019-08-11 11:47:58,references,36c35e23-8757-4a9d-aacf-345e9b7eb50d,https://creativecommons.org/publicdomain/zero/1.0/,https://doi.org/10.13003/CED-terms-of-use,,,https://evidence.eventdata.crossref.org/evidence/20190809-wikipedia-0abcd06d-d8a7-40f7-986c-bbae5d54c73e,add,https://en.wikipedia.org/wiki/Society_for_Research_on_Biological_Rhythms,Society for Research on Biological Rhythms,https://en.wikipedia.org/w/index.php?title=Society_for_Research_on_Biological_Rhythms&oldid=91012950,https://en.wikipedia.org/api/rest_v1/page/html/Society_for_Research_on_Biological_Rhythms/910129501,https://doi.org/10.1016/s0092-8674(00)81199-x,https://doi.org/10.1016/s0092-8674(00)81199-x
25167,wikipedia,https://doi.org/10.1016/s0092-8674(00)81199-x,https://en.wikipedia.org/api/rest_v1/page/html/Society_for_Research_on_Biological_Rhythms/919343219,2aff7281-3518-41a9-9a63-5c55294b4708,2019-10-03 05:50:54,2019-10-03 01:57:37,references,36c35e23-8757-4a9d-aacf-345e9b7eb50d,https://creativecommons.org/publicdomain/zero/1.0/,https://doi.org/10.13003/CED-terms-of-use,,,https://evidence.eventdata.crossref.org/evidence/20191003-wikipedia-2e706450-58a1-4823-ab7f-09727de71bf3,add,https://en.wikipedia.org/wiki/Society_for_Research_on_Biological_Rhythms,Society for Research on Biological Rhythms,https://en.wikipedia.org/w/index.php?title=Society_for_Research_on_Biological_Rhythms&oldid=91934321,https://en.wikipedia.org/api/rest_v1/page/html/Society_for_Research_on_Biological_Rhythms/919343219,https://doi.org/10.1016/s0092-8674(00)81199-x,https://doi.org/10.1016/s0092-8674(00)81199-x
25168,wikipedia,https://doi.org/10.1016/s0092-8674(00)81199-x,https://en.wikipedia.org/api/rest_v1/page/html/Society_for_Research_on_Biological_Rhythms/928672503,80f3199d-7918-483b-b676-1a67cd576748,2019-11-30 22:22:28,2019-11-30 17:31:24,references,36c35e23-8757-4a9d-aacf-345e9b7eb50d,https://creativecommons.org/publicdomain/zero/1.0/,https://doi.org/10.13003/CED-terms-of-use,,,https://evidence.eventdata.crossref.org/evidence/20191130-wikipedia-f8dab6c5-7f97-4bcf-8048-7c2ceb2daea7,add,https://en.wikipedia.org/wiki/Society_for_Research_on_Biological_Rhythms,Society for Research on Biological Rhythms,https://en.wikipedia.org/w/index.php?title=Society_for_Research_on_Biological_Rhythms&oldid=92867250,https://en.wikipedia.org/api/rest_v1/page/html/Society_for_Research_on_Biological_Rhythms/928672503,https://doi.org/10.1016/s0092-8674(00)81199-x,https://doi.org/10.1016/s0092-8674(00)81199-x
25169,wikipedia,https://doi.org/10.1016/s0092-8674(00)81199-x,https://en.wikipedia.org/api/rest_v1/page/html/Ueli_Schibler/929235500,027f4896-14c0-45fd-bad2-9cc55c7087ad,2019-12-04 14:07:43,2019-12-04 19:02:54,references,36c35e23-8757-4a9d-aacf-345e9b7eb50d,https://creativecommons.org/publicdomain/zero/1.0/,https://doi.org/10.13003/CED-terms-of-use,,,https://evidence.eventdata.crossref.org/evidence/20191204-wikipedia-160102c0-1de4-498b-a324-0ea83e5ff6c3,add,https://en.wikipedia.org/wiki/Ueli_Schibler,Ueli Schibler,https://en.wikipedia.org/w/index.php?title=Ueli_Schibler&oldid=929235500,https://en.wikipedia.org/api/rest_v1/page/html/Ueli_Schibler/929235500,https://doi.org/10.1016/s0092-8674(00)81199-x,https://doi.org/10.1016/s0092-8674(00)81199-x
25170,wikipedia,https://doi.org/10.1016/s0092-8674(00)81199-x,https://en.wikipedia.org/api/rest_v1/page/html/Society_for_Research_on_Biological_Rhythms/946502667,33066dde-85fc-467b-a51f-51c0ccea0d46,2020-03-20 15:47:02,2020-10-13 14:27:19,references,36c35e23-8757-4a9d-aacf-345e9b7eb50d,https://creativecommons.org/publicdomain/zero/1.0/,https://doi.org/10.13003/CED-terms-of-use,,,https://evidence.eventdata.crossref.org/evidence/20200320-wikipedia-397761de-bf35-4c83-83bb-d626ebfa4785,add,https://en.wikipedia.org/wiki/Society_for_Research_on_Biological_Rhythms,Society for Research on Biological Rhythms,https://en.wikipedia.org/w/index.php?title=Society_for_Research_on_Biological_Rhythms&oldid=94650266,https://en.wikipedia.org/api/rest_v1/page/html/Society_for_Research_on_Biological_Rhythms/946502667,https://doi.org/10.1016/s0092-8674(00)81199-x,https://doi.org/10.1016/s0092-8674(00)81199-x
25171,wikipedia,https://doi.org/10.1016/s0092-8674(00)81199-x,https://en.wikipedia.org/api/rest_v1/page/html/Ueli_Schibler/951268943,6453a7d8-c28d-40ba-a1ac-51e33010844c,2020-04-16 09:44:51,2020-10-14 06:02:40,references,36c35e23-8757-4a9d-aacf-345e9b7eb50d,https://creativecommons.org/publicdomain/zero/1.0/,https://doi.org/10.13003/CED-terms-of-use,,,https://evidence.eventdata.crossref.org/evidence/20200416-wikipedia-d3214bd0-8583-4a2c-a85b-fdb2e891af8f,add,https://en.wikipedia.org/wiki/Ueli_Schibler,Ueli Schibler,https://en.wikipedia.org/w/index.php?title=Ueli_Schibler&oldid=951268943,https://en.wikipedia.org/api/rest_v1/page/html/Ueli_Schibler/951268943,https://doi.org/10.1016/s0092-8674(00)81199-x,https://doi.org/10.1016/s0092-8674(00)81199-x
25172,wikipedia,https://doi.org/10.1016/s0092-8674(00)81199-x,https://en.wikipedia.org/api/rest_v1/page/html/Ueli_Schibler/959753004,56b6d6d7-3579-4632-acec-bf51e48a12c9,2020-05-30 12:33:49,2020-10-15 03:11:36,references,36c35e23-8757-4a9d-aacf-345e9b7eb50d,https://creativecommons.org/publicdomain/zero/1.0/,https://doi.org/10.13003/CED-terms-of-use,,,https://evidence.eventdata.crossref.org/evidence/20200530-wikipedia-d46adad3-f246-4055-854d-377ba39556e0,add,https://en.wikipedia.org/wiki/Ueli_Schibler,Ueli Schibler,https://en.wikipedia.org/w/index.php?title=Ueli_Schibler&oldid=959753004,https://en.wikipedia.org/api/rest_v1/page/html/Ueli_Schibler/959753004,https://doi.org/10.1016/s0092-8674(00)81199-x,https://doi.org/10.1016/s0092-8674(00)81199-x
25173,wikipedia,https://doi.org/10.1016/s0092-8674(00)81199-x,https://en.wikipedia.org/api/rest_v1/page/html/Ueli_Schibler/961886793,912a4e97-c276-4c95-80ac-6b9fa60be76b,2020-06-10 23:06:10,2020-10-15 08:17:33,references,36c35e23-8757-4a9d-aacf-345e9b7eb50d,https://creativecommons.org/publicdomain/zero/1.0/,https://doi.org/10.13003/CED-terms-of-use,,,https://evidence.eventdata.crossref.org/evidence/20200610-wikipedia-44a32b1c-25f4-4ab1-8db1-6db5998fa3f9,add,https://en.wikipedia.org/wiki/Ueli_Schibler,Ueli Schibler,https://en.wikipedia.org/w/index.php?title=Ueli_Schibler&oldid=961886793,https://en.wikipedia.org/api/rest_v1/page/html/Ueli_Schibler/961886793,https://doi.org/10.1016/s0092-8674(00)81199-x,https://doi.org/10.1016/s0092-8674(00)81199-x
25174,wikipedia,https://doi.org/10.1016/s0092-8674(00)81199-x,https://en.wikipedia.org/api/rest_v1/page/html/Ueli_Schibler/961886895,d3c34049-5a06-4afd-b6ea-dbb398048bbf,2020-06-10 23:07:10,2020-10-15 08:23:37,references,36c35e23-8757-4a9d-aacf-345e9b7eb50d,https://creativecommons.org/publicdomain/zero/1.0/,https://doi.org/10.13003/CED-terms-of-use,,,https://evidence.eventdata.crossref.org/evidence/20200610-wikipedia-6f6f3376-d2db-45c9-9451-3e9c529a7c7f,add,https://en.wikipedia.org/wiki/Ueli_Schibler,Ueli Schibler,https://en.wikipedia.org/w/index.php?title=Ueli_Schibler&oldid=961886895,https://en.wikipedia.org/api/rest_v1/page/html/Ueli_Schibler/961886895,https://doi.org/10.1016/s0092-8674(00)81199-x,https://doi.org/10.1016/s0092-8674(00)81199-x
25175,wikipedia,https://doi.org/10.1016/s0092-8674(00)81199-x,https://en.wikipedia.org/api/rest_v1/page/html/Ueli_Schibler/961887000,005f2a89-865b-48e9-aaaa-990debe4a3ba,2020-06-10 23:08:00,2020-10-15 08:27:13,references,36c35e23-8757-4a9d-aacf-345e9b7eb50d,https://creativecommons.org/publicdomain/zero/1.0/,https://doi.org/10.13003/CED-terms-of-use,,,https://evidence.eventdata.crossref.org/evidence/20200610-wikipedia-b873322f-d9ac-4037-aa64-4d4c1799b92f,add,https://en.wikipedia.org/wiki/Ueli_Schibler,Ueli Schibler,https://en.wikipedia.org/w/index.php?title=Ueli_Schibler&oldid=961887000,https://en.wikipedia.org/api/rest_v1/page/html/Ueli_Schibler/961887000,https://doi.org/10.1016/s0092-8674(00)81199-x,https://doi.org/10.1016/s0092-8674(00)81199-x
25176,wikipedia,https://doi.org/10.1016/s0092-8674(00)81199-x,https://en.wikipedia.org/api/rest_v1/page/html/Ueli_Schibler/973938338,2456c8b8-95b7-4fe9-91c3-f9520d194c5b,2020-08-20 04:00:03,2020-10-17 01:22:52,references,36c35e23-8757-4a9d-aacf-345e9b7eb50d,https://creativecommons.org/publicdomain/zero/1.0/,https://doi.org/10.13003/CED-terms-of-use,,,https://evidence.eventdata.crossref.org/evidence/20200820-wikipedia-ee57c9f8-8590-4263-976c-fad9d0aed2c1,add,https://en.wikipedia.org/wiki/Ueli_Schibler,Ueli Schibler,https://en.wikipedia.org/w/index.php?title=Ueli_Schibler&oldid=973938338,https://en.wikipedia.org/api/rest_v1/page/html/Ueli_Schibler/973938338,https://doi.org/10.1016/s0092-8674(00)81199-x,https://doi.org/10.1016/s0092-8674(00)81199-x
25177,wikipedia,https://doi.org/10.1016/s0092-8674(00)81199-x,https://en.wikipedia.org/api/rest_v1/page/html/Ueli_Schibler/994899692,4aeda99b-5974-4313-860b-38a68b611d32,2020-12-18 03:21:39,2020-12-17 22:35:45,references,36c35e23-8757-4a9d-aacf-345e9b7eb50d,https://creativecommons.org/publicdomain/zero/1.0/,https://doi.org/10.13003/CED-terms-of-use,,,https://evidence.eventdata.crossref.org/evidence/20201218-wikipedia-cea21bd3-0d38-421a-9f51-177edad45b8a,add,https://en.wikipedia.org/wiki/Ueli_Schibler,Ueli Schibler,https://en.wikipedia.org/w/index.php?title=Ueli_Schibler&oldid=994899692,https://en.wikipedia.org/api/rest_v1/page/html/Ueli_Schibler/994899692,https://doi.org/10.1016/s0092-8674(00)81199-x,https://doi.org/10.1016/s0092-8674(00)81199-x
25178,wikipedia,https://doi.org/10.1016/s0092-8674(00)81199-x,https://en.wikipedia.org/api/rest_v1/page/html/Society_for_Research_on_Biological_Rhythms/997203291,13a5e8e9-540d-44ff-853b-6e2da156f6ee,2020-12-30 13:10:11,2020-12-30 08:49:44,references,36c35e23-8757-4a9d-aacf-345e9b7eb50d,https://creativecommons.org/publicdomain/zero/1.0/,https://doi.org/10.13003/CED-terms-of-use,,,https://evidence.eventdata.crossref.org/evidence/20201230-wikipedia-c0b18157-2668-46b4-b17a-d332db2d7cac,add,https://en.wikipedia.org/wiki/Society_for_Research_on_Biological_Rhythms,Society for Research on Biological Rhythms,https://en.wikipedia.org/w/index.php?title=Society_for_Research_on_Biological_Rhythms&oldid=99720329,https://en.wikipedia.org/api/rest_v1/page/html/Society_for_Research_on_Biological_Rhythms/997203291,https://doi.org/10.1016/s0092-8674(00)81199-x,https://doi.org/10.1016/s0092-8674(00)81199-x
25179,wikipedia,https://doi.org/10.1016/S0092-8674(00)81199-X,https://en.wikipedia.org/api/rest_v1/page/html/Society_for_Research_on_Biological_Rhythms/1006406111,4aeb19c1-25a7-44e8-856e-7f38a4200328,2021-02-12 18:44:24,2021-02-12 15:13:01,references,36c35e23-8757-4a9d-aacf-345e9b7eb50d,https://creativecommons.org/publicdomain/zero/1.0/,https://doi.org/10.13003/CED-terms-of-use,,,https://evidence.eventdata.crossref.org/evidence/20210212-wikipedia-eec58138-3277-40a8-b806-8f1b6ef1f2f6,add,https://en.wikipedia.org/wiki/Society_for_Research_on_Biological_Rhythms,Society for Research on Biological Rhythms,https://en.wikipedia.org/w/index.php?title=Society_for_Research_on_Biological_Rhythms&oldid=10064061,https://en.wikipedia.org/api/rest_v1/page/html/Society_for_Research_on_Biological_Rhythms/1006406111,https://doi.org/10.1016/S0092-8674(00)81199-X,https://doi.org/10.1016/S0092-8674(00)81199-X
