affiliation,authenticated_orcid,family,given,name,orcid,sequence,suffix
"and Centre National de la Recherche Scientifique, Centre d'Ecologie des SystÃ¨mes Aquatiques Continentaux, 29, rue Jeanne Marvig 31055 Toulouse, France, e-mail:",,Naiman and,Robert J.,Robert J. Naiman and,,first,
"and Centre National de la Recherche Scientifique, Centre d'Ecologie des SystÃ¨mes Aquatiques Continentaux, 29, rue Jeanne Marvig 31055 Toulouse, France, e-mail:",,DÃ©camps,Henri,Henri DÃ©camps,,additional,
"INRA-SNES, Institut National de Recherche en Agronomie, 49071 Beaucouzé, France",,Anouar,F.,F. Anouar,,additional,
"CNRS-CEA, University of Caen, University René-Descartes, and University Institute of France",,Houdé,Olivier,Olivier Houdé,,first,
"CNRS-CEA, University of Caen, University René-Descartes, and University Institute of France",,Zago,Laure,Laure Zago,,additional,
"CNRS-CEA, University of Caen, University René-Descartes, and University Institute of France",,Mellet,Emmanuel,Emmanuel Mellet,,additional,
"CNRS-CEA, University of Caen, University René-Descartes, and University Institute of France",,Moutier,Sylvain,Sylvain Moutier,,additional,
"CNRS-CEA, University of Caen, University René-Descartes, and University Institute of France",,Pineau,Arlette,Arlette Pineau,,additional,
"CNRS-CEA, University of Caen, University René-Descartes, and University Institute of France",,Mazoyer,Bernard,Bernard Mazoyer,,additional,
"CNRS-CEA, University of Caen, University René-Descartes, and University Institute of France",,Tzourio-Mazoyer,Nathalie,Nathalie Tzourio-Mazoyer,,additional,
"Unité de Bactériologie Moléculaire et Médicale,4 Institut Pasteur, 75724 Paris Cedex 15, France",,Picardeau,Mathieu,Mathieu Picardeau,,additional,
"Laboratoire de Physique Statistique (associated to CNRS and to Paris 6 and Paris 7 Universities); École Normale Supérieure, 24 rue Lhomond, F 75231 Paris cedex 05, France",,Ninio,Jacques,Jacques Ninio,,first,
"Institut de Biologie Physico-Chimique, Paris, France,1 and",,Adler,Elliot,Elliot Adler,,first,
"Institut de Biologie Physico-Chimique, Paris, France,1 and",,Stragier,Patrick,Patrick Stragier,,additional,
"Laboratoire de Physique Statistique, École Normale Supérieure, 24 rue Lhomond, 75231 Paris cedex 05, France",,Ninio,Jacques,Jacques Ninio,,first,
"Aventis Pasteur–Merck, SharPe &amp; Dohme, Public Affairs, 8 rue Jonas Salk, F–69007 Lyon, France",,Teuwen,Dirk E.,Dirk E. Teuwen,,additional,
"<sup>1</sup> Regional Adviser on Environmental Policies, Economic Commission for Latin America and the Caribbean, Santiago, Chile., <sup>2</sup>Institute of Systems, Informatics and Safety of the European Commission Joint Research Centre, Ispra, Italy., <sup>3</sup>Université de Versailles St‐Quentin‐en‐Yvelines, France., <sup>4</sup>Consultant, London..",,Gallopín,Gilberto C.,Gilberto C. Gallopín,,first,
"<sup>1</sup> Regional Adviser on Environmental Policies, Economic Commission for Latin America and the Caribbean, Santiago, Chile., <sup>2</sup>Institute of Systems, Informatics and Safety of the European Commission Joint Research Centre, Ispra, Italy., <sup>3</sup>Université de Versailles St‐Quentin‐en‐Yvelines, France., <sup>4</sup>Consultant, London..",,Funtowicz,Silvio,Silvio Funtowicz,,additional,
"Institute of Research for Development, Paris, France, and coordinator of international projects on highly skilled migration and diasporas.",,Meyer,Jean‐Baptiste,Jean‐Baptiste Meyer,,first,
"INFOBIOGEN, Service de Bioinformatique, UMS825 CNRS/SC13 INSERM, 94801 Villejuif Cedex,2 France",,Dessen,Philippe,Philippe Dessen,,additional,
"From Molecular Cardiology, Department of Internal Medicine IV, University of Frankfurt, Germany (L.R., J.H., A.H., A.A., A.M.Z., S.D.); INSERM U141, IFR “Circulation,” Hôpital Lariboisière, Paris, France (Z.M., A.T.); and Institut d’Hématologie et d’Immunologie, Faculté de Médecine, Université Louis Pasteur, Strasbourg, France (B.H., J.-M.F.).",,Rössig,Lothar,Lothar Rössig,,first,
"From Molecular Cardiology, Department of Internal Medicine IV, University of Frankfurt, Germany (L.R., J.H., A.H., A.A., A.M.Z., S.D.); INSERM U141, IFR “Circulation,” Hôpital Lariboisière, Paris, France (Z.M., A.T.); and Institut d’Hématologie et d’Immunologie, Faculté de Médecine, Université Louis Pasteur, Strasbourg, France (B.H., J.-M.F.).",,Hoffmann,Jörg,Jörg Hoffmann,,additional,
"From Molecular Cardiology, Department of Internal Medicine IV, University of Frankfurt, Germany (L.R., J.H., A.H., A.A., A.M.Z., S.D.); INSERM U141, IFR “Circulation,” Hôpital Lariboisière, Paris, France (Z.M., A.T.); and Institut d’Hématologie et d’Immunologie, Faculté de Médecine, Université Louis Pasteur, Strasbourg, France (B.H., J.-M.F.).",,Hugel,Bénédicte,Bénédicte Hugel,,additional,
"From Molecular Cardiology, Department of Internal Medicine IV, University of Frankfurt, Germany (L.R., J.H., A.H., A.A., A.M.Z., S.D.); INSERM U141, IFR “Circulation,” Hôpital Lariboisière, Paris, France (Z.M., A.T.); and Institut d’Hématologie et d’Immunologie, Faculté de Médecine, Université Louis Pasteur, Strasbourg, France (B.H., J.-M.F.).",,Mallat,Ziad,Ziad Mallat,,additional,
"From Molecular Cardiology, Department of Internal Medicine IV, University of Frankfurt, Germany (L.R., J.H., A.H., A.A., A.M.Z., S.D.); INSERM U141, IFR “Circulation,” Hôpital Lariboisière, Paris, France (Z.M., A.T.); and Institut d’Hématologie et d’Immunologie, Faculté de Médecine, Université Louis Pasteur, Strasbourg, France (B.H., J.-M.F.).",,Haase,Astrid,Astrid Haase,,additional,
"From Molecular Cardiology, Department of Internal Medicine IV, University of Frankfurt, Germany (L.R., J.H., A.H., A.A., A.M.Z., S.D.); INSERM U141, IFR “Circulation,” Hôpital Lariboisière, Paris, France (Z.M., A.T.); and Institut d’Hématologie et d’Immunologie, Faculté de Médecine, Université Louis Pasteur, Strasbourg, France (B.H., J.-M.F.).",,Freyssinet,Jean-Marie,Jean-Marie Freyssinet,,additional,
"From Molecular Cardiology, Department of Internal Medicine IV, University of Frankfurt, Germany (L.R., J.H., A.H., A.A., A.M.Z., S.D.); INSERM U141, IFR “Circulation,” Hôpital Lariboisière, Paris, France (Z.M., A.T.); and Institut d’Hématologie et d’Immunologie, Faculté de Médecine, Université Louis Pasteur, Strasbourg, France (B.H., J.-M.F.).",,Tedgui,Alain,Alain Tedgui,,additional,
"From Molecular Cardiology, Department of Internal Medicine IV, University of Frankfurt, Germany (L.R., J.H., A.H., A.A., A.M.Z., S.D.); INSERM U141, IFR “Circulation,” Hôpital Lariboisière, Paris, France (Z.M., A.T.); and Institut d’Hématologie et d’Immunologie, Faculté de Médecine, Université Louis Pasteur, Strasbourg, France (B.H., J.-M.F.).",,Aicher,Alexandra,Alexandra Aicher,,additional,
"From Molecular Cardiology, Department of Internal Medicine IV, University of Frankfurt, Germany (L.R., J.H., A.H., A.A., A.M.Z., S.D.); INSERM U141, IFR “Circulation,” Hôpital Lariboisière, Paris, France (Z.M., A.T.); and Institut d’Hématologie et d’Immunologie, Faculté de Médecine, Université Louis Pasteur, Strasbourg, France (B.H., J.-M.F.).",,Zeiher,Andreas M.,Andreas M. Zeiher,,additional,
"From Molecular Cardiology, Department of Internal Medicine IV, University of Frankfurt, Germany (L.R., J.H., A.H., A.A., A.M.Z., S.D.); INSERM U141, IFR “Circulation,” Hôpital Lariboisière, Paris, France (Z.M., A.T.); and Institut d’Hématologie et d’Immunologie, Faculté de Médecine, Université Louis Pasteur, Strasbourg, France (B.H., J.-M.F.).",,Dimmeler,Stefanie,Stefanie Dimmeler,,additional,
"Loria---CNRS and Inria Lorraine, Vandoeuvre, France",,Alonso,L.,L. Alonso,,first,
"Loria---CNRS and Inria Lorraine, Vandoeuvre, France",,Cuny,F.,F. Cuny,,additional,
"Loria---CNRS and Inria Lorraine, Vandoeuvre, France",,Jean,S. Petit,S. Petit Jean,,additional,
"Loria---CNRS and Inria Lorraine, Vandoeuvre, France",,Paul,J.-C.,J.-C. Paul,,additional,
"Loria---CNRS and Inria Lorraine, Vandoeuvre, France",,Lazard,S.,S. Lazard,,additional,
"Loria---CNRS and Inria Lorraine, Vandoeuvre, France",,Wies,E.,E. Wies,,additional,
"From the Department of Neurology and Stroke Center and the Formation de Recherche en Neurologie Vasculaire (Association Claude Bernard), Bichat Hospital, Denis Diderot University (P.L., V.P., D.G., P.A.), and INSERM Unit 360, La Salpêtrière Hospital (M.G-B.), Paris, France.",,Lavallée,Philippa,Philippa Lavallée,,first,
"From the Department of Neurology and Stroke Center and the Formation de Recherche en Neurologie Vasculaire (Association Claude Bernard), Bichat Hospital, Denis Diderot University (P.L., V.P., D.G., P.A.), and INSERM Unit 360, La Salpêtrière Hospital (M.G-B.), Paris, France.",,Perchaud,Véronique,Véronique Perchaud,,additional,
"From the Department of Neurology and Stroke Center and the Formation de Recherche en Neurologie Vasculaire (Association Claude Bernard), Bichat Hospital, Denis Diderot University (P.L., V.P., D.G., P.A.), and INSERM Unit 360, La Salpêtrière Hospital (M.G-B.), Paris, France.",,Gautier-Bertrand,Marion,Marion Gautier-Bertrand,,additional,
"From the Department of Neurology and Stroke Center and the Formation de Recherche en Neurologie Vasculaire (Association Claude Bernard), Bichat Hospital, Denis Diderot University (P.L., V.P., D.G., P.A.), and INSERM Unit 360, La Salpêtrière Hospital (M.G-B.), Paris, France.",,Grabli,David,David Grabli,,additional,
"From the Department of Neurology and Stroke Center and the Formation de Recherche en Neurologie Vasculaire (Association Claude Bernard), Bichat Hospital, Denis Diderot University (P.L., V.P., D.G., P.A.), and INSERM Unit 360, La Salpêtrière Hospital (M.G-B.), Paris, France.",,Amarenco,Pierre,Pierre Amarenco,,additional,
"Montpellier University Medical School, Institut de Génétique Humaine, CNRS  114 rue de la Cardonille 34396 Montpellier Cedex 5 France",,Ferraz,Concepcion,Concepcion Ferraz,,additional,
"Montpellier University Medical School, Institut de Génétique Humaine, CNRS  114 rue de la Cardonille 34396 Montpellier Cedex 5 France",,Vidal,Sophie,Sophie Vidal,,additional,
"Montpellier University Medical School, Institut de Génétique Humaine, CNRS  114 rue de la Cardonille 34396 Montpellier Cedex 5 France",,Brun,Christine,Christine Brun,,additional,
"Montpellier University Medical School, Institut de Génétique Humaine, CNRS  114 rue de la Cardonille 34396 Montpellier Cedex 5 France",,Demaille,Jacques,Jacques Demaille,,additional,
"UPR 41, CNRS, Recombinaisons Génétiques, Faculté de Médecine  2 Avenue du Pr Leon Bernard 35043 Rennes Cedex France",,Cadieu,Edouard,Edouard Cadieu,,additional,
"UPR 41, CNRS, Recombinaisons Génétiques, Faculté de Médecine  2 Avenue du Pr Leon Bernard 35043 Rennes Cedex France",,Dreano,Stephane,Stephane Dreano,,additional,
"UPR 41, CNRS, Recombinaisons Génétiques, Faculté de Médecine  2 Avenue du Pr Leon Bernard 35043 Rennes Cedex France",,Gloux,Stéphanie,Stéphanie Gloux,,additional,
"UPR 41, CNRS, Recombinaisons Génétiques, Faculté de Médecine  2 Avenue du Pr Leon Bernard 35043 Rennes Cedex France",,Lelaure,Valerie,Valerie Lelaure,,additional,
"UPR 41, CNRS, Recombinaisons Génétiques, Faculté de Médecine  2 Avenue du Pr Leon Bernard 35043 Rennes Cedex France",,Mottier,Stephanie,Stephanie Mottier,,additional,
"UPR 41, CNRS, Recombinaisons Génétiques, Faculté de Médecine  2 Avenue du Pr Leon Bernard 35043 Rennes Cedex France",,Galibert,Francis,Francis Galibert,,additional,
"Montpellier University Medical School, Institut de Génétique Humaine, CNRS  114 rue de la Cardonille 34396 Montpellier Cedex 5 France",,Bucheton,Alain,Alain Bucheton,,additional,
"a    Department of Urology, CMC Beau Soleil, Montpellier, France",,Faix,A.,A. Faix,,first,
"b    Department of Radiology, CMC Beau Soleil, Montpellier, France",,Lapray,J. F.,J. F. Lapray,,additional,
"c    Department of Radiology, CMC Beau Soleil, Montepellier, France",,Callede,O.,O. Callede,,additional,
"c    Department of Radiology, CMC Beau Soleil, Montepellier, France",,Maubon,A.,A. Maubon,,additional,
"d    Department of Urology, CMC Beau Soleil, Montepellier, France",,Lanfrey,K.,K. Lanfrey,,additional,
"From Claude Bernard University, Lyon, France; London School of Hygiene and Tropical Medicine, London, United Kingdom; and Leuven University, Leuven, Belgium.",,Boutitie,Florent,Florent Boutitie,,first,
"From Claude Bernard University, Lyon, France; London School of Hygiene and Tropical Medicine, London, United Kingdom; and Leuven University, Leuven, Belgium.",,Gueyffier,François,François Gueyffier,,additional,
"From Claude Bernard University, Lyon, France; London School of Hygiene and Tropical Medicine, London, United Kingdom; and Leuven University, Leuven, Belgium.",,Pocock,Stuart,Stuart Pocock,,additional,
"From Claude Bernard University, Lyon, France; London School of Hygiene and Tropical Medicine, London, United Kingdom; and Leuven University, Leuven, Belgium.",,Fagard,Robert,Robert Fagard,,additional,
"From Claude Bernard University, Lyon, France; London School of Hygiene and Tropical Medicine, London, United Kingdom; and Leuven University, Leuven, Belgium.",,Boissel,Jean Pierre,Jean Pierre Boissel,,additional,
"University of Perpignan, Centre National de la Recherche Scientifique Unité Mixte de Recherche 5096, Laboratoire Genome et Development Plantes, F-66860 Perpignan, France",,Salse,Jerome,Jerome Salse,,additional,
"Cirad, Amis, Biotrop, F-34398 Montpellier, France",,Regad,Farid,Farid Regad,,additional,
"INSEAD, Fontainebleau, France",,Wertenbroch,Klaus,Klaus Wertenbroch,,additional,
