affiliation,authenticated_orcid,family,given,name,orcid,sequence,suffix
"Assistant Professor, Department of Family Medicine, University of Michigan, Ann Arbor, Michigan",,Klinkman,Michael S,Michael S Klinkman,,first,
"Professor, Department of Family Medicine, University of Michigan, Ann Arbor, Michigan",,Schwenk,Thomas L,Thomas L Schwenk,,additional,
"Departments of Family Medicine and Psychiatry, University of Michigan, Ann Arbor, Michigan",,Coyne,James C,James C Coyne,,additional,
"Assistant Professor, Department of Family Medicine, University of Michigan, Ann Arbor, Michigan",,Klinkman,Michael S,Michael S Klinkman,,first,
"Professor, Department of Family Medicine, University of Michigan, Ann Arbor, Michigan",,Schwenk,Thomas L,Thomas L Schwenk,,additional,
"Departments of Family Medicine and Psychiatry, University of Michigan, Ann Arbor, Michigan",,Coyne,James C,James C Coyne,,additional,
"Department of Communication, Michigan State University",,Witte,Kim,Kim Witte,,first,
"Center for Political Studies, University of Michigan and Steering Committee for the World Values Study,",,Inglehart,Ronald,Ronald Inglehart,,first,
"University of Michigan,",,Sommers,Samuel R.,Samuel R. Sommers,,first,
University of Michigan,,Ellsworth,Phoebe C.,Phoebe C. Ellsworth,,additional,
"University of Michigan, Ann Arbor",,Ramaswamy,Sumathi,Sumathi Ramaswamy,,first,
"Political Science Department and Institute for Social Research, University of Michigan, Ann Arbor, Michigan 48106; e-mail:",,Huth,Paul K.,Paul K. Huth,,first,
"Department of Microbiology and Immunology, School of Medicine,1 University of Michigan, Ann Arbor, Michigan 48109",,Loesche,Walter J.,Walter J. Loesche,,first,
"University of Michigan, Institute for Social Research, Ann Arbor, Michigan 48106-1248, USA,",,Schwarz,Norbert,Norbert Schwarz,,first,
"Department of Zoology, Michigan State University, East Lansing, Michigan 48824;",,Dyer,Fred C.,Fred C. Dyer,,first,
"From University of Michigan, Dearborn, Michigan; and Samueli Institute and Uniformed Services University of the Health Sciences, Bethesda, Maryland.",,Moerman,Daniel E.,Daniel E. Moerman,,first,
"From University of Michigan, Dearborn, Michigan; and Samueli Institute and Uniformed Services University of the Health Sciences, Bethesda, Maryland.",,Jonas,Wayne B.,Wayne B. Jonas,,additional,
"MedSport, Department of Orthopaedic Surgery, University of Michigan, Ann Arbor, Michigan, Cincinnati, Ohio",,Wojtys,Edward M.,Edward M. Wojtys,,first,
"MedSport, Department of Orthopaedic Surgery, University of Michigan, Ann Arbor, Michigan, Cincinnati, Ohio",,Huston,Laura J.,Laura J. Huston,,additional,
"Department of Economics and Ford School of Public Policy, University of Michigan, Ann Arbor, MI 48109, and National Bureau of Economic Research.",,DiNardo,John,John DiNardo,,additional,
University of Michigan,,Power,Cathleen,Cathleen Power,,additional,
"Wayne State University School of Medicine, Detroit, Michigan",,Coplin,William M.,William M. Coplin,,additional,
"Pfizer Global R&amp;D, Ann Arbor, Michigan",,Hall,Edward D.,Edward D. Hall,,additional,
"Parke Davis Pharmaceutical Research, Ann Arbor, Michigan",,Mohberg,Noel,Noel Mohberg,,additional,
"Oakland University and University of Michigan,",,Orbuch,Terri L.,Terri L. Orbuch,,first,
University of Michigan,,Veroff,Joseph,Joseph Veroff,,additional,
University of Michigan,,Hassan,Halimah,Halimah Hassan,,additional,
University of Michigan,,Horrocks,Julie,Julie Horrocks,,additional,
"Michigan State University, East Lansing, Michigan, USA",,Reeves,Mathew,Mathew Reeves,,additional,
"Department of Molecular, Cellular and Developmental Biology, University of Michigan, Ann Arbor, MI 48109, USA",,Cooper,V. S.,V. S. Cooper,,first,
"Department of Molecular, Cellular and Developmental Biology, University of Michigan, Ann Arbor, MI 48109, USA",,Reiskind,M. H.,M. H. Reiskind,,additional,
"Department of Political Science and Institute for Social Research, University of Michigan, 4252 ISR, Ann Arbor, Michigan 48106-1248; e-mail:",,Achen,Christopher H.,Christopher H. Achen,,first,
