DOI,URL,title,container_title,authors,page,publisher,language,alternative_id,created_date_time,deposited_date_time,is_referenced_by_count,issue,issued_date_parts,prefix,published_online_date_parts,published_print_date_parts
10.1007/bf00703440,http://dx.doi.org/10.1007/bf00703440,Report of eight cases of humeral fracture following the throwing of hand grenades,Archives of Orthopaedic and Trauma Surgery,H. Kaplan,50-52,Springer Science and Business Media LLC,en,BF00703440,2004-11-30 15:43:39,2020-04-04 12:07:14,14,1-2,1998,10.1007,,1998
10.1007/bf00703440,http://dx.doi.org/10.1007/bf00703440,Report of eight cases of humeral fracture following the throwing of hand grenades,Archives of Orthopaedic and Trauma Surgery,A. Kiral,50-52,Springer Science and Business Media LLC,en,BF00703440,2004-11-30 15:43:39,2020-04-04 12:07:14,14,1-2,1998,10.1007,,1998
10.1007/bf00703440,http://dx.doi.org/10.1007/bf00703440,Report of eight cases of humeral fracture following the throwing of hand grenades,Archives of Orthopaedic and Trauma Surgery,M. Kuskucu,50-52,Springer Science and Business Media LLC,en,BF00703440,2004-11-30 15:43:39,2020-04-04 12:07:14,14,1-2,1998,10.1007,,1998
10.1007/bf00703440,http://dx.doi.org/10.1007/bf00703440,Report of eight cases of humeral fracture following the throwing of hand grenades,Archives of Orthopaedic and Trauma Surgery,M. ï¿½. Arpacioglu,50-52,Springer Science and Business Media LLC,en,BF00703440,2004-11-30 15:43:39,2020-04-04 12:07:14,14,1-2,1998,10.1007,,1998
10.1007/bf00703440,http://dx.doi.org/10.1007/bf00703440,Report of eight cases of humeral fracture following the throwing of hand grenades,Archives of Orthopaedic and Trauma Surgery,A. Sarioglu,50-52,Springer Science and Business Media LLC,en,BF00703440,2004-11-30 15:43:39,2020-04-04 12:07:14,14,1-2,1998,10.1007,,1998
10.1007/bf00703440,http://dx.doi.org/10.1007/bf00703440,Report of eight cases of humeral fracture following the throwing of hand grenades,Archives of Orthopaedic and Trauma Surgery,O. Rodop,50-52,Springer Science and Business Media LLC,en,BF00703440,2004-11-30 15:43:39,2020-04-04 12:07:14,14,1-2,1998,10.1007,,1998
