crossRefIncrement,sourceID,objectID,subjectID,eventID,occurredAt,timeObserved,relationType,sourceToken,license,crossrefTermsOfUse,messageAction
5644,crossref,https://doi.org/10.1016/S0169-5347(97)01177-4,https://doi.org/10.1111/j.1472-4642.2012.00938.x,833e976c-de68-44aa-b402-e002d80bf2a3,2012-07-03 00:00:00,2019-07-01 11:17:25,references,8676e950-8ac5-4074-8ac3-c0a18ada7e99,https://doi.org/10.13003/CED-terms-of-use,https://doi.org/10.13003/CED-terms-of-use,create
5645,crossref,https://doi.org/10.1016/S0169-5347(97)01177-4,https://doi.org/10.1007/s10750-012-1368-6,f114a294-204e-4f34-a502-73b8b6a87624,2012-11-29 00:00:00,2019-07-07 10:01:52,references,8676e950-8ac5-4074-8ac3-c0a18ada7e99,https://doi.org/10.13003/CED-terms-of-use,https://doi.org/10.13003/CED-terms-of-use,create
5646,crossref,https://doi.org/10.1016/S0169-5347(97)01177-4,https://doi.org/10.7882/FS.2011.025,4aa3b4e3-56cd-4ea7-909f-15d02bd7a0c5,2011-01-01 00:00:00,2019-07-08 03:59:21,references,8676e950-8ac5-4074-8ac3-c0a18ada7e99,https://doi.org/10.13003/CED-terms-of-use,https://doi.org/10.13003/CED-terms-of-use,create
5647,crossref,https://doi.org/10.1016/S0169-5347(97)01177-4,https://doi.org/10.1098/rspb.2009.1837,027e26b2-3cde-49c7-940e-dee0d66d5164,2009-12-09 00:00:00,2019-07-20 01:36:25,references,8676e950-8ac5-4074-8ac3-c0a18ada7e99,https://doi.org/10.13003/CED-terms-of-use,https://doi.org/10.13003/CED-terms-of-use,create
5648,crossref,https://doi.org/10.1016/S0169-5347(97)01177-4,https://doi.org/10.1038/sdata.2016.85,5e222eb9-26dc-4f1b-b2e1-c081184e9167,2016-09-27 00:00:00,2019-10-11 15:36:48,references,8676e950-8ac5-4074-8ac3-c0a18ada7e99,https://doi.org/10.13003/CED-terms-of-use,https://doi.org/10.13003/CED-terms-of-use,create
5649,crossref,https://doi.org/10.1016/s0169-5347(97)01177-4,https://doi.org/10.1007/978-3-319-73745-4_15,c60db916-a866-40c5-9c23-8a48f3e7436b,2018-01-01 00:00:00,2019-10-21 00:04:37,references,8676e950-8ac5-4074-8ac3-c0a18ada7e99,https://doi.org/10.13003/CED-terms-of-use,https://doi.org/10.13003/CED-terms-of-use,create
5650,crossref,https://doi.org/10.1016/S0169-5347(97)01177-4,https://doi.org/10.1098/rstb.2017.0387,5619f478-4f87-4fc4-b94d-fcdbf3e6e8d3,2018-11-19 00:00:00,2019-11-23 18:53:22,references,8676e950-8ac5-4074-8ac3-c0a18ada7e99,https://doi.org/10.13003/CED-terms-of-use,https://doi.org/10.13003/CED-terms-of-use,create
5651,crossref,https://doi.org/10.1016/S0169-5347(97)01177-4,https://doi.org/10.3897/zoologia.36.e29951,13c7ea1a-5d9b-45b8-b765-5ab169c9af64,2019-07-05 00:00:00,2019-12-01 01:33:03,references,8676e950-8ac5-4074-8ac3-c0a18ada7e99,https://doi.org/10.13003/CED-terms-of-use,https://doi.org/10.13003/CED-terms-of-use,create
5652,crossref,https://doi.org/10.1016/S0169-5347(97)01177-4,https://doi.org/10.1007/s10531-013-0503-7,2f02159e-c2c9-47fb-ab79-193061d72905,2013-06-29 00:00:00,2019-12-01 07:55:28,references,8676e950-8ac5-4074-8ac3-c0a18ada7e99,https://doi.org/10.13003/CED-terms-of-use,https://doi.org/10.13003/CED-terms-of-use,create
5653,crossref,https://doi.org/10.1016/S0169-5347(97)01177-4,https://doi.org/10.1111/jai.13991,a47ddba8-e763-4a5f-bf0d-6b0dc314f170,2019-12-27 00:00:00,2019-12-28 19:35:29,references,8676e950-8ac5-4074-8ac3-c0a18ada7e99,https://doi.org/10.13003/CED-terms-of-use,https://doi.org/10.13003/CED-terms-of-use,create
5654,crossref,https://doi.org/10.1016/S0169-5347(97)01177-4,https://doi.org/10.1080/11263504.2012.740085,210901d9-2264-4873-b710-98e962452bca,2012-12-01 00:00:00,2019-12-29 15:37:32,references,8676e950-8ac5-4074-8ac3-c0a18ada7e99,https://doi.org/10.13003/CED-terms-of-use,https://doi.org/10.13003/CED-terms-of-use,create
