{
  "0":{
    "dataCiteIncrement":22,
    "sourceID":"datacite",
    "objectID":"https:\/\/doi.org\/10.1001\/jama.280.23.2001",
    "subjectID":"https:\/\/doi.org\/10.1177\/2047487312462824",
    "eventID":"4e86e0f4-5f3a-4bb0-96c5-a4420c7ca7bb",
    "occurredAt":1569857726000,
    "timeObserved":1569851365000,
    "relationType":"references",
    "license":"https:\/\/creativecommons.org\/publicdomain\/zero\/1.0\/",
    "termsOfUse":"https:\/\/doi.org\/10.13003\/CED-terms-of-use",
    "messageAction":"create"
  }
}