{
  "0":{
    "increment":15298,
    "objectID":"https:\/\/doi.org\/10.1001\/jama.280.23.2001",
    "totalEvents":430,
    "totalCambiaEvents":3,
    "firstCambiaEvent":1510310466000,
    "lastCambiaEvent":1510392209000,
    "totalCrossrefEvents":null,
    "firstCrossrefEvent":null,
    "lastCrossrefEvent":null,
    "totalDataciteEvents":1,
    "firstDataciteEvent":1569851365000,
    "lastDataciteEvent":1569851365000,
    "totalF1000Events":null,
    "firstF1000Event":null,
    "lastF1000Event":null,
    "totalHypothesisEvents":null,
    "firstHypothesisEvent":null,
    "lastHypothesisEvent":null,
    "totalNewsfeedEvents":null,
    "firstNewsfeedEvent":null,
    "lastNewsfeedEvent":null,
    "totalRedditEvents":null,
    "firstRedditEvent":null,
    "lastRedditEvent":null,
    "totalRedditLinksEvents":null,
    "firstRedditLinksEvent":null,
    "lastRedditLinksEvent":null,
    "totalStackExchangeEvents":null,
    "firstStackExchangeEvent":null,
    "lastStackExchangeEvent":null,
    "totalTwitterEvents":148,
    "firstTwitterEvent":1539121974000,
    "lastTwitterEvent":1613847689000,
    "totalWebEvents":null,
    "firstWebEvent":null,
    "lastWebEvent":null,
    "totalWikipediaEvents":277,
    "firstWikipediaEvent":1494028786000,
    "lastWikipediaEvent":1614013489000,
    "totalWordpressEvents":1,
    "firstWordpressEvent":1581946843000,
    "lastWordPressEvent":1581946843000
  }
}