{
  "0":{
    "wordPressIncrement":22,
    "sourceID":"wordpressdotcom",
    "objectID":"https:\/\/doi.org\/10.1001\/jama.280.23.2001",
    "subjectID":"https:\/\/powerplantbased.design.blog\/2020\/02\/16\/how-to-transition-to-a-pbd\/",
    "eventID":"5b5419ef-d0da-4f07-9ccb-b0aad2654a91",
    "occurredAt":1581883371000,
    "timeObserved":1581946843000,
    "relationType":"discusses",
    "sourceToken":"7750d578-d74d-4e92-9348-cd443cbb7afa",
    "license":"https:\/\/creativecommons.org\/publicdomain\/zero\/1.0\/",
    "termsOfUse":"https:\/\/doi.org\/10.13003\/CED-terms-of-use",
    "evidenceRecord":"https:\/\/evidence.eventdata.crossref.org\/evidence\/20200217-wordpressdotcom-59565397-a058-4682-aefa-d009618b7003",
    "eventAction":"add",
    "subjectPID":"https:\/\/powerplantbased.design.blog\/2020\/02\/16\/how-to-transition-to-a-pbd\/",
    "subjectTitle":"How to Transition to PBD",
    "subjectType":"post-weblog",
    "objectPID":"https:\/\/doi.org\/10.1001\/jama.280.23.2001",
    "objectURL":"https:\/\/doi.org\/10.1001\/jama.280.23.2001"
  }
}