crossRefIncrement,sourceID,objectID,subjectID,eventID,occurredAt,timeObserved,relationType,sourceToken,license,crossrefTermsOfUse,messageAction
429,crossref,https://doi.org/10.1016/S0006-3223(98)00126-7,https://doi.org/10.2165/11599450-000000000-00000,80aea66e-61d0-4a9b-8674-efa4d8435c42,2012-02-01 00:00:00,2019-06-23 21:57:13,references,8676e950-8ac5-4074-8ac3-c0a18ada7e99,https://doi.org/10.13003/CED-terms-of-use,https://doi.org/10.13003/CED-terms-of-use,create
430,crossref,https://doi.org/10.1016/S0006-3223(98)00126-7,https://doi.org/10.32872/cpe.v1i2.32158,1b378a6d-ca2e-4104-b0f5-6c88f3c20b30,2019-06-28 00:00:00,2019-07-02 14:29:55,references,8676e950-8ac5-4074-8ac3-c0a18ada7e99,https://doi.org/10.13003/CED-terms-of-use,https://doi.org/10.13003/CED-terms-of-use,create
431,crossref,https://doi.org/10.1016/S0006-3223(98)00126-7,https://doi.org/10.1159/000341178,09c23ef1-2081-4aa0-a2a8-f164a2f854da,2012-01-01 00:00:00,2019-07-07 00:49:21,references,8676e950-8ac5-4074-8ac3-c0a18ada7e99,https://doi.org/10.13003/CED-terms-of-use,https://doi.org/10.13003/CED-terms-of-use,create
432,crossref,https://doi.org/10.1016/S0006-3223(98)00126-7,https://doi.org/10.1201/b14236-22,fdb7c8a9-ea4c-457c-82cb-38fbb51c4c4b,2004-10-27 00:00:00,2019-07-13 00:35:01,references,8676e950-8ac5-4074-8ac3-c0a18ada7e99,https://doi.org/10.13003/CED-terms-of-use,https://doi.org/10.13003/CED-terms-of-use,create
433,crossref,https://doi.org/10.1016/S0006-3223(98)00126-7,https://doi.org/10.1002/jhm.2059,8b3502d7-01b5-449f-b2ce-2f23cdd519bc,2013-07-31 00:00:00,2019-07-21 11:52:44,references,8676e950-8ac5-4074-8ac3-c0a18ada7e99,https://doi.org/10.13003/CED-terms-of-use,https://doi.org/10.13003/CED-terms-of-use,create
