wikipediaIncrement,sourceID,objectID,subjectID,eventID,occurredAt,timeObserved,relationType,sourceToken,license,termsOfUse,updatedDate,updatedReason,evidenceRecord,eventAction,subjectPID,subjectTitle,subjectURL,subjectAPIURL,objectPID,objectURL
13268,wikipedia,https://doi.org/10.1016/s0006-3223(98)00126-7,https://pt.wikipedia.org/wiki/Sertralina,0f93b4f5-088d-4f1d-a9b4-5f63cb328e18,2017-06-23 19:57:17,2017-06-29 08:51:56,references,36c35e23-8757-4a9d-aacf-345e9b7eb50d,https://creativecommons.org/publicdomain/zero/1.0/,https://doi.org/10.13003/CED-terms-of-use,2018-01-31 17:30:00,https://evidence.eventdata.crossref.org/announcements/2018-01-19T00-00-00Z-ED-15.json,https://evidence.eventdata.crossref.org/evidence/20170623-wikipedia-3baa8f02-e60f-413e-a2a1-7cc54390bebd,add,https://pt.wikipedia.org/wiki/Sertralina,Sertralina,https://pt.wikipedia.org/w/index.php?title=Sertralina&oldid=49118054,https://pt.wikipedia.org/api/rest_v1/page/html/Sertralina/49118054,https://doi.org/10.1016/s0006-3223(98)00126-7,https://doi.org/10.1016/s0006-3223(98)00126-7
13269,wikipedia,https://doi.org/10.1016/s0006-3223(98)00126-7,https://es.wikipedia.org/wiki/S%C3%ADndrome_de_discontinuaci%C3%B3n_de_ISRS,6befd0fb-3ac9-495d-a32d-f5c93786d13a,2017-08-25 19:35:46,2017-08-25 15:37:11,references,36c35e23-8757-4a9d-aacf-345e9b7eb50d,https://creativecommons.org/publicdomain/zero/1.0/,https://doi.org/10.13003/CED-terms-of-use,2018-01-31 17:30:00,https://evidence.eventdata.crossref.org/announcements/2018-01-19T00-00-00Z-ED-15.json,https://evidence.eventdata.crossref.org/evidence/20170825-wikipedia-5cfa832d-753c-46ee-9699-5a1946ea19a6,add,https://es.wikipedia.org/wiki/S%C3%ADndrome_de_discontinuaci%C3%B3n_de_ISRS,Síndrome de discontinuación de ISRS,https://es.wikipedia.org/w/index.php?title=S%C3%ADndrome_de_discontinuaci%C3%B3n_de_ISRS&oldid=10139,https://es.wikipedia.org/api/rest_v1/page/html/S%C3%ADndrome_de_discontinuaci%C3%B3n_de_ISRS/1013979,https://doi.org/10.1016/s0006-3223(98)00126-7,http://dx.doi.org/10.1016%2FS0006-3223%2898%2900126-7
13270,wikipedia,https://doi.org/10.1016/s0006-3223(98)00126-7,https://es.wikipedia.org/api/rest_v1/page/html/S%C3%ADndrome_de_discontinuaci%C3%B3n_de_ISRS/1025787,93a666a3-fd97-43a1-a4b4-1c71b2238b90,2017-10-14 14:05:52,2017-10-14 10:06:58,references,36c35e23-8757-4a9d-aacf-345e9b7eb50d,https://creativecommons.org/publicdomain/zero/1.0/,https://doi.org/10.13003/CED-terms-of-use,,,https://evidence.eventdata.crossref.org/evidence/20171014-wikipedia-87990b1a-6280-47fa-899f-495def49e914,add,https://es.wikipedia.org/w/index.php?title=S%C3%ADndrome_de_discontinuaci%C3%B3n,Síndrome de discontinuación de ISRS,https://es.wikipedia.org/wiki/S%C3%ADndrome_de_discontinuaci%C3%B3n_de_ISRS,https://es.wikipedia.org/api/rest_v1/page/html/S%C3%ADndrome_de_discontinuaci%C3%B3n_de_ISRS/1025787,https://doi.org/10.1016/s0006-3223(98)00126-7,http://dx.doi.org/10.1016%2FS0006-3223%2898%2900126-7
13271,wikipedia,https://doi.org/10.1016/s0006-3223(98)00126-7,https://es.wikipedia.org/api/rest_v1/page/html/S%C3%ADndrome_de_discontinuaci%C3%B3n_de_ISRS/1025787,8855587a-4546-4284-a8c4-1998b21344c4,2017-10-14 14:05:52,2017-10-14 10:06:58,references,36c35e23-8757-4a9d-aacf-345e9b7eb50d,https://creativecommons.org/publicdomain/zero/1.0/,https://doi.org/10.13003/CED-terms-of-use,,,https://evidence.eventdata.crossref.org/evidence/20171014-wikipedia-87990b1a-6280-47fa-899f-495def49e914,add,https://es.wikipedia.org/w/index.php?title=S%C3%ADndrome_de_discontinuaci%C3%B3n,Síndrome de discontinuación de ISRS,https://es.wikipedia.org/wiki/S%C3%ADndrome_de_discontinuaci%C3%B3n_de_ISRS,https://es.wikipedia.org/api/rest_v1/page/html/S%C3%ADndrome_de_discontinuaci%C3%B3n_de_ISRS/1025787,https://doi.org/10.1016/s0006-3223(98)00126-7,https://doi.org/10.1016/s0006-3223(98)00126-7
13272,wikipedia,https://doi.org/10.1016/s0006-3223(98)00126-7,https://pt.wikipedia.org/api/rest_v1/page/html/Sertralina/50321771,44f1be3e-9f17-439e-81f5-92eed26f82b6,2017-10-30 18:56:18,2017-10-30 14:57:52,references,36c35e23-8757-4a9d-aacf-345e9b7eb50d,https://creativecommons.org/publicdomain/zero/1.0/,https://doi.org/10.13003/CED-terms-of-use,,,https://evidence.eventdata.crossref.org/evidence/20171030-wikipedia-168457a3-2555-450d-ac7b-a812329c9ec8,add,https://pt.wikipedia.org/w/index.php?title=Sertralina&oldid=50321771,Sertralina,https://pt.wikipedia.org/wiki/Sertralina,https://pt.wikipedia.org/api/rest_v1/page/html/Sertralina/50321771,https://doi.org/10.1016/s0006-3223(98)00126-7,https://doi.org/10.1016/s0006-3223(98)00126-7
13273,wikipedia,https://doi.org/10.1016/s0006-3223(98)00126-7,https://pt.wikipedia.org/api/rest_v1/page/html/Sertralina/51198439,271a2191-8791-4fdc-87c6-ca8d030a8850,2018-02-04 23:45:52,2018-02-04 18:48:56,references,36c35e23-8757-4a9d-aacf-345e9b7eb50d,https://creativecommons.org/publicdomain/zero/1.0/,https://doi.org/10.13003/CED-terms-of-use,,,https://evidence.eventdata.crossref.org/evidence/20180204-wikipedia-30264dd0-24cd-423a-bd65-08d5be28e263,add,https://pt.wikipedia.org/wiki/Sertralina,Sertralina,https://pt.wikipedia.org/w/index.php?title=Sertralina&oldid=51198439,https://pt.wikipedia.org/api/rest_v1/page/html/Sertralina/51198439,https://doi.org/10.1016/s0006-3223(98)00126-7,https://doi.org/10.1016/s0006-3223(98)00126-7
13274,wikipedia,https://doi.org/10.1016/s0006-3223(98)00126-7,https://pt.wikipedia.org/api/rest_v1/page/html/Sertralina/51237250,17121837-a01f-4c2b-a350-85c70555fa44,2018-02-09 19:22:08,2018-02-09 14:24:48,references,36c35e23-8757-4a9d-aacf-345e9b7eb50d,https://creativecommons.org/publicdomain/zero/1.0/,https://doi.org/10.13003/CED-terms-of-use,,,https://evidence.eventdata.crossref.org/evidence/20180209-wikipedia-62c4cca6-c494-4a9b-9876-0cbbb89813a0,add,https://pt.wikipedia.org/wiki/Sertralina,Sertralina,https://pt.wikipedia.org/w/index.php?title=Sertralina&oldid=51237250,https://pt.wikipedia.org/api/rest_v1/page/html/Sertralina/51237250,https://doi.org/10.1016/s0006-3223(98)00126-7,https://doi.org/10.1016/s0006-3223(98)00126-7
13275,wikipedia,https://doi.org/10.1016/s0006-3223(98)00126-7,https://pt.wikipedia.org/api/rest_v1/page/html/Sertralina/51694401,4566c69f-cce3-44a1-a042-092de98d5fc4,2018-04-03 18:50:09,2018-04-03 14:51:44,references,36c35e23-8757-4a9d-aacf-345e9b7eb50d,https://creativecommons.org/publicdomain/zero/1.0/,https://doi.org/10.13003/CED-terms-of-use,,,https://evidence.eventdata.crossref.org/evidence/20180403-wikipedia-83552599-ee76-4e5a-b6df-ee59b9feaa06,add,https://pt.wikipedia.org/wiki/Sertralina,Sertralina,https://pt.wikipedia.org/w/index.php?title=Sertralina&oldid=51694401,https://pt.wikipedia.org/api/rest_v1/page/html/Sertralina/51694401,https://doi.org/10.1016/s0006-3223(98)00126-7,https://doi.org/10.1016/s0006-3223(98)00126-7
13276,wikipedia,https://doi.org/10.1016/s0006-3223(98)00126-7,https://pt.wikipedia.org/api/rest_v1/page/html/Sertralina/51694404,5d8b216c-9504-4871-a6f9-2ce26e5c44b9,2018-04-03 18:50:39,2018-04-03 14:52:15,references,36c35e23-8757-4a9d-aacf-345e9b7eb50d,https://creativecommons.org/publicdomain/zero/1.0/,https://doi.org/10.13003/CED-terms-of-use,,,https://evidence.eventdata.crossref.org/evidence/20180403-wikipedia-d8c44ede-7598-4924-9093-5a2a9c22bcb4,add,https://pt.wikipedia.org/wiki/Sertralina,Sertralina,https://pt.wikipedia.org/w/index.php?title=Sertralina&oldid=51694404,https://pt.wikipedia.org/api/rest_v1/page/html/Sertralina/51694404,https://doi.org/10.1016/s0006-3223(98)00126-7,https://doi.org/10.1016/s0006-3223(98)00126-7
13277,wikipedia,https://doi.org/10.1016/s0006-3223(98)00126-7,https://pt.wikipedia.org/api/rest_v1/page/html/Sertralina/51694623,c15e4370-4d1b-4465-8184-99922f4dd74f,2018-04-03 19:21:03,2018-04-03 15:23:05,references,36c35e23-8757-4a9d-aacf-345e9b7eb50d,https://creativecommons.org/publicdomain/zero/1.0/,https://doi.org/10.13003/CED-terms-of-use,,,https://evidence.eventdata.crossref.org/evidence/20180403-wikipedia-c3c33f79-b8cc-437a-9939-90ab472ff473,add,https://pt.wikipedia.org/wiki/Sertralina,Sertralina,https://pt.wikipedia.org/w/index.php?title=Sertralina&oldid=51694623,https://pt.wikipedia.org/api/rest_v1/page/html/Sertralina/51694623,https://doi.org/10.1016/s0006-3223(98)00126-7,https://doi.org/10.1016/s0006-3223(98)00126-7
13278,wikipedia,https://doi.org/10.1016/s0006-3223(98)00126-7,https://es.wikipedia.org/api/rest_v1/page/html/S%C3%ADndrome_de_discontinuaci%C3%B3n_de_ISRS/1072444,f4320657-3bbf-4b1b-94cf-b3af07eb36e7,2018-04-24 02:36:08,2018-04-23 22:38:32,references,36c35e23-8757-4a9d-aacf-345e9b7eb50d,https://creativecommons.org/publicdomain/zero/1.0/,https://doi.org/10.13003/CED-terms-of-use,,,https://evidence.eventdata.crossref.org/evidence/20180424-wikipedia-2e11b46f-aa35-4a60-b078-30048abb93e0,add,https://es.wikipedia.org/wiki/S%C3%ADndrome_de_discontinuaci%C3%B3n_de_ISRS,Síndrome de discontinuación de ISRS,https://es.wikipedia.org/w/index.php?title=S%C3%ADndrome_de_discontinuaci%C3%B3n_de_ISRS&oldid=10724,https://es.wikipedia.org/api/rest_v1/page/html/S%C3%ADndrome_de_discontinuaci%C3%B3n_de_ISRS/1072444,https://doi.org/10.1016/s0006-3223(98)00126-7,http://dx.doi.org/10.1016%2FS0006-3223%2898%2900126-7
13279,wikipedia,https://doi.org/10.1016/s0006-3223(98)00126-7,https://es.wikipedia.org/api/rest_v1/page/html/S%C3%ADndrome_de_discontinuaci%C3%B3n_de_ISRS/1072444,159d54de-9360-4d78-af54-029f7aedc1a2,2018-04-24 02:36:08,2018-04-23 22:38:32,references,36c35e23-8757-4a9d-aacf-345e9b7eb50d,https://creativecommons.org/publicdomain/zero/1.0/,https://doi.org/10.13003/CED-terms-of-use,,,https://evidence.eventdata.crossref.org/evidence/20180424-wikipedia-2e11b46f-aa35-4a60-b078-30048abb93e0,add,https://es.wikipedia.org/wiki/S%C3%ADndrome_de_discontinuaci%C3%B3n_de_ISRS,Síndrome de discontinuación de ISRS,https://es.wikipedia.org/w/index.php?title=S%C3%ADndrome_de_discontinuaci%C3%B3n_de_ISRS&oldid=10724,https://es.wikipedia.org/api/rest_v1/page/html/S%C3%ADndrome_de_discontinuaci%C3%B3n_de_ISRS/1072444,https://doi.org/10.1016/s0006-3223(98)00126-7,https://doi.org/10.1016/s0006-3223(98)00126-7
13280,wikipedia,https://doi.org/10.1016/s0006-3223(98)00126-7,https://es.wikipedia.org/api/rest_v1/page/html/S%C3%ADndrome_de_discontinuaci%C3%B3n_de_ISRS/1077256,a1e7010d-ac9d-4d2b-b430-6c1e20ac9dcd,2018-05-12 08:16:13,2018-05-12 04:23:24,references,36c35e23-8757-4a9d-aacf-345e9b7eb50d,https://creativecommons.org/publicdomain/zero/1.0/,https://doi.org/10.13003/CED-terms-of-use,,,https://evidence.eventdata.crossref.org/evidence/20180512-wikipedia-683645fc-a881-4262-be71-65fb318aa8f4,add,https://es.wikipedia.org/wiki/S%C3%ADndrome_de_discontinuaci%C3%B3n_de_ISRS,Síndrome de discontinuación de ISRS,https://es.wikipedia.org/w/index.php?title=S%C3%ADndrome_de_discontinuaci%C3%B3n_de_ISRS&oldid=10772,https://es.wikipedia.org/api/rest_v1/page/html/S%C3%ADndrome_de_discontinuaci%C3%B3n_de_ISRS/1077256,https://doi.org/10.1016/s0006-3223(98)00126-7,https://doi.org/10.1016/s0006-3223(98)00126-7
13281,wikipedia,https://doi.org/10.1016/s0006-3223(98)00126-7,https://es.wikipedia.org/api/rest_v1/page/html/S%C3%ADndrome_de_discontinuaci%C3%B3n_de_ISRS/1077256,4ecdbe2a-fe82-4a26-b76b-a66017c01ede,2018-05-12 08:16:13,2018-05-12 04:23:24,references,36c35e23-8757-4a9d-aacf-345e9b7eb50d,https://creativecommons.org/publicdomain/zero/1.0/,https://doi.org/10.13003/CED-terms-of-use,,,https://evidence.eventdata.crossref.org/evidence/20180512-wikipedia-683645fc-a881-4262-be71-65fb318aa8f4,add,https://es.wikipedia.org/wiki/S%C3%ADndrome_de_discontinuaci%C3%B3n_de_ISRS,Síndrome de discontinuación de ISRS,https://es.wikipedia.org/w/index.php?title=S%C3%ADndrome_de_discontinuaci%C3%B3n_de_ISRS&oldid=10772,https://es.wikipedia.org/api/rest_v1/page/html/S%C3%ADndrome_de_discontinuaci%C3%B3n_de_ISRS/1077256,https://doi.org/10.1016/s0006-3223(98)00126-7,http://dx.doi.org/10.1016%2FS0006-3223%2898%2900126-7
13282,wikipedia,https://doi.org/10.1016/s0006-3223(98)00126-7,https://pt.wikipedia.org/api/rest_v1/page/html/Sertralina/52491463,cd7f23c2-080e-431c-90ea-b42cbf899132,2018-06-28 23:40:19,2018-06-28 19:41:54,references,36c35e23-8757-4a9d-aacf-345e9b7eb50d,https://creativecommons.org/publicdomain/zero/1.0/,https://doi.org/10.13003/CED-terms-of-use,,,https://evidence.eventdata.crossref.org/evidence/20180628-wikipedia-e4b82ca4-4cd8-4fd5-aa36-e5f8a8d64f12,add,https://pt.wikipedia.org/wiki/Sertralina,Sertralina,https://pt.wikipedia.org/w/index.php?title=Sertralina&oldid=52491463,https://pt.wikipedia.org/api/rest_v1/page/html/Sertralina/52491463,https://doi.org/10.1016/s0006-3223(98)00126-7,https://doi.org/10.1016/s0006-3223(98)00126-7
13283,wikipedia,https://doi.org/10.1016/s0006-3223(98)00126-7,https://pt.wikipedia.org/api/rest_v1/page/html/Sertralina/52491471,364a516f-38b0-4f0f-a767-f27e9449b997,2018-06-28 23:40:55,2018-06-28 19:42:25,references,36c35e23-8757-4a9d-aacf-345e9b7eb50d,https://creativecommons.org/publicdomain/zero/1.0/,https://doi.org/10.13003/CED-terms-of-use,,,https://evidence.eventdata.crossref.org/evidence/20180628-wikipedia-3230b7bf-4ad9-41d0-9f3f-8895e9e43944,add,https://pt.wikipedia.org/wiki/Sertralina,Sertralina,https://pt.wikipedia.org/w/index.php?title=Sertralina&oldid=52491471,https://pt.wikipedia.org/api/rest_v1/page/html/Sertralina/52491471,https://doi.org/10.1016/s0006-3223(98)00126-7,https://doi.org/10.1016/s0006-3223(98)00126-7
13284,wikipedia,https://doi.org/10.1016/s0006-3223(98)00126-7,https://pt.wikipedia.org/api/rest_v1/page/html/Sertralina/53188799,b61374a8-2384-46d8-b7a0-130d1a5da288,2018-09-22 22:39:33,2018-09-23 05:36:19,references,36c35e23-8757-4a9d-aacf-345e9b7eb50d,https://creativecommons.org/publicdomain/zero/1.0/,https://doi.org/10.13003/CED-terms-of-use,,,https://evidence.eventdata.crossref.org/evidence/20180922-wikipedia-aa5919c9-4fbd-4aaa-97dd-248a19dac83c,add,https://pt.wikipedia.org/wiki/Sertralina,Sertralina,https://pt.wikipedia.org/w/index.php?title=Sertralina&oldid=53188799,https://pt.wikipedia.org/api/rest_v1/page/html/Sertralina/53188799,https://doi.org/10.1016/s0006-3223(98)00126-7,https://doi.org/10.1016/s0006-3223(98)00126-7
13285,wikipedia,https://doi.org/10.1016/s0006-3223(98)00126-7,https://pt.wikipedia.org/api/rest_v1/page/html/Sertralina/53373127,977ca3e9-3385-4971-933e-2204d2b727d2,2018-10-14 22:18:00,2018-10-14 18:21:47,references,36c35e23-8757-4a9d-aacf-345e9b7eb50d,https://creativecommons.org/publicdomain/zero/1.0/,https://doi.org/10.13003/CED-terms-of-use,,,https://evidence.eventdata.crossref.org/evidence/20181014-wikipedia-79be1847-4cbb-47e0-9fbc-806b6fd29510,add,https://pt.wikipedia.org/wiki/Sertralina,Sertralina,https://pt.wikipedia.org/w/index.php?title=Sertralina&oldid=53373127,https://pt.wikipedia.org/api/rest_v1/page/html/Sertralina/53373127,https://doi.org/10.1016/s0006-3223(98)00126-7,https://doi.org/10.1016/s0006-3223(98)00126-7
13286,wikipedia,https://doi.org/10.1016/s0006-3223(98)00126-7,https://pt.wikipedia.org/api/rest_v1/page/html/Sertralina/53752153,7774cdc8-0f2e-434b-9fe8-49ad18060c5a,2018-12-04 20:27:11,2018-12-04 15:30:25,references,36c35e23-8757-4a9d-aacf-345e9b7eb50d,https://creativecommons.org/publicdomain/zero/1.0/,https://doi.org/10.13003/CED-terms-of-use,,,https://evidence.eventdata.crossref.org/evidence/20181204-wikipedia-8b93ff5a-6823-4a5a-ac54-ca667caafd45,add,https://pt.wikipedia.org/wiki/Sertralina,Sertralina,https://pt.wikipedia.org/w/index.php?title=Sertralina&oldid=53752153,https://pt.wikipedia.org/api/rest_v1/page/html/Sertralina/53752153,https://doi.org/10.1016/s0006-3223(98)00126-7,https://doi.org/10.1016/s0006-3223(98)00126-7
13287,wikipedia,https://doi.org/10.1016/s0006-3223(98)00126-7,https://pt.wikipedia.org/api/rest_v1/page/html/Sertralina/55230425,2a097e08-9097-4813-88f4-80e92afd0775,2019-05-21 21:55:54,2019-05-21 18:03:32,references,36c35e23-8757-4a9d-aacf-345e9b7eb50d,https://creativecommons.org/publicdomain/zero/1.0/,https://doi.org/10.13003/CED-terms-of-use,,,https://evidence.eventdata.crossref.org/evidence/20190521-wikipedia-739fdcac-3d9a-4d0b-88d6-4e161e069b13,add,https://pt.wikipedia.org/wiki/Sertralina,Sertralina,https://pt.wikipedia.org/w/index.php?title=Sertralina&oldid=55230425,https://pt.wikipedia.org/api/rest_v1/page/html/Sertralina/55230425,https://doi.org/10.1016/s0006-3223(98)00126-7,https://doi.org/10.1016/s0006-3223(98)00126-7
13288,wikipedia,https://doi.org/10.1016/s0006-3223(98)00126-7,https://es.wikipedia.org/api/rest_v1/page/html/S%C3%ADndrome_de_discontinuaci%C3%B3n_de_ISRS/1174856,766ab02b-51b7-40bf-bb7c-86449069f5ab,2019-07-17 17:07:49,2019-07-17 13:12:39,references,36c35e23-8757-4a9d-aacf-345e9b7eb50d,https://creativecommons.org/publicdomain/zero/1.0/,https://doi.org/10.13003/CED-terms-of-use,,,https://evidence.eventdata.crossref.org/evidence/20190717-wikipedia-ae31c745-007b-4c34-b118-13c397a6e968,add,https://es.wikipedia.org/wiki/S%C3%ADndrome_de_discontinuaci%C3%B3n_de_ISRS,Síndrome de discontinuación de ISRS,https://es.wikipedia.org/w/index.php?title=S%C3%ADndrome_de_discontinuaci%C3%B3n_de_ISRS&oldid=11748,https://es.wikipedia.org/api/rest_v1/page/html/S%C3%ADndrome_de_discontinuaci%C3%B3n_de_ISRS/1174856,https://doi.org/10.1016/s0006-3223(98)00126-7,https://doi.org/10.1016/s0006-3223(98)00126-7
13289,wikipedia,https://doi.org/10.1016/s0006-3223(98)00126-7,https://es.wikipedia.org/api/rest_v1/page/html/S%C3%ADndrome_de_discontinuaci%C3%B3n_de_ISRS/1174856,cf0bff96-a943-46d0-973c-51bb68f93081,2019-07-17 17:07:49,2019-07-17 13:12:51,references,36c35e23-8757-4a9d-aacf-345e9b7eb50d,https://creativecommons.org/publicdomain/zero/1.0/,https://doi.org/10.13003/CED-terms-of-use,,,https://evidence.eventdata.crossref.org/evidence/20190717-wikipedia-ae31c745-007b-4c34-b118-13c397a6e968,add,https://es.wikipedia.org/wiki/S%C3%ADndrome_de_discontinuaci%C3%B3n_de_ISRS,Síndrome de discontinuación de ISRS,https://es.wikipedia.org/w/index.php?title=S%C3%ADndrome_de_discontinuaci%C3%B3n_de_ISRS&oldid=11748,https://es.wikipedia.org/api/rest_v1/page/html/S%C3%ADndrome_de_discontinuaci%C3%B3n_de_ISRS/1174856,https://doi.org/10.1016/s0006-3223(98)00126-7,http://dx.doi.org/10.1016%2FS0006-3223%2898%2900126-7
13290,wikipedia,https://doi.org/10.1016/s0006-3223(98)00126-7,https://es.wikipedia.org/api/rest_v1/page/html/S%C3%ADndrome_de_discontinuaci%C3%B3n_de_ISRS/1177183,fbff9893-9c12-4ec9-bb84-932f9d2f030d,2019-07-26 13:55:28,2019-07-26 10:02:48,references,36c35e23-8757-4a9d-aacf-345e9b7eb50d,https://creativecommons.org/publicdomain/zero/1.0/,https://doi.org/10.13003/CED-terms-of-use,,,https://evidence.eventdata.crossref.org/evidence/20190726-wikipedia-3368b39f-b538-42e6-8ede-4a4d24f8f7b8,add,https://es.wikipedia.org/wiki/S%C3%ADndrome_de_discontinuaci%C3%B3n_de_ISRS,Síndrome de discontinuación de ISRS,https://es.wikipedia.org/w/index.php?title=S%C3%ADndrome_de_discontinuaci%C3%B3n_de_ISRS&oldid=11771,https://es.wikipedia.org/api/rest_v1/page/html/S%C3%ADndrome_de_discontinuaci%C3%B3n_de_ISRS/1177183,https://doi.org/10.1016/s0006-3223(98)00126-7,http://dx.doi.org/10.1016%2FS0006-3223%2898%2900126-7
13291,wikipedia,https://doi.org/10.1016/s0006-3223(98)00126-7,https://es.wikipedia.org/api/rest_v1/page/html/S%C3%ADndrome_de_discontinuaci%C3%B3n_de_ISRS/1177183,87a9bb4f-c5d8-4d68-bcca-c396238c92f6,2019-07-26 13:55:28,2019-07-26 10:02:48,references,36c35e23-8757-4a9d-aacf-345e9b7eb50d,https://creativecommons.org/publicdomain/zero/1.0/,https://doi.org/10.13003/CED-terms-of-use,,,https://evidence.eventdata.crossref.org/evidence/20190726-wikipedia-3368b39f-b538-42e6-8ede-4a4d24f8f7b8,add,https://es.wikipedia.org/wiki/S%C3%ADndrome_de_discontinuaci%C3%B3n_de_ISRS,Síndrome de discontinuación de ISRS,https://es.wikipedia.org/w/index.php?title=S%C3%ADndrome_de_discontinuaci%C3%B3n_de_ISRS&oldid=11771,https://es.wikipedia.org/api/rest_v1/page/html/S%C3%ADndrome_de_discontinuaci%C3%B3n_de_ISRS/1177183,https://doi.org/10.1016/s0006-3223(98)00126-7,https://doi.org/10.1016/s0006-3223(98)00126-7
13292,wikipedia,https://doi.org/10.1016/s0006-3223(98)00126-7,https://pt.wikipedia.org/api/rest_v1/page/html/Sertralina/56423805,fd8e8717-cc52-4500-a6f3-9881159bb196,2019-10-08 15:03:21,2019-10-08 11:14:29,references,36c35e23-8757-4a9d-aacf-345e9b7eb50d,https://creativecommons.org/publicdomain/zero/1.0/,https://doi.org/10.13003/CED-terms-of-use,,,https://evidence.eventdata.crossref.org/evidence/20191008-wikipedia-752a60aa-e368-4f52-aace-1dc034afc653,add,https://pt.wikipedia.org/wiki/Sertralina,Sertralina,https://pt.wikipedia.org/w/index.php?title=Sertralina&oldid=56423805,https://pt.wikipedia.org/api/rest_v1/page/html/Sertralina/56423805,https://doi.org/10.1016/s0006-3223(98)00126-7,https://doi.org/10.1016/s0006-3223(98)00126-7
13293,wikipedia,https://doi.org/10.1016/s0006-3223(98)00126-7,https://pt.wikipedia.org/api/rest_v1/page/html/Sertralina/56540894,c9761e99-881e-43c6-ba1f-e74c6718ec12,2019-10-23 15:45:35,2019-10-23 11:53:09,references,36c35e23-8757-4a9d-aacf-345e9b7eb50d,https://creativecommons.org/publicdomain/zero/1.0/,https://doi.org/10.13003/CED-terms-of-use,,,https://evidence.eventdata.crossref.org/evidence/20191023-wikipedia-d3cc5a8a-c2b9-449b-bad4-6e07c96cf51a,add,https://pt.wikipedia.org/wiki/Sertralina,Sertralina,https://pt.wikipedia.org/w/index.php?title=Sertralina&oldid=56540894,https://pt.wikipedia.org/api/rest_v1/page/html/Sertralina/56540894,https://doi.org/10.1016/s0006-3223(98)00126-7,https://doi.org/10.1016/s0006-3223(98)00126-7
13294,wikipedia,https://doi.org/10.1016/s0006-3223(98)00126-7,https://pt.wikipedia.org/api/rest_v1/page/html/Sertralina/57298860,b2755dd8-c7ce-4389-9724-e24f541a1f4a,2020-01-28 21:23:10,2020-01-28 16:57:52,references,36c35e23-8757-4a9d-aacf-345e9b7eb50d,https://creativecommons.org/publicdomain/zero/1.0/,https://doi.org/10.13003/CED-terms-of-use,,,https://evidence.eventdata.crossref.org/evidence/20200128-wikipedia-9e048dae-d727-458d-952e-8ace0f0296aa,add,https://pt.wikipedia.org/wiki/Sertralina,Sertralina,https://pt.wikipedia.org/w/index.php?title=Sertralina&oldid=57298860,https://pt.wikipedia.org/api/rest_v1/page/html/Sertralina/57298860,https://doi.org/10.1016/s0006-3223(98)00126-7,https://doi.org/10.1016/s0006-3223(98)00126-7
13295,wikipedia,https://doi.org/10.1016/s0006-3223(98)00126-7,https://es.wikipedia.org/api/rest_v1/page/html/S%C3%ADndrome_de_discontinuaci%C3%B3n_de_ISRS/1286582,74cac566-60ed-4a95-be9a-59b856711e49,2020-08-22 07:55:03,2020-09-03 20:40:51,references,36c35e23-8757-4a9d-aacf-345e9b7eb50d,https://creativecommons.org/publicdomain/zero/1.0/,https://doi.org/10.13003/CED-terms-of-use,,,https://evidence.eventdata.crossref.org/evidence/20200822-wikipedia-26628310-4f11-453e-8b7b-9cab4052308d,add,https://es.wikipedia.org/wiki/S%C3%ADndrome_de_discontinuaci%C3%B3n_de_ISRS,Síndrome de discontinuación de ISRS,https://es.wikipedia.org/w/index.php?title=S%C3%ADndrome_de_discontinuaci%C3%B3n_de_ISRS&oldid=12865,https://es.wikipedia.org/api/rest_v1/page/html/S%C3%ADndrome_de_discontinuaci%C3%B3n_de_ISRS/1286582,https://doi.org/10.1016/s0006-3223(98)00126-7,http://dx.doi.org/10.1016%2FS0006-3223%2898%2900126-7
13296,wikipedia,https://doi.org/10.1016/s0006-3223(98)00126-7,https://es.wikipedia.org/api/rest_v1/page/html/S%C3%ADndrome_de_discontinuaci%C3%B3n_de_ISRS/1286581,52dd24a3-5adf-4dd5-990d-46634b21e310,2020-08-22 07:52:13,2020-09-03 20:44:35,references,36c35e23-8757-4a9d-aacf-345e9b7eb50d,https://creativecommons.org/publicdomain/zero/1.0/,https://doi.org/10.13003/CED-terms-of-use,,,https://evidence.eventdata.crossref.org/evidence/20200822-wikipedia-25ecf6f7-47dd-4f51-bfd7-3603cabcfc4a,add,https://es.wikipedia.org/wiki/S%C3%ADndrome_de_discontinuaci%C3%B3n_de_ISRS,Síndrome de discontinuación de ISRS,https://es.wikipedia.org/w/index.php?title=S%C3%ADndrome_de_discontinuaci%C3%B3n_de_ISRS&oldid=12865,https://es.wikipedia.org/api/rest_v1/page/html/S%C3%ADndrome_de_discontinuaci%C3%B3n_de_ISRS/1286581,https://doi.org/10.1016/s0006-3223(98)00126-7,https://doi.org/10.1016/s0006-3223(98)00126-7
13297,wikipedia,https://doi.org/10.1016/s0006-3223(98)00126-7,https://es.wikipedia.org/api/rest_v1/page/html/S%C3%ADndrome_de_discontinuaci%C3%B3n_de_ISRS/1286582,c60c680e-4bef-4b6e-8573-0ac3137f5e84,2020-08-22 07:55:03,2020-09-03 20:56:16,references,36c35e23-8757-4a9d-aacf-345e9b7eb50d,https://creativecommons.org/publicdomain/zero/1.0/,https://doi.org/10.13003/CED-terms-of-use,,,https://evidence.eventdata.crossref.org/evidence/20200822-wikipedia-26628310-4f11-453e-8b7b-9cab4052308d,add,https://es.wikipedia.org/wiki/S%C3%ADndrome_de_discontinuaci%C3%B3n_de_ISRS,Síndrome de discontinuación de ISRS,https://es.wikipedia.org/w/index.php?title=S%C3%ADndrome_de_discontinuaci%C3%B3n_de_ISRS&oldid=12865,https://es.wikipedia.org/api/rest_v1/page/html/S%C3%ADndrome_de_discontinuaci%C3%B3n_de_ISRS/1286582,https://doi.org/10.1016/s0006-3223(98)00126-7,https://doi.org/10.1016/s0006-3223(98)00126-7
13298,wikipedia,https://doi.org/10.1016/s0006-3223(98)00126-7,https://es.wikipedia.org/api/rest_v1/page/html/S%C3%ADndrome_de_discontinuaci%C3%B3n_de_ISRS/1286581,7bf80bbb-c6ca-41e5-818c-33429d950ea4,2020-08-22 07:52:13,2020-09-03 21:02:20,references,36c35e23-8757-4a9d-aacf-345e9b7eb50d,https://creativecommons.org/publicdomain/zero/1.0/,https://doi.org/10.13003/CED-terms-of-use,,,https://evidence.eventdata.crossref.org/evidence/20200822-wikipedia-25ecf6f7-47dd-4f51-bfd7-3603cabcfc4a,add,https://es.wikipedia.org/wiki/S%C3%ADndrome_de_discontinuaci%C3%B3n_de_ISRS,Síndrome de discontinuación de ISRS,https://es.wikipedia.org/w/index.php?title=S%C3%ADndrome_de_discontinuaci%C3%B3n_de_ISRS&oldid=12865,https://es.wikipedia.org/api/rest_v1/page/html/S%C3%ADndrome_de_discontinuaci%C3%B3n_de_ISRS/1286581,https://doi.org/10.1016/s0006-3223(98)00126-7,http://dx.doi.org/10.1016%2FS0006-3223%2898%2900126-7
13299,wikipedia,https://doi.org/10.1016/s0006-3223(98)00126-7,https://pt.wikipedia.org/api/rest_v1/page/html/Sertralina/59134804,53898950-0685-406c-9ecf-3afbc7b90be6,2020-08-22 22:16:08,2020-09-04 08:11:43,references,36c35e23-8757-4a9d-aacf-345e9b7eb50d,https://creativecommons.org/publicdomain/zero/1.0/,https://doi.org/10.13003/CED-terms-of-use,,,https://evidence.eventdata.crossref.org/evidence/20200822-wikipedia-542ddfb2-2092-41d7-9e20-8d7d1b9fa3a0,add,https://pt.wikipedia.org/wiki/Sertralina,Sertralina,https://pt.wikipedia.org/w/index.php?title=Sertralina&oldid=59134804,https://pt.wikipedia.org/api/rest_v1/page/html/Sertralina/59134804,https://doi.org/10.1016/s0006-3223(98)00126-7,https://doi.org/10.1016/s0006-3223(98)00126-7
13300,wikipedia,https://doi.org/10.1016/s0006-3223(98)00126-7,https://es.wikipedia.org/api/rest_v1/page/html/S%C3%ADndrome_de_discontinuaci%C3%B3n_de_ISRS/1292425,f19076b3-d0f9-40dd-997d-156cc5098201,2020-09-13 07:40:31,2020-09-14 21:44:47,references,36c35e23-8757-4a9d-aacf-345e9b7eb50d,https://creativecommons.org/publicdomain/zero/1.0/,https://doi.org/10.13003/CED-terms-of-use,,,https://evidence.eventdata.crossref.org/evidence/20200913-wikipedia-371b4573-b18c-4724-bdd5-76523c192da9,add,https://es.wikipedia.org/wiki/S%C3%ADndrome_de_discontinuaci%C3%B3n_de_ISRS,Síndrome de discontinuación de ISRS,https://es.wikipedia.org/w/index.php?title=S%C3%ADndrome_de_discontinuaci%C3%B3n_de_ISRS&oldid=12924,https://es.wikipedia.org/api/rest_v1/page/html/S%C3%ADndrome_de_discontinuaci%C3%B3n_de_ISRS/1292425,https://doi.org/10.1016/s0006-3223(98)00126-7,https://doi.org/10.1016/s0006-3223(98)00126-7
13301,wikipedia,https://doi.org/10.1016/s0006-3223(98)00126-7,https://es.wikipedia.org/api/rest_v1/page/html/S%C3%ADndrome_de_discontinuaci%C3%B3n_de_ISRS/1292425,43f8bb10-e9dd-4495-8efd-7903241e5a48,2020-09-13 07:40:31,2020-09-14 22:08:36,references,36c35e23-8757-4a9d-aacf-345e9b7eb50d,https://creativecommons.org/publicdomain/zero/1.0/,https://doi.org/10.13003/CED-terms-of-use,,,https://evidence.eventdata.crossref.org/evidence/20200913-wikipedia-371b4573-b18c-4724-bdd5-76523c192da9,add,https://es.wikipedia.org/wiki/S%C3%ADndrome_de_discontinuaci%C3%B3n_de_ISRS,Síndrome de discontinuación de ISRS,https://es.wikipedia.org/w/index.php?title=S%C3%ADndrome_de_discontinuaci%C3%B3n_de_ISRS&oldid=12924,https://es.wikipedia.org/api/rest_v1/page/html/S%C3%ADndrome_de_discontinuaci%C3%B3n_de_ISRS/1292425,https://doi.org/10.1016/s0006-3223(98)00126-7,http://dx.doi.org/10.1016%2FS0006-3223%2898%2900126-7
13302,wikipedia,https://doi.org/10.1016/s0006-3223(98)00126-7,https://pt.wikipedia.org/api/rest_v1/page/html/Sertralina/59500374,b764590c-f183-46ff-89f6-5dcbb73f0660,2020-10-02 15:39:05,2020-10-02 11:52:14,references,36c35e23-8757-4a9d-aacf-345e9b7eb50d,https://creativecommons.org/publicdomain/zero/1.0/,https://doi.org/10.13003/CED-terms-of-use,,,https://evidence.eventdata.crossref.org/evidence/20201002-wikipedia-b68afa7b-93c5-4360-a4fc-842eac589908,add,https://pt.wikipedia.org/wiki/Sertralina,Sertralina,https://pt.wikipedia.org/w/index.php?title=Sertralina&oldid=59500374,https://pt.wikipedia.org/api/rest_v1/page/html/Sertralina/59500374,https://doi.org/10.1016/s0006-3223(98)00126-7,https://doi.org/10.1016/s0006-3223(98)00126-7
13303,wikipedia,https://doi.org/10.1016/s0006-3223(98)00126-7,https://es.wikipedia.org/api/rest_v1/page/html/S%C3%ADndrome_de_discontinuaci%C3%B3n_de_ISRS/1247074,5e3d7d12-f301-4d2b-afec-23c6cf08f19b,2020-03-30 19:00:15,2020-10-13 20:25:45,references,36c35e23-8757-4a9d-aacf-345e9b7eb50d,https://creativecommons.org/publicdomain/zero/1.0/,https://doi.org/10.13003/CED-terms-of-use,,,https://evidence.eventdata.crossref.org/evidence/20200330-wikipedia-dd5f9e69-0d98-4528-b8b1-1eb2ba272c70,add,https://es.wikipedia.org/wiki/S%C3%ADndrome_de_discontinuaci%C3%B3n_de_ISRS,Síndrome de discontinuación de ISRS,https://es.wikipedia.org/w/index.php?title=S%C3%ADndrome_de_discontinuaci%C3%B3n_de_ISRS&oldid=12470,https://es.wikipedia.org/api/rest_v1/page/html/S%C3%ADndrome_de_discontinuaci%C3%B3n_de_ISRS/1247074,https://doi.org/10.1016/s0006-3223(98)00126-7,https://doi.org/10.1016/s0006-3223(98)00126-7
13304,wikipedia,https://doi.org/10.1016/s0006-3223(98)00126-7,https://es.wikipedia.org/api/rest_v1/page/html/S%C3%ADndrome_de_discontinuaci%C3%B3n_de_ISRS/1247074,fff80818-61eb-491e-b3ad-2c4c47afb6f0,2020-03-30 19:00:15,2020-10-13 20:25:46,references,36c35e23-8757-4a9d-aacf-345e9b7eb50d,https://creativecommons.org/publicdomain/zero/1.0/,https://doi.org/10.13003/CED-terms-of-use,,,https://evidence.eventdata.crossref.org/evidence/20200330-wikipedia-dd5f9e69-0d98-4528-b8b1-1eb2ba272c70,add,https://es.wikipedia.org/wiki/S%C3%ADndrome_de_discontinuaci%C3%B3n_de_ISRS,Síndrome de discontinuación de ISRS,https://es.wikipedia.org/w/index.php?title=S%C3%ADndrome_de_discontinuaci%C3%B3n_de_ISRS&oldid=12470,https://es.wikipedia.org/api/rest_v1/page/html/S%C3%ADndrome_de_discontinuaci%C3%B3n_de_ISRS/1247074,https://doi.org/10.1016/s0006-3223(98)00126-7,http://dx.doi.org/10.1016%2FS0006-3223%2898%2900126-7
13305,wikipedia,https://doi.org/10.1016/s0006-3223(98)00126-7,https://es.wikipedia.org/api/rest_v1/page/html/S%C3%ADndrome_de_discontinuaci%C3%B3n_de_ISRS/1252910,4492e5fe-f5c8-4feb-a356-2a2f3bc1c9d0,2020-04-18 12:38:43,2020-10-14 06:51:31,references,36c35e23-8757-4a9d-aacf-345e9b7eb50d,https://creativecommons.org/publicdomain/zero/1.0/,https://doi.org/10.13003/CED-terms-of-use,,,https://evidence.eventdata.crossref.org/evidence/20200418-wikipedia-0d03e3ea-c16c-4dfa-9b1b-4ca6de8bb23c,add,https://es.wikipedia.org/wiki/S%C3%ADndrome_de_discontinuaci%C3%B3n_de_ISRS,Síndrome de discontinuación de ISRS,https://es.wikipedia.org/w/index.php?title=S%C3%ADndrome_de_discontinuaci%C3%B3n_de_ISRS&oldid=12529,https://es.wikipedia.org/api/rest_v1/page/html/S%C3%ADndrome_de_discontinuaci%C3%B3n_de_ISRS/1252910,https://doi.org/10.1016/s0006-3223(98)00126-7,https://doi.org/10.1016/s0006-3223(98)00126-7
13306,wikipedia,https://doi.org/10.1016/s0006-3223(98)00126-7,https://es.wikipedia.org/api/rest_v1/page/html/S%C3%ADndrome_de_discontinuaci%C3%B3n_de_ISRS/1252910,5d61e1c9-7b7f-4891-82c9-217df41f2cdc,2020-04-18 12:38:43,2020-10-14 06:51:32,references,36c35e23-8757-4a9d-aacf-345e9b7eb50d,https://creativecommons.org/publicdomain/zero/1.0/,https://doi.org/10.13003/CED-terms-of-use,,,https://evidence.eventdata.crossref.org/evidence/20200418-wikipedia-0d03e3ea-c16c-4dfa-9b1b-4ca6de8bb23c,add,https://es.wikipedia.org/wiki/S%C3%ADndrome_de_discontinuaci%C3%B3n_de_ISRS,Síndrome de discontinuación de ISRS,https://es.wikipedia.org/w/index.php?title=S%C3%ADndrome_de_discontinuaci%C3%B3n_de_ISRS&oldid=12529,https://es.wikipedia.org/api/rest_v1/page/html/S%C3%ADndrome_de_discontinuaci%C3%B3n_de_ISRS/1252910,https://doi.org/10.1016/s0006-3223(98)00126-7,http://dx.doi.org/10.1016%2FS0006-3223%2898%2900126-7
13307,wikipedia,https://doi.org/10.1016/s0006-3223(98)00126-7,https://en.wikipedia.org/api/rest_v1/page/html/Antidepressant_discontinuation_syndrome/952584123,64b87e5e-945b-4ec4-900f-4dea53f7e0b6,2020-04-23 00:43:48,2020-10-14 09:19:41,references,36c35e23-8757-4a9d-aacf-345e9b7eb50d,https://creativecommons.org/publicdomain/zero/1.0/,https://doi.org/10.13003/CED-terms-of-use,,,https://evidence.eventdata.crossref.org/evidence/20200423-wikipedia-5f0a4681-f8b0-47fc-afe4-81e7e6bfa674,add,https://en.wikipedia.org/wiki/Antidepressant_discontinuation_syndrome,Antidepressant discontinuation syndrome,https://en.wikipedia.org/w/index.php?title=Antidepressant_discontinuation_syndrome&oldid=952584123,https://en.wikipedia.org/api/rest_v1/page/html/Antidepressant_discontinuation_syndrome/952584123,https://doi.org/10.1016/s0006-3223(98)00126-7,https://doi.org/10.1016/s0006-3223(98)00126-7
13308,wikipedia,https://doi.org/10.1016/s0006-3223(98)00126-7,https://en.wikipedia.org/api/rest_v1/page/html/Antidepressant_discontinuation_syndrome/952619404,c859b355-3e93-4f52-ba41-64d1be967e0a,2020-04-23 05:55:38,2020-10-14 09:27:05,references,36c35e23-8757-4a9d-aacf-345e9b7eb50d,https://creativecommons.org/publicdomain/zero/1.0/,https://doi.org/10.13003/CED-terms-of-use,,,https://evidence.eventdata.crossref.org/evidence/20200423-wikipedia-b1a82c9a-5cc3-4b18-8546-abed6fcf884f,add,https://en.wikipedia.org/wiki/Antidepressant_discontinuation_syndrome,Antidepressant discontinuation syndrome,https://en.wikipedia.org/w/index.php?title=Antidepressant_discontinuation_syndrome&oldid=952619404,https://en.wikipedia.org/api/rest_v1/page/html/Antidepressant_discontinuation_syndrome/952619404,https://doi.org/10.1016/s0006-3223(98)00126-7,https://doi.org/10.1016/s0006-3223(98)00126-7
13309,wikipedia,https://doi.org/10.1016/s0006-3223(98)00126-7,https://pt.wikipedia.org/api/rest_v1/page/html/Sertralina/58284355,98ce0ad2-d0ea-4728-ae6e-6468d5ce159f,2020-05-17 11:43:48,2020-10-14 20:19:04,references,36c35e23-8757-4a9d-aacf-345e9b7eb50d,https://creativecommons.org/publicdomain/zero/1.0/,https://doi.org/10.13003/CED-terms-of-use,,,https://evidence.eventdata.crossref.org/evidence/20200517-wikipedia-7f646cf6-fc8d-4fed-8a3b-5b450630cda0,add,https://pt.wikipedia.org/wiki/Sertralina,Sertralina,https://pt.wikipedia.org/w/index.php?title=Sertralina&oldid=58284355,https://pt.wikipedia.org/api/rest_v1/page/html/Sertralina/58284355,https://doi.org/10.1016/s0006-3223(98)00126-7,https://doi.org/10.1016/s0006-3223(98)00126-7
13310,wikipedia,https://doi.org/10.1016/s0006-3223(98)00126-7,https://es.wikipedia.org/api/rest_v1/page/html/S%C3%ADndrome_de_discontinuaci%C3%B3n_de_ISRS/1308821,0acbcd18-fc96-4c2c-9887-d6764187890b,2020-11-13 05:05:55,2020-11-15 10:40:49,references,36c35e23-8757-4a9d-aacf-345e9b7eb50d,https://creativecommons.org/publicdomain/zero/1.0/,https://doi.org/10.13003/CED-terms-of-use,,,https://evidence.eventdata.crossref.org/evidence/20201113-wikipedia-e8aed69e-5661-4c3d-b1e8-79aa5940528f,add,https://es.wikipedia.org/wiki/S%C3%ADndrome_de_discontinuaci%C3%B3n_de_ISRS,Síndrome de discontinuación de ISRS,https://es.wikipedia.org/w/index.php?title=S%C3%ADndrome_de_discontinuaci%C3%B3n_de_ISRS&oldid=13088,https://es.wikipedia.org/api/rest_v1/page/html/S%C3%ADndrome_de_discontinuaci%C3%B3n_de_ISRS/1308821,https://doi.org/10.1016/s0006-3223(98)00126-7,http://dx.doi.org/10.1016%2FS0006-3223%2898%2900126-7
13311,wikipedia,https://doi.org/10.1016/s0006-3223(98)00126-7,https://es.wikipedia.org/api/rest_v1/page/html/S%C3%ADndrome_de_discontinuaci%C3%B3n_de_ISRS/1308821,9a073164-5bb5-47d8-b39b-a476d7d86d93,2020-11-13 05:05:55,2020-11-15 10:41:03,references,36c35e23-8757-4a9d-aacf-345e9b7eb50d,https://creativecommons.org/publicdomain/zero/1.0/,https://doi.org/10.13003/CED-terms-of-use,,,https://evidence.eventdata.crossref.org/evidence/20201113-wikipedia-e8aed69e-5661-4c3d-b1e8-79aa5940528f,add,https://es.wikipedia.org/wiki/S%C3%ADndrome_de_discontinuaci%C3%B3n_de_ISRS,Síndrome de discontinuación de ISRS,https://es.wikipedia.org/w/index.php?title=S%C3%ADndrome_de_discontinuaci%C3%B3n_de_ISRS&oldid=13088,https://es.wikipedia.org/api/rest_v1/page/html/S%C3%ADndrome_de_discontinuaci%C3%B3n_de_ISRS/1308821,https://doi.org/10.1016/s0006-3223(98)00126-7,https://doi.org/10.1016/s0006-3223(98)00126-7
13312,wikipedia,https://doi.org/10.1016/S0006-3223(98)00126-7,https://es.wikipedia.org/api/rest_v1/page/html/S%C3%ADndrome_de_discontinuaci%C3%B3n_de_ISRS/1334685,d2e2292b-6195-4305-a1d9-22381ccd151e,2021-02-23 14:35:21,2021-02-23 11:00:24,references,36c35e23-8757-4a9d-aacf-345e9b7eb50d,https://creativecommons.org/publicdomain/zero/1.0/,https://doi.org/10.13003/CED-terms-of-use,,,https://evidence.eventdata.crossref.org/evidence/20210223-wikipedia-7973940d-2241-458d-9aea-f78019d5629a,add,https://es.wikipedia.org/wiki/S%C3%ADndrome_de_discontinuaci%C3%B3n_de_ISRS,Síndrome de discontinuación de ISRS,https://es.wikipedia.org/w/index.php?title=S%C3%ADndrome_de_discontinuaci%C3%B3n_de_ISRS&oldid=13346,https://es.wikipedia.org/api/rest_v1/page/html/S%C3%ADndrome_de_discontinuaci%C3%B3n_de_ISRS/1334685,https://doi.org/10.1016/S0006-3223(98)00126-7,https://doi.org/10.1016/S0006-3223(98)00126-7
13313,wikipedia,https://doi.org/10.1016/S0006-3223(98)00126-7,https://es.wikipedia.org/api/rest_v1/page/html/S%C3%ADndrome_de_discontinuaci%C3%B3n_de_ISRS/1334685,4b6d8e7a-241b-43f5-acba-c0842d049875,2021-02-23 14:35:21,2021-02-23 11:16:35,references,36c35e23-8757-4a9d-aacf-345e9b7eb50d,https://creativecommons.org/publicdomain/zero/1.0/,https://doi.org/10.13003/CED-terms-of-use,,,https://evidence.eventdata.crossref.org/evidence/20210223-wikipedia-7973940d-2241-458d-9aea-f78019d5629a,add,https://es.wikipedia.org/wiki/S%C3%ADndrome_de_discontinuaci%C3%B3n_de_ISRS,Síndrome de discontinuación de ISRS,https://es.wikipedia.org/w/index.php?title=S%C3%ADndrome_de_discontinuaci%C3%B3n_de_ISRS&oldid=13346,https://es.wikipedia.org/api/rest_v1/page/html/S%C3%ADndrome_de_discontinuaci%C3%B3n_de_ISRS/1334685,https://doi.org/10.1016/S0006-3223(98)00126-7,http://dx.doi.org/10.1016%2FS0006-3223%2898%2900126-7
