wikipediaIncrement,sourceID,objectID,subjectID,eventID,occurredAt,timeObserved,relationType,sourceToken,license,termsOfUse,updatedDate,updatedReason,evidenceRecord,eventAction,subjectPID,subjectTitle,subjectURL,subjectAPIURL,objectPID,objectURL
228646,wikipedia,https://doi.org/10.1002/hep.510270224,https://ca.wikipedia.org/api/rest_v1/page/html/Cirrosi_hep%C3%A0tica/19801175,0c241df2-9c9a-425e-908f-6a007c7ea307,2018-04-05 12:03:50,2018-04-05 08:05:53,references,36c35e23-8757-4a9d-aacf-345e9b7eb50d,https://creativecommons.org/publicdomain/zero/1.0/,https://doi.org/10.13003/CED-terms-of-use,,,https://evidence.eventdata.crossref.org/evidence/20180405-wikipedia-691db52e-87d6-47d8-bf87-ed7abf6a1ee5,add,https://ca.wikipedia.org/wiki/Cirrosi_hep%C3%A0tica,Cirrosi hepàtica,https://ca.wikipedia.org/w/index.php?title=Cirrosi_hep%C3%A0tica&oldid=19801175,https://ca.wikipedia.org/api/rest_v1/page/html/Cirrosi_hep%C3%A0tica/19801175,https://doi.org/10.1002/hep.510270224,http://dx.doi.org/10.1002%2Fhep.510270224
228647,wikipedia,https://doi.org/10.1002/hep.510270224,https://ca.wikipedia.org/api/rest_v1/page/html/Cirrosi_hep%C3%A0tica/19807442,cdef0e7b-225d-43b8-abf8-a022d109c2cd,2018-04-05 15:07:03,2018-04-05 11:08:36,references,36c35e23-8757-4a9d-aacf-345e9b7eb50d,https://creativecommons.org/publicdomain/zero/1.0/,https://doi.org/10.13003/CED-terms-of-use,,,https://evidence.eventdata.crossref.org/evidence/20180405-wikipedia-a8d9a82e-876b-4ec7-8bac-ae55059339eb,add,https://ca.wikipedia.org/wiki/Cirrosi_hep%C3%A0tica,Cirrosi hepàtica,https://ca.wikipedia.org/w/index.php?title=Cirrosi_hep%C3%A0tica&oldid=19807442,https://ca.wikipedia.org/api/rest_v1/page/html/Cirrosi_hep%C3%A0tica/19807442,https://doi.org/10.1002/hep.510270224,https://doi.org/10.1002/hep.510270224
228648,wikipedia,https://doi.org/10.1002/hep.510270224,https://ca.wikipedia.org/api/rest_v1/page/html/Cirrosi_hep%C3%A0tica/19807661,b6343d4c-311a-40cc-908a-511cce057350,2018-04-05 16:19:59,2018-04-05 12:22:00,references,36c35e23-8757-4a9d-aacf-345e9b7eb50d,https://creativecommons.org/publicdomain/zero/1.0/,https://doi.org/10.13003/CED-terms-of-use,,,https://evidence.eventdata.crossref.org/evidence/20180405-wikipedia-fe3093e1-631e-48d0-a77d-42a8e264bb5b,add,https://ca.wikipedia.org/wiki/Cirrosi_hep%C3%A0tica,Cirrosi hepàtica,https://ca.wikipedia.org/w/index.php?title=Cirrosi_hep%C3%A0tica&oldid=19807661,https://ca.wikipedia.org/api/rest_v1/page/html/Cirrosi_hep%C3%A0tica/19807661,https://doi.org/10.1002/hep.510270224,http://dx.doi.org/10.1002%2Fhep.510270224
228649,wikipedia,https://doi.org/10.1002/hep.510270224,https://ca.wikipedia.org/api/rest_v1/page/html/Cirrosi_hep%C3%A0tica/19808195,f6d15345-7e5a-4834-ba5f-4fa914afde86,2018-04-05 20:41:30,2018-04-05 16:43:05,references,36c35e23-8757-4a9d-aacf-345e9b7eb50d,https://creativecommons.org/publicdomain/zero/1.0/,https://doi.org/10.13003/CED-terms-of-use,,,https://evidence.eventdata.crossref.org/evidence/20180405-wikipedia-c5a5dbe2-fe8f-4372-bad4-436a4da25dda,add,https://ca.wikipedia.org/wiki/Cirrosi_hep%C3%A0tica,Cirrosi hepàtica,https://ca.wikipedia.org/w/index.php?title=Cirrosi_hep%C3%A0tica&oldid=19808195,https://ca.wikipedia.org/api/rest_v1/page/html/Cirrosi_hep%C3%A0tica/19808195,https://doi.org/10.1002/hep.510270224,https://doi.org/10.1002/hep.510270224
228650,wikipedia,https://doi.org/10.1002/hep.510270224,https://ca.wikipedia.org/api/rest_v1/page/html/Cirrosi_hep%C3%A0tica/19808781,d407e336-5997-4644-8a60-c58d7682df74,2018-04-06 00:37:16,2018-04-05 20:39:15,references,36c35e23-8757-4a9d-aacf-345e9b7eb50d,https://creativecommons.org/publicdomain/zero/1.0/,https://doi.org/10.13003/CED-terms-of-use,,,https://evidence.eventdata.crossref.org/evidence/20180406-wikipedia-7737bde1-0667-4328-955e-fa54a3918e8c,add,https://ca.wikipedia.org/wiki/Cirrosi_hep%C3%A0tica,Cirrosi hepàtica,https://ca.wikipedia.org/w/index.php?title=Cirrosi_hep%C3%A0tica&oldid=19808781,https://ca.wikipedia.org/api/rest_v1/page/html/Cirrosi_hep%C3%A0tica/19808781,https://doi.org/10.1002/hep.510270224,https://doi.org/10.1002/hep.510270224
228651,wikipedia,https://doi.org/10.1002/hep.510270224,https://ca.wikipedia.org/api/rest_v1/page/html/Cirrosi_hep%C3%A0tica/19808800,8f0e8d99-d682-4a02-976d-74d5c1ec1dd9,2018-04-06 00:54:31,2018-04-05 20:56:23,references,36c35e23-8757-4a9d-aacf-345e9b7eb50d,https://creativecommons.org/publicdomain/zero/1.0/,https://doi.org/10.13003/CED-terms-of-use,,,https://evidence.eventdata.crossref.org/evidence/20180406-wikipedia-7d7cd5e3-d61c-42a7-b953-dbbc3eb1c782,add,https://ca.wikipedia.org/wiki/Cirrosi_hep%C3%A0tica,Cirrosi hepàtica,https://ca.wikipedia.org/w/index.php?title=Cirrosi_hep%C3%A0tica&oldid=19808800,https://ca.wikipedia.org/api/rest_v1/page/html/Cirrosi_hep%C3%A0tica/19808800,https://doi.org/10.1002/hep.510270224,https://doi.org/10.1002/hep.510270224
228652,wikipedia,https://doi.org/10.1002/hep.510270224,https://ca.wikipedia.org/api/rest_v1/page/html/Cirrosi_hep%C3%A0tica/19819101,f8a595c2-e4fd-492c-bc23-f16986015967,2018-04-09 21:25:32,2018-04-09 17:30:13,references,36c35e23-8757-4a9d-aacf-345e9b7eb50d,https://creativecommons.org/publicdomain/zero/1.0/,https://doi.org/10.13003/CED-terms-of-use,,,https://evidence.eventdata.crossref.org/evidence/20180409-wikipedia-b33d419b-339a-4eac-81fb-fb2d2dacf896,add,https://ca.wikipedia.org/wiki/Cirrosi_hep%C3%A0tica,Cirrosi hepàtica,https://ca.wikipedia.org/w/index.php?title=Cirrosi_hep%C3%A0tica&oldid=19819101,https://ca.wikipedia.org/api/rest_v1/page/html/Cirrosi_hep%C3%A0tica/19819101,https://doi.org/10.1002/hep.510270224,https://doi.org/10.1002/hep.510270224
228653,wikipedia,https://doi.org/10.1002/hep.510270224,https://ca.wikipedia.org/api/rest_v1/page/html/Cirrosi_hep%C3%A0tica/19833386,c24593fe-9044-4db1-9cc5-127750c7138c,2018-04-15 08:08:52,2018-04-15 04:11:01,references,36c35e23-8757-4a9d-aacf-345e9b7eb50d,https://creativecommons.org/publicdomain/zero/1.0/,https://doi.org/10.13003/CED-terms-of-use,,,https://evidence.eventdata.crossref.org/evidence/20180415-wikipedia-6a7f8ad1-5b46-43fa-8c82-829b072eb6c5,add,https://ca.wikipedia.org/wiki/Cirrosi_hep%C3%A0tica,Cirrosi hepàtica,https://ca.wikipedia.org/w/index.php?title=Cirrosi_hep%C3%A0tica&oldid=19833386,https://ca.wikipedia.org/api/rest_v1/page/html/Cirrosi_hep%C3%A0tica/19833386,https://doi.org/10.1002/hep.510270224,https://doi.org/10.1002/hep.510270224
228654,wikipedia,https://doi.org/10.1002/hep.510270224,https://ca.wikipedia.org/api/rest_v1/page/html/Cirrosi_hep%C3%A0tica/19833407,f2645289-53b8-44fb-aa29-4b75ff8ed920,2018-04-15 08:30:11,2018-04-15 04:31:34,references,36c35e23-8757-4a9d-aacf-345e9b7eb50d,https://creativecommons.org/publicdomain/zero/1.0/,https://doi.org/10.13003/CED-terms-of-use,,,https://evidence.eventdata.crossref.org/evidence/20180415-wikipedia-f068045e-729e-48e3-85c0-54afdacf1c66,add,https://ca.wikipedia.org/wiki/Cirrosi_hep%C3%A0tica,Cirrosi hepàtica,https://ca.wikipedia.org/w/index.php?title=Cirrosi_hep%C3%A0tica&oldid=19833407,https://ca.wikipedia.org/api/rest_v1/page/html/Cirrosi_hep%C3%A0tica/19833407,https://doi.org/10.1002/hep.510270224,https://doi.org/10.1002/hep.510270224
228655,wikipedia,https://doi.org/10.1002/hep.510270224,https://ca.wikipedia.org/api/rest_v1/page/html/Cirrosi_hep%C3%A0tica/19834692,f1acf575-a7cd-4fc4-8aec-c05e008c5cc8,2018-04-15 20:13:36,2018-04-15 16:15:24,references,36c35e23-8757-4a9d-aacf-345e9b7eb50d,https://creativecommons.org/publicdomain/zero/1.0/,https://doi.org/10.13003/CED-terms-of-use,,,https://evidence.eventdata.crossref.org/evidence/20180415-wikipedia-191e2474-9e9b-4d65-ae2c-779a3c6db769,add,https://ca.wikipedia.org/wiki/Cirrosi_hep%C3%A0tica,Cirrosi hepàtica,https://ca.wikipedia.org/w/index.php?title=Cirrosi_hep%C3%A0tica&oldid=19834692,https://ca.wikipedia.org/api/rest_v1/page/html/Cirrosi_hep%C3%A0tica/19834692,https://doi.org/10.1002/hep.510270224,https://doi.org/10.1002/hep.510270224
228656,wikipedia,https://doi.org/10.1002/hep.510270224,https://ca.wikipedia.org/api/rest_v1/page/html/Cirrosi_hep%C3%A0tica/19835388,a7f2ba24-4095-4070-a5ee-2726b65149bf,2018-04-16 01:54:01,2018-04-15 21:55:01,references,36c35e23-8757-4a9d-aacf-345e9b7eb50d,https://creativecommons.org/publicdomain/zero/1.0/,https://doi.org/10.13003/CED-terms-of-use,,,https://evidence.eventdata.crossref.org/evidence/20180416-wikipedia-98398a58-c2b5-498e-9c8d-fa38e207fe14,add,https://ca.wikipedia.org/wiki/Cirrosi_hep%C3%A0tica,Cirrosi hepàtica,https://ca.wikipedia.org/w/index.php?title=Cirrosi_hep%C3%A0tica&oldid=19835388,https://ca.wikipedia.org/api/rest_v1/page/html/Cirrosi_hep%C3%A0tica/19835388,https://doi.org/10.1002/hep.510270224,http://dx.doi.org/10.1002%2Fhep.510270224
228657,wikipedia,https://doi.org/10.1002/hep.510270224,https://ca.wikipedia.org/api/rest_v1/page/html/Cirrosi_hep%C3%A0tica/19835390,e582c6f5-1d86-4b7b-bb71-ca761132624b,2018-04-16 01:57:13,2018-04-15 21:58:28,references,36c35e23-8757-4a9d-aacf-345e9b7eb50d,https://creativecommons.org/publicdomain/zero/1.0/,https://doi.org/10.13003/CED-terms-of-use,,,https://evidence.eventdata.crossref.org/evidence/20180416-wikipedia-44297a9f-ab52-4d6b-98e6-76a4c587e5dd,add,https://ca.wikipedia.org/wiki/Cirrosi_hep%C3%A0tica,Cirrosi hepàtica,https://ca.wikipedia.org/w/index.php?title=Cirrosi_hep%C3%A0tica&oldid=19835390,https://ca.wikipedia.org/api/rest_v1/page/html/Cirrosi_hep%C3%A0tica/19835390,https://doi.org/10.1002/hep.510270224,http://dx.doi.org/10.1002%2Fhep.510270224
228658,wikipedia,https://doi.org/10.1002/hep.510270224,https://ca.wikipedia.org/api/rest_v1/page/html/Cirrosi_hep%C3%A0tica/19844369,ede95083-ddf4-4662-ae7e-03a96d3ecd40,2018-04-19 18:30:06,2018-04-19 14:32:43,references,36c35e23-8757-4a9d-aacf-345e9b7eb50d,https://creativecommons.org/publicdomain/zero/1.0/,https://doi.org/10.13003/CED-terms-of-use,,,https://evidence.eventdata.crossref.org/evidence/20180419-wikipedia-0453ce3a-eb47-45c1-96fd-42c670bc5b63,add,https://ca.wikipedia.org/wiki/Cirrosi_hep%C3%A0tica,Cirrosi hepàtica,https://ca.wikipedia.org/w/index.php?title=Cirrosi_hep%C3%A0tica&oldid=19844369,https://ca.wikipedia.org/api/rest_v1/page/html/Cirrosi_hep%C3%A0tica/19844369,https://doi.org/10.1002/hep.510270224,https://doi.org/10.1002/hep.510270224
228659,wikipedia,https://doi.org/10.1002/hep.510270224,https://ca.wikipedia.org/api/rest_v1/page/html/Cirrosi_hep%C3%A0tica/19844619,be0fef64-cb96-40a6-8c0f-a10e149a7f22,2018-04-19 20:47:42,2018-04-19 16:50:37,references,36c35e23-8757-4a9d-aacf-345e9b7eb50d,https://creativecommons.org/publicdomain/zero/1.0/,https://doi.org/10.13003/CED-terms-of-use,,,https://evidence.eventdata.crossref.org/evidence/20180419-wikipedia-1843e6fc-151e-4fc3-9ee1-262ba2fb2922,add,https://ca.wikipedia.org/wiki/Cirrosi_hep%C3%A0tica,Cirrosi hepàtica,https://ca.wikipedia.org/w/index.php?title=Cirrosi_hep%C3%A0tica&oldid=19844619,https://ca.wikipedia.org/api/rest_v1/page/html/Cirrosi_hep%C3%A0tica/19844619,https://doi.org/10.1002/hep.510270224,https://doi.org/10.1002/hep.510270224
228660,wikipedia,https://doi.org/10.1002/hep.510270224,https://ca.wikipedia.org/api/rest_v1/page/html/Cirrosi_hep%C3%A0tica/19844828,b65beb65-92b8-4ab2-a446-3543d533a40a,2018-04-19 22:16:24,2018-04-19 18:18:01,references,36c35e23-8757-4a9d-aacf-345e9b7eb50d,https://creativecommons.org/publicdomain/zero/1.0/,https://doi.org/10.13003/CED-terms-of-use,,,https://evidence.eventdata.crossref.org/evidence/20180419-wikipedia-05b72fd6-878a-44b2-85ed-b7a3ddeee2db,add,https://ca.wikipedia.org/wiki/Cirrosi_hep%C3%A0tica,Cirrosi hepàtica,https://ca.wikipedia.org/w/index.php?title=Cirrosi_hep%C3%A0tica&oldid=19844828,https://ca.wikipedia.org/api/rest_v1/page/html/Cirrosi_hep%C3%A0tica/19844828,https://doi.org/10.1002/hep.510270224,https://doi.org/10.1002/hep.510270224
228661,wikipedia,https://doi.org/10.1002/hep.510270224,https://ca.wikipedia.org/api/rest_v1/page/html/Cirrosi_hep%C3%A0tica/19844857,e6d5c826-9ffc-487d-bf06-86838c365643,2018-04-19 22:38:08,2018-04-19 18:41:08,references,36c35e23-8757-4a9d-aacf-345e9b7eb50d,https://creativecommons.org/publicdomain/zero/1.0/,https://doi.org/10.13003/CED-terms-of-use,,,https://evidence.eventdata.crossref.org/evidence/20180419-wikipedia-7349f99f-eb21-45bf-9ed3-90afd3195212,add,https://ca.wikipedia.org/wiki/Cirrosi_hep%C3%A0tica,Cirrosi hepàtica,https://ca.wikipedia.org/w/index.php?title=Cirrosi_hep%C3%A0tica&oldid=19844857,https://ca.wikipedia.org/api/rest_v1/page/html/Cirrosi_hep%C3%A0tica/19844857,https://doi.org/10.1002/hep.510270224,https://doi.org/10.1002/hep.510270224
228662,wikipedia,https://doi.org/10.1002/hep.510270224,https://ca.wikipedia.org/api/rest_v1/page/html/Cirrosi_hep%C3%A0tica/19849889,9311f2e7-d209-47da-aeed-f50487ecd9a6,2018-04-22 03:00:51,2018-04-21 23:02:07,references,36c35e23-8757-4a9d-aacf-345e9b7eb50d,https://creativecommons.org/publicdomain/zero/1.0/,https://doi.org/10.13003/CED-terms-of-use,,,https://evidence.eventdata.crossref.org/evidence/20180422-wikipedia-aa369539-be6f-4724-83bd-ec52aa5ab573,add,https://ca.wikipedia.org/wiki/Cirrosi_hep%C3%A0tica,Cirrosi hepàtica,https://ca.wikipedia.org/w/index.php?title=Cirrosi_hep%C3%A0tica&oldid=19849889,https://ca.wikipedia.org/api/rest_v1/page/html/Cirrosi_hep%C3%A0tica/19849889,https://doi.org/10.1002/hep.510270224,http://dx.doi.org/10.1002%2Fhep.510270224
228663,wikipedia,https://doi.org/10.1002/hep.510270224,https://ca.wikipedia.org/api/rest_v1/page/html/Cirrosi_hep%C3%A0tica/19850074,4f71d755-38b2-4c12-a0a2-045603ddb81a,2018-04-22 08:20:55,2018-04-22 04:22:37,references,36c35e23-8757-4a9d-aacf-345e9b7eb50d,https://creativecommons.org/publicdomain/zero/1.0/,https://doi.org/10.13003/CED-terms-of-use,,,https://evidence.eventdata.crossref.org/evidence/20180422-wikipedia-30f44d5c-852d-47e8-9e9a-99df374bf0cd,add,https://ca.wikipedia.org/wiki/Cirrosi_hep%C3%A0tica,Cirrosi hepàtica,https://ca.wikipedia.org/w/index.php?title=Cirrosi_hep%C3%A0tica&oldid=19850074,https://ca.wikipedia.org/api/rest_v1/page/html/Cirrosi_hep%C3%A0tica/19850074,https://doi.org/10.1002/hep.510270224,http://dx.doi.org/10.1002%2Fhep.510270224
228664,wikipedia,https://doi.org/10.1002/hep.510270224,https://ca.wikipedia.org/api/rest_v1/page/html/Cirrosi_hep%C3%A0tica/19850503,ab40ff99-f807-4750-8582-a7e168bf9be5,2018-04-22 11:35:14,2018-04-22 07:37:30,references,36c35e23-8757-4a9d-aacf-345e9b7eb50d,https://creativecommons.org/publicdomain/zero/1.0/,https://doi.org/10.13003/CED-terms-of-use,,,https://evidence.eventdata.crossref.org/evidence/20180422-wikipedia-afd5375f-5c83-419f-83f3-e9c871fed5b7,add,https://ca.wikipedia.org/wiki/Cirrosi_hep%C3%A0tica,Cirrosi hepàtica,https://ca.wikipedia.org/w/index.php?title=Cirrosi_hep%C3%A0tica&oldid=19850503,https://ca.wikipedia.org/api/rest_v1/page/html/Cirrosi_hep%C3%A0tica/19850503,https://doi.org/10.1002/hep.510270224,http://dx.doi.org/10.1002%2Fhep.510270224
228665,wikipedia,https://doi.org/10.1002/hep.510270224,https://ca.wikipedia.org/api/rest_v1/page/html/Cirrosi_hep%C3%A0tica/19850522,de1fa816-f432-4444-8899-13dab9a4c27f,2018-04-22 11:45:17,2018-04-22 07:46:43,references,36c35e23-8757-4a9d-aacf-345e9b7eb50d,https://creativecommons.org/publicdomain/zero/1.0/,https://doi.org/10.13003/CED-terms-of-use,,,https://evidence.eventdata.crossref.org/evidence/20180422-wikipedia-d5689e68-b203-4e2f-81d7-aff7b10cc686,add,https://ca.wikipedia.org/wiki/Cirrosi_hep%C3%A0tica,Cirrosi hepàtica,https://ca.wikipedia.org/w/index.php?title=Cirrosi_hep%C3%A0tica&oldid=19850522,https://ca.wikipedia.org/api/rest_v1/page/html/Cirrosi_hep%C3%A0tica/19850522,https://doi.org/10.1002/hep.510270224,http://dx.doi.org/10.1002%2Fhep.510270224
228666,wikipedia,https://doi.org/10.1002/hep.510270224,https://ca.wikipedia.org/api/rest_v1/page/html/Cirrosi_hep%C3%A0tica/19851142,c127f635-aa73-49d3-9989-e8574369723a,2018-04-22 15:50:49,2018-04-22 11:52:39,references,36c35e23-8757-4a9d-aacf-345e9b7eb50d,https://creativecommons.org/publicdomain/zero/1.0/,https://doi.org/10.13003/CED-terms-of-use,,,https://evidence.eventdata.crossref.org/evidence/20180422-wikipedia-109ffa33-6488-4abe-a209-98ff7d78db62,add,https://ca.wikipedia.org/wiki/Cirrosi_hep%C3%A0tica,Cirrosi hepàtica,https://ca.wikipedia.org/w/index.php?title=Cirrosi_hep%C3%A0tica&oldid=19851142,https://ca.wikipedia.org/api/rest_v1/page/html/Cirrosi_hep%C3%A0tica/19851142,https://doi.org/10.1002/hep.510270224,http://dx.doi.org/10.1002%2Fhep.510270224
228667,wikipedia,https://doi.org/10.1002/hep.510270224,https://ca.wikipedia.org/api/rest_v1/page/html/Cirrosi_hep%C3%A0tica/19852954,b39d50a5-a742-4fa6-9d02-aece25f18572,2018-04-23 13:23:50,2018-04-23 09:27:11,references,36c35e23-8757-4a9d-aacf-345e9b7eb50d,https://creativecommons.org/publicdomain/zero/1.0/,https://doi.org/10.13003/CED-terms-of-use,,,https://evidence.eventdata.crossref.org/evidence/20180423-wikipedia-e86ca860-44aa-4c72-9802-789bbae2bb30,add,https://ca.wikipedia.org/wiki/Cirrosi_hep%C3%A0tica,Cirrosi hepàtica,https://ca.wikipedia.org/w/index.php?title=Cirrosi_hep%C3%A0tica&oldid=19852954,https://ca.wikipedia.org/api/rest_v1/page/html/Cirrosi_hep%C3%A0tica/19852954,https://doi.org/10.1002/hep.510270224,http://dx.doi.org/10.1002%2Fhep.510270224
228668,wikipedia,https://doi.org/10.1002/hep.510270224,https://ca.wikipedia.org/api/rest_v1/page/html/Cirrosi_hep%C3%A0tica/19853034,dc5d5032-a953-4f9e-8694-c29cd4cc78ad,2018-04-23 14:10:09,2018-04-23 10:12:18,references,36c35e23-8757-4a9d-aacf-345e9b7eb50d,https://creativecommons.org/publicdomain/zero/1.0/,https://doi.org/10.13003/CED-terms-of-use,,,https://evidence.eventdata.crossref.org/evidence/20180423-wikipedia-5f3bfe79-3e22-42a4-b728-3e8e0a81b050,add,https://ca.wikipedia.org/wiki/Cirrosi_hep%C3%A0tica,Cirrosi hepàtica,https://ca.wikipedia.org/w/index.php?title=Cirrosi_hep%C3%A0tica&oldid=19853034,https://ca.wikipedia.org/api/rest_v1/page/html/Cirrosi_hep%C3%A0tica/19853034,https://doi.org/10.1002/hep.510270224,https://doi.org/10.1002/hep.510270224
228669,wikipedia,https://doi.org/10.1002/hep.510270224,https://ca.wikipedia.org/api/rest_v1/page/html/Cirrosi_hep%C3%A0tica/19873124,ffd95624-b0ff-4113-b706-8666412b2e5c,2018-04-30 23:25:31,2018-04-30 19:27:59,references,36c35e23-8757-4a9d-aacf-345e9b7eb50d,https://creativecommons.org/publicdomain/zero/1.0/,https://doi.org/10.13003/CED-terms-of-use,,,https://evidence.eventdata.crossref.org/evidence/20180430-wikipedia-2df0a1d4-f7e5-4bf9-be10-f47621c50deb,add,https://ca.wikipedia.org/wiki/Cirrosi_hep%C3%A0tica,Cirrosi hepàtica,https://ca.wikipedia.org/w/index.php?title=Cirrosi_hep%C3%A0tica&oldid=19873124,https://ca.wikipedia.org/api/rest_v1/page/html/Cirrosi_hep%C3%A0tica/19873124,https://doi.org/10.1002/hep.510270224,http://dx.doi.org/10.1002%2Fhep.510270224
228670,wikipedia,https://doi.org/10.1002/hep.510270224,https://ca.wikipedia.org/api/rest_v1/page/html/Cirrosi_hep%C3%A0tica/19878836,def90b14-8042-48d9-920d-0afe516fee78,2018-05-03 08:12:54,2018-05-03 04:16:15,references,36c35e23-8757-4a9d-aacf-345e9b7eb50d,https://creativecommons.org/publicdomain/zero/1.0/,https://doi.org/10.13003/CED-terms-of-use,,,https://evidence.eventdata.crossref.org/evidence/20180503-wikipedia-71fed890-8965-49e4-b689-905155994233,add,https://ca.wikipedia.org/wiki/Cirrosi_hep%C3%A0tica,Cirrosi hepàtica,https://ca.wikipedia.org/w/index.php?title=Cirrosi_hep%C3%A0tica&oldid=19878836,https://ca.wikipedia.org/api/rest_v1/page/html/Cirrosi_hep%C3%A0tica/19878836,https://doi.org/10.1002/hep.510270224,https://doi.org/10.1002/hep.510270224
228671,wikipedia,https://doi.org/10.1002/hep.510270224,https://ca.wikipedia.org/api/rest_v1/page/html/Cirrosi_hep%C3%A0tica/19879023,ef58104e-464e-45f9-b5ea-1ef3407b345d,2018-05-03 09:47:40,2018-05-03 05:50:45,references,36c35e23-8757-4a9d-aacf-345e9b7eb50d,https://creativecommons.org/publicdomain/zero/1.0/,https://doi.org/10.13003/CED-terms-of-use,,,https://evidence.eventdata.crossref.org/evidence/20180503-wikipedia-53e69c46-9edd-4329-9dd8-fd0fbf9d2a85,add,https://ca.wikipedia.org/wiki/Cirrosi_hep%C3%A0tica,Cirrosi hepàtica,https://ca.wikipedia.org/w/index.php?title=Cirrosi_hep%C3%A0tica&oldid=19879023,https://ca.wikipedia.org/api/rest_v1/page/html/Cirrosi_hep%C3%A0tica/19879023,https://doi.org/10.1002/hep.510270224,http://dx.doi.org/10.1002%2Fhep.510270224
228672,wikipedia,https://doi.org/10.1002/hep.510270224,https://ca.wikipedia.org/api/rest_v1/page/html/Cirrosi_hep%C3%A0tica/19949692,ead78f59-4762-4d0b-8d82-4567f9f8d3b1,2018-05-29 21:07:21,2018-05-29 17:09:55,references,36c35e23-8757-4a9d-aacf-345e9b7eb50d,https://creativecommons.org/publicdomain/zero/1.0/,https://doi.org/10.13003/CED-terms-of-use,,,https://evidence.eventdata.crossref.org/evidence/20180529-wikipedia-19f28970-b797-47ce-aa47-8f4a05933e4b,add,https://ca.wikipedia.org/wiki/Cirrosi_hep%C3%A0tica,Cirrosi hepàtica,https://ca.wikipedia.org/w/index.php?title=Cirrosi_hep%C3%A0tica&oldid=19949692,https://ca.wikipedia.org/api/rest_v1/page/html/Cirrosi_hep%C3%A0tica/19949692,https://doi.org/10.1002/hep.510270224,http://dx.doi.org/10.1002%2Fhep.510270224
228673,wikipedia,https://doi.org/10.1002/hep.510270224,https://ca.wikipedia.org/api/rest_v1/page/html/Cirrosi_hep%C3%A0tica/19952817,9c6b1baa-abb7-45dc-9fac-02c3c8f46ab0,2018-05-31 08:10:54,2018-05-31 04:12:07,references,36c35e23-8757-4a9d-aacf-345e9b7eb50d,https://creativecommons.org/publicdomain/zero/1.0/,https://doi.org/10.13003/CED-terms-of-use,,,https://evidence.eventdata.crossref.org/evidence/20180531-wikipedia-3087f483-ede5-4535-821c-162c42bf07fc,add,https://ca.wikipedia.org/wiki/Cirrosi_hep%C3%A0tica,Cirrosi hepàtica,https://ca.wikipedia.org/w/index.php?title=Cirrosi_hep%C3%A0tica&oldid=19952817,https://ca.wikipedia.org/api/rest_v1/page/html/Cirrosi_hep%C3%A0tica/19952817,https://doi.org/10.1002/hep.510270224,https://doi.org/10.1002/hep.510270224
228674,wikipedia,https://doi.org/10.1002/hep.510270224,https://ca.wikipedia.org/api/rest_v1/page/html/Cirrosi_hep%C3%A0tica/19952865,e5ba237d-28b4-4de0-989c-96c4fd524563,2018-05-31 08:48:59,2018-05-31 04:50:22,references,36c35e23-8757-4a9d-aacf-345e9b7eb50d,https://creativecommons.org/publicdomain/zero/1.0/,https://doi.org/10.13003/CED-terms-of-use,,,https://evidence.eventdata.crossref.org/evidence/20180531-wikipedia-6485b9ce-ec30-4a31-b5a8-3ac85bcb6499,add,https://ca.wikipedia.org/wiki/Cirrosi_hep%C3%A0tica,Cirrosi hepàtica,https://ca.wikipedia.org/w/index.php?title=Cirrosi_hep%C3%A0tica&oldid=19952865,https://ca.wikipedia.org/api/rest_v1/page/html/Cirrosi_hep%C3%A0tica/19952865,https://doi.org/10.1002/hep.510270224,https://doi.org/10.1002/hep.510270224
228675,wikipedia,https://doi.org/10.1002/hep.510270224,https://ca.wikipedia.org/api/rest_v1/page/html/Cirrosi_hep%C3%A0tica/19952903,de64e780-3c72-4c41-89c6-d7f049e052ce,2018-05-31 09:22:02,2018-05-31 05:23:52,references,36c35e23-8757-4a9d-aacf-345e9b7eb50d,https://creativecommons.org/publicdomain/zero/1.0/,https://doi.org/10.13003/CED-terms-of-use,,,https://evidence.eventdata.crossref.org/evidence/20180531-wikipedia-6d8c3bbe-9815-4d47-b5e4-d5454543a488,add,https://ca.wikipedia.org/wiki/Cirrosi_hep%C3%A0tica,Cirrosi hepàtica,https://ca.wikipedia.org/w/index.php?title=Cirrosi_hep%C3%A0tica&oldid=19952903,https://ca.wikipedia.org/api/rest_v1/page/html/Cirrosi_hep%C3%A0tica/19952903,https://doi.org/10.1002/hep.510270224,https://doi.org/10.1002/hep.510270224
228676,wikipedia,https://doi.org/10.1002/hep.510270224,https://ca.wikipedia.org/api/rest_v1/page/html/Cirrosi_hep%C3%A0tica/19952961,57227f56-e1f8-4e90-88ec-dcd26b116e8e,2018-05-31 09:52:49,2018-05-31 05:54:24,references,36c35e23-8757-4a9d-aacf-345e9b7eb50d,https://creativecommons.org/publicdomain/zero/1.0/,https://doi.org/10.13003/CED-terms-of-use,,,https://evidence.eventdata.crossref.org/evidence/20180531-wikipedia-4363980a-7215-4af4-b7cb-db573ddf3643,add,https://ca.wikipedia.org/wiki/Cirrosi_hep%C3%A0tica,Cirrosi hepàtica,https://ca.wikipedia.org/w/index.php?title=Cirrosi_hep%C3%A0tica&oldid=19952961,https://ca.wikipedia.org/api/rest_v1/page/html/Cirrosi_hep%C3%A0tica/19952961,https://doi.org/10.1002/hep.510270224,http://dx.doi.org/10.1002%2Fhep.510270224
228677,wikipedia,https://doi.org/10.1002/hep.510270224,https://ca.wikipedia.org/api/rest_v1/page/html/Cirrosi_hep%C3%A0tica/19953140,dcb266a5-0812-42c3-b1d3-4e445975b5f7,2018-05-31 11:11:04,2018-05-31 07:12:35,references,36c35e23-8757-4a9d-aacf-345e9b7eb50d,https://creativecommons.org/publicdomain/zero/1.0/,https://doi.org/10.13003/CED-terms-of-use,,,https://evidence.eventdata.crossref.org/evidence/20180531-wikipedia-1e271fda-dfd1-409d-aaab-3836629e4fe1,add,https://ca.wikipedia.org/wiki/Cirrosi_hep%C3%A0tica,Cirrosi hepàtica,https://ca.wikipedia.org/w/index.php?title=Cirrosi_hep%C3%A0tica&oldid=19953140,https://ca.wikipedia.org/api/rest_v1/page/html/Cirrosi_hep%C3%A0tica/19953140,https://doi.org/10.1002/hep.510270224,https://doi.org/10.1002/hep.510270224
228678,wikipedia,https://doi.org/10.1002/hep.510270224,https://ca.wikipedia.org/api/rest_v1/page/html/Cirrosi_hep%C3%A0tica/19976683,04086f4e-018c-4b8e-a922-54392dba2ee2,2018-06-08 18:57:11,2018-06-08 14:58:48,references,36c35e23-8757-4a9d-aacf-345e9b7eb50d,https://creativecommons.org/publicdomain/zero/1.0/,https://doi.org/10.13003/CED-terms-of-use,,,https://evidence.eventdata.crossref.org/evidence/20180608-wikipedia-52321e81-5db7-419a-b86f-3e3405285642,add,https://ca.wikipedia.org/wiki/Cirrosi_hep%C3%A0tica,Cirrosi hepàtica,https://ca.wikipedia.org/w/index.php?title=Cirrosi_hep%C3%A0tica&oldid=19976683,https://ca.wikipedia.org/api/rest_v1/page/html/Cirrosi_hep%C3%A0tica/19976683,https://doi.org/10.1002/hep.510270224,http://dx.doi.org/10.1002%2Fhep.510270224
228679,wikipedia,https://doi.org/10.1002/hep.510270224,https://ca.wikipedia.org/api/rest_v1/page/html/Cirrosi_hep%C3%A0tica/19978211,20eb5ad0-06bc-4f0c-8523-38804dd28027,2018-06-09 10:47:39,2018-06-09 06:50:17,references,36c35e23-8757-4a9d-aacf-345e9b7eb50d,https://creativecommons.org/publicdomain/zero/1.0/,https://doi.org/10.13003/CED-terms-of-use,,,https://evidence.eventdata.crossref.org/evidence/20180609-wikipedia-666d3296-e082-464b-a17f-6819a4317b8c,add,https://ca.wikipedia.org/wiki/Cirrosi_hep%C3%A0tica,Cirrosi hepàtica,https://ca.wikipedia.org/w/index.php?title=Cirrosi_hep%C3%A0tica&oldid=19978211,https://ca.wikipedia.org/api/rest_v1/page/html/Cirrosi_hep%C3%A0tica/19978211,https://doi.org/10.1002/hep.510270224,https://doi.org/10.1002/hep.510270224
228680,wikipedia,https://doi.org/10.1002/hep.510270224,https://ca.wikipedia.org/api/rest_v1/page/html/Cirrosi_hep%C3%A0tica/19978288,f8302770-7d8c-4440-b6f3-950ae18302da,2018-06-09 11:11:21,2018-06-09 07:13:13,references,36c35e23-8757-4a9d-aacf-345e9b7eb50d,https://creativecommons.org/publicdomain/zero/1.0/,https://doi.org/10.13003/CED-terms-of-use,,,https://evidence.eventdata.crossref.org/evidence/20180609-wikipedia-a0125f4b-979e-4eff-b95f-d946dbe3194f,add,https://ca.wikipedia.org/wiki/Cirrosi_hep%C3%A0tica,Cirrosi hepàtica,https://ca.wikipedia.org/w/index.php?title=Cirrosi_hep%C3%A0tica&oldid=19978288,https://ca.wikipedia.org/api/rest_v1/page/html/Cirrosi_hep%C3%A0tica/19978288,https://doi.org/10.1002/hep.510270224,https://doi.org/10.1002/hep.510270224
228681,wikipedia,https://doi.org/10.1002/hep.510270224,https://ca.wikipedia.org/api/rest_v1/page/html/Cirrosi_hep%C3%A0tica/20028718,e2889449-0b41-4470-b892-a34167949049,2018-06-26 16:37:05,2018-06-26 12:39:36,references,36c35e23-8757-4a9d-aacf-345e9b7eb50d,https://creativecommons.org/publicdomain/zero/1.0/,https://doi.org/10.13003/CED-terms-of-use,,,https://evidence.eventdata.crossref.org/evidence/20180626-wikipedia-4b55d68b-f870-4c9a-af56-438882278760,add,https://ca.wikipedia.org/wiki/Cirrosi_hep%C3%A0tica,Cirrosi hepàtica,https://ca.wikipedia.org/w/index.php?title=Cirrosi_hep%C3%A0tica&oldid=20028718,https://ca.wikipedia.org/api/rest_v1/page/html/Cirrosi_hep%C3%A0tica/20028718,https://doi.org/10.1002/hep.510270224,http://dx.doi.org/10.1002%2Fhep.510270224
228682,wikipedia,https://doi.org/10.1002/hep.510270224,https://ca.wikipedia.org/api/rest_v1/page/html/Cirrosi_hep%C3%A0tica/20175183,ee451e4c-4c63-4602-911e-0a769adea130,2018-08-16 18:12:34,2018-08-16 14:15:32,references,36c35e23-8757-4a9d-aacf-345e9b7eb50d,https://creativecommons.org/publicdomain/zero/1.0/,https://doi.org/10.13003/CED-terms-of-use,,,https://evidence.eventdata.crossref.org/evidence/20180816-wikipedia-14510ab9-fd58-4a40-b9e7-706cd10fec01,add,https://ca.wikipedia.org/wiki/Cirrosi_hep%C3%A0tica,Cirrosi hepàtica,https://ca.wikipedia.org/w/index.php?title=Cirrosi_hep%C3%A0tica&oldid=20175183,https://ca.wikipedia.org/api/rest_v1/page/html/Cirrosi_hep%C3%A0tica/20175183,https://doi.org/10.1002/hep.510270224,https://doi.org/10.1002/hep.510270224
228683,wikipedia,https://doi.org/10.1002/hep.510270224,https://ca.wikipedia.org/api/rest_v1/page/html/Cirrosi_hep%C3%A0tica/20261208,72d7fa07-557b-4510-a144-b29e405e94ab,2018-08-29 17:09:38,2018-08-29 13:23:04,references,36c35e23-8757-4a9d-aacf-345e9b7eb50d,https://creativecommons.org/publicdomain/zero/1.0/,https://doi.org/10.13003/CED-terms-of-use,,,https://evidence.eventdata.crossref.org/evidence/20180829-wikipedia-fe2801fb-1be5-4391-aba7-afc335d909c1,add,https://ca.wikipedia.org/wiki/Cirrosi_hep%C3%A0tica,Cirrosi hepàtica,https://ca.wikipedia.org/w/index.php?title=Cirrosi_hep%C3%A0tica&oldid=20261208,https://ca.wikipedia.org/api/rest_v1/page/html/Cirrosi_hep%C3%A0tica/20261208,https://doi.org/10.1002/hep.510270224,https://doi.org/10.1002/hep.510270224
228684,wikipedia,https://doi.org/10.1002/hep.510270224,https://ca.wikipedia.org/api/rest_v1/page/html/Cirrosi_hep%C3%A0tica/20479823,99f7ac9b-0355-4470-80a1-f720d41ce0f0,2018-11-12 11:32:55,2018-11-12 06:41:13,references,36c35e23-8757-4a9d-aacf-345e9b7eb50d,https://creativecommons.org/publicdomain/zero/1.0/,https://doi.org/10.13003/CED-terms-of-use,,,https://evidence.eventdata.crossref.org/evidence/20181112-wikipedia-6378c1bd-67e2-4613-b7e0-e16099d4b14c,add,https://ca.wikipedia.org/wiki/Cirrosi_hep%C3%A0tica,Cirrosi hepàtica,https://ca.wikipedia.org/w/index.php?title=Cirrosi_hep%C3%A0tica&oldid=20479823,https://ca.wikipedia.org/api/rest_v1/page/html/Cirrosi_hep%C3%A0tica/20479823,https://doi.org/10.1002/hep.510270224,http://dx.doi.org/10.1002%2Fhep.510270224
228685,wikipedia,https://doi.org/10.1002/hep.510270224,https://ca.wikipedia.org/api/rest_v1/page/html/Cirrosi_hep%C3%A0tica/22200220,d6ee3978-274f-4cdc-8544-7902c1317686,2019-11-01 09:47:01,2019-11-01 06:01:02,references,36c35e23-8757-4a9d-aacf-345e9b7eb50d,https://creativecommons.org/publicdomain/zero/1.0/,https://doi.org/10.13003/CED-terms-of-use,,,https://evidence.eventdata.crossref.org/evidence/20191101-wikipedia-3ae5cd4e-4952-421f-a1da-7b828c443ad7,add,https://ca.wikipedia.org/wiki/Cirrosi_hep%C3%A0tica,Cirrosi hepàtica,https://ca.wikipedia.org/w/index.php?title=Cirrosi_hep%C3%A0tica&oldid=22200220,https://ca.wikipedia.org/api/rest_v1/page/html/Cirrosi_hep%C3%A0tica/22200220,https://doi.org/10.1002/hep.510270224,http://dx.doi.org/10.1002%2Fhep.510270224
228686,wikipedia,https://doi.org/10.1002/hep.510270224,https://ca.wikipedia.org/api/rest_v1/page/html/Cirrosi_hep%C3%A0tica/22739855,9f7d0230-cbe2-46c9-bf26-1eda00952736,2020-02-13 10:52:51,2020-02-13 06:06:31,references,36c35e23-8757-4a9d-aacf-345e9b7eb50d,https://creativecommons.org/publicdomain/zero/1.0/,https://doi.org/10.13003/CED-terms-of-use,,,https://evidence.eventdata.crossref.org/evidence/20200213-wikipedia-e4c920a9-dcf3-4c00-a73b-6728b47ec01b,add,https://ca.wikipedia.org/wiki/Cirrosi_hep%C3%A0tica,Cirrosi hepàtica,https://ca.wikipedia.org/w/index.php?title=Cirrosi_hep%C3%A0tica&oldid=22739855,https://ca.wikipedia.org/api/rest_v1/page/html/Cirrosi_hep%C3%A0tica/22739855,https://doi.org/10.1002/hep.510270224,http://dx.doi.org/10.1002%2Fhep.510270224
228687,wikipedia,https://doi.org/10.1002/hep.510270224,https://ca.wikipedia.org/api/rest_v1/page/html/Cirrosi_hep%C3%A0tica/24579042,ef7c3331-18f4-4fea-ab8f-195c9381463b,2020-08-21 15:39:02,2020-09-03 12:26:14,references,36c35e23-8757-4a9d-aacf-345e9b7eb50d,https://creativecommons.org/publicdomain/zero/1.0/,https://doi.org/10.13003/CED-terms-of-use,,,https://evidence.eventdata.crossref.org/evidence/20200821-wikipedia-cbe0e6c5-fa69-4a7f-a523-5d576508395d,add,https://ca.wikipedia.org/wiki/Cirrosi_hep%C3%A0tica,Cirrosi hepàtica,https://ca.wikipedia.org/w/index.php?title=Cirrosi_hep%C3%A0tica&oldid=24579042,https://ca.wikipedia.org/api/rest_v1/page/html/Cirrosi_hep%C3%A0tica/24579042,https://doi.org/10.1002/hep.510270224,http://dx.doi.org/10.1002%2Fhep.510270224
228688,wikipedia,https://doi.org/10.1002/hep.510270224,https://ca.wikipedia.org/api/rest_v1/page/html/Cirrosi_hep%C3%A0tica/24974268,aeddc7a4-5157-4f22-aec9-4bb1cf70f1c1,2020-09-20 07:57:53,2020-09-20 20:43:58,references,36c35e23-8757-4a9d-aacf-345e9b7eb50d,https://creativecommons.org/publicdomain/zero/1.0/,https://doi.org/10.13003/CED-terms-of-use,,,https://evidence.eventdata.crossref.org/evidence/20200920-wikipedia-36ed275f-ab5d-462c-a0d3-0e7d5530e26e,add,https://ca.wikipedia.org/wiki/Cirrosi_hep%C3%A0tica,Cirrosi hepàtica,https://ca.wikipedia.org/w/index.php?title=Cirrosi_hep%C3%A0tica&oldid=24974268,https://ca.wikipedia.org/api/rest_v1/page/html/Cirrosi_hep%C3%A0tica/24974268,https://doi.org/10.1002/hep.510270224,https://doi.org/10.1002/hep.510270224
228689,wikipedia,https://doi.org/10.1002/hep.510270224,https://ca.wikipedia.org/api/rest_v1/page/html/Cirrosi_hep%C3%A0tica/23020858,32e4b2b7-f24f-4b44-90c1-20a2f261125c,2020-03-25 07:30:11,2020-10-13 17:15:44,references,36c35e23-8757-4a9d-aacf-345e9b7eb50d,https://creativecommons.org/publicdomain/zero/1.0/,https://doi.org/10.13003/CED-terms-of-use,,,https://evidence.eventdata.crossref.org/evidence/20200325-wikipedia-2d69dd64-e9b2-4bfa-8bbf-850e18b3d23a,add,https://ca.wikipedia.org/wiki/Cirrosi_hep%C3%A0tica,Cirrosi hepàtica,https://ca.wikipedia.org/w/index.php?title=Cirrosi_hep%C3%A0tica&oldid=23020858,https://ca.wikipedia.org/api/rest_v1/page/html/Cirrosi_hep%C3%A0tica/23020858,https://doi.org/10.1002/hep.510270224,https://doi.org/10.1002/hep.510270224
228690,wikipedia,https://doi.org/10.1002/hep.510270224,https://ca.wikipedia.org/api/rest_v1/page/html/Cirrosi_hep%C3%A0tica/23116243,adc5e90b-1b2e-48e5-9670-32ac9b9b91f4,2020-04-06 19:25:51,2020-10-14 00:11:06,references,36c35e23-8757-4a9d-aacf-345e9b7eb50d,https://creativecommons.org/publicdomain/zero/1.0/,https://doi.org/10.13003/CED-terms-of-use,,,https://evidence.eventdata.crossref.org/evidence/20200406-wikipedia-9bb18e04-a381-4829-98b9-1d10824267db,add,https://ca.wikipedia.org/wiki/Cirrosi_hep%C3%A0tica,Cirrosi hepàtica,https://ca.wikipedia.org/w/index.php?title=Cirrosi_hep%C3%A0tica&oldid=23116243,https://ca.wikipedia.org/api/rest_v1/page/html/Cirrosi_hep%C3%A0tica/23116243,https://doi.org/10.1002/hep.510270224,http://dx.doi.org/10.1002%2Fhep.510270224
228691,wikipedia,https://doi.org/10.1002/hep.510270224,https://ca.wikipedia.org/api/rest_v1/page/html/Cirrosi_hep%C3%A0tica/23303844,2f025330-8521-44bd-b30d-d6beb3cd1ff5,2020-04-25 09:55:49,2020-10-14 10:22:25,references,36c35e23-8757-4a9d-aacf-345e9b7eb50d,https://creativecommons.org/publicdomain/zero/1.0/,https://doi.org/10.13003/CED-terms-of-use,,,https://evidence.eventdata.crossref.org/evidence/20200425-wikipedia-c2a0c706-8b63-4202-9c7d-4e161ce6a886,add,https://ca.wikipedia.org/wiki/Cirrosi_hep%C3%A0tica,Cirrosi hepàtica,https://ca.wikipedia.org/w/index.php?title=Cirrosi_hep%C3%A0tica&oldid=23303844,https://ca.wikipedia.org/api/rest_v1/page/html/Cirrosi_hep%C3%A0tica/23303844,https://doi.org/10.1002/hep.510270224,http://dx.doi.org/10.1002%2Fhep.510270224
228692,wikipedia,https://doi.org/10.1002/hep.510270224,https://ca.wikipedia.org/api/rest_v1/page/html/Cirrosi_hep%C3%A0tica/23379121,75e7b985-e5f8-4fbc-bf55-77073007ce03,2020-04-30 20:45:15,2020-10-14 12:34:41,references,36c35e23-8757-4a9d-aacf-345e9b7eb50d,https://creativecommons.org/publicdomain/zero/1.0/,https://doi.org/10.13003/CED-terms-of-use,,,https://evidence.eventdata.crossref.org/evidence/20200430-wikipedia-52a1386b-631a-4a21-a7f9-b5b9d36061a0,add,https://ca.wikipedia.org/wiki/Cirrosi_hep%C3%A0tica,Cirrosi hepàtica,https://ca.wikipedia.org/w/index.php?title=Cirrosi_hep%C3%A0tica&oldid=23379121,https://ca.wikipedia.org/api/rest_v1/page/html/Cirrosi_hep%C3%A0tica/23379121,https://doi.org/10.1002/hep.510270224,http://dx.doi.org/10.1002%2Fhep.510270224
228693,wikipedia,https://doi.org/10.1002/hep.510270224,https://ca.wikipedia.org/api/rest_v1/page/html/Cirrosi_hep%C3%A0tica/23551305,98def2b9-a923-4eed-9d1c-ef61687be7e1,2020-05-17 10:32:56,2020-10-14 20:25:52,references,36c35e23-8757-4a9d-aacf-345e9b7eb50d,https://creativecommons.org/publicdomain/zero/1.0/,https://doi.org/10.13003/CED-terms-of-use,,,https://evidence.eventdata.crossref.org/evidence/20200517-wikipedia-b99056e6-6800-44ad-a418-76439d86eef4,add,https://ca.wikipedia.org/wiki/Cirrosi_hep%C3%A0tica,Cirrosi hepàtica,https://ca.wikipedia.org/w/index.php?title=Cirrosi_hep%C3%A0tica&oldid=23551305,https://ca.wikipedia.org/api/rest_v1/page/html/Cirrosi_hep%C3%A0tica/23551305,https://doi.org/10.1002/hep.510270224,https://doi.org/10.1002/hep.510270224
228694,wikipedia,https://doi.org/10.1002/hep.510270224,https://ca.wikipedia.org/api/rest_v1/page/html/Cirrosi_hep%C3%A0tica/23886524,3b209a16-1940-4bb0-83a9-52c880a9fce8,2020-06-26 09:01:17,2020-10-15 16:04:37,references,36c35e23-8757-4a9d-aacf-345e9b7eb50d,https://creativecommons.org/publicdomain/zero/1.0/,https://doi.org/10.13003/CED-terms-of-use,,,https://evidence.eventdata.crossref.org/evidence/20200626-wikipedia-59b22d6a-864d-4530-a8aa-73e87ce5dab7,add,https://ca.wikipedia.org/wiki/Cirrosi_hep%C3%A0tica,Cirrosi hepàtica,https://ca.wikipedia.org/w/index.php?title=Cirrosi_hep%C3%A0tica&oldid=23886524,https://ca.wikipedia.org/api/rest_v1/page/html/Cirrosi_hep%C3%A0tica/23886524,https://doi.org/10.1002/hep.510270224,http://dx.doi.org/10.1002%2Fhep.510270224
228695,wikipedia,https://doi.org/10.1002/hep.510270224,https://ca.wikipedia.org/api/rest_v1/page/html/Cirrosi_hep%C3%A0tica/24004486,516e9708-684d-4ae1-a5af-adc1e129364c,2020-07-07 12:12:42,2020-10-15 21:27:27,references,36c35e23-8757-4a9d-aacf-345e9b7eb50d,https://creativecommons.org/publicdomain/zero/1.0/,https://doi.org/10.13003/CED-terms-of-use,,,https://evidence.eventdata.crossref.org/evidence/20200707-wikipedia-04f88c24-f16b-4ac8-a64e-6c04681290d2,add,https://ca.wikipedia.org/wiki/Cirrosi_hep%C3%A0tica,Cirrosi hepàtica,https://ca.wikipedia.org/w/index.php?title=Cirrosi_hep%C3%A0tica&oldid=24004486,https://ca.wikipedia.org/api/rest_v1/page/html/Cirrosi_hep%C3%A0tica/24004486,https://doi.org/10.1002/hep.510270224,https://doi.org/10.1002/hep.510270224
228696,wikipedia,https://doi.org/10.1002/hep.510270224,https://ca.wikipedia.org/api/rest_v1/page/html/Cirrosi_hep%C3%A0tica/24315714,878ca891-9b8b-4d74-b553-50c23bc228a3,2020-07-28 16:07:45,2020-10-16 11:30:44,references,36c35e23-8757-4a9d-aacf-345e9b7eb50d,https://creativecommons.org/publicdomain/zero/1.0/,https://doi.org/10.13003/CED-terms-of-use,,,https://evidence.eventdata.crossref.org/evidence/20200728-wikipedia-536c4fbd-dfb2-461f-80b1-d112ec72197a,add,https://ca.wikipedia.org/wiki/Cirrosi_hep%C3%A0tica,Cirrosi hepàtica,https://ca.wikipedia.org/w/index.php?title=Cirrosi_hep%C3%A0tica&oldid=24315714,https://ca.wikipedia.org/api/rest_v1/page/html/Cirrosi_hep%C3%A0tica/24315714,https://doi.org/10.1002/hep.510270224,http://dx.doi.org/10.1002%2Fhep.510270224
228697,wikipedia,https://doi.org/10.1002/hep.510270224,https://ca.wikipedia.org/api/rest_v1/page/html/Cirrosi_hep%C3%A0tica/24335418,43741894-f50b-4768-b99d-b709022bd972,2020-07-29 16:28:33,2020-10-16 11:55:27,references,36c35e23-8757-4a9d-aacf-345e9b7eb50d,https://creativecommons.org/publicdomain/zero/1.0/,https://doi.org/10.13003/CED-terms-of-use,,,https://evidence.eventdata.crossref.org/evidence/20200729-wikipedia-4e40fb51-3ad9-446a-ac87-879e993d9735,add,https://ca.wikipedia.org/wiki/Cirrosi_hep%C3%A0tica,Cirrosi hepàtica,https://ca.wikipedia.org/w/index.php?title=Cirrosi_hep%C3%A0tica&oldid=24335418,https://ca.wikipedia.org/api/rest_v1/page/html/Cirrosi_hep%C3%A0tica/24335418,https://doi.org/10.1002/hep.510270224,https://doi.org/10.1002/hep.510270224
228698,wikipedia,https://doi.org/10.1002/hep.510270224,https://ca.wikipedia.org/api/rest_v1/page/html/Cirrosi_hep%C3%A0tica/24393791,e0521b91-6fd2-4b7c-b55c-7f81b21635a2,2020-08-03 09:35:18,2020-10-16 13:54:19,references,36c35e23-8757-4a9d-aacf-345e9b7eb50d,https://creativecommons.org/publicdomain/zero/1.0/,https://doi.org/10.13003/CED-terms-of-use,,,https://evidence.eventdata.crossref.org/evidence/20200803-wikipedia-320fff39-2aa6-4be0-9cf8-b0f524ac84ed,add,https://ca.wikipedia.org/wiki/Cirrosi_hep%C3%A0tica,Cirrosi hepàtica,https://ca.wikipedia.org/w/index.php?title=Cirrosi_hep%C3%A0tica&oldid=24393791,https://ca.wikipedia.org/api/rest_v1/page/html/Cirrosi_hep%C3%A0tica/24393791,https://doi.org/10.1002/hep.510270224,https://doi.org/10.1002/hep.510270224
228699,wikipedia,https://doi.org/10.1002/hep.510270224,https://ca.wikipedia.org/api/rest_v1/page/html/Cirrosi_hep%C3%A0tica/24468286,e9df73ed-30ef-4b76-92b7-00a63900be44,2020-08-12 17:12:23,2020-10-16 22:14:31,references,36c35e23-8757-4a9d-aacf-345e9b7eb50d,https://creativecommons.org/publicdomain/zero/1.0/,https://doi.org/10.13003/CED-terms-of-use,,,https://evidence.eventdata.crossref.org/evidence/20200812-wikipedia-dcbe6991-2de8-4cb8-af11-2abf89210604,add,https://ca.wikipedia.org/wiki/Cirrosi_hep%C3%A0tica,Cirrosi hepàtica,https://ca.wikipedia.org/w/index.php?title=Cirrosi_hep%C3%A0tica&oldid=24468286,https://ca.wikipedia.org/api/rest_v1/page/html/Cirrosi_hep%C3%A0tica/24468286,https://doi.org/10.1002/hep.510270224,https://doi.org/10.1002/hep.510270224
228700,wikipedia,https://doi.org/10.1002/hep.510270224,https://ca.wikipedia.org/api/rest_v1/page/html/Cirrosi_hep%C3%A0tica/24545229,31c19c09-c884-439e-b2b1-20c00a80d4a8,2020-08-18 21:39:24,2020-10-17 00:19:21,references,36c35e23-8757-4a9d-aacf-345e9b7eb50d,https://creativecommons.org/publicdomain/zero/1.0/,https://doi.org/10.13003/CED-terms-of-use,,,https://evidence.eventdata.crossref.org/evidence/20200818-wikipedia-3b83f8df-5eff-4c07-9d4f-b8146bf53ea1,add,https://ca.wikipedia.org/wiki/Cirrosi_hep%C3%A0tica,Cirrosi hepàtica,https://ca.wikipedia.org/w/index.php?title=Cirrosi_hep%C3%A0tica&oldid=24545229,https://ca.wikipedia.org/api/rest_v1/page/html/Cirrosi_hep%C3%A0tica/24545229,https://doi.org/10.1002/hep.510270224,https://doi.org/10.1002/hep.510270224
228701,wikipedia,https://doi.org/10.1002/hep.510270224,https://ca.wikipedia.org/api/rest_v1/page/html/Cirrosi_hep%C3%A0tica/24538282,d7676ee1-1555-4de8-875b-fb4e91f62898,2020-08-18 07:58:37,2020-10-17 00:28:30,references,36c35e23-8757-4a9d-aacf-345e9b7eb50d,https://creativecommons.org/publicdomain/zero/1.0/,https://doi.org/10.13003/CED-terms-of-use,,,https://evidence.eventdata.crossref.org/evidence/20200818-wikipedia-a4ed60dc-60b6-49de-9475-f97b3eb5f53e,add,https://ca.wikipedia.org/wiki/Cirrosi_hep%C3%A0tica,Cirrosi hepàtica,https://ca.wikipedia.org/w/index.php?title=Cirrosi_hep%C3%A0tica&oldid=24538282,https://ca.wikipedia.org/api/rest_v1/page/html/Cirrosi_hep%C3%A0tica/24538282,https://doi.org/10.1002/hep.510270224,https://doi.org/10.1002/hep.510270224
228702,wikipedia,https://doi.org/10.1002/hep.510270224,https://ca.wikipedia.org/api/rest_v1/page/html/Cirrosi_hep%C3%A0tica/24538223,69a0611d-ee92-42b4-8e7f-837a1a1f6702,2020-08-18 07:06:18,2020-10-17 00:31:12,references,36c35e23-8757-4a9d-aacf-345e9b7eb50d,https://creativecommons.org/publicdomain/zero/1.0/,https://doi.org/10.13003/CED-terms-of-use,,,https://evidence.eventdata.crossref.org/evidence/20200818-wikipedia-ca4012bc-6bff-4e98-a967-890ff413e00b,add,https://ca.wikipedia.org/wiki/Cirrosi_hep%C3%A0tica,Cirrosi hepàtica,https://ca.wikipedia.org/w/index.php?title=Cirrosi_hep%C3%A0tica&oldid=24538223,https://ca.wikipedia.org/api/rest_v1/page/html/Cirrosi_hep%C3%A0tica/24538223,https://doi.org/10.1002/hep.510270224,https://doi.org/10.1002/hep.510270224
228703,wikipedia,https://doi.org/10.1002/hep.510270224,https://ca.wikipedia.org/api/rest_v1/page/html/Cirrosi_hep%C3%A0tica/24562451,b5a44f49-c6f0-464d-974d-bfb81fff5f52,2020-08-20 13:52:55,2020-10-17 01:17:03,references,36c35e23-8757-4a9d-aacf-345e9b7eb50d,https://creativecommons.org/publicdomain/zero/1.0/,https://doi.org/10.13003/CED-terms-of-use,,,https://evidence.eventdata.crossref.org/evidence/20200820-wikipedia-a169e5b6-8a40-440b-9e98-605b9451e06c,add,https://ca.wikipedia.org/wiki/Cirrosi_hep%C3%A0tica,Cirrosi hepàtica,https://ca.wikipedia.org/w/index.php?title=Cirrosi_hep%C3%A0tica&oldid=24562451,https://ca.wikipedia.org/api/rest_v1/page/html/Cirrosi_hep%C3%A0tica/24562451,https://doi.org/10.1002/hep.510270224,http://dx.doi.org/10.1002%2Fhep.510270224
228704,wikipedia,https://doi.org/10.1002/hep.510270224,https://ca.wikipedia.org/api/rest_v1/page/html/Cirrosi_hep%C3%A0tica/24570093,51214b17-2329-4c7e-80fa-2bbf6b801b7a,2020-08-20 23:50:28,2020-10-17 01:18:20,references,36c35e23-8757-4a9d-aacf-345e9b7eb50d,https://creativecommons.org/publicdomain/zero/1.0/,https://doi.org/10.13003/CED-terms-of-use,,,https://evidence.eventdata.crossref.org/evidence/20200820-wikipedia-b3a98c1f-1c13-49ff-8734-ce502a469d06,add,https://ca.wikipedia.org/wiki/Cirrosi_hep%C3%A0tica,Cirrosi hepàtica,https://ca.wikipedia.org/w/index.php?title=Cirrosi_hep%C3%A0tica&oldid=24570093,https://ca.wikipedia.org/api/rest_v1/page/html/Cirrosi_hep%C3%A0tica/24570093,https://doi.org/10.1002/hep.510270224,http://dx.doi.org/10.1002%2Fhep.510270224
228705,wikipedia,https://doi.org/10.1002/hep.510270224,https://ca.wikipedia.org/api/rest_v1/page/html/Cirrosi_hep%C3%A0tica/24574048,b1e0abe4-a545-48ea-9e64-47e45bc4db49,2020-08-21 08:55:28,2020-10-17 01:35:18,references,36c35e23-8757-4a9d-aacf-345e9b7eb50d,https://creativecommons.org/publicdomain/zero/1.0/,https://doi.org/10.13003/CED-terms-of-use,,,https://evidence.eventdata.crossref.org/evidence/20200821-wikipedia-77924328-d0a7-4442-9c65-8ab857cca62c,add,https://ca.wikipedia.org/wiki/Cirrosi_hep%C3%A0tica,Cirrosi hepàtica,https://ca.wikipedia.org/w/index.php?title=Cirrosi_hep%C3%A0tica&oldid=24574048,https://ca.wikipedia.org/api/rest_v1/page/html/Cirrosi_hep%C3%A0tica/24574048,https://doi.org/10.1002/hep.510270224,https://doi.org/10.1002/hep.510270224
228706,wikipedia,https://doi.org/10.1002/hep.510270224,https://ca.wikipedia.org/api/rest_v1/page/html/Cirrosi_hep%C3%A0tica/25635017,b28cd432-129c-464b-80a5-a1eece9e9c4b,2020-12-09 07:47:24,2020-12-09 03:29:00,references,36c35e23-8757-4a9d-aacf-345e9b7eb50d,https://creativecommons.org/publicdomain/zero/1.0/,https://doi.org/10.13003/CED-terms-of-use,,,https://evidence.eventdata.crossref.org/evidence/20201209-wikipedia-d10ff2e3-0027-45de-9150-f39d5688b0e6,add,https://ca.wikipedia.org/wiki/Cirrosi_hep%C3%A0tica,Cirrosi hepàtica,https://ca.wikipedia.org/w/index.php?title=Cirrosi_hep%C3%A0tica&oldid=25635017,https://ca.wikipedia.org/api/rest_v1/page/html/Cirrosi_hep%C3%A0tica/25635017,https://doi.org/10.1002/hep.510270224,https://doi.org/10.1002/hep.510270224
228707,wikipedia,https://doi.org/10.1002/hep.510270224,https://ca.wikipedia.org/api/rest_v1/page/html/Cirrosi_hep%C3%A0tica/26035403,cef72152-76b0-4860-ab9b-f6f7103ba4b6,2021-01-16 09:18:58,2021-01-16 04:28:47,references,36c35e23-8757-4a9d-aacf-345e9b7eb50d,https://creativecommons.org/publicdomain/zero/1.0/,https://doi.org/10.13003/CED-terms-of-use,,,https://evidence.eventdata.crossref.org/evidence/20210116-wikipedia-a2a95d73-bfd0-43f8-af86-ac60e2742cff,add,https://ca.wikipedia.org/wiki/Cirrosi_hep%C3%A0tica,Cirrosi hepàtica,https://ca.wikipedia.org/w/index.php?title=Cirrosi_hep%C3%A0tica&oldid=26035403,https://ca.wikipedia.org/api/rest_v1/page/html/Cirrosi_hep%C3%A0tica/26035403,https://doi.org/10.1002/hep.510270224,https://doi.org/10.1002/hep.510270224
228708,wikipedia,https://doi.org/10.1002/hep.510270224,https://ca.wikipedia.org/api/rest_v1/page/html/Cirrosi_hep%C3%A0tica/26323501,a31158ed-23f4-4557-8e56-1109617bca8a,2021-02-11 22:38:31,2021-02-11 18:17:30,references,36c35e23-8757-4a9d-aacf-345e9b7eb50d,https://creativecommons.org/publicdomain/zero/1.0/,https://doi.org/10.13003/CED-terms-of-use,,,https://evidence.eventdata.crossref.org/evidence/20210211-wikipedia-7f971273-4cdb-443d-ae74-66de59168bfb,add,https://ca.wikipedia.org/wiki/Cirrosi_hep%C3%A0tica,Cirrosi hepàtica,https://ca.wikipedia.org/w/index.php?title=Cirrosi_hep%C3%A0tica&oldid=26323501,https://ca.wikipedia.org/api/rest_v1/page/html/Cirrosi_hep%C3%A0tica/26323501,https://doi.org/10.1002/hep.510270224,http://dx.doi.org/10.1002%2Fhep.510270224
