cambiaIncrement,sourceID,objectID,subjectID,eventID,occurredAt,timeObserved,relationType,sourceToken,license,termsOfUse,updatedReason,updated,eventAction,workSubtypeID,workTypeID,subjectTitle,subjectPID,jurisdiction,updatedDate
520,cambia-lens,https://doi.org/10.1016/s0092-8674(00)81425-7,https://lens.org/108-515-273-310-709,58e7181a-1934-d6d6-89eb-a2805111752a,2011-11-08 00:00:00,2017-11-09 21:33:02,cites,1ad0b713-78ed-4bb9-8d5d-a3c2d163d46f,https://creativecommons.org/licenses/by-sa/4.0/,https://doi.org/10.13003/CED-terms-of-use,,,add,Granted Patent,patent,Plant Cell Signaling Genes,https://lens.org/108-515-273-310-709,US,
521,cambia-lens,https://doi.org/10.1016/s0092-8674(00)81425-7,https://lens.org/115-523-387-698-16X,859fe30e-effc-51c3-8e8d-e408994be7b2,2012-12-27 00:00:00,2017-11-09 23:22:19,cites,1ad0b713-78ed-4bb9-8d5d-a3c2d163d46f,https://creativecommons.org/licenses/by-sa/4.0/,https://doi.org/10.13003/CED-terms-of-use,,,add,Patent Application,patent,Means And Methods For The Determination Of Prediction Models Associated With A Phenotype,https://lens.org/115-523-387-698-16X,WO,
522,cambia-lens,https://doi.org/10.1016/s0092-8674(00)81425-7,https://lens.org/131-989-359-703-595,18cccf49-c088-4817-67d1-7304fb1c2dfc,2009-03-17 00:00:00,2017-11-10 03:35:45,cites,1ad0b713-78ed-4bb9-8d5d-a3c2d163d46f,https://creativecommons.org/licenses/by-sa/4.0/,https://doi.org/10.13003/CED-terms-of-use,,,add,Granted Patent,patent,Genes Which Produce Staygreen Characteristics In Maize And Their Uses,https://lens.org/131-989-359-703-595,US,
523,cambia-lens,https://doi.org/10.1016/s0092-8674(00)81425-7,https://lens.org/137-552-714-570-624,b839824e-eb83-c066-a16b-12fa57a0759b,2010-02-02 00:00:00,2017-11-10 05:02:55,cites,1ad0b713-78ed-4bb9-8d5d-a3c2d163d46f,https://creativecommons.org/licenses/by-sa/4.0/,https://doi.org/10.13003/CED-terms-of-use,,,add,Granted Patent,patent,Regulating The Ethylene Response Of A Plant By Modulation Of F-Box Proteins,https://lens.org/137-552-714-570-624,US,
524,cambia-lens,https://doi.org/10.1016/s0092-8674(00)81425-7,https://lens.org/139-996-540-588-698,29a62ba2-60b9-38d1-b574-1cacce613396,2014-02-13 00:00:00,2017-11-10 05:41:17,cites,1ad0b713-78ed-4bb9-8d5d-a3c2d163d46f,https://creativecommons.org/licenses/by-sa/4.0/,https://doi.org/10.13003/CED-terms-of-use,,,add,Patent Application,patent,Interfering Rnas That Promote Root Growth,https://lens.org/139-996-540-588-698,US,
525,cambia-lens,https://doi.org/10.1016/s0092-8674(00)81425-7,https://lens.org/152-076-618-317-097,871203a9-b3c3-b633-6441-172f8c53ead0,2011-03-29 00:00:00,2017-11-10 08:48:12,cites,1ad0b713-78ed-4bb9-8d5d-a3c2d163d46f,https://creativecommons.org/licenses/by-sa/4.0/,https://doi.org/10.13003/CED-terms-of-use,,,add,Granted Patent,patent,Maize Etr2 Gene And Uses Thereof,https://lens.org/152-076-618-317-097,US,
526,cambia-lens,https://doi.org/10.1016/s0092-8674(00)81425-7,https://lens.org/154-760-945-992-851,060d8df7-7ac7-7f76-931c-0605c6b4f6ed,2011-05-31 00:00:00,2017-11-10 09:29:15,cites,1ad0b713-78ed-4bb9-8d5d-a3c2d163d46f,https://creativecommons.org/licenses/by-sa/4.0/,https://doi.org/10.13003/CED-terms-of-use,,,add,Granted Patent,patent,Increasing Grain Yield Through Targeted Reduction In Ethylene Signaling,https://lens.org/154-760-945-992-851,US,
527,cambia-lens,https://doi.org/10.1016/s0092-8674(00)81425-7,https://lens.org/176-597-650-174-270,3cea2281-3a24-6a42-68d0-474388d98660,2014-04-22 00:00:00,2017-11-10 15:31:26,cites,1ad0b713-78ed-4bb9-8d5d-a3c2d163d46f,https://creativecommons.org/licenses/by-sa/4.0/,https://doi.org/10.13003/CED-terms-of-use,,,add,Granted Patent,patent,Nucleic Acids That Encode Ers1 From Maize And Their Uses,https://lens.org/176-597-650-174-270,US,
528,cambia-lens,https://doi.org/10.1016/s0092-8674(00)81425-7,https://lens.org/184-235-686-056-446,b5965041-dfc7-deb1-69eb-b693b9c93ee6,2014-01-07 00:00:00,2017-11-10 17:40:31,cites,1ad0b713-78ed-4bb9-8d5d-a3c2d163d46f,https://creativecommons.org/licenses/by-sa/4.0/,https://doi.org/10.13003/CED-terms-of-use,,,add,Granted Patent,patent,Regulating The Ethylene Response Of A Plant By Modulation Of F-Box Proteins,https://lens.org/184-235-686-056-446,US,
529,cambia-lens,https://doi.org/10.1016/s0092-8674(00)81425-7,https://lens.org/195-921-314-028-988,a3ffc5a6-2cf5-8436-3332-5eef441b6795,2011-03-08 00:00:00,2017-11-10 20:58:45,cites,1ad0b713-78ed-4bb9-8d5d-a3c2d163d46f,https://creativecommons.org/licenses/by-sa/4.0/,https://doi.org/10.13003/CED-terms-of-use,,,add,Granted Patent,patent,Regulating The Ethylene Response Of A Plant By Modulation Of F-Box Proteins,https://lens.org/195-921-314-028-988,US,
530,cambia-lens,https://doi.org/10.1016/s0092-8674(00)81425-7,https://lens.org/088-277-402-673-975,38ddb5c9-edf5-130b-f758-eae842917ac5,2010-05-25 00:00:00,2017-11-11 16:15:20,cites,1ad0b713-78ed-4bb9-8d5d-a3c2d163d46f,https://creativecommons.org/licenses/by-sa/4.0/,https://doi.org/10.13003/CED-terms-of-use,,,add,Granted Patent,patent,Plant Cell Signaling Genes,https://lens.org/088-277-402-673-975,US,
