crossRefIncrement,sourceID,objectID,subjectID,eventID,occurredAt,timeObserved,relationType,sourceToken,license,crossrefTermsOfUse,messageAction
2035,crossref,https://doi.org/10.1016/s0092-8674(00)81425-7,https://doi.org/10.3389/fpls.2019.00790,d78c1f16-3762-4e99-bd13-2fb5be9e39ab,2019-06-18 00:00:00,2019-06-18 22:17:08,references,8676e950-8ac5-4074-8ac3-c0a18ada7e99,https://doi.org/10.13003/CED-terms-of-use,https://doi.org/10.13003/CED-terms-of-use,create
2036,crossref,https://doi.org/10.1016/S0092-8674(00)81425-7,https://doi.org/10.1093/jxb/err324,ba6427fb-60e2-46b8-9be8-25755d3e7ec3,2011-11-04 00:00:00,2019-06-20 01:04:25,references,8676e950-8ac5-4074-8ac3-c0a18ada7e99,https://doi.org/10.13003/CED-terms-of-use,https://doi.org/10.13003/CED-terms-of-use,create
2037,crossref,https://doi.org/10.1016/S0092-8674(00)81425-7,https://doi.org/10.1111/een.12771,f4fd61e0-7f4c-42d2-8e96-ff6457ed6d2b,2019-06-18 00:00:00,2019-06-20 15:00:24,references,8676e950-8ac5-4074-8ac3-c0a18ada7e99,https://doi.org/10.13003/CED-terms-of-use,https://doi.org/10.13003/CED-terms-of-use,create
2038,crossref,https://doi.org/10.1016/S0092-8674(00)81425-7,https://doi.org/10.6090/jarq.45.107,6e34c20c-07fd-4ccd-9e25-96e2cdfe6a9f,2011-01-01 00:00:00,2019-06-23 13:04:28,references,8676e950-8ac5-4074-8ac3-c0a18ada7e99,https://doi.org/10.13003/CED-terms-of-use,https://doi.org/10.13003/CED-terms-of-use,create
2039,crossref,https://doi.org/10.1016/S0092-8674(00)81425-7,https://doi.org/10.1007/s10059-012-2245-x,e6885dbd-9bd3-4f34-9342-c9f7e073e80c,2012-01-01 00:00:00,2019-06-24 10:49:26,references,8676e950-8ac5-4074-8ac3-c0a18ada7e99,https://doi.org/10.13003/CED-terms-of-use,https://doi.org/10.13003/CED-terms-of-use,create
2040,crossref,https://doi.org/10.1016/S0092-8674(00)81425-7,https://doi.org/10.2503/jjshs1.81.140,c42eeeb7-4697-463a-adc4-d1d81d7a5bd2,2012-01-01 00:00:00,2019-06-30 21:38:18,references,8676e950-8ac5-4074-8ac3-c0a18ada7e99,https://doi.org/10.13003/CED-terms-of-use,https://doi.org/10.13003/CED-terms-of-use,create
2041,crossref,https://doi.org/10.1016/S0092-8674(00)81425-7,https://doi.org/10.4161/psb.20321,1e966790-766e-4cf7-b0a8-75b3dfd44caf,2012-07-01 00:00:00,2019-07-02 10:03:19,references,8676e950-8ac5-4074-8ac3-c0a18ada7e99,https://doi.org/10.13003/CED-terms-of-use,https://doi.org/10.13003/CED-terms-of-use,create
2042,crossref,https://doi.org/10.1016/S0092-8674(00)81425-7,https://doi.org/10.1093/jxb/ers210,e64a0b93-8749-430f-bb8b-44968616aa7e,2012-08-21 00:00:00,2019-07-03 13:38:24,references,8676e950-8ac5-4074-8ac3-c0a18ada7e99,https://doi.org/10.13003/CED-terms-of-use,https://doi.org/10.13003/CED-terms-of-use,create
2043,crossref,https://doi.org/10.1016/S0092-8674(00)81425-7,https://doi.org/10.1007/s00344-013-9326-8,ac8f01eb-d6e9-4130-90dc-169b99108f2f,2013-03-12 00:00:00,2019-07-12 18:40:35,references,8676e950-8ac5-4074-8ac3-c0a18ada7e99,https://doi.org/10.13003/CED-terms-of-use,https://doi.org/10.13003/CED-terms-of-use,create
2044,crossref,https://doi.org/10.1016/S0092-8674(00)81425-7,https://doi.org/10.1093/jxb/ert031,b31a28a5-34bb-4952-a4fd-dd433216174f,2013-02-11 00:00:00,2019-07-15 09:10:51,references,8676e950-8ac5-4074-8ac3-c0a18ada7e99,https://doi.org/10.13003/CED-terms-of-use,https://doi.org/10.13003/CED-terms-of-use,create
2045,crossref,https://doi.org/10.1016/S0092-8674(00)81425-7,https://doi.org/10.1098/rstb.1998.0295,e874d564-f2d4-45af-84a1-7b3afc2a1b80,1998-09-29 00:00:00,2019-07-19 04:41:16,references,8676e950-8ac5-4074-8ac3-c0a18ada7e99,https://doi.org/10.13003/CED-terms-of-use,https://doi.org/10.13003/CED-terms-of-use,create
2046,crossref,https://doi.org/10.1016/S0092-8674(00)81425-7,https://doi.org/10.1074/mcp.M113.031633,c45948e2-630c-4b9d-9724-19e2dde83664,2013-09-16 00:00:00,2019-07-24 23:24:08,references,8676e950-8ac5-4074-8ac3-c0a18ada7e99,https://doi.org/10.13003/CED-terms-of-use,https://doi.org/10.13003/CED-terms-of-use,create
2047,crossref,https://doi.org/10.1016/S0092-8674(00)81425-7,https://doi.org/10.1007/s00299-013-1421-6,d8bdcefb-da4c-4e3d-9fc5-df91bba2d7bb,2013-03-23 00:00:00,2019-07-26 02:00:22,references,8676e950-8ac5-4074-8ac3-c0a18ada7e99,https://doi.org/10.13003/CED-terms-of-use,https://doi.org/10.13003/CED-terms-of-use,create
2048,crossref,https://doi.org/10.1016/S0092-8674(00)81425-7,https://doi.org/10.1007/s11103-013-0084-6,70c024dc-5ee6-497f-96a3-cd9147e3aa24,2013-06-08 00:00:00,2019-10-11 13:58:29,references,8676e950-8ac5-4074-8ac3-c0a18ada7e99,https://doi.org/10.13003/CED-terms-of-use,https://doi.org/10.13003/CED-terms-of-use,create
2049,crossref,https://doi.org/10.1016/S0092-8674(00)81425-7,https://doi.org/10.1093/bfgp/ely010,65f2e07e-7924-47ae-98d3-9e0d09e4ce1a,2018-03-22 00:00:00,2019-10-12 23:18:44,references,8676e950-8ac5-4074-8ac3-c0a18ada7e99,https://doi.org/10.13003/CED-terms-of-use,https://doi.org/10.13003/CED-terms-of-use,create
2050,crossref,https://doi.org/10.1016/S0092-8674(00)81425-7,https://doi.org/10.1039/C7CS00749C,e6172d9e-281a-4849-99a0-e97744b53611,2018-01-01 00:00:00,2019-10-18 22:53:43,references,8676e950-8ac5-4074-8ac3-c0a18ada7e99,https://doi.org/10.13003/CED-terms-of-use,https://doi.org/10.13003/CED-terms-of-use,create
2051,crossref,https://doi.org/10.1016/S0092-8674(00)81425-7,https://doi.org/10.1111/j.1469-8137.2012.04160.x,ed00e981-4df8-49d8-b93f-a35d92f7b1b5,2012-04-24 00:00:00,2019-10-27 02:44:11,references,8676e950-8ac5-4074-8ac3-c0a18ada7e99,https://doi.org/10.13003/CED-terms-of-use,https://doi.org/10.13003/CED-terms-of-use,create
2052,crossref,https://doi.org/10.1016/S0092-8674(00)81425-7,https://doi.org/10.1002/smtd.201900260,a80cab27-5b11-4c0c-b8b1-65c169a592b1,2019-07-11 00:00:00,2019-12-21 12:09:29,references,8676e950-8ac5-4074-8ac3-c0a18ada7e99,https://doi.org/10.13003/CED-terms-of-use,https://doi.org/10.13003/CED-terms-of-use,create
2053,crossref,https://doi.org/10.1016/S0092-8674(00)81425-7,https://doi.org/10.1007/s11738-012-1005-z,39af3f3a-87aa-4e53-b550-d54ec89596a0,2012-04-28 00:00:00,2019-12-23 17:24:12,references,8676e950-8ac5-4074-8ac3-c0a18ada7e99,https://doi.org/10.13003/CED-terms-of-use,https://doi.org/10.13003/CED-terms-of-use,create
2054,crossref,https://doi.org/10.1016/S0092-8674(00)81425-7,https://doi.org/10.1007/s00344-012-9306-4,946ee9d4-e5ab-40a4-8a67-2a12aafe6cfc,2012-12-04 00:00:00,2019-12-25 14:19:27,references,8676e950-8ac5-4074-8ac3-c0a18ada7e99,https://doi.org/10.13003/CED-terms-of-use,https://doi.org/10.13003/CED-terms-of-use,create
2055,crossref,https://doi.org/10.1016/S0092-8674(00)81425-7,https://doi.org/10.1093/jxb/ers098,fdacc2f5-d79c-44b0-8d31-efcfd4d24c67,2012-03-26 00:00:00,2019-12-28 13:29:00,references,8676e950-8ac5-4074-8ac3-c0a18ada7e99,https://doi.org/10.13003/CED-terms-of-use,https://doi.org/10.13003/CED-terms-of-use,create
2056,crossref,https://doi.org/10.1016/S0092-8674(00)81425-7,https://doi.org/10.3389/fpls.2019.00874,27443754-1850-492f-b248-ca71bfcf0e82,2019-07-10 00:00:00,2019-12-29 03:18:12,references,8676e950-8ac5-4074-8ac3-c0a18ada7e99,https://doi.org/10.13003/CED-terms-of-use,https://doi.org/10.13003/CED-terms-of-use,create
2057,crossref,https://doi.org/10.1016/S0092-8674(00)81425-7,https://doi.org/10.1007/s10725-012-9693-3,6b0ead8c-3500-4376-b8e9-136e00aa10ce,2012-04-18 00:00:00,2019-12-29 04:57:42,references,8676e950-8ac5-4074-8ac3-c0a18ada7e99,https://doi.org/10.13003/CED-terms-of-use,https://doi.org/10.13003/CED-terms-of-use,create
2058,crossref,https://doi.org/10.1016/S0092-8674(00)81425-7,https://doi.org/10.1139/cjb-2014-0152,9fd92c3d-88ed-416b-9524-c3ebd0e0eabb,2015-04-01 00:00:00,2020-01-06 22:21:21,references,8676e950-8ac5-4074-8ac3-c0a18ada7e99,https://doi.org/10.13003/CED-terms-of-use,https://doi.org/10.13003/CED-terms-of-use,create
