crossRefIncrement,sourceID,objectID,subjectID,eventID,occurredAt,timeObserved,relationType,sourceToken,license,crossrefTermsOfUse,messageAction
24749,crossref,https://doi.org/10.1002/j.1550-8528.1998.tb00335.x,https://doi.org/10.4093/dmj.2012.36.3.181,d62cd1b1-311c-43bc-bc57-4701eefecf47,2012-01-01 00:00:00,2019-06-30 19:20:40,references,8676e950-8ac5-4074-8ac3-c0a18ada7e99,https://doi.org/10.13003/CED-terms-of-use,https://doi.org/10.13003/CED-terms-of-use,create
24750,crossref,https://doi.org/10.1002/j.1550-8528.1998.tb00335.x,https://doi.org/10.1371/journal.pone.0038682,08ced4d3-fc02-4d76-8710-a2f5e38c4f10,2012-07-09 00:00:00,2019-07-01 12:15:19,references,8676e950-8ac5-4074-8ac3-c0a18ada7e99,https://doi.org/10.13003/CED-terms-of-use,https://doi.org/10.13003/CED-terms-of-use,create
24751,crossref,https://doi.org/10.1002/j.1550-8528.1998.tb00335.x,https://doi.org/10.4103/2045-8932.97607,0fd839b1-70b3-4ddd-b411-19a5fc282e1a,2012-04-01 00:00:00,2019-07-11 08:49:53,references,8676e950-8ac5-4074-8ac3-c0a18ada7e99,https://doi.org/10.13003/CED-terms-of-use,https://doi.org/10.13003/CED-terms-of-use,create
24752,crossref,https://doi.org/10.1002/j.1550-8528.1998.tb00335.x,https://doi.org/10.3349/ymj.2012.53.4.671,1b39fa8a-05fc-44d1-9697-2b48bc498e23,2012-01-01 00:00:00,2019-12-28 23:13:21,references,8676e950-8ac5-4074-8ac3-c0a18ada7e99,https://doi.org/10.13003/CED-terms-of-use,https://doi.org/10.13003/CED-terms-of-use,create
24753,crossref,https://doi.org/10.1002/j.1550-8528.1998.tb00335.x,https://doi.org/10.1038/ijo.2014.101,5697bbec-a8bd-4512-a684-91cba81b4d8b,2014-06-11 00:00:00,2020-01-02 01:40:33,references,8676e950-8ac5-4074-8ac3-c0a18ada7e99,https://doi.org/10.13003/CED-terms-of-use,https://doi.org/10.13003/CED-terms-of-use,create
