{
  "0":{
    "affiliation":"Harcum College, Bryn Mawr, PA 19010-3476",
    "authenticated_orcid":null,
    "family":"Hilosky",
    "given":"Alexandra",
    "name":"Alexandra Hilosky",
    "orcid":null,
    "sequence":"first",
    "suffix":null
  },
  "1":{
    "affiliation":"Harcum College, Bryn Mawr, PA 19010-3476",
    "authenticated_orcid":null,
    "family":"Sutman",
    "given":"Frank",
    "name":"Frank Sutman",
    "orcid":null,
    "sequence":"additional",
    "suffix":null
  },
  "2":{
    "affiliation":"Harcum College, Bryn Mawr, PA 19010-3476",
    "authenticated_orcid":null,
    "family":"Schmuckler",
    "given":"Joseph",
    "name":"Joseph Schmuckler",
    "orcid":null,
    "sequence":"additional",
    "suffix":null
  }
}