{
  "0":{
    "DOI":"10.1080\/014311697216621",
    "URL":"http:\/\/dx.doi.org\/10.1080\/014311697216621",
    "title":"Global prediction of area change of suitable regions for cereal cultivation caused by global warming",
    "container_title":"International Journal of Remote Sensing",
    "authors":"K. Okamoto",
    "page":"3797-3810",
    "publisher":"Informa UK Limited",
    "language":"en",
    "alternative_id":"10.1080\/014311697216621",
    "created_date_time":1027698029000,
    "deposited_date_time":1538751491000,
    "is_referenced_by_count":3,
    "issue":"18",
    "issued_date_parts":"1997\/12",
    "prefix":"10.1080",
    "published_online_date_parts":"2010\/11\/25",
    "published_print_date_parts":"1997\/12"
  },
  "1":{
    "DOI":"10.1080\/014311697216621",
    "URL":"http:\/\/dx.doi.org\/10.1080\/014311697216621",
    "title":"Global prediction of area change of suitable regions for cereal cultivation caused by global warming",
    "container_title":"International Journal of Remote Sensing",
    "authors":"H. Kawashima",
    "page":"3797-3810",
    "publisher":"Informa UK Limited",
    "language":"en",
    "alternative_id":"10.1080\/014311697216621",
    "created_date_time":1027698029000,
    "deposited_date_time":1538751491000,
    "is_referenced_by_count":3,
    "issue":"18",
    "issued_date_parts":"1997\/12",
    "prefix":"10.1080",
    "published_online_date_parts":"2010\/11\/25",
    "published_print_date_parts":"1997\/12"
  },
  "2":{
    "DOI":"10.1080\/014311697216621",
    "URL":"http:\/\/dx.doi.org\/10.1080\/014311697216621",
    "title":"Global prediction of area change of suitable regions for cereal cultivation caused by global warming",
    "container_title":"International Journal of Remote Sensing",
    "authors":"M. Fukuhara",
    "page":"3797-3810",
    "publisher":"Informa UK Limited",
    "language":"en",
    "alternative_id":"10.1080\/014311697216621",
    "created_date_time":1027698029000,
    "deposited_date_time":1538751491000,
    "is_referenced_by_count":3,
    "issue":"18",
    "issued_date_parts":"1997\/12",
    "prefix":"10.1080",
    "published_online_date_parts":"2010\/11\/25",
    "published_print_date_parts":"1997\/12"
  },
  "3":{
    "DOI":"10.1080\/014311697216621",
    "URL":"http:\/\/dx.doi.org\/10.1080\/014311697216621",
    "title":"Global prediction of area change of suitable regions for cereal cultivation caused by global warming",
    "container_title":"International Journal of Remote Sensing",
    "authors":"K. Okamoto",
    "page":"3797-3810",
    "publisher":"Informa UK Limited",
    "language":"en",
    "alternative_id":"10.1080\/014311697216621",
    "created_date_time":1027698029000,
    "deposited_date_time":1538751491000,
    "is_referenced_by_count":3,
    "issue":"18",
    "issued_date_parts":"1997\/12",
    "prefix":"10.1080",
    "published_online_date_parts":"2010\/11\/25",
    "published_print_date_parts":"1997\/12"
  },
  "4":{
    "DOI":"10.1080\/014311697216621",
    "URL":"http:\/\/dx.doi.org\/10.1080\/014311697216621",
    "title":"Global prediction of area change of suitable regions for cereal cultivation caused by global warming",
    "container_title":"International Journal of Remote Sensing",
    "authors":"H. Kawashima",
    "page":"3797-3810",
    "publisher":"Informa UK Limited",
    "language":"en",
    "alternative_id":"10.1080\/014311697216621",
    "created_date_time":1027698029000,
    "deposited_date_time":1538751491000,
    "is_referenced_by_count":3,
    "issue":"18",
    "issued_date_parts":"1997\/12",
    "prefix":"10.1080",
    "published_online_date_parts":"2010\/11\/25",
    "published_print_date_parts":"1997\/12"
  },
  "5":{
    "DOI":"10.1080\/014311697216621",
    "URL":"http:\/\/dx.doi.org\/10.1080\/014311697216621",
    "title":"Global prediction of area change of suitable regions for cereal cultivation caused by global warming",
    "container_title":"International Journal of Remote Sensing",
    "authors":"M. Fukuhara",
    "page":"3797-3810",
    "publisher":"Informa UK Limited",
    "language":"en",
    "alternative_id":"10.1080\/014311697216621",
    "created_date_time":1027698029000,
    "deposited_date_time":1538751491000,
    "is_referenced_by_count":3,
    "issue":"18",
    "issued_date_parts":"1997\/12",
    "prefix":"10.1080",
    "published_online_date_parts":"2010\/11\/25",
    "published_print_date_parts":"1997\/12"
  }
}