wikipediaIncrement,sourceID,objectID,subjectID,eventID,occurredAt,timeObserved,relationType,sourceToken,license,termsOfUse,updatedDate,updatedReason,evidenceRecord,eventAction,subjectPID,subjectTitle,subjectURL,subjectAPIURL,objectPID,objectURL
517677,wikipedia,https://doi.org/10.1001/jama.279.12.930,https://en.wikipedia.org/wiki/Nevirapine,3316b46c-c29a-44b4-a2f0-ff24a1a5c6ee,2017-04-15 12:22:49,2017-04-15 08:23:56,references,36c35e23-8757-4a9d-aacf-345e9b7eb50d,https://creativecommons.org/publicdomain/zero/1.0/,https://doi.org/10.13003/CED-terms-of-use,2018-01-31 17:30:00,https://evidence.eventdata.crossref.org/announcements/2018-01-19T00-00-00Z-ED-15.json,https://evidence.eventdata.crossref.org/evidence/20170415-wikipedia-0c503383-fcba-43d5-ae9f-d1d9a7886bc2,add,https://en.wikipedia.org/wiki/Nevirapine,Nevirapine,https://en.wikipedia.org/w/index.php?title=Nevirapine&oldid=775521168,https://en.wikipedia.org/api/rest_v1/page/html/Nevirapine/775521168,https://doi.org/10.1001/jama.279.12.930,https://doi.org/10.1001/jama.279.12.930
517678,wikipedia,https://doi.org/10.1001/jama.279.12.930,https://it.wikipedia.org/wiki/Nevirapina,2892e600-4dcf-4af9-a589-64c380915a64,2017-05-28 07:08:50,2017-05-28 03:10:23,references,36c35e23-8757-4a9d-aacf-345e9b7eb50d,https://creativecommons.org/publicdomain/zero/1.0/,https://doi.org/10.13003/CED-terms-of-use,2018-01-31 17:30:00,https://evidence.eventdata.crossref.org/announcements/2018-01-19T00-00-00Z-ED-15.json,https://evidence.eventdata.crossref.org/evidence/20170528-wikipedia-370d8816-fc4e-4df4-ad68-ba496c5da8a3,add,https://it.wikipedia.org/wiki/Nevirapina,Nevirapina,https://it.wikipedia.org/w/index.php?title=Nevirapina&oldid=88115345,https://it.wikipedia.org/api/rest_v1/page/html/Nevirapina/88115345,https://doi.org/10.1001/jama.279.12.930,http://jama.ama-assn.org/cgi/reprint/279/12/930
517679,wikipedia,https://doi.org/10.1001/jama.279.12.930,https://en.wikipedia.org/wiki/Julio_Montaner,981bfca0-1d3e-4cea-94a3-c0d9eebb04d2,2017-08-18 14:32:43,2017-08-18 14:56:15,references,36c35e23-8757-4a9d-aacf-345e9b7eb50d,https://creativecommons.org/publicdomain/zero/1.0/,https://doi.org/10.13003/CED-terms-of-use,2018-01-31 17:30:00,https://evidence.eventdata.crossref.org/announcements/2018-01-19T00-00-00Z-ED-15.json,https://evidence.eventdata.crossref.org/evidence/20170818-wikipedia-9a7154d5-ffd3-4121-a5c3-269b8b5afb3e,add,https://en.wikipedia.org/wiki/Julio_Montaner,Julio Montaner,https://en.wikipedia.org/w/index.php?title=Julio_Montaner&oldid=796105282,https://en.wikipedia.org/api/rest_v1/page/html/Julio_Montaner/796105282,https://doi.org/10.1001/jama.279.12.930,https://doi.org/10.1001/jama.279.12.930
517680,wikipedia,https://doi.org/10.1001/jama.279.12.930,https://ja.wikipedia.org/wiki/%E3%83%8D%E3%83%93%E3%83%A9%E3%83%94%E3%83%B3,9ebd4339-69d6-4afc-b50f-1f919e4581a0,2017-09-16 05:25:52,2017-09-16 01:27:05,references,36c35e23-8757-4a9d-aacf-345e9b7eb50d,https://creativecommons.org/publicdomain/zero/1.0/,https://doi.org/10.13003/CED-terms-of-use,2018-01-31 17:30:00,https://evidence.eventdata.crossref.org/announcements/2018-01-19T00-00-00Z-ED-15.json,https://evidence.eventdata.crossref.org/evidence/20170916-wikipedia-a1a0b382-8dec-40d0-8d7e-3ff6000006e7,add,https://ja.wikipedia.org/wiki/%E3%83%8D%E3%83%93%E3%83%A9%E3%83%94%E3%83%B3,ネビラピン,https://ja.wikipedia.org/w/index.php?title=%E3%83%8D%E3%83%93%E3%83%A9%E3%83%94%E3%83%B3&oldid=65530,https://ja.wikipedia.org/api/rest_v1/page/html/%E3%83%8D%E3%83%93%E3%83%A9%E3%83%94%E3%83%B3/6553081,https://doi.org/10.1001/jama.279.12.930,http://jama.ama-assn.org/cgi/reprint/279/12/930
517681,wikipedia,https://doi.org/10.1001/jama.279.12.930,https://it.wikipedia.org/api/rest_v1/page/html/Nevirapina/91986422,063e7058-7942-4cfa-bf97-1a0fd14800d9,2017-10-14 20:20:35,2017-10-14 16:21:30,references,36c35e23-8757-4a9d-aacf-345e9b7eb50d,https://creativecommons.org/publicdomain/zero/1.0/,https://doi.org/10.13003/CED-terms-of-use,,,https://evidence.eventdata.crossref.org/evidence/20171014-wikipedia-8372dba2-07e5-4a13-8bd2-5fcfa127e541,add,https://it.wikipedia.org/w/index.php?title=Nevirapina&oldid=91986422,Nevirapina,https://it.wikipedia.org/wiki/Nevirapina,https://it.wikipedia.org/api/rest_v1/page/html/Nevirapina/91986422,https://doi.org/10.1001/jama.279.12.930,http://jama.ama-assn.org/cgi/reprint/279/12/930
517682,wikipedia,https://doi.org/10.1001/jama.279.12.930,https://en.wikipedia.org/api/rest_v1/page/html/Nevirapine/806404752,44a459a1-877d-45b0-863b-3e2e7c20c9c6,2017-10-21 20:23:39,2017-10-21 16:26:06,references,36c35e23-8757-4a9d-aacf-345e9b7eb50d,https://creativecommons.org/publicdomain/zero/1.0/,https://doi.org/10.13003/CED-terms-of-use,,,https://evidence.eventdata.crossref.org/evidence/20171021-wikipedia-870a6f84-544c-4976-9819-593d3319b273,add,https://en.wikipedia.org/w/index.php?title=Nevirapine&oldid=806404752,Nevirapine,https://en.wikipedia.org/wiki/Nevirapine,https://en.wikipedia.org/api/rest_v1/page/html/Nevirapine/806404752,https://doi.org/10.1001/jama.279.12.930,http://jama.ama-assn.org/cgi/reprint/279/12/930
517683,wikipedia,https://doi.org/10.1001/jama.279.12.930,https://en.wikipedia.org/api/rest_v1/page/html/Nevirapine/808359041,fd92aab5-1c80-4fdc-be7b-a9725a4ec7ae,2017-11-02 11:47:09,2017-11-02 07:48:43,references,36c35e23-8757-4a9d-aacf-345e9b7eb50d,https://creativecommons.org/publicdomain/zero/1.0/,https://doi.org/10.13003/CED-terms-of-use,,,https://evidence.eventdata.crossref.org/evidence/20171102-wikipedia-6f3b4c65-8df8-472b-b3a4-ff0658f2cf1e,add,https://en.wikipedia.org/w/index.php?title=Nevirapine&oldid=808359041,Nevirapine,https://en.wikipedia.org/wiki/Nevirapine,https://en.wikipedia.org/api/rest_v1/page/html/Nevirapine/808359041,https://doi.org/10.1001/jama.279.12.930,https://doi.org/10.1001/jama.279.12.930
517684,wikipedia,https://doi.org/10.1001/jama.279.12.930,https://en.wikipedia.org/api/rest_v1/page/html/Julio_Montaner/809368667,18eda3c2-9111-4850-8e57-0a12d3c990cb,2017-11-08 17:47:19,2017-11-08 12:48:10,references,36c35e23-8757-4a9d-aacf-345e9b7eb50d,https://creativecommons.org/publicdomain/zero/1.0/,https://doi.org/10.13003/CED-terms-of-use,,,https://evidence.eventdata.crossref.org/evidence/20171108-wikipedia-815ba870-33f7-4d98-8696-a9adf8434e38,add,https://en.wikipedia.org/w/index.php?title=Julio_Montaner&oldid=809368667,Julio Montaner,https://en.wikipedia.org/wiki/Julio_Montaner,https://en.wikipedia.org/api/rest_v1/page/html/Julio_Montaner/809368667,https://doi.org/10.1001/jama.279.12.930,https://doi.org/10.1001/jama.279.12.930
517685,wikipedia,https://doi.org/10.1001/jama.279.12.930,https://en.wikipedia.org/api/rest_v1/page/html/Nevirapine/809810029,f26e305d-72ba-4c8d-be6a-b5443fb8e5e1,2017-11-11 15:45:51,2017-11-11 10:47:17,references,36c35e23-8757-4a9d-aacf-345e9b7eb50d,https://creativecommons.org/publicdomain/zero/1.0/,https://doi.org/10.13003/CED-terms-of-use,,,https://evidence.eventdata.crossref.org/evidence/20171111-wikipedia-b1f0c91d-67e9-4d5b-9c7e-7e971ff64faa,add,https://en.wikipedia.org/w/index.php?title=Nevirapine&oldid=809810029,Nevirapine,https://en.wikipedia.org/wiki/Nevirapine,https://en.wikipedia.org/api/rest_v1/page/html/Nevirapine/809810029,https://doi.org/10.1001/jama.279.12.930,http://jama.ama-assn.org/cgi/reprint/279/12/930
517686,wikipedia,https://doi.org/10.1001/jama.279.12.930,https://en.wikipedia.org/api/rest_v1/page/html/Nevirapine/812078419,5e3621cd-4d3b-4660-92f1-eb54c5197e0a,2017-11-25 21:44:32,2017-12-31 17:43:38,references,36c35e23-8757-4a9d-aacf-345e9b7eb50d,https://creativecommons.org/publicdomain/zero/1.0/,https://doi.org/10.13003/CED-terms-of-use,,,https://evidence.eventdata.crossref.org/evidence/20171125-wikipedia-fbe6fb99-6ab3-4907-9960-70ce5f191509,add,https://en.wikipedia.org/w/index.php?title=Nevirapine&oldid=812078419,Nevirapine,https://en.wikipedia.org/wiki/Nevirapine,https://en.wikipedia.org/api/rest_v1/page/html/Nevirapine/812078419,https://doi.org/10.1001/jama.279.12.930,https://doi.org/10.1001/jama.279.12.930
517687,wikipedia,https://doi.org/10.1001/jama.279.12.930,https://en.wikipedia.org/api/rest_v1/page/html/Nevirapine/811967225,f81b3c4b-8405-4cd1-9a51-6d968deeba4a,2017-11-25 03:02:34,2018-01-01 05:36:31,references,36c35e23-8757-4a9d-aacf-345e9b7eb50d,https://creativecommons.org/publicdomain/zero/1.0/,https://doi.org/10.13003/CED-terms-of-use,,,https://evidence.eventdata.crossref.org/evidence/20171125-wikipedia-ac789f7c-75ce-49b7-8ef0-f259bcaf4554,add,https://en.wikipedia.org/w/index.php?title=Nevirapine&oldid=811967225,Nevirapine,https://en.wikipedia.org/wiki/Nevirapine,https://en.wikipedia.org/api/rest_v1/page/html/Nevirapine/811967225,https://doi.org/10.1001/jama.279.12.930,https://doi.org/10.1001/jama.279.12.930
517688,wikipedia,https://doi.org/10.1001/jama.279.12.930,https://en.wikipedia.org/api/rest_v1/page/html/Julio_Montaner/817738079,3d5df77f-f6cc-4c17-997c-4129c2008d6e,2017-12-30 08:03:59,2018-01-17 23:51:38,references,36c35e23-8757-4a9d-aacf-345e9b7eb50d,https://creativecommons.org/publicdomain/zero/1.0/,https://doi.org/10.13003/CED-terms-of-use,,,https://evidence.eventdata.crossref.org/evidence/20171230-wikipedia-1050ce86-49c7-4ac3-a43d-67d4cc8b6cc6,add,https://en.wikipedia.org/w/index.php?title=Julio_Montaner&oldid=817738079,Julio Montaner,https://en.wikipedia.org/wiki/Julio_Montaner,https://en.wikipedia.org/api/rest_v1/page/html/Julio_Montaner/817738079,https://doi.org/10.1001/jama.279.12.930,https://doi.org/10.1001/jama.279.12.930
517689,wikipedia,https://doi.org/10.1001/jama.279.12.930,https://en.wikipedia.org/api/rest_v1/page/html/Nevirapine/821674293,9fd4e8f2-aeef-4592-8629-928b87bd9a41,2018-01-21 23:13:07,2018-01-22 05:01:19,references,36c35e23-8757-4a9d-aacf-345e9b7eb50d,https://creativecommons.org/publicdomain/zero/1.0/,https://doi.org/10.13003/CED-terms-of-use,,,https://evidence.eventdata.crossref.org/evidence/20180121-wikipedia-4336619b-cd02-4ac5-93b8-5919a27cca21,add,https://en.wikipedia.org/wiki/Nevirapine,Nevirapine,https://en.wikipedia.org/w/index.php?title=Nevirapine&oldid=821674293,https://en.wikipedia.org/api/rest_v1/page/html/Nevirapine/821674293,https://doi.org/10.1001/jama.279.12.930,https://doi.org/10.1001/jama.279.12.930
517690,wikipedia,https://doi.org/10.1001/jama.279.12.930,https://en.wikipedia.org/api/rest_v1/page/html/Julio_Montaner/823902664,dae698e7-7110-44fa-9148-1eb9ed3cde5d,2018-02-04 03:12:42,2018-02-03 22:14:38,references,36c35e23-8757-4a9d-aacf-345e9b7eb50d,https://creativecommons.org/publicdomain/zero/1.0/,https://doi.org/10.13003/CED-terms-of-use,,,https://evidence.eventdata.crossref.org/evidence/20180204-wikipedia-9e11aeb1-4c1a-4e7b-b784-2706b6c4fb26,add,https://en.wikipedia.org/wiki/Julio_Montaner,Julio Montaner,https://en.wikipedia.org/w/index.php?title=Julio_Montaner&oldid=823902664,https://en.wikipedia.org/api/rest_v1/page/html/Julio_Montaner/823902664,https://doi.org/10.1001/jama.279.12.930,https://doi.org/10.1001/jama.279.12.930
517691,wikipedia,https://doi.org/10.1001/jama.279.12.930,https://en.wikipedia.org/api/rest_v1/page/html/Nevirapine/826021694,1f9d95f1-6419-4a25-a1db-9ab9cb66660c,2018-02-16 19:18:40,2018-02-16 14:20:20,references,36c35e23-8757-4a9d-aacf-345e9b7eb50d,https://creativecommons.org/publicdomain/zero/1.0/,https://doi.org/10.13003/CED-terms-of-use,,,https://evidence.eventdata.crossref.org/evidence/20180216-wikipedia-b22d6eef-9ee1-4086-88f6-e599a08712cf,add,https://en.wikipedia.org/wiki/Nevirapine,Nevirapine,https://en.wikipedia.org/w/index.php?title=Nevirapine&oldid=826021694,https://en.wikipedia.org/api/rest_v1/page/html/Nevirapine/826021694,https://doi.org/10.1001/jama.279.12.930,https://doi.org/10.1001/jama.279.12.930
517692,wikipedia,https://doi.org/10.1001/jama.279.12.930,https://en.wikipedia.org/api/rest_v1/page/html/Nevirapine/831846790,2c1150c9-1189-4077-955e-84f2b0c64a60,2018-03-22 13:30:38,2018-03-22 09:32:31,references,36c35e23-8757-4a9d-aacf-345e9b7eb50d,https://creativecommons.org/publicdomain/zero/1.0/,https://doi.org/10.13003/CED-terms-of-use,,,https://evidence.eventdata.crossref.org/evidence/20180322-wikipedia-8ec78534-4f62-4167-b92c-9b7a040bcec2,add,https://en.wikipedia.org/wiki/Nevirapine,Nevirapine,https://en.wikipedia.org/w/index.php?title=Nevirapine&oldid=831846790,https://en.wikipedia.org/api/rest_v1/page/html/Nevirapine/831846790,https://doi.org/10.1001/jama.279.12.930,https://doi.org/10.1001/jama.279.12.930
517693,wikipedia,https://doi.org/10.1001/jama.279.12.930,https://en.wikipedia.org/api/rest_v1/page/html/Nevirapine/831846929,6704b692-6133-4dd6-9c63-f74445f944ff,2018-03-22 13:31:28,2018-03-22 09:33:05,references,36c35e23-8757-4a9d-aacf-345e9b7eb50d,https://creativecommons.org/publicdomain/zero/1.0/,https://doi.org/10.13003/CED-terms-of-use,,,https://evidence.eventdata.crossref.org/evidence/20180322-wikipedia-c416f2cd-4359-4497-92ec-ea0f8c8e16e4,add,https://en.wikipedia.org/wiki/Nevirapine,Nevirapine,https://en.wikipedia.org/w/index.php?title=Nevirapine&oldid=831846929,https://en.wikipedia.org/api/rest_v1/page/html/Nevirapine/831846929,https://doi.org/10.1001/jama.279.12.930,https://doi.org/10.1001/jama.279.12.930
517694,wikipedia,https://doi.org/10.1001/jama.279.12.930,https://ja.wikipedia.org/api/rest_v1/page/html/%E3%83%8D%E3%83%93%E3%83%A9%E3%83%94%E3%83%B3/6841807,b9bed94c-6b0a-471a-9ed1-25cf30e593f7,2018-05-03 12:44:22,2018-05-03 08:46:54,references,36c35e23-8757-4a9d-aacf-345e9b7eb50d,https://creativecommons.org/publicdomain/zero/1.0/,https://doi.org/10.13003/CED-terms-of-use,,,https://evidence.eventdata.crossref.org/evidence/20180503-wikipedia-7876d3b5-4542-4167-afd7-70c9c970c7cd,add,https://ja.wikipedia.org/wiki/%E3%83%8D%E3%83%93%E3%83%A9%E3%83%94%E3%83%B3,ネビラピン,https://ja.wikipedia.org/w/index.php?title=%E3%83%8D%E3%83%93%E3%83%A9%E3%83%94%E3%83%B3&oldid=68418,https://ja.wikipedia.org/api/rest_v1/page/html/%E3%83%8D%E3%83%93%E3%83%A9%E3%83%94%E3%83%B3/6841807,https://doi.org/10.1001/jama.279.12.930,http://dx.doi.org/10.1001%2Fjama.279.12.930
517695,wikipedia,https://doi.org/10.1001/jama.279.12.930,https://ja.wikipedia.org/api/rest_v1/page/html/%E3%83%8D%E3%83%93%E3%83%A9%E3%83%94%E3%83%B3/6841807,67f76fd1-e784-49da-91a7-ed641697d043,2018-05-03 12:44:22,2018-05-03 08:46:54,references,36c35e23-8757-4a9d-aacf-345e9b7eb50d,https://creativecommons.org/publicdomain/zero/1.0/,https://doi.org/10.13003/CED-terms-of-use,,,https://evidence.eventdata.crossref.org/evidence/20180503-wikipedia-7876d3b5-4542-4167-afd7-70c9c970c7cd,add,https://ja.wikipedia.org/wiki/%E3%83%8D%E3%83%93%E3%83%A9%E3%83%94%E3%83%B3,ネビラピン,https://ja.wikipedia.org/w/index.php?title=%E3%83%8D%E3%83%93%E3%83%A9%E3%83%94%E3%83%B3&oldid=68418,https://ja.wikipedia.org/api/rest_v1/page/html/%E3%83%8D%E3%83%93%E3%83%A9%E3%83%94%E3%83%B3/6841807,https://doi.org/10.1001/jama.279.12.930,https://doi.org/10.1001/jama.279.12.930
517696,wikipedia,https://doi.org/10.1001/jama.279.12.930,https://en.wikipedia.org/api/rest_v1/page/html/Julio_Montaner/841398589,32eba0b7-384c-4d07-97b2-7113d4bae68f,2018-05-15 16:16:15,2018-05-15 12:18:34,references,36c35e23-8757-4a9d-aacf-345e9b7eb50d,https://creativecommons.org/publicdomain/zero/1.0/,https://doi.org/10.13003/CED-terms-of-use,,,https://evidence.eventdata.crossref.org/evidence/20180515-wikipedia-f21569f6-c9f4-40f7-9bc9-eaf81ba9327c,add,https://en.wikipedia.org/wiki/Julio_Montaner,Julio Montaner,https://en.wikipedia.org/w/index.php?title=Julio_Montaner&oldid=841398589,https://en.wikipedia.org/api/rest_v1/page/html/Julio_Montaner/841398589,https://doi.org/10.1001/jama.279.12.930,https://doi.org/10.1001/jama.279.12.930
517697,wikipedia,https://doi.org/10.1001/jama.279.12.930,https://en.wikipedia.org/api/rest_v1/page/html/Julio_Montaner/845620929,cb4526f9-0c2e-49e8-9a60-b71a1c5881d5,2018-06-13 01:05:20,2018-06-12 21:06:34,references,36c35e23-8757-4a9d-aacf-345e9b7eb50d,https://creativecommons.org/publicdomain/zero/1.0/,https://doi.org/10.13003/CED-terms-of-use,,,https://evidence.eventdata.crossref.org/evidence/20180613-wikipedia-d2a7b54c-0827-4f9b-a879-b804502d8e32,add,https://en.wikipedia.org/wiki/Julio_Montaner,Julio Montaner,https://en.wikipedia.org/w/index.php?title=Julio_Montaner&oldid=845620929,https://en.wikipedia.org/api/rest_v1/page/html/Julio_Montaner/845620929,https://doi.org/10.1001/jama.279.12.930,https://doi.org/10.1001/jama.279.12.930
517698,wikipedia,https://doi.org/10.1001/jama.279.12.930,https://en.wikipedia.org/api/rest_v1/page/html/Julio_Montaner/845621040,92f27c9c-2658-41bc-b07b-a8fa04a8599c,2018-06-13 01:06:22,2018-06-12 21:07:53,references,36c35e23-8757-4a9d-aacf-345e9b7eb50d,https://creativecommons.org/publicdomain/zero/1.0/,https://doi.org/10.13003/CED-terms-of-use,,,https://evidence.eventdata.crossref.org/evidence/20180613-wikipedia-70feae9d-5c85-4924-bd9e-1fe95dcdd3c7,add,https://en.wikipedia.org/wiki/Julio_Montaner,Julio Montaner,https://en.wikipedia.org/w/index.php?title=Julio_Montaner&oldid=845621040,https://en.wikipedia.org/api/rest_v1/page/html/Julio_Montaner/845621040,https://doi.org/10.1001/jama.279.12.930,https://doi.org/10.1001/jama.279.12.930
517699,wikipedia,https://doi.org/10.1001/jama.279.12.930,https://ja.wikipedia.org/api/rest_v1/page/html/%E3%83%8D%E3%83%93%E3%83%A9%E3%83%94%E3%83%B3/6929668,525db2b3-567f-430c-9c33-707c3d1f81b3,2018-07-20 21:20:25,2018-07-20 17:22:00,references,36c35e23-8757-4a9d-aacf-345e9b7eb50d,https://creativecommons.org/publicdomain/zero/1.0/,https://doi.org/10.13003/CED-terms-of-use,,,https://evidence.eventdata.crossref.org/evidence/20180720-wikipedia-a4db4fef-a202-41a8-b88f-09d20a97c59f,add,https://ja.wikipedia.org/wiki/%E3%83%8D%E3%83%93%E3%83%A9%E3%83%94%E3%83%B3,ネビラピン,https://ja.wikipedia.org/w/index.php?title=%E3%83%8D%E3%83%93%E3%83%A9%E3%83%94%E3%83%B3&oldid=69296,https://ja.wikipedia.org/api/rest_v1/page/html/%E3%83%8D%E3%83%93%E3%83%A9%E3%83%94%E3%83%B3/6929668,https://doi.org/10.1001/jama.279.12.930,https://doi.org/10.1001/jama.279.12.930
517700,wikipedia,https://doi.org/10.1001/jama.279.12.930,https://ja.wikipedia.org/api/rest_v1/page/html/%E3%83%8D%E3%83%93%E3%83%A9%E3%83%94%E3%83%B3/6929668,31726950-4751-4573-9956-5b8d537b0f33,2018-07-20 21:20:25,2018-07-20 17:22:00,references,36c35e23-8757-4a9d-aacf-345e9b7eb50d,https://creativecommons.org/publicdomain/zero/1.0/,https://doi.org/10.13003/CED-terms-of-use,,,https://evidence.eventdata.crossref.org/evidence/20180720-wikipedia-a4db4fef-a202-41a8-b88f-09d20a97c59f,add,https://ja.wikipedia.org/wiki/%E3%83%8D%E3%83%93%E3%83%A9%E3%83%94%E3%83%B3,ネビラピン,https://ja.wikipedia.org/w/index.php?title=%E3%83%8D%E3%83%93%E3%83%A9%E3%83%94%E3%83%B3&oldid=69296,https://ja.wikipedia.org/api/rest_v1/page/html/%E3%83%8D%E3%83%93%E3%83%A9%E3%83%94%E3%83%B3/6929668,https://doi.org/10.1001/jama.279.12.930,http://dx.doi.org/10.1001%2Fjama.279.12.930
517701,wikipedia,https://doi.org/10.1001/jama.279.12.930,https://en.wikipedia.org/api/rest_v1/page/html/Julio_Montaner/858891488,fb339935-84ae-4f1b-b51e-2f0c4c0084c8,2018-09-10 09:43:07,2018-09-10 11:12:37,references,36c35e23-8757-4a9d-aacf-345e9b7eb50d,https://creativecommons.org/publicdomain/zero/1.0/,https://doi.org/10.13003/CED-terms-of-use,,,https://evidence.eventdata.crossref.org/evidence/20180910-wikipedia-cec6c69f-3f2b-47f7-abee-a2ebbcfc21e9,add,https://en.wikipedia.org/wiki/Julio_Montaner,Julio Montaner,https://en.wikipedia.org/w/index.php?title=Julio_Montaner&oldid=858891488,https://en.wikipedia.org/api/rest_v1/page/html/Julio_Montaner/858891488,https://doi.org/10.1001/jama.279.12.930,https://doi.org/10.1001/jama.279.12.930
517702,wikipedia,https://doi.org/10.1001/jama.279.12.930,https://en.wikipedia.org/api/rest_v1/page/html/Julio_Montaner/860682148,3ec37f18-e487-4cde-8c79-49f387ede764,2018-09-22 09:56:13,2018-09-22 06:26:54,references,36c35e23-8757-4a9d-aacf-345e9b7eb50d,https://creativecommons.org/publicdomain/zero/1.0/,https://doi.org/10.13003/CED-terms-of-use,,,https://evidence.eventdata.crossref.org/evidence/20180922-wikipedia-8507d9d2-f7d2-4514-a22a-5965c8dcdb88,add,https://en.wikipedia.org/wiki/Julio_Montaner,Julio Montaner,https://en.wikipedia.org/w/index.php?title=Julio_Montaner&oldid=860682148,https://en.wikipedia.org/api/rest_v1/page/html/Julio_Montaner/860682148,https://doi.org/10.1001/jama.279.12.930,https://doi.org/10.1001/jama.279.12.930
517703,wikipedia,https://doi.org/10.1001/jama.279.12.930,https://ja.wikipedia.org/api/rest_v1/page/html/%E3%83%8D%E3%83%93%E3%83%A9%E3%83%94%E3%83%B3/7059334,78f78f18-0fd8-44ad-bca1-17fd122b26ad,2018-11-11 09:50:04,2018-11-11 04:56:33,references,36c35e23-8757-4a9d-aacf-345e9b7eb50d,https://creativecommons.org/publicdomain/zero/1.0/,https://doi.org/10.13003/CED-terms-of-use,,,https://evidence.eventdata.crossref.org/evidence/20181111-wikipedia-797b7477-385e-42fa-9c77-df0bc2cb33bd,add,https://ja.wikipedia.org/wiki/%E3%83%8D%E3%83%93%E3%83%A9%E3%83%94%E3%83%B3,ネビラピン,https://ja.wikipedia.org/w/index.php?title=%E3%83%8D%E3%83%93%E3%83%A9%E3%83%94%E3%83%B3&oldid=70593,https://ja.wikipedia.org/api/rest_v1/page/html/%E3%83%8D%E3%83%93%E3%83%A9%E3%83%94%E3%83%B3/7059334,https://doi.org/10.1001/jama.279.12.930,http://jama.ama-assn.org/cgi/reprint/279/12/930
517704,wikipedia,https://doi.org/10.1001/jama.279.12.930,https://ja.wikipedia.org/api/rest_v1/page/html/%E3%83%8D%E3%83%93%E3%83%A9%E3%83%94%E3%83%B3/7059334,a42370f3-16df-403d-acb2-2203a0146c0d,2018-11-11 09:50:04,2018-11-11 04:56:34,references,36c35e23-8757-4a9d-aacf-345e9b7eb50d,https://creativecommons.org/publicdomain/zero/1.0/,https://doi.org/10.13003/CED-terms-of-use,,,https://evidence.eventdata.crossref.org/evidence/20181111-wikipedia-797b7477-385e-42fa-9c77-df0bc2cb33bd,add,https://ja.wikipedia.org/wiki/%E3%83%8D%E3%83%93%E3%83%A9%E3%83%94%E3%83%B3,ネビラピン,https://ja.wikipedia.org/w/index.php?title=%E3%83%8D%E3%83%93%E3%83%A9%E3%83%94%E3%83%B3&oldid=70593,https://ja.wikipedia.org/api/rest_v1/page/html/%E3%83%8D%E3%83%93%E3%83%A9%E3%83%94%E3%83%B3/7059334,https://doi.org/10.1001/jama.279.12.930,https://doi.org/10.1001/jama.279.12.930
517705,wikipedia,https://doi.org/10.1001/jama.279.12.930,https://ja.wikipedia.org/api/rest_v1/page/html/%E3%83%8D%E3%83%93%E3%83%A9%E3%83%94%E3%83%B3/7059334,ac0ef352-02e6-453b-a5bd-e5cec7c676ff,2018-11-11 09:50:04,2018-11-11 04:56:38,references,36c35e23-8757-4a9d-aacf-345e9b7eb50d,https://creativecommons.org/publicdomain/zero/1.0/,https://doi.org/10.13003/CED-terms-of-use,,,https://evidence.eventdata.crossref.org/evidence/20181111-wikipedia-797b7477-385e-42fa-9c77-df0bc2cb33bd,add,https://ja.wikipedia.org/wiki/%E3%83%8D%E3%83%93%E3%83%A9%E3%83%94%E3%83%B3,ネビラピン,https://ja.wikipedia.org/w/index.php?title=%E3%83%8D%E3%83%93%E3%83%A9%E3%83%94%E3%83%B3&oldid=70593,https://ja.wikipedia.org/api/rest_v1/page/html/%E3%83%8D%E3%83%93%E3%83%A9%E3%83%94%E3%83%B3/7059334,https://doi.org/10.1001/jama.279.12.930,https://doi.org/10.1001%2Fjama.279.12.930
517706,wikipedia,https://doi.org/10.1001/jama.279.12.930,https://en.wikipedia.org/api/rest_v1/page/html/Nevirapine/868751666,3625e6b9-c704-4c53-93e1-a33ba5ec876f,2018-11-14 06:02:32,2018-11-14 01:06:00,references,36c35e23-8757-4a9d-aacf-345e9b7eb50d,https://creativecommons.org/publicdomain/zero/1.0/,https://doi.org/10.13003/CED-terms-of-use,,,https://evidence.eventdata.crossref.org/evidence/20181114-wikipedia-4328492d-46d7-400a-bd37-58975912caa0,add,https://en.wikipedia.org/wiki/Nevirapine,Nevirapine,https://en.wikipedia.org/w/index.php?title=Nevirapine&oldid=868751666,https://en.wikipedia.org/api/rest_v1/page/html/Nevirapine/868751666,https://doi.org/10.1001/jama.279.12.930,https://doi.org/10.1001/jama.279.12.930
517707,wikipedia,https://doi.org/10.1001/jama.279.12.930,https://en.wikipedia.org/api/rest_v1/page/html/Julio_Montaner/869052083,b028786b-1426-44fc-88ee-93fa25aca6b5,2018-11-16 02:50:13,2018-11-15 22:01:05,references,36c35e23-8757-4a9d-aacf-345e9b7eb50d,https://creativecommons.org/publicdomain/zero/1.0/,https://doi.org/10.13003/CED-terms-of-use,,,https://evidence.eventdata.crossref.org/evidence/20181116-wikipedia-66bd15ea-6e58-412e-9ce3-eb5a0afa724d,add,https://en.wikipedia.org/wiki/Julio_Montaner,Julio Montaner,https://en.wikipedia.org/w/index.php?title=Julio_Montaner&oldid=869052083,https://en.wikipedia.org/api/rest_v1/page/html/Julio_Montaner/869052083,https://doi.org/10.1001/jama.279.12.930,https://doi.org/10.1001/jama.279.12.930
517708,wikipedia,https://doi.org/10.1001/jama.279.12.930,https://en.wikipedia.org/api/rest_v1/page/html/Julio_Montaner/869786662,4f57fe0a-478f-421b-aa4d-5361c9e504af,2018-11-20 10:31:31,2018-11-20 05:43:35,references,36c35e23-8757-4a9d-aacf-345e9b7eb50d,https://creativecommons.org/publicdomain/zero/1.0/,https://doi.org/10.13003/CED-terms-of-use,,,https://evidence.eventdata.crossref.org/evidence/20181120-wikipedia-4880fbf4-e53f-46b3-b5e1-e6aaa136b281,add,https://en.wikipedia.org/wiki/Julio_Montaner,Julio Montaner,https://en.wikipedia.org/w/index.php?title=Julio_Montaner&oldid=869786662,https://en.wikipedia.org/api/rest_v1/page/html/Julio_Montaner/869786662,https://doi.org/10.1001/jama.279.12.930,https://doi.org/10.1001/jama.279.12.930
517709,wikipedia,https://doi.org/10.1001/jama.279.12.930,https://en.wikipedia.org/api/rest_v1/page/html/Julio_Montaner/874533775,60ef3ce2-0961-4942-b715-70d7a36e7194,2018-12-19 21:45:06,2018-12-19 16:48:21,references,36c35e23-8757-4a9d-aacf-345e9b7eb50d,https://creativecommons.org/publicdomain/zero/1.0/,https://doi.org/10.13003/CED-terms-of-use,,,https://evidence.eventdata.crossref.org/evidence/20181219-wikipedia-30457309-504d-409d-967d-cca8eaefb7b2,add,https://en.wikipedia.org/wiki/Julio_Montaner,Julio Montaner,https://en.wikipedia.org/w/index.php?title=Julio_Montaner&oldid=874533775,https://en.wikipedia.org/api/rest_v1/page/html/Julio_Montaner/874533775,https://doi.org/10.1001/jama.279.12.930,https://doi.org/10.1001/jama.279.12.930
517710,wikipedia,https://doi.org/10.1001/jama.279.12.930,https://en.wikipedia.org/api/rest_v1/page/html/Julio_Montaner/874534092,b14d6cff-651b-409f-ac99-358dc49dea75,2018-12-19 21:47:46,2018-12-19 16:50:40,references,36c35e23-8757-4a9d-aacf-345e9b7eb50d,https://creativecommons.org/publicdomain/zero/1.0/,https://doi.org/10.13003/CED-terms-of-use,,,https://evidence.eventdata.crossref.org/evidence/20181219-wikipedia-1223136c-538a-44b3-a75d-3445b939d767,add,https://en.wikipedia.org/wiki/Julio_Montaner,Julio Montaner,https://en.wikipedia.org/w/index.php?title=Julio_Montaner&oldid=874534092,https://en.wikipedia.org/api/rest_v1/page/html/Julio_Montaner/874534092,https://doi.org/10.1001/jama.279.12.930,https://doi.org/10.1001/jama.279.12.930
517711,wikipedia,https://doi.org/10.1001/jama.279.12.930,https://en.wikipedia.org/api/rest_v1/page/html/Julio_Montaner/874534170,9a4a4582-5205-4e46-90f2-badf9570c41a,2018-12-19 21:48:22,2018-12-19 16:51:41,references,36c35e23-8757-4a9d-aacf-345e9b7eb50d,https://creativecommons.org/publicdomain/zero/1.0/,https://doi.org/10.13003/CED-terms-of-use,,,https://evidence.eventdata.crossref.org/evidence/20181219-wikipedia-18bea9d2-8757-4c44-9b2b-c1c309b5b172,add,https://en.wikipedia.org/wiki/Julio_Montaner,Julio Montaner,https://en.wikipedia.org/w/index.php?title=Julio_Montaner&oldid=874534170,https://en.wikipedia.org/api/rest_v1/page/html/Julio_Montaner/874534170,https://doi.org/10.1001/jama.279.12.930,https://doi.org/10.1001/jama.279.12.930
517712,wikipedia,https://doi.org/10.1001/jama.279.12.930,https://en.wikipedia.org/api/rest_v1/page/html/Julio_Montaner/880332992,26af3edb-3b18-402d-b866-b42a27085afd,2019-01-26 21:21:28,2019-01-26 16:25:20,references,36c35e23-8757-4a9d-aacf-345e9b7eb50d,https://creativecommons.org/publicdomain/zero/1.0/,https://doi.org/10.13003/CED-terms-of-use,,,https://evidence.eventdata.crossref.org/evidence/20190126-wikipedia-be45b289-5c05-4773-835d-eaaeccf62d21,add,https://en.wikipedia.org/wiki/Julio_Montaner,Julio Montaner,https://en.wikipedia.org/w/index.php?title=Julio_Montaner&oldid=880332992,https://en.wikipedia.org/api/rest_v1/page/html/Julio_Montaner/880332992,https://doi.org/10.1001/jama.279.12.930,https://doi.org/10.1001/jama.279.12.930
517713,wikipedia,https://doi.org/10.1001/jama.279.12.930,https://en.wikipedia.org/api/rest_v1/page/html/Julio_Montaner/880349211,55108555-5a39-4dc8-b91b-3567e9174fd6,2019-01-26 23:16:34,2019-01-26 18:21:35,references,36c35e23-8757-4a9d-aacf-345e9b7eb50d,https://creativecommons.org/publicdomain/zero/1.0/,https://doi.org/10.13003/CED-terms-of-use,,,https://evidence.eventdata.crossref.org/evidence/20190126-wikipedia-d0cff2a1-0e21-4a9d-bf07-db1bffd2495b,add,https://en.wikipedia.org/wiki/Julio_Montaner,Julio Montaner,https://en.wikipedia.org/w/index.php?title=Julio_Montaner&oldid=880349211,https://en.wikipedia.org/api/rest_v1/page/html/Julio_Montaner/880349211,https://doi.org/10.1001/jama.279.12.930,https://doi.org/10.1001/jama.279.12.930
517714,wikipedia,https://doi.org/10.1001/jama.279.12.930,https://ja.wikipedia.org/api/rest_v1/page/html/%E3%83%8D%E3%83%93%E3%83%A9%E3%83%94%E3%83%B3/7168697,8ae1a8da-f396-4ff4-bc0c-07879e69d7f0,2019-02-16 21:09:27,2019-02-16 16:12:11,references,36c35e23-8757-4a9d-aacf-345e9b7eb50d,https://creativecommons.org/publicdomain/zero/1.0/,https://doi.org/10.13003/CED-terms-of-use,,,https://evidence.eventdata.crossref.org/evidence/20190216-wikipedia-e1a0bf00-4ec5-4bc3-9a13-4bb2c6b7d0c8,add,https://ja.wikipedia.org/wiki/%E3%83%8D%E3%83%93%E3%83%A9%E3%83%94%E3%83%B3,ネビラピン,https://ja.wikipedia.org/w/index.php?title=%E3%83%8D%E3%83%93%E3%83%A9%E3%83%94%E3%83%B3&oldid=71686,https://ja.wikipedia.org/api/rest_v1/page/html/%E3%83%8D%E3%83%93%E3%83%A9%E3%83%94%E3%83%B3/7168697,https://doi.org/10.1001/jama.279.12.930,https://doi.org/10.1001%2Fjama.279.12.930
517715,wikipedia,https://doi.org/10.1001/jama.279.12.930,https://ja.wikipedia.org/api/rest_v1/page/html/%E3%83%8D%E3%83%93%E3%83%A9%E3%83%94%E3%83%B3/7168697,08b604c5-60b5-4c95-9bbf-6b0954f7df25,2019-02-16 21:09:27,2019-02-16 16:12:12,references,36c35e23-8757-4a9d-aacf-345e9b7eb50d,https://creativecommons.org/publicdomain/zero/1.0/,https://doi.org/10.13003/CED-terms-of-use,,,https://evidence.eventdata.crossref.org/evidence/20190216-wikipedia-e1a0bf00-4ec5-4bc3-9a13-4bb2c6b7d0c8,add,https://ja.wikipedia.org/wiki/%E3%83%8D%E3%83%93%E3%83%A9%E3%83%94%E3%83%B3,ネビラピン,https://ja.wikipedia.org/w/index.php?title=%E3%83%8D%E3%83%93%E3%83%A9%E3%83%94%E3%83%B3&oldid=71686,https://ja.wikipedia.org/api/rest_v1/page/html/%E3%83%8D%E3%83%93%E3%83%A9%E3%83%94%E3%83%B3/7168697,https://doi.org/10.1001/jama.279.12.930,http://jama.ama-assn.org/cgi/reprint/279/12/930
517716,wikipedia,https://doi.org/10.1001/jama.279.12.930,https://ja.wikipedia.org/api/rest_v1/page/html/%E3%83%8D%E3%83%93%E3%83%A9%E3%83%94%E3%83%B3/7168697,6c3ecbc2-9106-4037-8e33-1cf92a5ba44b,2019-02-16 21:09:27,2019-02-16 16:12:13,references,36c35e23-8757-4a9d-aacf-345e9b7eb50d,https://creativecommons.org/publicdomain/zero/1.0/,https://doi.org/10.13003/CED-terms-of-use,,,https://evidence.eventdata.crossref.org/evidence/20190216-wikipedia-e1a0bf00-4ec5-4bc3-9a13-4bb2c6b7d0c8,add,https://ja.wikipedia.org/wiki/%E3%83%8D%E3%83%93%E3%83%A9%E3%83%94%E3%83%B3,ネビラピン,https://ja.wikipedia.org/w/index.php?title=%E3%83%8D%E3%83%93%E3%83%A9%E3%83%94%E3%83%B3&oldid=71686,https://ja.wikipedia.org/api/rest_v1/page/html/%E3%83%8D%E3%83%93%E3%83%A9%E3%83%94%E3%83%B3/7168697,https://doi.org/10.1001/jama.279.12.930,https://doi.org/10.1001/jama.279.12.930
517717,wikipedia,https://doi.org/10.1001/jama.279.12.930,https://en.wikipedia.org/api/rest_v1/page/html/Julio_Montaner/883886028,002e7907-2569-459c-bb92-83c194ab5071,2019-02-18 06:20:58,2019-02-18 01:24:56,references,36c35e23-8757-4a9d-aacf-345e9b7eb50d,https://creativecommons.org/publicdomain/zero/1.0/,https://doi.org/10.13003/CED-terms-of-use,,,https://evidence.eventdata.crossref.org/evidence/20190218-wikipedia-497c6872-b527-44e2-a596-d9abd91a1624,add,https://en.wikipedia.org/wiki/Julio_Montaner,Julio Montaner,https://en.wikipedia.org/w/index.php?title=Julio_Montaner&oldid=883886028,https://en.wikipedia.org/api/rest_v1/page/html/Julio_Montaner/883886028,https://doi.org/10.1001/jama.279.12.930,https://doi.org/10.1001/jama.279.12.930
517718,wikipedia,https://doi.org/10.1001/jama.279.12.930,https://en.wikipedia.org/api/rest_v1/page/html/Julio_Montaner/883886554,3ddcfd44-4bac-4297-90fe-341c82629e90,2019-02-18 06:27:20,2019-02-18 01:31:23,references,36c35e23-8757-4a9d-aacf-345e9b7eb50d,https://creativecommons.org/publicdomain/zero/1.0/,https://doi.org/10.13003/CED-terms-of-use,,,https://evidence.eventdata.crossref.org/evidence/20190218-wikipedia-e82ef4c6-2948-485f-8476-210c07a0d3fa,add,https://en.wikipedia.org/wiki/Julio_Montaner,Julio Montaner,https://en.wikipedia.org/w/index.php?title=Julio_Montaner&oldid=883886554,https://en.wikipedia.org/api/rest_v1/page/html/Julio_Montaner/883886554,https://doi.org/10.1001/jama.279.12.930,https://doi.org/10.1001/jama.279.12.930
517719,wikipedia,https://doi.org/10.1001/jama.279.12.930,https://en.wikipedia.org/api/rest_v1/page/html/Julio_Montaner/883910548,5cc91e6e-ee7a-4230-bb85-ffe409610030,2019-02-18 11:07:11,2019-02-18 06:14:51,references,36c35e23-8757-4a9d-aacf-345e9b7eb50d,https://creativecommons.org/publicdomain/zero/1.0/,https://doi.org/10.13003/CED-terms-of-use,,,https://evidence.eventdata.crossref.org/evidence/20190218-wikipedia-297c6eaf-1925-48e7-9c67-c2bb244f644f,add,https://en.wikipedia.org/wiki/Julio_Montaner,Julio Montaner,https://en.wikipedia.org/w/index.php?title=Julio_Montaner&oldid=883910548,https://en.wikipedia.org/api/rest_v1/page/html/Julio_Montaner/883910548,https://doi.org/10.1001/jama.279.12.930,https://doi.org/10.1001/jama.279.12.930
517720,wikipedia,https://doi.org/10.1001/jama.279.12.930,https://en.wikipedia.org/api/rest_v1/page/html/Julio_Montaner/886562556,13ddddc8-e3c8-4ca7-88e6-f2e3b4d78be3,2019-03-07 01:55:21,2019-03-06 20:56:46,references,36c35e23-8757-4a9d-aacf-345e9b7eb50d,https://creativecommons.org/publicdomain/zero/1.0/,https://doi.org/10.13003/CED-terms-of-use,,,https://evidence.eventdata.crossref.org/evidence/20190307-wikipedia-797d55c3-7ebe-43a6-8acf-0edb861bb082,add,https://en.wikipedia.org/wiki/Julio_Montaner,Julio Montaner,https://en.wikipedia.org/w/index.php?title=Julio_Montaner&oldid=886562556,https://en.wikipedia.org/api/rest_v1/page/html/Julio_Montaner/886562556,https://doi.org/10.1001/jama.279.12.930,https://doi.org/10.1001/jama.279.12.930
517721,wikipedia,https://doi.org/10.1001/jama.279.12.930,https://en.wikipedia.org/api/rest_v1/page/html/Julio_Montaner/886562520,823ee30e-0216-43f0-802f-ee04e355071b,2019-03-07 01:54:58,2019-03-06 20:57:16,references,36c35e23-8757-4a9d-aacf-345e9b7eb50d,https://creativecommons.org/publicdomain/zero/1.0/,https://doi.org/10.13003/CED-terms-of-use,,,https://evidence.eventdata.crossref.org/evidence/20190307-wikipedia-06251744-df2b-4a51-99c0-cff4244ca9f9,add,https://en.wikipedia.org/wiki/Julio_Montaner,Julio Montaner,https://en.wikipedia.org/w/index.php?title=Julio_Montaner&oldid=886562520,https://en.wikipedia.org/api/rest_v1/page/html/Julio_Montaner/886562520,https://doi.org/10.1001/jama.279.12.930,https://doi.org/10.1001/jama.279.12.930
517722,wikipedia,https://doi.org/10.1001/jama.279.12.930,https://en.wikipedia.org/api/rest_v1/page/html/Julio_Montaner/887172100,1cca46f6-48d9-4dc6-b87b-b0cb20fa8697,2019-03-11 01:29:15,2019-03-10 21:33:03,references,36c35e23-8757-4a9d-aacf-345e9b7eb50d,https://creativecommons.org/publicdomain/zero/1.0/,https://doi.org/10.13003/CED-terms-of-use,,,https://evidence.eventdata.crossref.org/evidence/20190311-wikipedia-7000f3a3-482a-4286-9278-da4ead5f8085,add,https://en.wikipedia.org/wiki/Julio_Montaner,Julio Montaner,https://en.wikipedia.org/w/index.php?title=Julio_Montaner&oldid=887172100,https://en.wikipedia.org/api/rest_v1/page/html/Julio_Montaner/887172100,https://doi.org/10.1001/jama.279.12.930,https://doi.org/10.1001/jama.279.12.930
517723,wikipedia,https://doi.org/10.1001/jama.279.12.930,https://en.wikipedia.org/api/rest_v1/page/html/Nevirapine/887728193,d91db1be-9b6e-4e7f-b569-14887f80ea55,2019-03-14 13:17:10,2019-03-14 09:24:27,references,36c35e23-8757-4a9d-aacf-345e9b7eb50d,https://creativecommons.org/publicdomain/zero/1.0/,https://doi.org/10.13003/CED-terms-of-use,,,https://evidence.eventdata.crossref.org/evidence/20190314-wikipedia-83cdfb3c-8cd6-417e-93a2-051078ea1374,add,https://en.wikipedia.org/wiki/Nevirapine,Nevirapine,https://en.wikipedia.org/w/index.php?title=Nevirapine&oldid=887728193,https://en.wikipedia.org/api/rest_v1/page/html/Nevirapine/887728193,https://doi.org/10.1001/jama.279.12.930,https://doi.org/10.1001/jama.279.12.930
517724,wikipedia,https://doi.org/10.1001/jama.279.12.930,https://en.wikipedia.org/api/rest_v1/page/html/Julio_Montaner/888002083,6b8fe0e8-3fc1-49cd-92c6-e73d56c30691,2019-03-16 07:41:33,2019-03-16 03:43:44,references,36c35e23-8757-4a9d-aacf-345e9b7eb50d,https://creativecommons.org/publicdomain/zero/1.0/,https://doi.org/10.13003/CED-terms-of-use,,,https://evidence.eventdata.crossref.org/evidence/20190316-wikipedia-87e3f28b-9192-44f4-a1b0-85b3c6393d90,add,https://en.wikipedia.org/wiki/Julio_Montaner,Julio Montaner,https://en.wikipedia.org/w/index.php?title=Julio_Montaner&oldid=888002083,https://en.wikipedia.org/api/rest_v1/page/html/Julio_Montaner/888002083,https://doi.org/10.1001/jama.279.12.930,https://doi.org/10.1001/jama.279.12.930
517725,wikipedia,https://doi.org/10.1001/jama.279.12.930,https://en.wikipedia.org/api/rest_v1/page/html/Julio_Montaner/888359088,6e199510-754e-4d59-aca6-54aa49c9a573,2019-03-18 16:46:45,2019-03-22 19:08:18,references,36c35e23-8757-4a9d-aacf-345e9b7eb50d,https://creativecommons.org/publicdomain/zero/1.0/,https://doi.org/10.13003/CED-terms-of-use,,,https://evidence.eventdata.crossref.org/evidence/20190318-wikipedia-29a6579c-11c8-400d-88b6-9844e7ee2456,add,https://en.wikipedia.org/wiki/Julio_Montaner,Julio Montaner,https://en.wikipedia.org/w/index.php?title=Julio_Montaner&oldid=888359088,https://en.wikipedia.org/api/rest_v1/page/html/Julio_Montaner/888359088,https://doi.org/10.1001/jama.279.12.930,https://doi.org/10.1001/jama.279.12.930
517726,wikipedia,https://doi.org/10.1001/jama.279.12.930,https://en.wikipedia.org/api/rest_v1/page/html/Julio_Montaner/888359800,e52052c1-6e51-4193-ac34-f862adca83c9,2019-03-18 16:51:42,2019-03-22 19:52:49,references,36c35e23-8757-4a9d-aacf-345e9b7eb50d,https://creativecommons.org/publicdomain/zero/1.0/,https://doi.org/10.13003/CED-terms-of-use,,,https://evidence.eventdata.crossref.org/evidence/20190318-wikipedia-37ea71fe-c32e-4f38-bed2-903848500ab1,add,https://en.wikipedia.org/wiki/Julio_Montaner,Julio Montaner,https://en.wikipedia.org/w/index.php?title=Julio_Montaner&oldid=888359800,https://en.wikipedia.org/api/rest_v1/page/html/Julio_Montaner/888359800,https://doi.org/10.1001/jama.279.12.930,https://doi.org/10.1001/jama.279.12.930
517727,wikipedia,https://doi.org/10.1001/jama.279.12.930,https://en.wikipedia.org/api/rest_v1/page/html/Julio_Montaner/889672906,b24eaad4-b02a-44df-a343-2b62e695f225,2019-03-27 05:55:08,2019-03-28 02:39:22,references,36c35e23-8757-4a9d-aacf-345e9b7eb50d,https://creativecommons.org/publicdomain/zero/1.0/,https://doi.org/10.13003/CED-terms-of-use,,,https://evidence.eventdata.crossref.org/evidence/20190327-wikipedia-6cbc7016-12b8-4147-85a0-7cdef8c05a5a,add,https://en.wikipedia.org/wiki/Julio_Montaner,Julio Montaner,https://en.wikipedia.org/w/index.php?title=Julio_Montaner&oldid=889672906,https://en.wikipedia.org/api/rest_v1/page/html/Julio_Montaner/889672906,https://doi.org/10.1001/jama.279.12.930,https://doi.org/10.1001/jama.279.12.930
517728,wikipedia,https://doi.org/10.1001/jama.279.12.930,https://it.wikipedia.org/api/rest_v1/page/html/Nevirapina/104586454,443c5507-cf28-48c1-8eb3-9e8173235f34,2019-05-03 07:33:38,2019-05-03 03:42:42,references,36c35e23-8757-4a9d-aacf-345e9b7eb50d,https://creativecommons.org/publicdomain/zero/1.0/,https://doi.org/10.13003/CED-terms-of-use,,,https://evidence.eventdata.crossref.org/evidence/20190503-wikipedia-a9b775aa-9569-4df9-9bee-f4d9f24f84e2,add,https://it.wikipedia.org/wiki/Nevirapina,Nevirapina,https://it.wikipedia.org/w/index.php?title=Nevirapina&oldid=104586454,https://it.wikipedia.org/api/rest_v1/page/html/Nevirapina/104586454,https://doi.org/10.1001/jama.279.12.930,http://jama.ama-assn.org/cgi/reprint/279/12/930
517729,wikipedia,https://doi.org/10.1001/jama.279.12.930,https://en.wikipedia.org/api/rest_v1/page/html/Nevirapine/901270534,1a9224c9-bbea-4a6d-84cd-668a44704427,2019-06-10 19:34:57,2019-06-15 03:44:30,references,36c35e23-8757-4a9d-aacf-345e9b7eb50d,https://creativecommons.org/publicdomain/zero/1.0/,https://doi.org/10.13003/CED-terms-of-use,,,https://evidence.eventdata.crossref.org/evidence/20190610-wikipedia-956155d8-e0d5-43ef-aa6c-692f170142ec,add,https://en.wikipedia.org/wiki/Nevirapine,Nevirapine,https://en.wikipedia.org/w/index.php?title=Nevirapine&oldid=901270534,https://en.wikipedia.org/api/rest_v1/page/html/Nevirapine/901270534,https://doi.org/10.1001/jama.279.12.930,https://doi.org/10.1001/jama.279.12.930
517730,wikipedia,https://doi.org/10.1001/jama.279.12.930,https://es.wikipedia.org/api/rest_v1/page/html/Nevirapina/116771269,51b7c531-6ec8-48cf-b352-6d11f2650431,2019-06-17 22:52:56,2019-06-18 06:37:35,references,36c35e23-8757-4a9d-aacf-345e9b7eb50d,https://creativecommons.org/publicdomain/zero/1.0/,https://doi.org/10.13003/CED-terms-of-use,,,https://evidence.eventdata.crossref.org/evidence/20190617-wikipedia-19233a8c-cad6-4e39-951c-e138fcee9df8,add,https://es.wikipedia.org/wiki/Nevirapina,Nevirapina,https://es.wikipedia.org/w/index.php?title=Nevirapina&oldid=116771269,https://es.wikipedia.org/api/rest_v1/page/html/Nevirapina/116771269,https://doi.org/10.1001/jama.279.12.930,http://jama.ama-assn.org/cgi/reprint/279/12/930
517731,wikipedia,https://doi.org/10.1001/jama.279.12.930,https://en.wikipedia.org/api/rest_v1/page/html/Nevirapine/906203499,23f17327-abdd-45af-8397-9eacea09459b,2019-07-14 09:45:31,2019-07-14 05:47:50,references,36c35e23-8757-4a9d-aacf-345e9b7eb50d,https://creativecommons.org/publicdomain/zero/1.0/,https://doi.org/10.13003/CED-terms-of-use,,,https://evidence.eventdata.crossref.org/evidence/20190714-wikipedia-3c9279a1-ae34-45cf-ab5c-00b9436f784d,add,https://en.wikipedia.org/wiki/Nevirapine,Nevirapine,https://en.wikipedia.org/w/index.php?title=Nevirapine&oldid=906203499,https://en.wikipedia.org/api/rest_v1/page/html/Nevirapine/906203499,https://doi.org/10.1001/jama.279.12.930,https://doi.org/10.1001/jama.279.12.930
517732,wikipedia,https://doi.org/10.1001/jama.279.12.930,https://it.wikipedia.org/api/rest_v1/page/html/Nevirapina/106742720,9cbe8807-f149-4f7f-a815-d53184c322e6,2019-07-24 05:58:02,2019-07-24 02:25:32,references,36c35e23-8757-4a9d-aacf-345e9b7eb50d,https://creativecommons.org/publicdomain/zero/1.0/,https://doi.org/10.13003/CED-terms-of-use,,,https://evidence.eventdata.crossref.org/evidence/20190724-wikipedia-3a89960e-daef-4caf-bb79-ce14fb601b99,add,https://it.wikipedia.org/wiki/Nevirapina,Nevirapina,https://it.wikipedia.org/w/index.php?title=Nevirapina&oldid=106742720,https://it.wikipedia.org/api/rest_v1/page/html/Nevirapina/106742720,https://doi.org/10.1001/jama.279.12.930,http://jama.ama-assn.org/cgi/reprint/279/12/930
517733,wikipedia,https://doi.org/10.1001/jama.279.12.930,https://en.wikipedia.org/api/rest_v1/page/html/Nevirapine/908995178,f7052924-c3cf-451a-b9c2-12f362ae40f1,2019-08-02 10:44:57,2019-08-02 11:04:25,references,36c35e23-8757-4a9d-aacf-345e9b7eb50d,https://creativecommons.org/publicdomain/zero/1.0/,https://doi.org/10.13003/CED-terms-of-use,,,https://evidence.eventdata.crossref.org/evidence/20190802-wikipedia-9dc2cb34-9634-48b0-a496-ab7b18037409,add,https://en.wikipedia.org/wiki/Nevirapine,Nevirapine,https://en.wikipedia.org/w/index.php?title=Nevirapine&oldid=908995178,https://en.wikipedia.org/api/rest_v1/page/html/Nevirapine/908995178,https://doi.org/10.1001/jama.279.12.930,https://doi.org/10.1001/jama.279.12.930
517734,wikipedia,https://doi.org/10.1001/jama.279.12.930,https://es.wikipedia.org/api/rest_v1/page/html/Nevirapina/119545792,c2c30721-6a80-4fdb-811e-3af1cad7c723,2019-09-20 08:01:30,2019-09-20 04:09:21,references,36c35e23-8757-4a9d-aacf-345e9b7eb50d,https://creativecommons.org/publicdomain/zero/1.0/,https://doi.org/10.13003/CED-terms-of-use,,,https://evidence.eventdata.crossref.org/evidence/20190920-wikipedia-de265fcf-f204-482f-a870-862c222882ee,add,https://es.wikipedia.org/wiki/Nevirapina,Nevirapina,https://es.wikipedia.org/w/index.php?title=Nevirapina&oldid=119545792,https://es.wikipedia.org/api/rest_v1/page/html/Nevirapina/119545792,https://doi.org/10.1001/jama.279.12.930,http://jama.ama-assn.org/cgi/reprint/279/12/930
517735,wikipedia,https://doi.org/10.1001/jama.279.12.930,https://en.wikipedia.org/api/rest_v1/page/html/Nevirapine/917250403,09eae60c-6610-47b4-90be-1658c39e29c1,2019-09-23 00:04:51,2019-09-22 20:10:32,references,36c35e23-8757-4a9d-aacf-345e9b7eb50d,https://creativecommons.org/publicdomain/zero/1.0/,https://doi.org/10.13003/CED-terms-of-use,,,https://evidence.eventdata.crossref.org/evidence/20190923-wikipedia-a9f4888a-d606-4463-bee3-6fe36a07a0b1,add,https://en.wikipedia.org/wiki/Nevirapine,Nevirapine,https://en.wikipedia.org/w/index.php?title=Nevirapine&oldid=917250403,https://en.wikipedia.org/api/rest_v1/page/html/Nevirapine/917250403,https://doi.org/10.1001/jama.279.12.930,https://doi.org/10.1001/jama.279.12.930
517736,wikipedia,https://doi.org/10.1001/jama.279.12.930,https://en.wikipedia.org/api/rest_v1/page/html/Julio_Montaner/917502304,ec5e2129-8e22-4139-a0e8-94ad6217b6b2,2019-09-24 03:55:21,2019-09-23 23:59:26,references,36c35e23-8757-4a9d-aacf-345e9b7eb50d,https://creativecommons.org/publicdomain/zero/1.0/,https://doi.org/10.13003/CED-terms-of-use,,,https://evidence.eventdata.crossref.org/evidence/20190924-wikipedia-d7539d6e-8ad6-4691-8b26-ffcf189dd91a,add,https://en.wikipedia.org/wiki/Julio_Montaner,Julio Montaner,https://en.wikipedia.org/w/index.php?title=Julio_Montaner&oldid=917502304,https://en.wikipedia.org/api/rest_v1/page/html/Julio_Montaner/917502304,https://doi.org/10.1001/jama.279.12.930,https://doi.org/10.1001/jama.279.12.930
517737,wikipedia,https://doi.org/10.1001/jama.279.12.930,https://en.wikipedia.org/api/rest_v1/page/html/Julio_Montaner/928620231,70d8d1a5-8a7b-4515-9035-377e13910e00,2019-11-30 15:04:45,2019-11-30 10:14:03,references,36c35e23-8757-4a9d-aacf-345e9b7eb50d,https://creativecommons.org/publicdomain/zero/1.0/,https://doi.org/10.13003/CED-terms-of-use,,,https://evidence.eventdata.crossref.org/evidence/20191130-wikipedia-25bedadd-9f24-427d-af34-9901b7bbfb36,add,https://en.wikipedia.org/wiki/Julio_Montaner,Julio Montaner,https://en.wikipedia.org/w/index.php?title=Julio_Montaner&oldid=928620231,https://en.wikipedia.org/api/rest_v1/page/html/Julio_Montaner/928620231,https://doi.org/10.1001/jama.279.12.930,https://doi.org/10.1001/jama.279.12.930
517738,wikipedia,https://doi.org/10.1001/jama.279.12.930,https://en.wikipedia.org/api/rest_v1/page/html/Nevirapine/928713922,d544becc-300b-460d-996b-103ee6a8ce4f,2019-12-01 04:41:14,2019-11-30 23:49:12,references,36c35e23-8757-4a9d-aacf-345e9b7eb50d,https://creativecommons.org/publicdomain/zero/1.0/,https://doi.org/10.13003/CED-terms-of-use,,,https://evidence.eventdata.crossref.org/evidence/20191201-wikipedia-32102393-1624-4b0d-b269-84a0d0710566,add,https://en.wikipedia.org/wiki/Nevirapine,Nevirapine,https://en.wikipedia.org/w/index.php?title=Nevirapine&oldid=928713922,https://en.wikipedia.org/api/rest_v1/page/html/Nevirapine/928713922,https://doi.org/10.1001/jama.279.12.930,https://doi.org/10.1001/jama.279.12.930
517739,wikipedia,https://doi.org/10.1001/jama.279.12.930,https://en.wikipedia.org/api/rest_v1/page/html/Nevirapine/930010038,39c1d336-ce2e-4d13-b959-d8fbd1ff2aa3,2019-12-09 17:15:09,2019-12-14 08:18:45,references,36c35e23-8757-4a9d-aacf-345e9b7eb50d,https://creativecommons.org/publicdomain/zero/1.0/,https://doi.org/10.13003/CED-terms-of-use,,,https://evidence.eventdata.crossref.org/evidence/20191209-wikipedia-ae417eda-801d-47fe-873f-08f2369aff63,add,https://en.wikipedia.org/wiki/Nevirapine,Nevirapine,https://en.wikipedia.org/w/index.php?title=Nevirapine&oldid=930010038,https://en.wikipedia.org/api/rest_v1/page/html/Nevirapine/930010038,https://doi.org/10.1001/jama.279.12.930,https://doi.org/10.1001/jama.279.12.930
517740,wikipedia,https://doi.org/10.1001/jama.279.12.930,https://en.wikipedia.org/api/rest_v1/page/html/Nevirapine/936671555,643f7e53-cd6b-4d9d-b1f4-374f4cb0b5b5,2020-01-20 08:24:44,2020-01-20 03:30:05,references,36c35e23-8757-4a9d-aacf-345e9b7eb50d,https://creativecommons.org/publicdomain/zero/1.0/,https://doi.org/10.13003/CED-terms-of-use,,,https://evidence.eventdata.crossref.org/evidence/20200120-wikipedia-9506710e-976e-4a66-950d-8b0379d8d383,add,https://en.wikipedia.org/wiki/Nevirapine,Nevirapine,https://en.wikipedia.org/w/index.php?title=Nevirapine&oldid=936671555,https://en.wikipedia.org/api/rest_v1/page/html/Nevirapine/936671555,https://doi.org/10.1001/jama.279.12.930,https://doi.org/10.1001/jama.279.12.930
517741,wikipedia,https://doi.org/10.1001/jama.279.12.930,https://en.wikipedia.org/api/rest_v1/page/html/Nevirapine/937585221,15985e35-d539-4609-97d1-b7c9fbb064b7,2020-01-25 23:35:49,2020-01-25 18:42:18,references,36c35e23-8757-4a9d-aacf-345e9b7eb50d,https://creativecommons.org/publicdomain/zero/1.0/,https://doi.org/10.13003/CED-terms-of-use,,,https://evidence.eventdata.crossref.org/evidence/20200125-wikipedia-1f5a635c-3cd1-478e-9a69-055100ae80f0,add,https://en.wikipedia.org/wiki/Nevirapine,Nevirapine,https://en.wikipedia.org/w/index.php?title=Nevirapine&oldid=937585221,https://en.wikipedia.org/api/rest_v1/page/html/Nevirapine/937585221,https://doi.org/10.1001/jama.279.12.930,https://doi.org/10.1001/jama.279.12.930
517742,wikipedia,https://doi.org/10.1001/jama.279.12.930,https://en.wikipedia.org/api/rest_v1/page/html/Nevirapine/937590804,e34830fe-690a-4e8a-b1d1-f83e927b4722,2020-01-26 00:16:53,2020-01-25 19:23:44,references,36c35e23-8757-4a9d-aacf-345e9b7eb50d,https://creativecommons.org/publicdomain/zero/1.0/,https://doi.org/10.13003/CED-terms-of-use,,,https://evidence.eventdata.crossref.org/evidence/20200126-wikipedia-74e5168c-2e3f-4e11-819b-0bfcfeca8caf,add,https://en.wikipedia.org/wiki/Nevirapine,Nevirapine,https://en.wikipedia.org/w/index.php?title=Nevirapine&oldid=937590804,https://en.wikipedia.org/api/rest_v1/page/html/Nevirapine/937590804,https://doi.org/10.1001/jama.279.12.930,https://doi.org/10.1001/jama.279.12.930
517743,wikipedia,https://doi.org/10.1001/jama.279.12.930,https://en.wikipedia.org/api/rest_v1/page/html/Nevirapine/937601488,260dbb5b-e712-4ad7-a2d9-d577a96f9fd8,2020-01-26 01:47:14,2020-01-25 20:50:24,references,36c35e23-8757-4a9d-aacf-345e9b7eb50d,https://creativecommons.org/publicdomain/zero/1.0/,https://doi.org/10.13003/CED-terms-of-use,,,https://evidence.eventdata.crossref.org/evidence/20200126-wikipedia-5ffe0ad4-3d7f-4b4c-9617-24a00166527f,add,https://en.wikipedia.org/wiki/Nevirapine,Nevirapine,https://en.wikipedia.org/w/index.php?title=Nevirapine&oldid=937601488,https://en.wikipedia.org/api/rest_v1/page/html/Nevirapine/937601488,https://doi.org/10.1001/jama.279.12.930,https://doi.org/10.1001/jama.279.12.930
517744,wikipedia,https://doi.org/10.1001/jama.279.12.930,https://en.wikipedia.org/api/rest_v1/page/html/Nevirapine/937601714,d02dc658-edb2-418b-a491-44c32f65cede,2020-01-26 01:49:23,2020-01-25 20:54:32,references,36c35e23-8757-4a9d-aacf-345e9b7eb50d,https://creativecommons.org/publicdomain/zero/1.0/,https://doi.org/10.13003/CED-terms-of-use,,,https://evidence.eventdata.crossref.org/evidence/20200126-wikipedia-a2899c65-8a70-4b9d-bb10-6c956fd09e3a,add,https://en.wikipedia.org/wiki/Nevirapine,Nevirapine,https://en.wikipedia.org/w/index.php?title=Nevirapine&oldid=937601714,https://en.wikipedia.org/api/rest_v1/page/html/Nevirapine/937601714,https://doi.org/10.1001/jama.279.12.930,https://doi.org/10.1001/jama.279.12.930
517745,wikipedia,https://doi.org/10.1001/jama.279.12.930,https://en.wikipedia.org/api/rest_v1/page/html/Julio_Montaner/977409467,7130c004-458d-4c34-abec-9689f81533b5,2020-09-08 17:37:01,2020-09-11 18:37:07,references,36c35e23-8757-4a9d-aacf-345e9b7eb50d,https://creativecommons.org/publicdomain/zero/1.0/,https://doi.org/10.13003/CED-terms-of-use,,,https://evidence.eventdata.crossref.org/evidence/20200908-wikipedia-9bae47dd-ec17-48a1-a480-ab63b2d887d6,add,https://en.wikipedia.org/wiki/Julio_Montaner,Julio Montaner,https://en.wikipedia.org/w/index.php?title=Julio_Montaner&oldid=977409467,https://en.wikipedia.org/api/rest_v1/page/html/Julio_Montaner/977409467,https://doi.org/10.1001/jama.279.12.930,https://doi.org/10.1001/jama.279.12.930
517746,wikipedia,https://doi.org/10.1001/jama.279.12.930,https://en.wikipedia.org/api/rest_v1/page/html/Julio_Montaner/981572898,d495ac5d-1dc1-40ca-96c7-d23df2dde14f,2020-10-03 04:33:32,2020-10-03 00:36:59,references,36c35e23-8757-4a9d-aacf-345e9b7eb50d,https://creativecommons.org/publicdomain/zero/1.0/,https://doi.org/10.13003/CED-terms-of-use,,,https://evidence.eventdata.crossref.org/evidence/20201003-wikipedia-59302f92-3025-4474-854a-30675486f63d,add,https://en.wikipedia.org/wiki/Julio_Montaner,Julio Montaner,https://en.wikipedia.org/w/index.php?title=Julio_Montaner&oldid=981572898,https://en.wikipedia.org/api/rest_v1/page/html/Julio_Montaner/981572898,https://doi.org/10.1001/jama.279.12.930,https://doi.org/10.1001/jama.279.12.930
517747,wikipedia,https://doi.org/10.1001/jama.279.12.930,https://en.wikipedia.org/api/rest_v1/page/html/Nevirapine/982689736,5af6bf40-5d9b-455d-93fe-2ce17845dd17,2020-10-09 18:29:21,2020-10-09 14:36:03,references,36c35e23-8757-4a9d-aacf-345e9b7eb50d,https://creativecommons.org/publicdomain/zero/1.0/,https://doi.org/10.13003/CED-terms-of-use,,,https://evidence.eventdata.crossref.org/evidence/20201009-wikipedia-4e2fe784-ac1b-4574-af8d-5993788283e1,add,https://en.wikipedia.org/wiki/Nevirapine,Nevirapine,https://en.wikipedia.org/w/index.php?title=Nevirapine&oldid=982689736,https://en.wikipedia.org/api/rest_v1/page/html/Nevirapine/982689736,https://doi.org/10.1001/jama.279.12.930,https://doi.org/10.1001/jama.279.12.930
517748,wikipedia,https://doi.org/10.1001/jama.279.12.930,https://en.wikipedia.org/api/rest_v1/page/html/Julio_Montaner/947363098,b68cef04-2e30-4dd3-ba58-b511ede0e66c,2020-03-25 21:07:20,2020-10-13 17:18:04,references,36c35e23-8757-4a9d-aacf-345e9b7eb50d,https://creativecommons.org/publicdomain/zero/1.0/,https://doi.org/10.13003/CED-terms-of-use,,,https://evidence.eventdata.crossref.org/evidence/20200325-wikipedia-4e445d07-3d97-4f8f-9ef2-62b65fab22b7,add,https://en.wikipedia.org/wiki/Julio_Montaner,Julio Montaner,https://en.wikipedia.org/w/index.php?title=Julio_Montaner&oldid=947363098,https://en.wikipedia.org/api/rest_v1/page/html/Julio_Montaner/947363098,https://doi.org/10.1001/jama.279.12.930,https://doi.org/10.1001/jama.279.12.930
517749,wikipedia,https://doi.org/10.1001/jama.279.12.930,https://it.wikipedia.org/api/rest_v1/page/html/Nevirapina/111969430,73c20d46-575f-4ec0-8886-1b1e9b2c0cbc,2020-04-05 13:13:57,2020-10-13 23:25:06,references,36c35e23-8757-4a9d-aacf-345e9b7eb50d,https://creativecommons.org/publicdomain/zero/1.0/,https://doi.org/10.13003/CED-terms-of-use,,,https://evidence.eventdata.crossref.org/evidence/20200405-wikipedia-25840f9d-12a2-4383-8f17-1dc8ed682790,add,https://it.wikipedia.org/wiki/Nevirapina,Nevirapina,https://it.wikipedia.org/w/index.php?title=Nevirapina&oldid=111969430,https://it.wikipedia.org/api/rest_v1/page/html/Nevirapina/111969430,https://doi.org/10.1001/jama.279.12.930,http://jama.ama-assn.org/cgi/reprint/279/12/930
517750,wikipedia,https://doi.org/10.1001/jama.279.12.930,https://en.wikipedia.org/api/rest_v1/page/html/Julio_Montaner/950516257,4905596d-b529-4482-b247-fe96b58ba107,2020-04-12 13:38:34,2020-10-14 03:12:11,references,36c35e23-8757-4a9d-aacf-345e9b7eb50d,https://creativecommons.org/publicdomain/zero/1.0/,https://doi.org/10.13003/CED-terms-of-use,,,https://evidence.eventdata.crossref.org/evidence/20200412-wikipedia-2b1187be-9486-4ee8-bc6c-28ff90a2e187,add,https://en.wikipedia.org/wiki/Julio_Montaner,Julio Montaner,https://en.wikipedia.org/w/index.php?title=Julio_Montaner&oldid=950516257,https://en.wikipedia.org/api/rest_v1/page/html/Julio_Montaner/950516257,https://doi.org/10.1001/jama.279.12.930,https://doi.org/10.1001/jama.279.12.930
517751,wikipedia,https://doi.org/10.1001/jama.279.12.930,https://en.wikipedia.org/api/rest_v1/page/html/Nevirapine/950490207,fac4caf6-8cf3-4735-aedd-5a2eb61994ea,2020-04-12 09:52:28,2020-10-14 03:28:30,references,36c35e23-8757-4a9d-aacf-345e9b7eb50d,https://creativecommons.org/publicdomain/zero/1.0/,https://doi.org/10.13003/CED-terms-of-use,,,https://evidence.eventdata.crossref.org/evidence/20200412-wikipedia-a6fcd284-d37e-4bc3-8bcb-a55bef0c4f9a,add,https://en.wikipedia.org/wiki/Nevirapine,Nevirapine,https://en.wikipedia.org/w/index.php?title=Nevirapine&oldid=950490207,https://en.wikipedia.org/api/rest_v1/page/html/Nevirapine/950490207,https://doi.org/10.1001/jama.279.12.930,https://doi.org/10.1001/jama.279.12.930
517752,wikipedia,https://doi.org/10.1001/jama.279.12.930,https://es.wikipedia.org/api/rest_v1/page/html/Nevirapina/125301429,b96f6a05-732c-4854-922a-a9527e8bc8d0,2020-04-18 19:34:52,2020-10-14 07:16:54,references,36c35e23-8757-4a9d-aacf-345e9b7eb50d,https://creativecommons.org/publicdomain/zero/1.0/,https://doi.org/10.13003/CED-terms-of-use,,,https://evidence.eventdata.crossref.org/evidence/20200418-wikipedia-ea3e2b1f-b51d-4099-9a5e-e55466ea17e9,add,https://es.wikipedia.org/wiki/Nevirapina,Nevirapina,https://es.wikipedia.org/w/index.php?title=Nevirapina&oldid=125301429,https://es.wikipedia.org/api/rest_v1/page/html/Nevirapina/125301429,https://doi.org/10.1001/jama.279.12.930,http://jama.ama-assn.org/cgi/reprint/279/12/930
517753,wikipedia,https://doi.org/10.1001/jama.279.12.930,https://es.wikipedia.org/api/rest_v1/page/html/Nevirapina/124378628,d5fe2415-5699-401d-b396-868121b5090d,2020-03-19 02:26:17,2020-10-14 07:37:38,references,36c35e23-8757-4a9d-aacf-345e9b7eb50d,https://creativecommons.org/publicdomain/zero/1.0/,https://doi.org/10.13003/CED-terms-of-use,,,https://evidence.eventdata.crossref.org/evidence/20200419-wikipedia-946686a8-27a0-48e9-967a-315f73a1daca,add,https://es.wikipedia.org/wiki/Nevirapina,Nevirapina,https://es.wikipedia.org/w/index.php?title=Nevirapina&oldid=124378628,https://es.wikipedia.org/api/rest_v1/page/html/Nevirapina/124378628,https://doi.org/10.1001/jama.279.12.930,http://jama.ama-assn.org/cgi/reprint/279/12/930
517754,wikipedia,https://doi.org/10.1001/jama.279.12.930,https://es.wikipedia.org/api/rest_v1/page/html/Nevirapina/124378639,4e7dc0b8-58af-44dc-bdd9-c2543c10ff72,2020-03-19 02:26:56,2020-10-14 07:38:02,references,36c35e23-8757-4a9d-aacf-345e9b7eb50d,https://creativecommons.org/publicdomain/zero/1.0/,https://doi.org/10.13003/CED-terms-of-use,,,https://evidence.eventdata.crossref.org/evidence/20200419-wikipedia-96621811-1d97-4154-aa35-941b9ca84382,add,https://es.wikipedia.org/wiki/Nevirapina,Nevirapina,https://es.wikipedia.org/w/index.php?title=Nevirapina&oldid=124378639,https://es.wikipedia.org/api/rest_v1/page/html/Nevirapina/124378639,https://doi.org/10.1001/jama.279.12.930,http://jama.ama-assn.org/cgi/reprint/279/12/930
517755,wikipedia,https://doi.org/10.1001/jama.279.12.930,https://en.wikipedia.org/api/rest_v1/page/html/Nevirapine/983527710,ddba007b-f39a-443e-82da-6ba7b081ff65,2020-10-14 19:01:39,2020-10-14 16:04:41,references,36c35e23-8757-4a9d-aacf-345e9b7eb50d,https://creativecommons.org/publicdomain/zero/1.0/,https://doi.org/10.13003/CED-terms-of-use,,,https://evidence.eventdata.crossref.org/evidence/20201014-wikipedia-6a421a5c-df20-4874-9ca5-569dee230b88,add,https://en.wikipedia.org/wiki/Nevirapine,Nevirapine,https://en.wikipedia.org/w/index.php?title=Nevirapine&oldid=983527710,https://en.wikipedia.org/api/rest_v1/page/html/Nevirapine/983527710,https://doi.org/10.1001/jama.279.12.930,https://doi.org/10.1001/jama.279.12.930
517756,wikipedia,https://doi.org/10.1001/jama.279.12.930,https://en.wikipedia.org/api/rest_v1/page/html/Nevirapine/957281323,c3b7ecdd-eaa2-46cd-83db-477ceeed3c2f,2020-05-18 01:25:54,2020-10-14 20:53:34,references,36c35e23-8757-4a9d-aacf-345e9b7eb50d,https://creativecommons.org/publicdomain/zero/1.0/,https://doi.org/10.13003/CED-terms-of-use,,,https://evidence.eventdata.crossref.org/evidence/20200518-wikipedia-ab665406-1ab1-46d1-8012-165d40dc7e68,add,https://en.wikipedia.org/wiki/Nevirapine,Nevirapine,https://en.wikipedia.org/w/index.php?title=Nevirapine&oldid=957281323,https://en.wikipedia.org/api/rest_v1/page/html/Nevirapine/957281323,https://doi.org/10.1001/jama.279.12.930,https://doi.org/10.1001/jama.279.12.930
517757,wikipedia,https://doi.org/10.1001/jama.279.12.930,https://en.wikipedia.org/api/rest_v1/page/html/Nevirapine/959633904,6c48433f-3262-4c43-a7e3-05b66d978723,2020-05-29 19:59:45,2020-10-15 02:45:34,references,36c35e23-8757-4a9d-aacf-345e9b7eb50d,https://creativecommons.org/publicdomain/zero/1.0/,https://doi.org/10.13003/CED-terms-of-use,,,https://evidence.eventdata.crossref.org/evidence/20200529-wikipedia-ee3fb732-0a2c-43ee-893d-8b06b9d095ef,add,https://en.wikipedia.org/wiki/Nevirapine,Nevirapine,https://en.wikipedia.org/w/index.php?title=Nevirapine&oldid=959633904,https://en.wikipedia.org/api/rest_v1/page/html/Nevirapine/959633904,https://doi.org/10.1001/jama.279.12.930,https://doi.org/10.1001/jama.279.12.930
517758,wikipedia,https://doi.org/10.1001/jama.279.12.930,https://en.wikipedia.org/api/rest_v1/page/html/Nevirapine/959690494,7c4443a0-e430-4abb-bd54-5b5c0a989332,2020-05-30 03:06:16,2020-10-15 03:05:08,references,36c35e23-8757-4a9d-aacf-345e9b7eb50d,https://creativecommons.org/publicdomain/zero/1.0/,https://doi.org/10.13003/CED-terms-of-use,,,https://evidence.eventdata.crossref.org/evidence/20200530-wikipedia-8225f5d8-af35-4a49-b858-2d1055b3c843,add,https://en.wikipedia.org/wiki/Nevirapine,Nevirapine,https://en.wikipedia.org/w/index.php?title=Nevirapine&oldid=959690494,https://en.wikipedia.org/api/rest_v1/page/html/Nevirapine/959690494,https://doi.org/10.1001/jama.279.12.930,https://doi.org/10.1001/jama.279.12.930
517759,wikipedia,https://doi.org/10.1001/jama.279.12.930,https://en.wikipedia.org/api/rest_v1/page/html/Nevirapine/963442884,09b26136-f64f-4c62-be83-5d994ab9daa2,2020-06-19 20:43:18,2020-10-15 12:34:03,references,36c35e23-8757-4a9d-aacf-345e9b7eb50d,https://creativecommons.org/publicdomain/zero/1.0/,https://doi.org/10.13003/CED-terms-of-use,,,https://evidence.eventdata.crossref.org/evidence/20200619-wikipedia-3db8d81b-4590-4a40-b24a-e418aaf82efc,add,https://en.wikipedia.org/wiki/Nevirapine,Nevirapine,https://en.wikipedia.org/w/index.php?title=Nevirapine&oldid=963442884,https://en.wikipedia.org/api/rest_v1/page/html/Nevirapine/963442884,https://doi.org/10.1001/jama.279.12.930,https://doi.org/10.1001/jama.279.12.930
517760,wikipedia,https://doi.org/10.1001/jama.279.12.930,https://it.wikipedia.org/api/rest_v1/page/html/Nevirapina/114251227,5997298c-6399-4b91-99ab-b44c17fdae44,2020-07-09 21:23:32,2020-10-15 22:29:08,references,36c35e23-8757-4a9d-aacf-345e9b7eb50d,https://creativecommons.org/publicdomain/zero/1.0/,https://doi.org/10.13003/CED-terms-of-use,,,https://evidence.eventdata.crossref.org/evidence/20200709-wikipedia-b373a789-3614-483f-a6ce-7bc4d5c080e2,add,https://it.wikipedia.org/wiki/Nevirapina,Nevirapina,https://it.wikipedia.org/w/index.php?title=Nevirapina&oldid=114251227,https://it.wikipedia.org/api/rest_v1/page/html/Nevirapina/114251227,https://doi.org/10.1001/jama.279.12.930,http://jama.ama-assn.org/cgi/reprint/279/12/930
517761,wikipedia,https://doi.org/10.1001/jama.279.12.930,https://it.wikipedia.org/api/rest_v1/page/html/Nevirapina/114419634,e13c750e-854f-44a4-a760-9a8dc122eb02,2020-07-19 17:54:42,2020-10-16 19:45:32,references,36c35e23-8757-4a9d-aacf-345e9b7eb50d,https://creativecommons.org/publicdomain/zero/1.0/,https://doi.org/10.13003/CED-terms-of-use,,,https://evidence.eventdata.crossref.org/evidence/20200808-wikipedia-c849c943-8e44-4bf9-a4fe-30ec6ac88c3c,add,https://it.wikipedia.org/wiki/Nevirapina,Nevirapina,https://it.wikipedia.org/w/index.php?title=Nevirapina&oldid=114419634,https://it.wikipedia.org/api/rest_v1/page/html/Nevirapina/114419634,https://doi.org/10.1001/jama.279.12.930,http://jama.ama-assn.org/cgi/reprint/279/12/930
517762,wikipedia,https://doi.org/10.1001/jama.279.12.930,https://it.wikipedia.org/api/rest_v1/page/html/Nevirapina/114863538,33376097-541b-4ea4-9f73-abf0a64a0362,2020-08-13 07:35:44,2020-10-16 22:37:28,references,36c35e23-8757-4a9d-aacf-345e9b7eb50d,https://creativecommons.org/publicdomain/zero/1.0/,https://doi.org/10.13003/CED-terms-of-use,,,https://evidence.eventdata.crossref.org/evidence/20200813-wikipedia-f5183bae-5633-474e-b29c-8f17255a4a95,add,https://it.wikipedia.org/wiki/Nevirapina,Nevirapina,https://it.wikipedia.org/w/index.php?title=Nevirapina&oldid=114863538,https://it.wikipedia.org/api/rest_v1/page/html/Nevirapina/114863538,https://doi.org/10.1001/jama.279.12.930,http://jama.ama-assn.org/cgi/reprint/279/12/930
517763,wikipedia,https://doi.org/10.1001/jama.279.12.930,https://en.wikipedia.org/api/rest_v1/page/html/Nevirapine/989610020,c694054e-a0fe-406b-b21b-a45965dff43f,2020-11-20 00:19:42,2020-11-19 19:47:15,references,36c35e23-8757-4a9d-aacf-345e9b7eb50d,https://creativecommons.org/publicdomain/zero/1.0/,https://doi.org/10.13003/CED-terms-of-use,,,https://evidence.eventdata.crossref.org/evidence/20201120-wikipedia-25e17acf-ff5a-4428-aaac-e0897d6d8089,add,https://en.wikipedia.org/wiki/Nevirapine,Nevirapine,https://en.wikipedia.org/w/index.php?title=Nevirapine&oldid=989610020,https://en.wikipedia.org/api/rest_v1/page/html/Nevirapine/989610020,https://doi.org/10.1001/jama.279.12.930,https://doi.org/10.1001/jama.279.12.930
517764,wikipedia,https://doi.org/10.1001/jama.279.12.930,https://en.wikipedia.org/api/rest_v1/page/html/Nevirapine/989610115,2331ccf7-99e2-4d6d-a7d6-5d79d8a6c962,2020-11-20 00:20:30,2020-11-19 19:50:28,references,36c35e23-8757-4a9d-aacf-345e9b7eb50d,https://creativecommons.org/publicdomain/zero/1.0/,https://doi.org/10.13003/CED-terms-of-use,,,https://evidence.eventdata.crossref.org/evidence/20201120-wikipedia-477e5d56-e54c-4a21-bab4-5aa26dbe01d4,add,https://en.wikipedia.org/wiki/Nevirapine,Nevirapine,https://en.wikipedia.org/w/index.php?title=Nevirapine&oldid=989610115,https://en.wikipedia.org/api/rest_v1/page/html/Nevirapine/989610115,https://doi.org/10.1001/jama.279.12.930,https://doi.org/10.1001/jama.279.12.930
517765,wikipedia,https://doi.org/10.1001/jama.279.12.930,https://it.wikipedia.org/api/rest_v1/page/html/Nevirapina/116849271,9e3794af-46f4-42ed-bce4-43075e4ce68d,2020-11-23 01:43:41,2020-11-22 20:48:52,references,36c35e23-8757-4a9d-aacf-345e9b7eb50d,https://creativecommons.org/publicdomain/zero/1.0/,https://doi.org/10.13003/CED-terms-of-use,,,https://evidence.eventdata.crossref.org/evidence/20201123-wikipedia-607a4987-1ff6-4d3e-934e-e10aeb0cfd40,add,https://it.wikipedia.org/wiki/Nevirapina,Nevirapina,https://it.wikipedia.org/w/index.php?title=Nevirapina&oldid=116849271,https://it.wikipedia.org/api/rest_v1/page/html/Nevirapina/116849271,https://doi.org/10.1001/jama.279.12.930,http://jama.ama-assn.org/cgi/reprint/279/12/930
517766,wikipedia,https://doi.org/10.1001/jama.279.12.930,https://en.wikipedia.org/api/rest_v1/page/html/Nevirapine/991973361,0536ea2f-0b27-43a5-be4c-bf62e2865348,2020-12-02 20:19:05,2020-12-02 17:03:22,references,36c35e23-8757-4a9d-aacf-345e9b7eb50d,https://creativecommons.org/publicdomain/zero/1.0/,https://doi.org/10.13003/CED-terms-of-use,,,https://evidence.eventdata.crossref.org/evidence/20201202-wikipedia-c133b84f-51c7-4fbf-ae40-861c1d6e66c5,add,https://en.wikipedia.org/wiki/Nevirapine,Nevirapine,https://en.wikipedia.org/w/index.php?title=Nevirapine&oldid=991973361,https://en.wikipedia.org/api/rest_v1/page/html/Nevirapine/991973361,https://doi.org/10.1001/jama.279.12.930,https://doi.org/10.1001/jama.279.12.930
517767,wikipedia,https://doi.org/10.1001/jama.279.12.930,https://en.wikipedia.org/api/rest_v1/page/html/Julio_Montaner/992856221,a9d44bf0-dce9-404b-889e-7af691c56fb3,2020-12-07 13:45:05,2020-12-07 09:21:01,references,36c35e23-8757-4a9d-aacf-345e9b7eb50d,https://creativecommons.org/publicdomain/zero/1.0/,https://doi.org/10.13003/CED-terms-of-use,,,https://evidence.eventdata.crossref.org/evidence/20201207-wikipedia-85e96425-f42c-457e-9b54-42f4283b15ba,add,https://en.wikipedia.org/wiki/Julio_Montaner,Julio Montaner,https://en.wikipedia.org/w/index.php?title=Julio_Montaner&oldid=992856221,https://en.wikipedia.org/api/rest_v1/page/html/Julio_Montaner/992856221,https://doi.org/10.1001/jama.279.12.930,https://doi.org/10.1001/jama.279.12.930
517768,wikipedia,https://doi.org/10.1001/jama.279.12.930,https://it.wikipedia.org/api/rest_v1/page/html/Nevirapina/117507670,06a0e56d-4773-4f00-adad-a83aca1524a6,2020-12-25 11:40:15,2020-12-25 06:46:20,references,36c35e23-8757-4a9d-aacf-345e9b7eb50d,https://creativecommons.org/publicdomain/zero/1.0/,https://doi.org/10.13003/CED-terms-of-use,,,https://evidence.eventdata.crossref.org/evidence/20201225-wikipedia-7b2c747f-cfe7-4a59-9c40-2b2482fe90d4,add,https://it.wikipedia.org/wiki/Nevirapina,Nevirapina,https://it.wikipedia.org/w/index.php?title=Nevirapina&oldid=117507670,https://it.wikipedia.org/api/rest_v1/page/html/Nevirapina/117507670,https://doi.org/10.1001/jama.279.12.930,http://jama.ama-assn.org/cgi/reprint/279/12/930
517769,wikipedia,https://doi.org/10.1001/jama.279.12.930,https://en.wikipedia.org/api/rest_v1/page/html/Nevirapine/999824288,31bd872a-ca73-4000-acf0-ae7d2440d659,2021-01-12 03:59:23,2021-01-11 23:09:18,references,36c35e23-8757-4a9d-aacf-345e9b7eb50d,https://creativecommons.org/publicdomain/zero/1.0/,https://doi.org/10.13003/CED-terms-of-use,,,https://evidence.eventdata.crossref.org/evidence/20210112-wikipedia-24ee59d4-1cdb-422a-b831-d38014508b95,add,https://en.wikipedia.org/wiki/Nevirapine,Nevirapine,https://en.wikipedia.org/w/index.php?title=Nevirapine&oldid=999824288,https://en.wikipedia.org/api/rest_v1/page/html/Nevirapine/999824288,https://doi.org/10.1001/jama.279.12.930,https://doi.org/10.1001/jama.279.12.930
517770,wikipedia,https://doi.org/10.1001/jama.279.12.930,https://en.wikipedia.org/api/rest_v1/page/html/Nevirapine/1002390856,1c52f34a-83f7-4787-acc3-112afb0c5a5e,2021-01-24 05:33:30,2021-01-24 00:41:30,references,36c35e23-8757-4a9d-aacf-345e9b7eb50d,https://creativecommons.org/publicdomain/zero/1.0/,https://doi.org/10.13003/CED-terms-of-use,,,https://evidence.eventdata.crossref.org/evidence/20210124-wikipedia-2e01009e-0950-48f0-a475-095c113ce205,add,https://en.wikipedia.org/wiki/Nevirapine,Nevirapine,https://en.wikipedia.org/w/index.php?title=Nevirapine&oldid=1002390856,https://en.wikipedia.org/api/rest_v1/page/html/Nevirapine/1002390856,https://doi.org/10.1001/jama.279.12.930,https://doi.org/10.1001/jama.279.12.930
517771,wikipedia,https://doi.org/10.1001/jama.279.12.930,https://en.wikipedia.org/api/rest_v1/page/html/Julio_Montaner/1002729110,5313aaed-ab59-4472-85ed-59a70dc0e95f,2021-01-25 20:17:09,2021-01-25 19:53:52,references,36c35e23-8757-4a9d-aacf-345e9b7eb50d,https://creativecommons.org/publicdomain/zero/1.0/,https://doi.org/10.13003/CED-terms-of-use,,,https://evidence.eventdata.crossref.org/evidence/20210125-wikipedia-28bde25a-4b5e-472e-9429-a6215466c7db,add,https://en.wikipedia.org/wiki/Julio_Montaner,Julio Montaner,https://en.wikipedia.org/w/index.php?title=Julio_Montaner&oldid=1002729110,https://en.wikipedia.org/api/rest_v1/page/html/Julio_Montaner/1002729110,https://doi.org/10.1001/jama.279.12.930,https://doi.org/10.1001/jama.279.12.930
517772,wikipedia,https://doi.org/10.1001/jama.279.12.930,https://es.wikipedia.org/api/rest_v1/page/html/Nevirapina/133371462,99b0fd74-4c82-442a-a7a6-b1fcb4e3b90a,2021-02-20 02:13:09,2021-02-19 22:48:32,references,36c35e23-8757-4a9d-aacf-345e9b7eb50d,https://creativecommons.org/publicdomain/zero/1.0/,https://doi.org/10.13003/CED-terms-of-use,,,https://evidence.eventdata.crossref.org/evidence/20210220-wikipedia-060a259a-f1ee-4570-a19d-13d92fcf7c55,add,https://es.wikipedia.org/wiki/Nevirapina,Nevirapina,https://es.wikipedia.org/w/index.php?title=Nevirapina&oldid=133371462,https://es.wikipedia.org/api/rest_v1/page/html/Nevirapina/133371462,https://doi.org/10.1001/jama.279.12.930,http://jama.ama-assn.org/cgi/reprint/279/12/930
