{
  "0":{
    "increment":16163,
    "objectID":"https:\/\/doi.org\/10.1001\/jama.280.3.294",
    "totalEvents":6,
    "totalCambiaEvents":null,
    "firstCambiaEvent":null,
    "lastCambiaEvent":null,
    "totalCrossrefEvents":null,
    "firstCrossrefEvent":null,
    "lastCrossrefEvent":null,
    "totalDataciteEvents":null,
    "firstDataciteEvent":null,
    "lastDataciteEvent":null,
    "totalF1000Events":null,
    "firstF1000Event":null,
    "lastF1000Event":null,
    "totalHypothesisEvents":null,
    "firstHypothesisEvent":null,
    "lastHypothesisEvent":null,
    "totalNewsfeedEvents":null,
    "firstNewsfeedEvent":null,
    "lastNewsfeedEvent":null,
    "totalRedditEvents":null,
    "firstRedditEvent":null,
    "lastRedditEvent":null,
    "totalRedditLinksEvents":null,
    "firstRedditLinksEvent":null,
    "lastRedditLinksEvent":null,
    "totalStackExchangeEvents":null,
    "firstStackExchangeEvent":null,
    "lastStackExchangeEvent":null,
    "totalTwitterEvents":null,
    "firstTwitterEvent":null,
    "lastTwitterEvent":null,
    "totalWebEvents":null,
    "firstWebEvent":null,
    "lastWebEvent":null,
    "totalWikipediaEvents":6,
    "firstWikipediaEvent":1602681758000,
    "lastWikipediaEvent":1608197788000,
    "totalWordpressEvents":null,
    "firstWordpressEvent":null,
    "lastWordPressEvent":null
  }
}