DOI,URL,title,container_title,authors,page,publisher,language,alternative_id,created_date_time,deposited_date_time,is_referenced_by_count,issue,issued_date_parts,prefix,published_online_date_parts,published_print_date_parts
10.1016/s0168-0072(97)00044-4,http://dx.doi.org/10.1016/s0168-0072(97)00044-4,Destruction or preservation as you like it,Annals of Pure and Applied Logic,I-Min Lee,191-229,Elsevier BV,en,S0168007297000444,2003-04-23 19:00:04,2019-05-02 01:50:20,14,2-3,1998/2,10.1016,,1998/2
10.1016/s0168-0072(97)00044-4,http://dx.doi.org/10.1016/s0168-0072(97)00044-4,Destruction or preservation as you like it,Annals of Pure and Applied Logic,Kathryn M. Rexrode,191-229,Elsevier BV,en,S0168007297000444,2003-04-23 19:00:04,2019-05-02 01:50:20,14,2-3,1998/2,10.1016,,1998/2
10.1016/s0168-0072(97)00044-4,http://dx.doi.org/10.1016/s0168-0072(97)00044-4,Destruction or preservation as you like it,Annals of Pure and Applied Logic,Nancy R. Cook,191-229,Elsevier BV,en,S0168007297000444,2003-04-23 19:00:04,2019-05-02 01:50:20,14,2-3,1998/2,10.1016,,1998/2
10.1016/s0168-0072(97)00044-4,http://dx.doi.org/10.1016/s0168-0072(97)00044-4,Destruction or preservation as you like it,Annals of Pure and Applied Logic,JoAnn E. Manson,191-229,Elsevier BV,en,S0168007297000444,2003-04-23 19:00:04,2019-05-02 01:50:20,14,2-3,1998/2,10.1016,,1998/2
10.1016/s0168-0072(97)00044-4,http://dx.doi.org/10.1016/s0168-0072(97)00044-4,Destruction or preservation as you like it,Annals of Pure and Applied Logic,Julie E. Buring,191-229,Elsevier BV,en,S0168007297000444,2003-04-23 19:00:04,2019-05-02 01:50:20,14,2-3,1998/2,10.1016,,1998/2
