DOI,URL,title,container_title,authors,page,publisher,language,alternative_id,created_date_time,deposited_date_time,is_referenced_by_count,issue,issued_date_parts,prefix,published_online_date_parts,published_print_date_parts
10.1007/s004210050268,http://dx.doi.org/10.1007/s004210050268,Effects of contract-relax stretching training on muscle performance in athletes,European Journal of Applied Physiology,M. Handel,400-408,Springer Science and Business Media LLC,,XNUX1N3YERHXQ2LF,2002-08-25 08:36:27,2019-05-28 20:32:05,54,5,1997/10/1,10.1007,,1997/10/1
10.1007/s004210050268,http://dx.doi.org/10.1007/s004210050268,Effects of contract-relax stretching training on muscle performance in athletes,European Journal of Applied Physiology,T. Horstmann,400-408,Springer Science and Business Media LLC,,XNUX1N3YERHXQ2LF,2002-08-25 08:36:27,2019-05-28 20:32:05,54,5,1997/10/1,10.1007,,1997/10/1
10.1007/s004210050268,http://dx.doi.org/10.1007/s004210050268,Effects of contract-relax stretching training on muscle performance in athletes,European Journal of Applied Physiology,H.-H. Dickhuth,400-408,Springer Science and Business Media LLC,,XNUX1N3YERHXQ2LF,2002-08-25 08:36:27,2019-05-28 20:32:05,54,5,1997/10/1,10.1007,,1997/10/1
10.1007/s004210050268,http://dx.doi.org/10.1007/s004210050268,Effects of contract-relax stretching training on muscle performance in athletes,European Journal of Applied Physiology,R. W. Gï¿½lch,400-408,Springer Science and Business Media LLC,,XNUX1N3YERHXQ2LF,2002-08-25 08:36:27,2019-05-28 20:32:05,54,5,1997/10/1,10.1007,,1997/10/1
