crossRefIncrement,sourceID,objectID,subjectID,eventID,occurredAt,timeObserved,relationType,sourceToken,license,crossrefTermsOfUse,messageAction
3700,crossref,https://doi.org/10.1016/S0140-6736(97)09092-2,https://doi.org/10.4082/kjfm.2012.33.2.94,3cc1df9a-32c1-44c9-8420-e66bac6b9f74,2012-01-01 00:00:00,2019-06-27 11:18:26,references,8676e950-8ac5-4074-8ac3-c0a18ada7e99,https://doi.org/10.13003/CED-terms-of-use,https://doi.org/10.13003/CED-terms-of-use,create
3701,crossref,https://doi.org/10.1016/S0140-6736(97)09092-2,https://doi.org/10.1007/s11906-012-0275-6,84714462-c5f2-46bb-83c8-61acc52d6181,2012-05-26 00:00:00,2019-06-29 19:19:59,references,8676e950-8ac5-4074-8ac3-c0a18ada7e99,https://doi.org/10.13003/CED-terms-of-use,https://doi.org/10.13003/CED-terms-of-use,create
3702,crossref,https://doi.org/10.1016/S0140-6736(97)09092-2,https://doi.org/10.1038/ajh.2012.52,2668a8c7-9839-4d1d-b094-6c4b731e9f6f,2012-07-01 00:00:00,2019-07-01 10:36:35,references,8676e950-8ac5-4074-8ac3-c0a18ada7e99,https://doi.org/10.13003/CED-terms-of-use,https://doi.org/10.13003/CED-terms-of-use,create
3703,crossref,https://doi.org/10.1016/S0140-6736(97)09092-2,https://doi.org/10.1177/147323001003800202,4c9cb7ec-9974-48da-8962-1030a1e8b088,2010-04-01 00:00:00,2019-07-10 22:54:15,references,8676e950-8ac5-4074-8ac3-c0a18ada7e99,https://doi.org/10.13003/CED-terms-of-use,https://doi.org/10.13003/CED-terms-of-use,create
3704,crossref,https://doi.org/10.1016/S0140-6736(97)09092-2,https://doi.org/10.1201/b15679-6,b3c4683b-5d82-4654-be97-9825033a2423,2013-08-27 00:00:00,2019-07-22 20:30:13,references,8676e950-8ac5-4074-8ac3-c0a18ada7e99,https://doi.org/10.13003/CED-terms-of-use,https://doi.org/10.13003/CED-terms-of-use,create
3705,crossref,https://doi.org/10.1016/S0140-6736(97)09092-2,https://doi.org/10.1201/b15679-3,044053fe-1df2-4159-b22c-f716bc8e961f,2013-08-27 00:00:00,2019-07-22 22:32:17,references,8676e950-8ac5-4074-8ac3-c0a18ada7e99,https://doi.org/10.13003/CED-terms-of-use,https://doi.org/10.13003/CED-terms-of-use,create
3706,crossref,https://doi.org/10.1016/S0140-6736(97)09092-2,https://doi.org/10.1201/b14224.ch6,12aae2b9-93d6-4f26-a96b-b6f4b98ce056,2003-05-16 00:00:00,2019-07-24 20:49:34,references,8676e950-8ac5-4074-8ac3-c0a18ada7e99,https://doi.org/10.13003/CED-terms-of-use,https://doi.org/10.13003/CED-terms-of-use,create
3707,crossref,https://doi.org/10.1016/S0140-6736(97)09092-2,https://doi.org/10.1080/07315724.2006.10719575,03802e92-e9af-467d-b567-1d52c38420ca,2006-06-01 00:00:00,2019-07-27 08:57:48,references,8676e950-8ac5-4074-8ac3-c0a18ada7e99,https://doi.org/10.13003/CED-terms-of-use,https://doi.org/10.13003/CED-terms-of-use,create
3708,crossref,https://doi.org/10.1016/S0140-6736(97)09092-2,https://doi.org/10.5720/kjcn.2011.16.4.473,36491980-a087-434e-9003-70a080adecf2,2011-01-01 00:00:00,2019-07-28 01:28:15,references,8676e950-8ac5-4074-8ac3-c0a18ada7e99,https://doi.org/10.13003/CED-terms-of-use,https://doi.org/10.13003/CED-terms-of-use,create
3709,crossref,https://doi.org/10.1016/S0140-6736(97)09092-2,https://doi.org/10.1093/ndt/gfs452,99611ba2-5f1b-446c-90a4-c3bc4fcb536a,2012-11-04 00:00:00,2019-07-28 12:16:31,references,8676e950-8ac5-4074-8ac3-c0a18ada7e99,https://doi.org/10.13003/CED-terms-of-use,https://doi.org/10.13003/CED-terms-of-use,create
3710,crossref,https://doi.org/10.1016/S0140-6736(97)09092-2,https://doi.org/10.1080/07315724.2006.10719574,910cbf39-270e-47ec-80e7-fc66ddb5b841,2006-06-01 00:00:00,2019-12-19 06:50:41,references,8676e950-8ac5-4074-8ac3-c0a18ada7e99,https://doi.org/10.13003/CED-terms-of-use,https://doi.org/10.13003/CED-terms-of-use,create
