dataCiteIncrement,sourceID,objectID,subjectID,eventID,occurredAt,timeObserved,relationType,license,termsOfUse,messageAction
171,datacite,https://doi.org/10.1016/s0140-6736(97)09092-2,https://doi.org/10.3886/icpsr08055.v2,0f967d1f-3d8a-449a-ba13-b8b50213d853,2019-08-02 03:10:24,2019-08-02 01:06:44,is_documented_by,https://creativecommons.org/publicdomain/zero/1.0/,https://doi.org/10.13003/CED-terms-of-use,create
172,datacite,https://doi.org/10.1016/s0140-6736(97)09092-2,https://doi.org/10.3886/icpsr08057.v2,30c010c9-e8ed-4ced-858e-83f5a334052f,2019-08-02 03:10:24,2019-08-02 01:09:34,is_documented_by,https://creativecommons.org/publicdomain/zero/1.0/,https://doi.org/10.13003/CED-terms-of-use,create
173,datacite,https://doi.org/10.1016/s0140-6736(97)09092-2,https://doi.org/10.3886/icpsr08055.v1,d79652fc-13ab-4b83-ba53-7f22dd80d66b,2019-08-02 03:34:09,2019-08-02 05:01:28,is_documented_by,https://creativecommons.org/publicdomain/zero/1.0/,https://doi.org/10.13003/CED-terms-of-use,create
174,datacite,https://doi.org/10.1016/s0140-6736(97)09092-2,https://doi.org/10.3886/icpsr08057.v1,e15dcf67-4336-49c4-b4ef-2b9657ed03e9,2019-08-02 03:34:10,2019-08-02 05:05:44,is_documented_by,https://creativecommons.org/publicdomain/zero/1.0/,https://doi.org/10.13003/CED-terms-of-use,create
175,datacite,https://doi.org/10.1016/s0140-6736(97)09092-2,https://doi.org/10.3886/icpsr08057,258404d2-28c5-4a57-97ad-de2f7e98b81b,2019-08-02 03:38:09,2019-08-02 05:23:23,is_documented_by,https://creativecommons.org/publicdomain/zero/1.0/,https://doi.org/10.13003/CED-terms-of-use,create
176,datacite,https://doi.org/10.1016/s0140-6736(97)09092-2,https://doi.org/10.3886/icpsr08055,1eb76839-3ede-4534-95e6-8bb07c11061c,2019-08-02 03:38:09,2019-08-02 05:26:59,is_documented_by,https://creativecommons.org/publicdomain/zero/1.0/,https://doi.org/10.13003/CED-terms-of-use,create
