wikipediaIncrement,sourceID,objectID,subjectID,eventID,occurredAt,timeObserved,relationType,sourceToken,license,termsOfUse,updatedDate,updatedReason,evidenceRecord,eventAction,subjectPID,subjectTitle,subjectURL,subjectAPIURL,objectPID,objectURL
37693,wikipedia,https://doi.org/10.1016/s0140-6736(97)09092-2,https://en.wikipedia.org/wiki/Canadian_health_claims,9146750b-cb33-4309-93dc-7e30fda14625,2017-07-30 03:13:47,2017-07-29 23:17:02,references,36c35e23-8757-4a9d-aacf-345e9b7eb50d,https://creativecommons.org/publicdomain/zero/1.0/,https://doi.org/10.13003/CED-terms-of-use,2018-01-31 17:30:00,https://evidence.eventdata.crossref.org/announcements/2018-01-19T00-00-00Z-ED-15.json,https://evidence.eventdata.crossref.org/evidence/20170730-wikipedia-e7daadc0-e80b-474a-acb2-eedb971105af,add,https://en.wikipedia.org/wiki/Canadian_health_claims,Canadian health claims,https://en.wikipedia.org/w/index.php?title=Canadian_health_claims&oldid=793016533,https://en.wikipedia.org/api/rest_v1/page/html/Canadian_health_claims/793016533,https://doi.org/10.1016/s0140-6736(97)09092-2,https://doi.org/10.1016/s0140-6736(97)09092-2
37694,wikipedia,https://doi.org/10.1016/s0140-6736(97)09092-2,https://en.wikipedia.org/api/rest_v1/page/html/Canadian_health_claims_for_food/826283175,668af999-1f1f-4edc-bccd-ce9464b03ef5,2018-02-18 07:23:03,2018-02-18 02:24:49,references,36c35e23-8757-4a9d-aacf-345e9b7eb50d,https://creativecommons.org/publicdomain/zero/1.0/,https://doi.org/10.13003/CED-terms-of-use,,,https://evidence.eventdata.crossref.org/evidence/20180218-wikipedia-41deefeb-3ec9-4cd7-8ea7-b013d803b4eb,add,https://en.wikipedia.org/wiki/Canadian_health_claims_for_food,Canadian health claims for food,https://en.wikipedia.org/w/index.php?title=Canadian_health_claims_for_food&oldid=826283175,https://en.wikipedia.org/api/rest_v1/page/html/Canadian_health_claims_for_food/826283175,https://doi.org/10.1016/s0140-6736(97)09092-2,https://doi.org/10.1016/s0140-6736(97)09092-2
37695,wikipedia,https://doi.org/10.1016/s0140-6736(97)09092-2,https://en.wikipedia.org/api/rest_v1/page/html/Canadian_health_claims_for_food/838471858,d13eb878-91f9-4f12-a21f-ece2852a41cd,2018-04-27 07:07:04,2018-04-27 03:09:35,references,36c35e23-8757-4a9d-aacf-345e9b7eb50d,https://creativecommons.org/publicdomain/zero/1.0/,https://doi.org/10.13003/CED-terms-of-use,,,https://evidence.eventdata.crossref.org/evidence/20180427-wikipedia-b5b21bc7-c1c0-4ebb-8856-430a0471da82,add,https://en.wikipedia.org/wiki/Canadian_health_claims_for_food,Canadian health claims for food,https://en.wikipedia.org/w/index.php?title=Canadian_health_claims_for_food&oldid=838471858,https://en.wikipedia.org/api/rest_v1/page/html/Canadian_health_claims_for_food/838471858,https://doi.org/10.1016/s0140-6736(97)09092-2,https://doi.org/10.1016/s0140-6736(97)09092-2
37696,wikipedia,https://doi.org/10.1016/s0140-6736(97)09092-2,https://en.wikipedia.org/api/rest_v1/page/html/Canadian_health_claims_for_food/853888248,4b3a2f2d-abd5-46e2-928b-719893ce6100,2018-08-07 16:13:13,2018-08-07 12:13:56,references,36c35e23-8757-4a9d-aacf-345e9b7eb50d,https://creativecommons.org/publicdomain/zero/1.0/,https://doi.org/10.13003/CED-terms-of-use,,,https://evidence.eventdata.crossref.org/evidence/20180807-wikipedia-386d1443-8fc0-49f5-8728-e2d5b7e400be,add,https://en.wikipedia.org/wiki/Canadian_health_claims_for_food,Canadian health claims for food,https://en.wikipedia.org/w/index.php?title=Canadian_health_claims_for_food&oldid=853888248,https://en.wikipedia.org/api/rest_v1/page/html/Canadian_health_claims_for_food/853888248,https://doi.org/10.1016/s0140-6736(97)09092-2,https://doi.org/10.1016/s0140-6736(97)09092-2
37697,wikipedia,https://doi.org/10.1016/s0140-6736(97)09092-2,https://en.wikipedia.org/api/rest_v1/page/html/Canadian_health_claims_for_food/853888310,be15a761-1dc4-4af8-9959-0c891c4fe75a,2018-08-07 16:13:42,2018-08-07 12:14:24,references,36c35e23-8757-4a9d-aacf-345e9b7eb50d,https://creativecommons.org/publicdomain/zero/1.0/,https://doi.org/10.13003/CED-terms-of-use,,,https://evidence.eventdata.crossref.org/evidence/20180807-wikipedia-e702ce86-8f21-4095-bd7e-317a009d4070,add,https://en.wikipedia.org/wiki/Canadian_health_claims_for_food,Canadian health claims for food,https://en.wikipedia.org/w/index.php?title=Canadian_health_claims_for_food&oldid=853888310,https://en.wikipedia.org/api/rest_v1/page/html/Canadian_health_claims_for_food/853888310,https://doi.org/10.1016/s0140-6736(97)09092-2,https://doi.org/10.1016/s0140-6736(97)09092-2
37698,wikipedia,https://doi.org/10.1016/s0140-6736(97)09092-2,https://en.wikipedia.org/api/rest_v1/page/html/Canadian_health_claims_for_food/857609306,b7c2f1c5-6ab3-46a5-9db2-9384b5416dff,2018-09-01 20:51:03,2018-09-01 16:52:33,references,36c35e23-8757-4a9d-aacf-345e9b7eb50d,https://creativecommons.org/publicdomain/zero/1.0/,https://doi.org/10.13003/CED-terms-of-use,,,https://evidence.eventdata.crossref.org/evidence/20180901-wikipedia-3b43dfac-3049-48ce-ac35-73ea445fca72,add,https://en.wikipedia.org/wiki/Canadian_health_claims_for_food,Canadian health claims for food,https://en.wikipedia.org/w/index.php?title=Canadian_health_claims_for_food&oldid=857609306,https://en.wikipedia.org/api/rest_v1/page/html/Canadian_health_claims_for_food/857609306,https://doi.org/10.1016/s0140-6736(97)09092-2,https://doi.org/10.1016/s0140-6736(97)09092-2
37699,wikipedia,https://doi.org/10.1016/s0140-6736(97)09092-2,https://en.wikipedia.org/api/rest_v1/page/html/Canadian_health_claims_for_food/858719815,cf24fcc1-939a-4d28-821a-1448f48ea249,2018-09-09 04:50:00,2018-09-10 05:54:58,references,36c35e23-8757-4a9d-aacf-345e9b7eb50d,https://creativecommons.org/publicdomain/zero/1.0/,https://doi.org/10.13003/CED-terms-of-use,,,https://evidence.eventdata.crossref.org/evidence/20180909-wikipedia-a443e7b7-76ff-48e9-bc90-243134ecc2a4,add,https://en.wikipedia.org/wiki/Canadian_health_claims_for_food,Canadian health claims for food,https://en.wikipedia.org/w/index.php?title=Canadian_health_claims_for_food&oldid=858719815,https://en.wikipedia.org/api/rest_v1/page/html/Canadian_health_claims_for_food/858719815,https://doi.org/10.1016/s0140-6736(97)09092-2,https://doi.org/10.1016/s0140-6736(97)09092-2
37700,wikipedia,https://doi.org/10.1016/s0140-6736(97)09092-2,https://en.wikipedia.org/api/rest_v1/page/html/Canadian_health_claims_for_food/869475303,111a48ea-44c5-4b29-a90f-98951edca50c,2018-11-18 21:20:19,2018-11-18 16:30:03,references,36c35e23-8757-4a9d-aacf-345e9b7eb50d,https://creativecommons.org/publicdomain/zero/1.0/,https://doi.org/10.13003/CED-terms-of-use,,,https://evidence.eventdata.crossref.org/evidence/20181118-wikipedia-46a18b78-83d7-40f2-bfce-5b36fde2b0e1,add,https://en.wikipedia.org/wiki/Canadian_health_claims_for_food,Canadian health claims for food,https://en.wikipedia.org/w/index.php?title=Canadian_health_claims_for_food&oldid=869475303,https://en.wikipedia.org/api/rest_v1/page/html/Canadian_health_claims_for_food/869475303,https://doi.org/10.1016/s0140-6736(97)09092-2,https://doi.org/10.1016/s0140-6736(97)09092-2
37701,wikipedia,https://doi.org/10.1016/s0140-6736(97)09092-2,https://en.wikipedia.org/api/rest_v1/page/html/Canadian_health_claims_for_food/878905647,f3bd985d-3a70-4af8-8146-41bc528bea0d,2019-01-17 18:11:35,2019-01-17 13:22:33,references,36c35e23-8757-4a9d-aacf-345e9b7eb50d,https://creativecommons.org/publicdomain/zero/1.0/,https://doi.org/10.13003/CED-terms-of-use,,,https://evidence.eventdata.crossref.org/evidence/20190117-wikipedia-e9b968cb-ccb6-4bdb-9b48-7c37efffae27,add,https://en.wikipedia.org/wiki/Canadian_health_claims_for_food,Canadian health claims for food,https://en.wikipedia.org/w/index.php?title=Canadian_health_claims_for_food&oldid=878905647,https://en.wikipedia.org/api/rest_v1/page/html/Canadian_health_claims_for_food/878905647,https://doi.org/10.1016/s0140-6736(97)09092-2,https://doi.org/10.1016/s0140-6736(97)09092-2
37702,wikipedia,https://doi.org/10.1016/s0140-6736(97)09092-2,https://en.wikipedia.org/api/rest_v1/page/html/Canadian_health_claims_for_food/884456756,1a488110-23ae-4753-b259-54ed72f32840,2019-02-21 19:28:44,2019-02-21 14:31:47,references,36c35e23-8757-4a9d-aacf-345e9b7eb50d,https://creativecommons.org/publicdomain/zero/1.0/,https://doi.org/10.13003/CED-terms-of-use,,,https://evidence.eventdata.crossref.org/evidence/20190221-wikipedia-6bdaf7be-4125-437f-8cd6-bd4c951aca70,add,https://en.wikipedia.org/wiki/Canadian_health_claims_for_food,Canadian health claims for food,https://en.wikipedia.org/w/index.php?title=Canadian_health_claims_for_food&oldid=884456756,https://en.wikipedia.org/api/rest_v1/page/html/Canadian_health_claims_for_food/884456756,https://doi.org/10.1016/s0140-6736(97)09092-2,https://doi.org/10.1016/s0140-6736(97)09092-2
37703,wikipedia,https://doi.org/10.1016/s0140-6736(97)09092-2,https://en.wikipedia.org/api/rest_v1/page/html/Canadian_health_claims_for_food/885146077,6065495d-721a-4b72-953c-6ed6ebb18d2c,2019-02-26 06:53:02,2019-02-26 01:57:29,references,36c35e23-8757-4a9d-aacf-345e9b7eb50d,https://creativecommons.org/publicdomain/zero/1.0/,https://doi.org/10.13003/CED-terms-of-use,,,https://evidence.eventdata.crossref.org/evidence/20190226-wikipedia-8a9480e0-e1ef-4cd8-b643-a08440faaddd,add,https://en.wikipedia.org/wiki/Canadian_health_claims_for_food,Canadian health claims for food,https://en.wikipedia.org/w/index.php?title=Canadian_health_claims_for_food&oldid=885146077,https://en.wikipedia.org/api/rest_v1/page/html/Canadian_health_claims_for_food/885146077,https://doi.org/10.1016/s0140-6736(97)09092-2,https://doi.org/10.1016/s0140-6736(97)09092-2
37704,wikipedia,https://doi.org/10.1016/s0140-6736(97)09092-2,https://en.wikipedia.org/api/rest_v1/page/html/Canadian_health_claims_for_food/905739871,facab633-fab3-4a8d-96c4-5a5f1988e8c2,2019-07-11 03:03:52,2019-07-11 01:09:58,references,36c35e23-8757-4a9d-aacf-345e9b7eb50d,https://creativecommons.org/publicdomain/zero/1.0/,https://doi.org/10.13003/CED-terms-of-use,,,https://evidence.eventdata.crossref.org/evidence/20190711-wikipedia-eb8e3256-30b2-4416-a2bb-3cce452ce47b,add,https://en.wikipedia.org/wiki/Canadian_health_claims_for_food,Canadian health claims for food,https://en.wikipedia.org/w/index.php?title=Canadian_health_claims_for_food&oldid=905739871,https://en.wikipedia.org/api/rest_v1/page/html/Canadian_health_claims_for_food/905739871,https://doi.org/10.1016/s0140-6736(97)09092-2,https://doi.org/10.1016/s0140-6736(97)09092-2
37705,wikipedia,https://doi.org/10.1016/s0140-6736(97)09092-2,https://en.wikipedia.org/api/rest_v1/page/html/Canadian_health_claims_for_food/915251724,27c210e9-51d5-4b12-912d-b48cfe4f864e,2019-09-12 03:00:58,2019-09-11 23:09:33,references,36c35e23-8757-4a9d-aacf-345e9b7eb50d,https://creativecommons.org/publicdomain/zero/1.0/,https://doi.org/10.13003/CED-terms-of-use,,,https://evidence.eventdata.crossref.org/evidence/20190912-wikipedia-b03e0373-ff76-4106-bc0a-630e7cc2be90,add,https://en.wikipedia.org/wiki/Canadian_health_claims_for_food,Canadian health claims for food,https://en.wikipedia.org/w/index.php?title=Canadian_health_claims_for_food&oldid=915251724,https://en.wikipedia.org/api/rest_v1/page/html/Canadian_health_claims_for_food/915251724,https://doi.org/10.1016/s0140-6736(97)09092-2,https://doi.org/10.1016/s0140-6736(97)09092-2
37706,wikipedia,https://doi.org/10.1016/s0140-6736(97)09092-2,https://en.wikipedia.org/api/rest_v1/page/html/Canadian_health_claims_for_food/915802766,6855ca1f-8f24-42b2-a7d4-cf9b2289bbc7,2019-09-15 11:48:42,2019-09-15 08:11:00,references,36c35e23-8757-4a9d-aacf-345e9b7eb50d,https://creativecommons.org/publicdomain/zero/1.0/,https://doi.org/10.13003/CED-terms-of-use,,,https://evidence.eventdata.crossref.org/evidence/20190915-wikipedia-961b0d7b-c15b-4d7f-b501-e37bd7983ba8,add,https://en.wikipedia.org/wiki/Canadian_health_claims_for_food,Canadian health claims for food,https://en.wikipedia.org/w/index.php?title=Canadian_health_claims_for_food&oldid=915802766,https://en.wikipedia.org/api/rest_v1/page/html/Canadian_health_claims_for_food/915802766,https://doi.org/10.1016/s0140-6736(97)09092-2,https://doi.org/10.1016/s0140-6736(97)09092-2
37707,wikipedia,https://doi.org/10.1016/s0140-6736(97)09092-2,https://en.wikipedia.org/api/rest_v1/page/html/Canadian_health_claims_for_food/927505425,c132d785-9136-4389-9651-feea4e3b7ab9,2019-11-22 22:06:06,2019-11-22 17:13:52,references,36c35e23-8757-4a9d-aacf-345e9b7eb50d,https://creativecommons.org/publicdomain/zero/1.0/,https://doi.org/10.13003/CED-terms-of-use,,,https://evidence.eventdata.crossref.org/evidence/20191122-wikipedia-6524b9fe-43d7-4283-9c6c-44aeb61f9927,add,https://en.wikipedia.org/wiki/Canadian_health_claims_for_food,Canadian health claims for food,https://en.wikipedia.org/w/index.php?title=Canadian_health_claims_for_food&oldid=927505425,https://en.wikipedia.org/api/rest_v1/page/html/Canadian_health_claims_for_food/927505425,https://doi.org/10.1016/s0140-6736(97)09092-2,https://doi.org/10.1016/s0140-6736(97)09092-2
37708,wikipedia,https://doi.org/10.1016/s0140-6736(97)09092-2,https://en.wikipedia.org/api/rest_v1/page/html/Canadian_health_claims_for_food/950885109,9ab212f2-d5ba-4c88-bdf8-e434a6743df4,2020-04-14 10:39:33,2020-10-14 04:46:53,references,36c35e23-8757-4a9d-aacf-345e9b7eb50d,https://creativecommons.org/publicdomain/zero/1.0/,https://doi.org/10.13003/CED-terms-of-use,,,https://evidence.eventdata.crossref.org/evidence/20200414-wikipedia-da015eff-0670-46fa-a62d-cfff8ca7b158,add,https://en.wikipedia.org/wiki/Canadian_health_claims_for_food,Canadian health claims for food,https://en.wikipedia.org/w/index.php?title=Canadian_health_claims_for_food&oldid=950885109,https://en.wikipedia.org/api/rest_v1/page/html/Canadian_health_claims_for_food/950885109,https://doi.org/10.1016/s0140-6736(97)09092-2,https://doi.org/10.1016/s0140-6736(97)09092-2
37709,wikipedia,https://doi.org/10.1016/s0140-6736(97)09092-2,https://en.wikipedia.org/api/rest_v1/page/html/Canadian_health_claims_for_food/987787574,f8b9cd63-89c1-42f8-afba-26d5fe8724e2,2020-11-09 06:57:25,2020-11-14 16:03:28,references,36c35e23-8757-4a9d-aacf-345e9b7eb50d,https://creativecommons.org/publicdomain/zero/1.0/,https://doi.org/10.13003/CED-terms-of-use,,,https://evidence.eventdata.crossref.org/evidence/20201112-wikipedia-ac513551-54b4-42a2-905f-c7b828e4b7f5,add,https://en.wikipedia.org/wiki/Canadian_health_claims_for_food,Canadian health claims for food,https://en.wikipedia.org/w/index.php?title=Canadian_health_claims_for_food&oldid=987787574,https://en.wikipedia.org/api/rest_v1/page/html/Canadian_health_claims_for_food/987787574,https://doi.org/10.1016/s0140-6736(97)09092-2,https://doi.org/10.1016/s0140-6736(97)09092-2
37710,wikipedia,https://doi.org/10.1016/s0140-6736(97)09092-2,https://en.wikipedia.org/api/rest_v1/page/html/Canadian_health_claims_for_food/993742212,adbb8239-be13-432a-aa97-5dd217a936de,2020-12-12 06:31:30,2020-12-12 01:46:44,references,36c35e23-8757-4a9d-aacf-345e9b7eb50d,https://creativecommons.org/publicdomain/zero/1.0/,https://doi.org/10.13003/CED-terms-of-use,,,https://evidence.eventdata.crossref.org/evidence/20201212-wikipedia-36942762-3a8b-47ef-87e1-ebe546d251fd,add,https://en.wikipedia.org/wiki/Canadian_health_claims_for_food,Canadian health claims for food,https://en.wikipedia.org/w/index.php?title=Canadian_health_claims_for_food&oldid=993742212,https://en.wikipedia.org/api/rest_v1/page/html/Canadian_health_claims_for_food/993742212,https://doi.org/10.1016/s0140-6736(97)09092-2,https://doi.org/10.1016/s0140-6736(97)09092-2
37711,wikipedia,https://doi.org/10.1016/s0140-6736(97)09092-2,https://en.wikipedia.org/api/rest_v1/page/html/Canadian_health_claims_for_food/1002890758,a91e1e14-20cc-4fb6-8a5c-1018023a4c0e,2021-01-26 14:20:07,2021-01-26 09:56:21,references,36c35e23-8757-4a9d-aacf-345e9b7eb50d,https://creativecommons.org/publicdomain/zero/1.0/,https://doi.org/10.13003/CED-terms-of-use,,,https://evidence.eventdata.crossref.org/evidence/20210126-wikipedia-623dfc7c-0f60-4201-836c-7bf0c631cf00,add,https://en.wikipedia.org/wiki/Canadian_health_claims_for_food,Canadian health claims for food,https://en.wikipedia.org/w/index.php?title=Canadian_health_claims_for_food&oldid=1002890758,https://en.wikipedia.org/api/rest_v1/page/html/Canadian_health_claims_for_food/1002890758,https://doi.org/10.1016/s0140-6736(97)09092-2,https://doi.org/10.1016/s0140-6736(97)09092-2
