{
  "0":{
    "DOI":"10.1037\/0022-0663.89.4.652",
    "URL":"http:\/\/dx.doi.org\/10.1037\/0022-0663.89.4.652",
    "title":"Treatment of handwriting problems in beginning writers: Transfer from handwriting to composition.",
    "container_title":"Journal of Educational Psychology",
    "author":"Robert D. Abbott",
    "page":"652-666",
    "publisher":"American Psychological Association (APA)",
    "language":"en",
    "alternative_id":"1997-43826-006",
    "created_date_time":1127401326000,
    "deposited_date_time":1568739410000,
    "is_referenced_by_count":190,
    "issue":"4",
    "issued_date_parts":"1997\/12",
    "prefix":"10.1037",
    "published_online_date_parts":"1997\/12",
    "published_print_date_parts":null
  },
  "1":{
    "DOI":"10.1037\/0022-0663.89.4.652",
    "URL":"http:\/\/dx.doi.org\/10.1037\/0022-0663.89.4.652",
    "title":"Treatment of handwriting problems in beginning writers: Transfer from handwriting to composition.",
    "container_title":"Journal of Educational Psychology",
    "author":"Sylvia P. Abbott",
    "page":"652-666",
    "publisher":"American Psychological Association (APA)",
    "language":"en",
    "alternative_id":"1997-43826-006",
    "created_date_time":1127401326000,
    "deposited_date_time":1568739410000,
    "is_referenced_by_count":190,
    "issue":"4",
    "issued_date_parts":"1997\/12",
    "prefix":"10.1037",
    "published_online_date_parts":"1997\/12",
    "published_print_date_parts":null
  },
  "2":{
    "DOI":"10.1006\/jtbi.1999.1066",
    "URL":"http:\/\/dx.doi.org\/10.1006\/jtbi.1999.1066",
    "title":"Pollen Coupling of Forest Trees: Forming Synchronized and Periodic Reproduction out of Chaos",
    "container_title":"Journal of Theoretical Biology",
    "author":"Alison Abbott",
    "page":"63-84",
    "publisher":"Elsevier BV",
    "language":"en",
    "alternative_id":"S0022519399910664",
    "created_date_time":1032375462000,
    "deposited_date_time":1557384692000,
    "is_referenced_by_count":143,
    "issue":"2",
    "issued_date_parts":"2000\/3",
    "prefix":"10.1006",
    "published_online_date_parts":null,
    "published_print_date_parts":"2000\/3"
  }
}