{
  "0":{
    "cambiaIncrement":65,
    "sourceID":"cambia-lens",
    "objectID":"https:\/\/doi.org\/10.1001\/jama.280.23.2001",
    "subjectID":"https:\/\/lens.org\/159-398-355-710-263",
    "eventID":"d671d88e-e74f-5f02-bf3c-c413a81b7c78",
    "occurredAt":1410998400000,
    "timeObserved":1510310466000,
    "relationType":"cites",
    "sourceToken":"1ad0b713-78ed-4bb9-8d5d-a3c2d163d46f",
    "license":"https:\/\/creativecommons.org\/licenses\/by-sa\/4.0\/",
    "termsOfUse":"https:\/\/doi.org\/10.13003\/CED-terms-of-use",
    "updatedReason":null,
    "updated":null,
    "eventAction":"add",
    "workSubtypeID":"Patent Application",
    "workTypeID":"patent",
    "subjectTitle":"Method Of Generating An Index Score For Mbl Deficiency To Predict Cardiodiabetes Risk",
    "subjectPID":"https:\/\/lens.org\/159-398-355-710-263",
    "jurisdiction":"WO",
    "updatedDate":null
  },
  "1":{
    "cambiaIncrement":66,
    "sourceID":"cambia-lens",
    "objectID":"https:\/\/doi.org\/10.1001\/jama.280.23.2001",
    "subjectID":"https:\/\/lens.org\/174-273-805-707-569",
    "eventID":"bfbdcb11-c11f-2c66-07c3-9af882567989",
    "occurredAt":1400112000000,
    "timeObserved":1510325499000,
    "relationType":"cites",
    "sourceToken":"1ad0b713-78ed-4bb9-8d5d-a3c2d163d46f",
    "license":"https:\/\/creativecommons.org\/licenses\/by-sa\/4.0\/",
    "termsOfUse":"https:\/\/doi.org\/10.13003\/CED-terms-of-use",
    "updatedReason":null,
    "updated":null,
    "eventAction":"add",
    "workSubtypeID":"Patent Application",
    "workTypeID":"patent",
    "subjectTitle":"Method Of Determining And Managing Total Cardiodiabetes Risk",
    "subjectPID":"https:\/\/lens.org\/174-273-805-707-569",
    "jurisdiction":"WO",
    "updatedDate":null
  },
  "2":{
    "cambiaIncrement":67,
    "sourceID":"cambia-lens",
    "objectID":"https:\/\/doi.org\/10.1001\/jama.280.23.2001",
    "subjectID":"https:\/\/lens.org\/063-305-677-655-379",
    "eventID":"58140a9c-5f4d-adbc-7b83-0df3920e98dc",
    "occurredAt":1410998400000,
    "timeObserved":1510392209000,
    "relationType":"cites",
    "sourceToken":"1ad0b713-78ed-4bb9-8d5d-a3c2d163d46f",
    "license":"https:\/\/creativecommons.org\/licenses\/by-sa\/4.0\/",
    "termsOfUse":"https:\/\/doi.org\/10.13003\/CED-terms-of-use",
    "updatedReason":null,
    "updated":null,
    "eventAction":"add",
    "workSubtypeID":"Patent Application",
    "workTypeID":"patent",
    "subjectTitle":"System And Method For Assessing Quantities Or Sizes Of Lipoprotein Particles From Lipoprotein Particle Compositions",
    "subjectPID":"https:\/\/lens.org\/063-305-677-655-379",
    "jurisdiction":"WO",
    "updatedDate":null
  }
}