crossRefIncrement,sourceID,objectID,subjectID,eventID,occurredAt,timeObserved,relationType,sourceToken,license,crossrefTermsOfUse,messageAction
1419,crossref,https://doi.org/10.1016/S0031-9384(98)00061-4,https://doi.org/10.3109/09540261.2012.675573,954739a8-85d0-48b6-a73d-4fe497e8a914,2012-06-01 00:00:00,2019-07-01 18:51:44,references,8676e950-8ac5-4074-8ac3-c0a18ada7e99,https://doi.org/10.13003/CED-terms-of-use,https://doi.org/10.13003/CED-terms-of-use,create
1420,crossref,https://doi.org/10.1016/S0031-9384(98)00061-4,https://doi.org/10.3945/an.112.002071,da11ef02-362a-45fb-a971-180c6ec0dde1,2012-05-01 00:00:00,2019-07-02 04:50:05,references,8676e950-8ac5-4074-8ac3-c0a18ada7e99,https://doi.org/10.13003/CED-terms-of-use,https://doi.org/10.13003/CED-terms-of-use,create
1421,crossref,https://doi.org/10.1016/S0031-9384(98)00061-4,https://doi.org/10.1159/000342638,b4a6c49c-50fe-421d-bd49-afcae3cbb1ba,2013-01-01 00:00:00,2019-07-14 13:01:25,references,8676e950-8ac5-4074-8ac3-c0a18ada7e99,https://doi.org/10.13003/CED-terms-of-use,https://doi.org/10.13003/CED-terms-of-use,create
1422,crossref,https://doi.org/10.1016/S0031-9384(98)00061-4,https://doi.org/10.1080/07315724.2013.791186,75044cb4-238c-44b1-9a44-0066e02f8d0f,2013-06-01 00:00:00,2019-07-23 00:28:38,references,8676e950-8ac5-4074-8ac3-c0a18ada7e99,https://doi.org/10.13003/CED-terms-of-use,https://doi.org/10.13003/CED-terms-of-use,create
1423,crossref,https://doi.org/10.1016/S0031-9384(98)00061-4,https://doi.org/10.1111/obr.12005,07cca119-7c96-4109-9e8a-b80254d441e8,2012-11-20 00:00:00,2019-10-29 04:27:30,references,8676e950-8ac5-4074-8ac3-c0a18ada7e99,https://doi.org/10.13003/CED-terms-of-use,https://doi.org/10.13003/CED-terms-of-use,create
1424,crossref,https://doi.org/10.1016/S0031-9384(98)00061-4,https://doi.org/10.3390/nu11071517,fa74272f-1a8c-47df-a7e7-908661ab5507,2019-07-04 00:00:00,2019-10-29 12:37:05,references,8676e950-8ac5-4074-8ac3-c0a18ada7e99,https://doi.org/10.13003/CED-terms-of-use,https://doi.org/10.13003/CED-terms-of-use,create
1425,crossref,https://doi.org/10.1016/S0031-9384(98)00061-4,https://doi.org/10.6064/2012/424780,24174e8a-f98b-4d28-b89c-510ef0187114,2012-01-01 00:00:00,2019-11-03 20:46:14,references,8676e950-8ac5-4074-8ac3-c0a18ada7e99,https://doi.org/10.13003/CED-terms-of-use,https://doi.org/10.13003/CED-terms-of-use,create
1426,crossref,https://doi.org/10.1016/S0031-9384(98)00061-4,https://doi.org/10.1111/nbu.12042,9d5c8c48-5974-42b6-b48d-f5399776fc71,2013-08-16 00:00:00,2019-12-25 21:54:51,references,8676e950-8ac5-4074-8ac3-c0a18ada7e99,https://doi.org/10.13003/CED-terms-of-use,https://doi.org/10.13003/CED-terms-of-use,create
1427,crossref,https://doi.org/10.1016/S0031-9384(98)00061-4,https://doi.org/10.1038/ejcn.2015.107,c3978edf-4342-45c7-b5ef-a27a06c38939,2015-07-01 00:00:00,2020-01-01 22:17:03,references,8676e950-8ac5-4074-8ac3-c0a18ada7e99,https://doi.org/10.13003/CED-terms-of-use,https://doi.org/10.13003/CED-terms-of-use,create
