wikipediaIncrement,sourceID,objectID,subjectID,eventID,occurredAt,timeObserved,relationType,sourceToken,license,termsOfUse,updatedDate,updatedReason,evidenceRecord,eventAction,subjectPID,subjectTitle,subjectURL,subjectAPIURL,objectPID,objectURL
478148,wikipedia,https://doi.org/10.1007/bf03028813,https://en.wikipedia.org/wiki/Gaetano_Perusini,29ca5dbd-5bb8-436e-9793-74caf6e61a1f,2017-08-27 03:00:43,2017-08-26 23:01:56,references,36c35e23-8757-4a9d-aacf-345e9b7eb50d,https://creativecommons.org/publicdomain/zero/1.0/,https://doi.org/10.13003/CED-terms-of-use,2018-01-31 17:30:00,https://evidence.eventdata.crossref.org/announcements/2018-01-19T00-00-00Z-ED-15.json,https://evidence.eventdata.crossref.org/evidence/20170827-wikipedia-af7da8b7-928a-4603-b6e7-420b7e4a6a08,add,https://en.wikipedia.org/wiki/Gaetano_Perusini,Gaetano Perusini,https://en.wikipedia.org/w/index.php?title=Gaetano_Perusini&oldid=797445960,https://en.wikipedia.org/api/rest_v1/page/html/Gaetano_Perusini/797445960,https://doi.org/10.1007/bf03028813,https://doi.org/10.1007/bf03028813
478149,wikipedia,https://doi.org/10.1007/bf03028813,https://en.wikipedia.org/api/rest_v1/page/html/Gaetano_Perusini/806814752,a81670bb-364b-4e33-b4c1-011783e5435d,2017-10-24 09:31:08,2017-10-24 05:35:52,references,36c35e23-8757-4a9d-aacf-345e9b7eb50d,https://creativecommons.org/publicdomain/zero/1.0/,https://doi.org/10.13003/CED-terms-of-use,,,https://evidence.eventdata.crossref.org/evidence/20171024-wikipedia-e6d7e91d-8b9a-40e6-a69b-25544de9cd17,add,https://en.wikipedia.org/w/index.php?title=Gaetano_Perusini&oldid=806814752,Gaetano Perusini,https://en.wikipedia.org/wiki/Gaetano_Perusini,https://en.wikipedia.org/api/rest_v1/page/html/Gaetano_Perusini/806814752,https://doi.org/10.1007/bf03028813,https://doi.org/10.1007/bf03028813
478150,wikipedia,https://doi.org/10.1007/bf03028813,https://en.wikipedia.org/api/rest_v1/page/html/Gaetano_Perusini/813070349,e17f31a3-5c23-437d-a3d6-137c2da2c7a3,2017-12-01 15:55:54,2018-01-04 09:46:32,references,36c35e23-8757-4a9d-aacf-345e9b7eb50d,https://creativecommons.org/publicdomain/zero/1.0/,https://doi.org/10.13003/CED-terms-of-use,,,https://evidence.eventdata.crossref.org/evidence/20171201-wikipedia-e523c2de-775e-4bb7-acce-3608636f6169,add,https://en.wikipedia.org/w/index.php?title=Gaetano_Perusini&oldid=813070349,Gaetano Perusini,https://en.wikipedia.org/wiki/Gaetano_Perusini,https://en.wikipedia.org/api/rest_v1/page/html/Gaetano_Perusini/813070349,https://doi.org/10.1007/bf03028813,https://doi.org/10.1007/bf03028813
478151,wikipedia,https://doi.org/10.1007/bf03028813,https://en.wikipedia.org/api/rest_v1/page/html/Gaetano_Perusini/875627259,1b785121-4485-4686-bd49-ac95fe61c2a6,2018-12-27 22:48:35,2018-12-27 17:55:44,references,36c35e23-8757-4a9d-aacf-345e9b7eb50d,https://creativecommons.org/publicdomain/zero/1.0/,https://doi.org/10.13003/CED-terms-of-use,,,https://evidence.eventdata.crossref.org/evidence/20181227-wikipedia-6d536c4e-8076-46eb-9239-c5636ff639af,add,https://en.wikipedia.org/wiki/Gaetano_Perusini,Gaetano Perusini,https://en.wikipedia.org/w/index.php?title=Gaetano_Perusini&oldid=875627259,https://en.wikipedia.org/api/rest_v1/page/html/Gaetano_Perusini/875627259,https://doi.org/10.1007/bf03028813,https://doi.org/10.1007/bf03028813
478152,wikipedia,https://doi.org/10.1007/bf03028813,https://en.wikipedia.org/api/rest_v1/page/html/Gaetano_Perusini/900455058,10dc7f4e-fa67-4f0d-8ce2-ad9243b6d5bf,2019-06-05 19:58:33,2019-06-12 12:59:44,references,36c35e23-8757-4a9d-aacf-345e9b7eb50d,https://creativecommons.org/publicdomain/zero/1.0/,https://doi.org/10.13003/CED-terms-of-use,,,https://evidence.eventdata.crossref.org/evidence/20190605-wikipedia-36b204f0-ee12-4e8f-9dd1-68b304c74db0,add,https://en.wikipedia.org/wiki/Gaetano_Perusini,Gaetano Perusini,https://en.wikipedia.org/w/index.php?title=Gaetano_Perusini&oldid=900455058,https://en.wikipedia.org/api/rest_v1/page/html/Gaetano_Perusini/900455058,https://doi.org/10.1007/bf03028813,https://doi.org/10.1007/bf03028813
478153,wikipedia,https://doi.org/10.1007/bf03028813,https://en.wikipedia.org/api/rest_v1/page/html/Gaetano_Perusini/929203850,266a572e-0bfe-4fcf-8065-0ef4cb1abad8,2019-12-04 08:54:57,2019-12-04 14:15:44,references,36c35e23-8757-4a9d-aacf-345e9b7eb50d,https://creativecommons.org/publicdomain/zero/1.0/,https://doi.org/10.13003/CED-terms-of-use,,,https://evidence.eventdata.crossref.org/evidence/20191204-wikipedia-88b59903-f9cd-42ac-a173-770ddc842a2b,add,https://en.wikipedia.org/wiki/Gaetano_Perusini,Gaetano Perusini,https://en.wikipedia.org/w/index.php?title=Gaetano_Perusini&oldid=929203850,https://en.wikipedia.org/api/rest_v1/page/html/Gaetano_Perusini/929203850,https://doi.org/10.1007/bf03028813,https://doi.org/10.1007/bf03028813
478154,wikipedia,https://doi.org/10.1007/bf03028813,https://en.wikipedia.org/api/rest_v1/page/html/Gaetano_Perusini/929324299,140cee4d-3216-41ca-9020-49154cefa093,2019-12-05 02:15:50,2019-12-05 08:06:51,references,36c35e23-8757-4a9d-aacf-345e9b7eb50d,https://creativecommons.org/publicdomain/zero/1.0/,https://doi.org/10.13003/CED-terms-of-use,,,https://evidence.eventdata.crossref.org/evidence/20191205-wikipedia-7900c050-cf1a-4789-bbe5-61bdcb6a9ee5,add,https://en.wikipedia.org/wiki/Gaetano_Perusini,Gaetano Perusini,https://en.wikipedia.org/w/index.php?title=Gaetano_Perusini&oldid=929324299,https://en.wikipedia.org/api/rest_v1/page/html/Gaetano_Perusini/929324299,https://doi.org/10.1007/bf03028813,https://doi.org/10.1007/bf03028813
478155,wikipedia,https://doi.org/10.1007/bf03028813,https://en.wikipedia.org/api/rest_v1/page/html/Gaetano_Perusini/947077350,b97d7739-ca5a-4a91-9edb-e215da5b06ea,2020-03-24 04:21:36,2020-10-13 16:47:07,references,36c35e23-8757-4a9d-aacf-345e9b7eb50d,https://creativecommons.org/publicdomain/zero/1.0/,https://doi.org/10.13003/CED-terms-of-use,,,https://evidence.eventdata.crossref.org/evidence/20200324-wikipedia-654f1426-cbc0-4210-b3e3-43616ff0253f,add,https://en.wikipedia.org/wiki/Gaetano_Perusini,Gaetano Perusini,https://en.wikipedia.org/w/index.php?title=Gaetano_Perusini&oldid=947077350,https://en.wikipedia.org/api/rest_v1/page/html/Gaetano_Perusini/947077350,https://doi.org/10.1007/bf03028813,https://doi.org/10.1007/bf03028813
