crossRefIncrement,sourceID,objectID,subjectID,eventID,occurredAt,timeObserved,relationType,sourceToken,license,crossrefTermsOfUse,messageAction
1587,crossref,https://doi.org/10.1016/S0042-6989(97)00274-5,https://doi.org/10.1007/s11145-012-9369-4,5ac7cddf-38a9-41d0-955f-6a5a749a0dcb,2012-03-28 00:00:00,2019-06-26 13:23:55,references,8676e950-8ac5-4074-8ac3-c0a18ada7e99,https://doi.org/10.13003/CED-terms-of-use,https://doi.org/10.13003/CED-terms-of-use,create
1588,crossref,https://doi.org/10.1016/S0042-6989(97)00274-5,https://doi.org/10.1002/pchj.10,f3b0c1f0-e5ef-40f8-acb2-589fee2164e8,2012-08-12 00:00:00,2019-07-04 15:09:23,references,8676e950-8ac5-4074-8ac3-c0a18ada7e99,https://doi.org/10.13003/CED-terms-of-use,https://doi.org/10.13003/CED-terms-of-use,create
1589,crossref,https://doi.org/10.1016/S0042-6989(97)00274-5,https://doi.org/10.1080/17470218.2012.750676,98428dcf-a8b6-46de-9a3d-2043c30c5f59,2013-03-01 00:00:00,2019-07-08 09:30:27,references,8676e950-8ac5-4074-8ac3-c0a18ada7e99,https://doi.org/10.13003/CED-terms-of-use,https://doi.org/10.13003/CED-terms-of-use,create
1590,crossref,https://doi.org/10.1016/S0042-6989(97)00274-5,https://doi.org/10.3758/s13414-013-0442-0,dfaa54d3-d762-4e07-a4f0-246ae013b371,2013-03-01 00:00:00,2019-07-11 15:36:00,references,8676e950-8ac5-4074-8ac3-c0a18ada7e99,https://doi.org/10.13003/CED-terms-of-use,https://doi.org/10.13003/CED-terms-of-use,create
1591,crossref,https://doi.org/10.1016/S0042-6989(97)00274-5,https://doi.org/10.1007/s00221-019-05588-x,b94e99fb-487e-44fc-9003-a786e6817aef,2019-07-11 00:00:00,2019-07-12 15:10:03,references,8676e950-8ac5-4074-8ac3-c0a18ada7e99,https://doi.org/10.13003/CED-terms-of-use,https://doi.org/10.13003/CED-terms-of-use,create
1592,crossref,https://doi.org/10.1016/S0042-6989(97)00274-5,https://doi.org/10.1177/1747021818810381,6fb3772c-d06e-4fbc-9d37-e141243b9a18,2018-11-12 00:00:00,2019-10-12 03:10:22,references,8676e950-8ac5-4074-8ac3-c0a18ada7e99,https://doi.org/10.13003/CED-terms-of-use,https://doi.org/10.13003/CED-terms-of-use,create
1593,crossref,https://doi.org/10.1016/S0042-6989(97)00274-5,https://doi.org/10.1007/s10664-012-9201-4,5e8b318f-abf8-4327-8055-88dcb73c10fd,2012-05-03 00:00:00,2019-10-27 04:16:16,references,8676e950-8ac5-4074-8ac3-c0a18ada7e99,https://doi.org/10.13003/CED-terms-of-use,https://doi.org/10.13003/CED-terms-of-use,create
1594,crossref,https://doi.org/10.1016/S0042-6989(97)00274-5,https://doi.org/10.1007/s10936-018-9593-4,7297746b-192d-4cb9-a359-8969b1d5a64b,2018-07-06 00:00:00,2019-12-15 06:52:16,references,8676e950-8ac5-4074-8ac3-c0a18ada7e99,https://doi.org/10.13003/CED-terms-of-use,https://doi.org/10.13003/CED-terms-of-use,create
1595,crossref,https://doi.org/10.1016/S0042-6989(97)00274-5,https://doi.org/10.3758/s13414-013-0463-8,b1850c75-7655-4175-bd2e-3e4b4ebe43c5,2013-05-25 00:00:00,2019-12-28 18:47:38,references,8676e950-8ac5-4074-8ac3-c0a18ada7e99,https://doi.org/10.13003/CED-terms-of-use,https://doi.org/10.13003/CED-terms-of-use,create
