crossRefIncrement,sourceID,objectID,subjectID,eventID,occurredAt,timeObserved,relationType,sourceToken,license,crossrefTermsOfUse,messageAction
5754,crossref,https://doi.org/10.1016/S0169-5347(98)01364-0,https://doi.org/10.14411/eje.2009.012,27f51cfe-f2cd-40ed-8176-6caadee5dcef,2009-03-10 00:00:00,2019-06-20 04:23:47,references,8676e950-8ac5-4074-8ac3-c0a18ada7e99,https://doi.org/10.13003/CED-terms-of-use,https://doi.org/10.13003/CED-terms-of-use,create
5755,crossref,https://doi.org/10.1016/S0169-5347(98)01364-0,https://doi.org/10.3161/15052249PJE2019.67.1.003,3488b206-2728-4b61-8241-388a7a87a589,2019-06-21 00:00:00,2019-06-23 09:55:45,references,8676e950-8ac5-4074-8ac3-c0a18ada7e99,https://doi.org/10.13003/CED-terms-of-use,https://doi.org/10.13003/CED-terms-of-use,create
5756,crossref,https://doi.org/10.1016/S0169-5347(98)01364-0,https://doi.org/10.1111/j.1600-0706.2012.20689.x,47855a9e-9d43-43a9-bc78-2edf202b2803,2012-06-25 00:00:00,2019-07-01 11:44:59,references,8676e950-8ac5-4074-8ac3-c0a18ada7e99,https://doi.org/10.13003/CED-terms-of-use,https://doi.org/10.13003/CED-terms-of-use,create
5757,crossref,https://doi.org/10.1016/S0169-5347(98)01364-0,https://doi.org/10.1371/journal.pone.0040551,a8f44128-2577-4686-8e2e-9900db7b5dac,2012-07-09 00:00:00,2019-07-01 12:49:37,references,8676e950-8ac5-4074-8ac3-c0a18ada7e99,https://doi.org/10.13003/CED-terms-of-use,https://doi.org/10.13003/CED-terms-of-use,create
5758,crossref,https://doi.org/10.1016/S0169-5347(98)01364-0,https://doi.org/10.1007/s10457-012-9519-3,d5dcd48d-8502-4876-997d-0f03b8845208,2012-05-19 00:00:00,2019-07-02 12:13:06,references,8676e950-8ac5-4074-8ac3-c0a18ada7e99,https://doi.org/10.13003/CED-terms-of-use,https://doi.org/10.13003/CED-terms-of-use,create
5759,crossref,https://doi.org/10.1016/S0169-5347(98)01364-0,https://doi.org/10.1007/s11104-018-3733-3,14140b6e-37d5-4770-9407-fece25777513,2018-06-29 00:00:00,2019-07-03 01:09:28,references,8676e950-8ac5-4074-8ac3-c0a18ada7e99,https://doi.org/10.13003/CED-terms-of-use,https://doi.org/10.13003/CED-terms-of-use,create
5760,crossref,https://doi.org/10.1016/S0169-5347(98)01364-0,https://doi.org/10.2981/11-112,dbb24d9e-6a1f-496b-bb73-a6b7e566b5a6,2012-09-01 00:00:00,2019-07-05 18:17:27,references,8676e950-8ac5-4074-8ac3-c0a18ada7e99,https://doi.org/10.13003/CED-terms-of-use,https://doi.org/10.13003/CED-terms-of-use,create
5761,crossref,https://doi.org/10.1016/S0169-5347(98)01364-0,https://doi.org/10.7717/peerj.7311,ce7b7b19-08d7-484e-a234-20beae3ae27e,2019-07-15 00:00:00,2019-07-19 19:48:17,references,8676e950-8ac5-4074-8ac3-c0a18ada7e99,https://doi.org/10.13003/CED-terms-of-use,https://doi.org/10.13003/CED-terms-of-use,create
5762,crossref,https://doi.org/10.1016/S0169-5347(98)01364-0,https://doi.org/10.1098/rstb.2015.0284,8975b60c-b226-4763-8887-e2f116555332,2016-05-19 00:00:00,2019-07-20 07:13:48,references,8676e950-8ac5-4074-8ac3-c0a18ada7e99,https://doi.org/10.13003/CED-terms-of-use,https://doi.org/10.13003/CED-terms-of-use,create
5763,crossref,https://doi.org/10.1016/S0169-5347(98)01364-0,https://doi.org/10.1098/rspb.2011.2620,ae18517f-4168-4665-9682-2ff3b20b2efe,2012-02-01 00:00:00,2019-07-20 10:17:18,references,8676e950-8ac5-4074-8ac3-c0a18ada7e99,https://doi.org/10.13003/CED-terms-of-use,https://doi.org/10.13003/CED-terms-of-use,create
5764,crossref,https://doi.org/10.1016/S0169-5347(98)01364-0,https://doi.org/10.1098/rspb.2018.2619,3baf0b23-80fa-4843-9dc3-4cbb01db7505,2019-03-20 00:00:00,2019-07-21 09:05:37,references,8676e950-8ac5-4074-8ac3-c0a18ada7e99,https://doi.org/10.13003/CED-terms-of-use,https://doi.org/10.13003/CED-terms-of-use,create
5765,crossref,https://doi.org/10.1016/S0169-5347(98)01364-0,https://doi.org/10.1556/ComEc.14.2013.1.5,aac65e46-8347-4be7-81d9-4eb4d319478e,2013-06-01 00:00:00,2019-07-23 22:17:16,references,8676e950-8ac5-4074-8ac3-c0a18ada7e99,https://doi.org/10.13003/CED-terms-of-use,https://doi.org/10.13003/CED-terms-of-use,create
5766,crossref,https://doi.org/10.1016/S0169-5347(98)01364-0,https://doi.org/10.1111/aje.12676,11ac263b-5ddd-4c9c-bd86-f388fd5ca1b6,2019-07-17 00:00:00,2019-07-25 07:31:36,references,8676e950-8ac5-4074-8ac3-c0a18ada7e99,https://doi.org/10.13003/CED-terms-of-use,https://doi.org/10.13003/CED-terms-of-use,create
5767,crossref,https://doi.org/10.1016/S0169-5347(98)01364-0,https://doi.org/10.1007/s00442-012-2484-8,d6813cb2-8175-452e-8d3c-81016d54bc4d,2012-12-28 00:00:00,2019-07-25 16:32:45,references,8676e950-8ac5-4074-8ac3-c0a18ada7e99,https://doi.org/10.13003/CED-terms-of-use,https://doi.org/10.13003/CED-terms-of-use,create
5768,crossref,https://doi.org/10.1016/S0169-5347(98)01364-0,https://doi.org/10.1007/s10533-012-9803-3,d46fc0a3-4ca1-4fed-aaed-c1a93d9eff2d,2012-10-20 00:00:00,2019-10-20 09:31:20,references,8676e950-8ac5-4074-8ac3-c0a18ada7e99,https://doi.org/10.13003/CED-terms-of-use,https://doi.org/10.13003/CED-terms-of-use,create
5769,crossref,https://doi.org/10.1016/S0169-5347(98)01364-0,https://doi.org/10.1007/s10021-012-9611-6,14ce2915-fc35-4f61-9e5b-080b0bf0dcb7,2012-11-09 00:00:00,2019-10-20 23:38:20,references,8676e950-8ac5-4074-8ac3-c0a18ada7e99,https://doi.org/10.13003/CED-terms-of-use,https://doi.org/10.13003/CED-terms-of-use,create
5770,crossref,https://doi.org/10.1016/s0169-5347(98)01364-0,https://doi.org/10.1098/rspb.2012.2722,1f60e493-1dfb-4dac-9b8d-0960e4f529d0,2013-04-22 00:00:00,2019-10-24 20:57:29,references,8676e950-8ac5-4074-8ac3-c0a18ada7e99,https://doi.org/10.13003/CED-terms-of-use,https://doi.org/10.13003/CED-terms-of-use,create
5771,crossref,https://doi.org/10.1016/S0169-5347(98)01364-0,https://doi.org/10.3389/fpls.2019.00925,1301e771-e761-462a-a4de-8b63aed999ea,2019-07-12 00:00:00,2019-11-03 14:34:31,references,8676e950-8ac5-4074-8ac3-c0a18ada7e99,https://doi.org/10.13003/CED-terms-of-use,https://doi.org/10.13003/CED-terms-of-use,create
5772,crossref,https://doi.org/10.1016/S0169-5347(98)01364-0,https://doi.org/10.1890/11-2011.1,4dcd00f1-390c-4f13-adb0-db8f4ff9a3d2,2012-09-01 00:00:00,2019-11-24 21:57:12,references,8676e950-8ac5-4074-8ac3-c0a18ada7e99,https://doi.org/10.13003/CED-terms-of-use,https://doi.org/10.13003/CED-terms-of-use,create
5773,crossref,https://doi.org/10.1016/S0169-5347(98)01364-0,https://doi.org/10.1007/s10980-019-00922-8,3eac4d1c-6149-4641-9adb-ad7d6191758c,2019-11-02 00:00:00,2019-11-24 22:16:51,references,8676e950-8ac5-4074-8ac3-c0a18ada7e99,https://doi.org/10.13003/CED-terms-of-use,https://doi.org/10.13003/CED-terms-of-use,create
5774,crossref,https://doi.org/10.1016/S0169-5347(98)01364-0,https://doi.org/10.1080/17550874.2019.1626509,94c845b1-af9e-42c9-b137-f1856acd7963,2019-03-04 00:00:00,2019-12-09 11:36:42,references,8676e950-8ac5-4074-8ac3-c0a18ada7e99,https://doi.org/10.13003/CED-terms-of-use,https://doi.org/10.13003/CED-terms-of-use,create
5775,crossref,https://doi.org/10.1016/S0169-5347(98)01364-0,https://doi.org/10.1098/rspb.2006.3587,636235af-5f17-4d27-b14b-720deb2265e1,2006-05-23 00:00:00,2019-12-25 15:57:24,references,8676e950-8ac5-4074-8ac3-c0a18ada7e99,https://doi.org/10.13003/CED-terms-of-use,https://doi.org/10.13003/CED-terms-of-use,create
5776,crossref,https://doi.org/10.1016/S0169-5347(98)01364-0,https://doi.org/10.1080/11263504.2012.683543,aee67aaa-cf09-4a40-9860-6b0d7bfe76b8,2012-04-13 00:00:00,2019-12-29 19:05:39,references,8676e950-8ac5-4074-8ac3-c0a18ada7e99,https://doi.org/10.13003/CED-terms-of-use,https://doi.org/10.13003/CED-terms-of-use,create
5777,crossref,https://doi.org/10.1016/S0169-5347(98)01364-0,https://doi.org/10.3375/043.040.0112,2ff31431-2cfb-413a-91a7-68d700eda161,2020-01-14 00:00:00,2020-01-14 23:10:26,references,8676e950-8ac5-4074-8ac3-c0a18ada7e99,https://doi.org/10.13003/CED-terms-of-use,https://doi.org/10.13003/CED-terms-of-use,create
