{
  "0":{
    "crossRefIncrement":43593,
    "sourceID":"crossref",
    "objectID":"https:\/\/doi.org\/10.1111\/j.1469-7793.1997.259bc.x",
    "subjectID":"https:\/\/doi.org\/10.1097\/JCE.0b013e3182a9045a",
    "eventID":"7e7fb6c1-67f3-440d-a40b-02c5e905f2a0",
    "occurredAt":1356998400000,
    "timeObserved":1564108799000,
    "relationType":"references",
    "sourceToken":"8676e950-8ac5-4074-8ac3-c0a18ada7e99",
    "license":"https:\/\/doi.org\/10.13003\/CED-terms-of-use",
    "crossrefTermsOfUse":"https:\/\/doi.org\/10.13003\/CED-terms-of-use",
    "messageAction":"create"
  },
  "1":{
    "crossRefIncrement":43594,
    "sourceID":"crossref",
    "objectID":"https:\/\/doi.org\/10.1111\/j.1469-7793.1997.259bc.x",
    "subjectID":"https:\/\/doi.org\/10.1155\/2019\/9351689",
    "eventID":"cecb8c53-b60b-4709-b699-5856e4512614",
    "occurredAt":1553472000000,
    "timeObserved":1574470058000,
    "relationType":"references",
    "sourceToken":"8676e950-8ac5-4074-8ac3-c0a18ada7e99",
    "license":"https:\/\/doi.org\/10.13003\/CED-terms-of-use",
    "crossrefTermsOfUse":"https:\/\/doi.org\/10.13003\/CED-terms-of-use",
    "messageAction":"create"
  }
}