{
  "0":{
    "DOI":"10.1111\/j.1469-7793.1997.259bc.x",
    "URL":"http:\/\/dx.doi.org\/10.1111\/j.1469-7793.1997.259bc.x",
    "title":"Mental rehearsal of motor tasks recruits a-motoneurones but fails to recruit human fusimotor neurones selectively",
    "container_title":"The Journal of Physiology",
    "authors":"Simon C. Gandevia",
    "page":"259-266",
    "publisher":"Wiley",
    "language":"en",
    "alternative_id":null,
    "created_date_time":1096528872000,
    "deposited_date_time":1585898480000,
    "is_referenced_by_count":75,
    "issue":"1",
    "issued_date_parts":"1997\/11",
    "prefix":"10.1113",
    "published_online_date_parts":"2004\/9\/30",
    "published_print_date_parts":"1997\/11"
  },
  "1":{
    "DOI":"10.1111\/j.1469-7793.1997.259bc.x",
    "URL":"http:\/\/dx.doi.org\/10.1111\/j.1469-7793.1997.259bc.x",
    "title":"Mental rehearsal of motor tasks recruits a-motoneurones but fails to recruit human fusimotor neurones selectively",
    "container_title":"The Journal of Physiology",
    "authors":"Linda R. Wilson",
    "page":"259-266",
    "publisher":"Wiley",
    "language":"en",
    "alternative_id":null,
    "created_date_time":1096528872000,
    "deposited_date_time":1585898480000,
    "is_referenced_by_count":75,
    "issue":"1",
    "issued_date_parts":"1997\/11",
    "prefix":"10.1113",
    "published_online_date_parts":"2004\/9\/30",
    "published_print_date_parts":"1997\/11"
  },
  "2":{
    "DOI":"10.1111\/j.1469-7793.1997.259bc.x",
    "URL":"http:\/\/dx.doi.org\/10.1111\/j.1469-7793.1997.259bc.x",
    "title":"Mental rehearsal of motor tasks recruits a-motoneurones but fails to recruit human fusimotor neurones selectively",
    "container_title":"The Journal of Physiology",
    "authors":"J. Timothy Inglis",
    "page":"259-266",
    "publisher":"Wiley",
    "language":"en",
    "alternative_id":null,
    "created_date_time":1096528872000,
    "deposited_date_time":1585898480000,
    "is_referenced_by_count":75,
    "issue":"1",
    "issued_date_parts":"1997\/11",
    "prefix":"10.1113",
    "published_online_date_parts":"2004\/9\/30",
    "published_print_date_parts":"1997\/11"
  },
  "3":{
    "DOI":"10.1111\/j.1469-7793.1997.259bc.x",
    "URL":"http:\/\/dx.doi.org\/10.1111\/j.1469-7793.1997.259bc.x",
    "title":"Mental rehearsal of motor tasks recruits a-motoneurones but fails to recruit human fusimotor neurones selectively",
    "container_title":"The Journal of Physiology",
    "authors":"David Burke",
    "page":"259-266",
    "publisher":"Wiley",
    "language":"en",
    "alternative_id":null,
    "created_date_time":1096528872000,
    "deposited_date_time":1585898480000,
    "is_referenced_by_count":75,
    "issue":"1",
    "issued_date_parts":"1997\/11",
    "prefix":"10.1113",
    "published_online_date_parts":"2004\/9\/30",
    "published_print_date_parts":"1997\/11"
  }
}