{
  "0":{
    "increment":516404,
    "objectID":"https:\/\/doi.org\/10.1111\/j.1469-7793.1997.259bc.x",
    "totalEvents":2,
    "totalCambiaEvents":null,
    "firstCambiaEvent":null,
    "lastCambiaEvent":null,
    "totalCrossrefEvents":2,
    "firstCrossrefEvent":1564108799000,
    "lastCrossrefEvent":1574470058000,
    "totalDataciteEvents":null,
    "firstDataciteEvent":null,
    "lastDataciteEvent":null,
    "totalF1000Events":null,
    "firstF1000Event":null,
    "lastF1000Event":null,
    "totalHypothesisEvents":null,
    "firstHypothesisEvent":null,
    "lastHypothesisEvent":null,
    "totalNewsfeedEvents":null,
    "firstNewsfeedEvent":null,
    "lastNewsfeedEvent":null,
    "totalRedditEvents":null,
    "firstRedditEvent":null,
    "lastRedditEvent":null,
    "totalRedditLinksEvents":null,
    "firstRedditLinksEvent":null,
    "lastRedditLinksEvent":null,
    "totalStackExchangeEvents":null,
    "firstStackExchangeEvent":null,
    "lastStackExchangeEvent":null,
    "totalTwitterEvents":null,
    "firstTwitterEvent":null,
    "lastTwitterEvent":null,
    "totalWebEvents":null,
    "firstWebEvent":null,
    "lastWebEvent":null,
    "totalWikipediaEvents":null,
    "firstWikipediaEvent":null,
    "lastWikipediaEvent":null,
    "totalWordpressEvents":null,
    "firstWordpressEvent":null,
    "lastWordPressEvent":null
  }
}