wikipediaIncrement,sourceID,objectID,subjectID,eventID,occurredAt,timeObserved,relationType,sourceToken,license,termsOfUse,updatedDate,updatedReason,evidenceRecord,eventAction,subjectPID,subjectTitle,subjectURL,subjectAPIURL,objectPID,objectURL
288646,wikipedia,https://doi.org/10.1006/anbe.1998.0782,https://en.wikipedia.org/wiki/Goldeneye_cichlid,de02ff51-e29b-4f29-917d-c13609364702,2017-08-25 17:33:43,2017-08-25 13:34:49,references,36c35e23-8757-4a9d-aacf-345e9b7eb50d,https://creativecommons.org/publicdomain/zero/1.0/,https://doi.org/10.13003/CED-terms-of-use,2018-01-31 17:30:00,https://evidence.eventdata.crossref.org/announcements/2018-01-19T00-00-00Z-ED-15.json,https://evidence.eventdata.crossref.org/evidence/20170825-wikipedia-df3b3798-0b1f-4dfc-a453-090d76681ae7,add,https://en.wikipedia.org/wiki/Goldeneye_cichlid,Goldeneye cichlid,https://en.wikipedia.org/w/index.php?title=Goldeneye_cichlid&oldid=797219680,https://en.wikipedia.org/api/rest_v1/page/html/Goldeneye_cichlid/797219680,https://doi.org/10.1006/anbe.1998.0782,https://doi.org/10.1006/anbe.1998.0782
288647,wikipedia,https://doi.org/10.1006/anbe.1998.0782,https://en.wikipedia.org/api/rest_v1/page/html/Goldeneye_cichlid/817272059,4074f106-de14-465b-8c11-6d35962dd069,2017-12-27 08:47:40,2018-01-07 19:24:36,references,36c35e23-8757-4a9d-aacf-345e9b7eb50d,https://creativecommons.org/publicdomain/zero/1.0/,https://doi.org/10.13003/CED-terms-of-use,,,https://evidence.eventdata.crossref.org/evidence/20171227-wikipedia-063d7ae5-e494-4346-a8b3-582dede6c6b6,add,https://en.wikipedia.org/w/index.php?title=Goldeneye_cichlid&oldid=817272059,Goldeneye cichlid,https://en.wikipedia.org/wiki/Goldeneye_cichlid,https://en.wikipedia.org/api/rest_v1/page/html/Goldeneye_cichlid/817272059,https://doi.org/10.1006/anbe.1998.0782,http://www.sciencedirect.com/science/article/pii/S0003347298907825
288648,wikipedia,https://doi.org/10.1006/anbe.1998.0782,https://en.wikipedia.org/api/rest_v1/page/html/Goldeneye_cichlid/831935822,b471e387-9b67-4580-ac95-b3daa391abf9,2018-03-22 22:26:47,2018-03-22 18:30:02,references,36c35e23-8757-4a9d-aacf-345e9b7eb50d,https://creativecommons.org/publicdomain/zero/1.0/,https://doi.org/10.13003/CED-terms-of-use,,,https://evidence.eventdata.crossref.org/evidence/20180322-wikipedia-dd07aa92-1a60-46d6-a045-5c6767e9ebc1,add,https://en.wikipedia.org/wiki/Goldeneye_cichlid,Goldeneye cichlid,https://en.wikipedia.org/w/index.php?title=Goldeneye_cichlid&oldid=831935822,https://en.wikipedia.org/api/rest_v1/page/html/Goldeneye_cichlid/831935822,https://doi.org/10.1006/anbe.1998.0782,https://doi.org/10.1006/anbe.1998.0782
288649,wikipedia,https://doi.org/10.1006/anbe.1998.0782,https://en.wikipedia.org/api/rest_v1/page/html/Goldeneye_cichlid/842058698,e74d055d-42fb-4e56-82dd-7b6894510afb,2018-05-19 23:14:35,2018-05-19 19:15:35,references,36c35e23-8757-4a9d-aacf-345e9b7eb50d,https://creativecommons.org/publicdomain/zero/1.0/,https://doi.org/10.13003/CED-terms-of-use,,,https://evidence.eventdata.crossref.org/evidence/20180519-wikipedia-df5ec119-79e0-4400-9f41-eaad7f7d0a9a,add,https://en.wikipedia.org/wiki/Goldeneye_cichlid,Goldeneye cichlid,https://en.wikipedia.org/w/index.php?title=Goldeneye_cichlid&oldid=842058698,https://en.wikipedia.org/api/rest_v1/page/html/Goldeneye_cichlid/842058698,https://doi.org/10.1006/anbe.1998.0782,http://www.sciencedirect.com/science/article/pii/S0003347298907825
288650,wikipedia,https://doi.org/10.1006/anbe.1998.0782,https://en.wikipedia.org/api/rest_v1/page/html/Goldeneye_cichlid/845037742,4a99b5d4-b1e4-4fe4-ac92-1e852d11499d,2018-06-08 22:06:33,2018-06-08 18:08:36,references,36c35e23-8757-4a9d-aacf-345e9b7eb50d,https://creativecommons.org/publicdomain/zero/1.0/,https://doi.org/10.13003/CED-terms-of-use,,,https://evidence.eventdata.crossref.org/evidence/20180608-wikipedia-05502ad8-4808-460a-8e42-b913ef0234be,add,https://en.wikipedia.org/wiki/Goldeneye_cichlid,Goldeneye cichlid,https://en.wikipedia.org/w/index.php?title=Goldeneye_cichlid&oldid=845037742,https://en.wikipedia.org/api/rest_v1/page/html/Goldeneye_cichlid/845037742,https://doi.org/10.1006/anbe.1998.0782,https://doi.org/10.1006/anbe.1998.0782
288651,wikipedia,https://doi.org/10.1006/anbe.1998.0782,https://en.wikipedia.org/api/rest_v1/page/html/Goldeneye_cichlid/867918663,4d3652cb-7866-41b3-9fe2-1a46e5574b48,2018-11-08 20:36:18,2018-11-08 15:49:52,references,36c35e23-8757-4a9d-aacf-345e9b7eb50d,https://creativecommons.org/publicdomain/zero/1.0/,https://doi.org/10.13003/CED-terms-of-use,,,https://evidence.eventdata.crossref.org/evidence/20181108-wikipedia-be4b2aad-83cc-4ac5-bef8-1ee9371ffbc3,add,https://en.wikipedia.org/wiki/Goldeneye_cichlid,Goldeneye cichlid,https://en.wikipedia.org/w/index.php?title=Goldeneye_cichlid&oldid=867918663,https://en.wikipedia.org/api/rest_v1/page/html/Goldeneye_cichlid/867918663,https://doi.org/10.1006/anbe.1998.0782,https://doi.org/10.1006/anbe.1998.0782
288652,wikipedia,https://doi.org/10.1006/anbe.1998.0782,https://en.wikipedia.org/api/rest_v1/page/html/Goldeneye_cichlid/887829577,d1631ed0-3f26-4280-abe3-398a1cd8c8b7,2019-03-15 03:00:05,2019-03-14 23:01:52,references,36c35e23-8757-4a9d-aacf-345e9b7eb50d,https://creativecommons.org/publicdomain/zero/1.0/,https://doi.org/10.13003/CED-terms-of-use,,,https://evidence.eventdata.crossref.org/evidence/20190315-wikipedia-e9f86904-ea57-4306-9844-aae0c176a2c5,add,https://en.wikipedia.org/wiki/Goldeneye_cichlid,Goldeneye cichlid,https://en.wikipedia.org/w/index.php?title=Goldeneye_cichlid&oldid=887829577,https://en.wikipedia.org/api/rest_v1/page/html/Goldeneye_cichlid/887829577,https://doi.org/10.1006/anbe.1998.0782,http://www.sciencedirect.com/science/article/pii/S0003347298907825
288653,wikipedia,https://doi.org/10.1006/anbe.1998.0782,https://en.wikipedia.org/api/rest_v1/page/html/Wikipedia:Sandbox/905721176,7d8eb427-853b-4ff4-806e-8fb1133a1bc1,2019-07-10 23:28:23,2019-07-10 19:38:33,references,36c35e23-8757-4a9d-aacf-345e9b7eb50d,https://creativecommons.org/publicdomain/zero/1.0/,https://doi.org/10.13003/CED-terms-of-use,,,https://evidence.eventdata.crossref.org/evidence/20190710-wikipedia-c19b3e3e-1e77-4ec7-b381-5d33dd915643,add,https://en.wikipedia.org/wiki/Wikipedia:Sandbox,Wikipedia:Sandbox,https://en.wikipedia.org/w/index.php?title=Wikipedia:Sandbox&oldid=905721176,https://en.wikipedia.org/api/rest_v1/page/html/Wikipedia:Sandbox/905721176,https://doi.org/10.1006/anbe.1998.0782,http://www.sciencedirect.com/science/article/pii/S0003347298907825
288654,wikipedia,https://doi.org/10.1006/anbe.1998.0782,https://en.wikipedia.org/api/rest_v1/page/html/Goldeneye_cichlid/907995088,1e0576c4-5abb-4c1c-b440-dba49c99b4d0,2019-07-26 17:40:27,2019-07-26 14:51:27,references,36c35e23-8757-4a9d-aacf-345e9b7eb50d,https://creativecommons.org/publicdomain/zero/1.0/,https://doi.org/10.13003/CED-terms-of-use,,,https://evidence.eventdata.crossref.org/evidence/20190726-wikipedia-3ea255ae-f358-4875-a46c-34a7121b8354,add,https://en.wikipedia.org/wiki/Goldeneye_cichlid,Goldeneye cichlid,https://en.wikipedia.org/w/index.php?title=Goldeneye_cichlid&oldid=907995088,https://en.wikipedia.org/api/rest_v1/page/html/Goldeneye_cichlid/907995088,https://doi.org/10.1006/anbe.1998.0782,https://doi.org/10.1006/anbe.1998.0782
288655,wikipedia,https://doi.org/10.1006/anbe.1998.0782,https://en.wikipedia.org/api/rest_v1/page/html/Goldeneye_cichlid/925046216,d5e9662c-91b6-482f-861e-8fb6f02a3383,2019-11-07 14:20:28,2019-11-07 09:53:33,references,36c35e23-8757-4a9d-aacf-345e9b7eb50d,https://creativecommons.org/publicdomain/zero/1.0/,https://doi.org/10.13003/CED-terms-of-use,,,https://evidence.eventdata.crossref.org/evidence/20191107-wikipedia-03a89721-6646-42cd-bd52-78ca6e99f7ee,add,https://en.wikipedia.org/wiki/Goldeneye_cichlid,Goldeneye cichlid,https://en.wikipedia.org/w/index.php?title=Goldeneye_cichlid&oldid=925046216,https://en.wikipedia.org/api/rest_v1/page/html/Goldeneye_cichlid/925046216,https://doi.org/10.1006/anbe.1998.0782,https://doi.org/10.1006/anbe.1998.0782
