cambiaIncrement,sourceID,objectID,subjectID,eventID,occurredAt,timeObserved,relationType,sourceToken,license,termsOfUse,updatedReason,updated,eventAction,workSubtypeID,workTypeID,subjectTitle,subjectPID,jurisdiction,updatedDate
1635,cambia-lens,https://doi.org/10.1016/s0167-7799(98)01214-1,https://lens.org/115-647-328-344-817,f417d883-8a1f-bca2-7adc-6040a6081cd2,2002-05-14 00:00:00,2017-11-09 23:24:15,cites,1ad0b713-78ed-4bb9-8d5d-a3c2d163d46f,https://creativecommons.org/licenses/by-sa/4.0/,https://doi.org/10.13003/CED-terms-of-use,,,add,Granted Patent,patent,Comparative Phenotype Analysis Of Two Or More Microorganisms Using A Plurality Of Substrates Within A Multiwell Device,https://lens.org/115-647-328-344-817,US,
1636,cambia-lens,https://doi.org/10.1016/s0167-7799(98)01214-1,https://lens.org/001-256-805-280-528,f56cb054-7fc8-8e53-6b8b-8267c1c8cad9,2002-10-29 00:00:00,2017-11-10 01:59:08,cites,1ad0b713-78ed-4bb9-8d5d-a3c2d163d46f,https://creativecommons.org/licenses/by-sa/4.0/,https://doi.org/10.13003/CED-terms-of-use,,,add,Granted Patent,patent,Comparative Phenotype Analysis,https://lens.org/001-256-805-280-528,US,
1637,cambia-lens,https://doi.org/10.1016/s0167-7799(98)01214-1,https://lens.org/014-490-522-062-712,f92623d0-00bd-bab1-a2aa-a4e5720ff4e0,2004-02-03 00:00:00,2017-11-10 06:57:05,cites,1ad0b713-78ed-4bb9-8d5d-a3c2d163d46f,https://creativecommons.org/licenses/by-sa/4.0/,https://doi.org/10.13003/CED-terms-of-use,,,add,Granted Patent,patent,Comparative Phenotype Analysis Of Two Or More Microorganisms Using A Plurality Of Substrates Within A Multiwell Testing Device,https://lens.org/014-490-522-062-712,US,
1638,cambia-lens,https://doi.org/10.1016/s0167-7799(98)01214-1,https://lens.org/145-770-512-983-274,51258fcc-cb9c-2178-c62d-d988a7ec19cd,2001-11-29 00:00:00,2017-11-10 07:10:31,cites,1ad0b713-78ed-4bb9-8d5d-a3c2d163d46f,https://creativecommons.org/licenses/by-sa/4.0/,https://doi.org/10.13003/CED-terms-of-use,,,add,Search report,patent,A Functional Gene Array In Yeast,https://lens.org/145-770-512-983-274,WO,
1639,cambia-lens,https://doi.org/10.1016/s0167-7799(98)01214-1,https://lens.org/152-312-987-668-353,e52359c1-c095-d885-50ad-abb48c09e0de,2002-01-31 00:00:00,2017-11-10 08:51:52,cites,1ad0b713-78ed-4bb9-8d5d-a3c2d163d46f,https://creativecommons.org/licenses/by-sa/4.0/,https://doi.org/10.13003/CED-terms-of-use,,,add,Search report,patent,Method For Identifying Interacting Gene Products,https://lens.org/152-312-987-668-353,WO,
1640,cambia-lens,https://doi.org/10.1016/s0167-7799(98)01214-1,https://lens.org/163-264-589-162-934,9cb57dc5-3967-ff75-b535-7c6103ada5f4,2006-02-14 00:00:00,2017-11-10 11:42:40,cites,1ad0b713-78ed-4bb9-8d5d-a3c2d163d46f,https://creativecommons.org/licenses/by-sa/4.0/,https://doi.org/10.13003/CED-terms-of-use,,,add,Granted Patent,patent,Functional Gene Array In Yeast,https://lens.org/163-264-589-162-934,US,
1641,cambia-lens,https://doi.org/10.1016/s0167-7799(98)01214-1,https://lens.org/182-517-762-066-658,f4d872ce-64f9-7b22-a51d-76697009fcef,2002-08-20 00:00:00,2017-11-10 17:11:28,cites,1ad0b713-78ed-4bb9-8d5d-a3c2d163d46f,https://creativecommons.org/licenses/by-sa/4.0/,https://doi.org/10.13003/CED-terms-of-use,,,add,Granted Patent,patent,Comparative Phenotype Analysis For Assessment Of Biologically Active Compounds Such As Antimicrobials,https://lens.org/182-517-762-066-658,US,
1642,cambia-lens,https://doi.org/10.1016/s0167-7799(98)01214-1,https://lens.org/188-015-075-387-220,a3ff4010-63ba-a2bb-66d1-69f3b459fb2a,2004-02-24 00:00:00,2017-11-10 18:45:31,cites,1ad0b713-78ed-4bb9-8d5d-a3c2d163d46f,https://creativecommons.org/licenses/by-sa/4.0/,https://doi.org/10.13003/CED-terms-of-use,,,add,Granted Patent,patent,Comparative Phenotype Analysis For Assessment Of Biological Active Compounds Such As Antimicrobials,https://lens.org/188-015-075-387-220,US,
1643,cambia-lens,https://doi.org/10.1016/s0167-7799(98)01214-1,https://lens.org/068-200-892-733-457,1659094e-7437-e600-c8c1-e7fb7d3958cc,2015-03-17 00:00:00,2017-11-11 10:38:44,cites,1ad0b713-78ed-4bb9-8d5d-a3c2d163d46f,https://creativecommons.org/licenses/by-sa/4.0/,https://doi.org/10.13003/CED-terms-of-use,,,add,Granted Patent,patent,Breast Cancer Biomarkers And Identification Methods Using Nmr And Gas Chromatography-Mass Spectrometry,https://lens.org/068-200-892-733-457,US,
1644,cambia-lens,https://doi.org/10.1016/s0167-7799(98)01214-1,https://lens.org/070-701-382-356-556,622d9173-7138-1729-4f37-df46bb690f1e,2003-03-18 00:00:00,2017-11-11 11:17:34,cites,1ad0b713-78ed-4bb9-8d5d-a3c2d163d46f,https://creativecommons.org/licenses/by-sa/4.0/,https://doi.org/10.13003/CED-terms-of-use,,,add,Granted Patent,patent,Cloning And Copying On Surfaces,https://lens.org/070-701-382-356-556,US,
1645,cambia-lens,https://doi.org/10.1016/s0167-7799(98)01214-1,https://lens.org/077-225-977-755-601,4cdcd27e-acd9-b2d8-24b7-f37224c30052,2004-04-27 00:00:00,2017-11-11 13:09:12,cites,1ad0b713-78ed-4bb9-8d5d-a3c2d163d46f,https://creativecommons.org/licenses/by-sa/4.0/,https://doi.org/10.13003/CED-terms-of-use,,,add,Granted Patent,patent,Comparative Phenotype Analysis,https://lens.org/077-225-977-755-601,US,
1646,cambia-lens,https://doi.org/10.1016/s0167-7799(98)01214-1,https://lens.org/077-768-337-508-697,d5630faf-5b00-11e1-b0ff-19f2087fd19e,2003-10-14 00:00:00,2017-11-11 13:18:26,cites,1ad0b713-78ed-4bb9-8d5d-a3c2d163d46f,https://creativecommons.org/licenses/by-sa/4.0/,https://doi.org/10.13003/CED-terms-of-use,,,add,Patent Application,patent,,https://lens.org/077-768-337-508-697,JP,
