crossRefIncrement,sourceID,objectID,subjectID,eventID,occurredAt,timeObserved,relationType,sourceToken,license,crossrefTermsOfUse,messageAction
4874,crossref,https://doi.org/10.1016/S0167-7799(98)01214-1,https://doi.org/10.1007/s00425-019-03211-5,236ee95e-9849-4b33-8417-a034d05a2da9,2019-06-15 00:00:00,2019-06-16 00:37:13,references,8676e950-8ac5-4074-8ac3-c0a18ada7e99,https://doi.org/10.13003/CED-terms-of-use,https://doi.org/10.13003/CED-terms-of-use,create
4875,crossref,https://doi.org/10.1016/S0167-7799(98)01214-1,https://doi.org/10.1007/s00535-011-0493-8,3a4d06ec-ecaa-4a7f-9969-b2ad68f36258,2011-11-02 00:00:00,2019-06-19 03:52:45,references,8676e950-8ac5-4074-8ac3-c0a18ada7e99,https://doi.org/10.13003/CED-terms-of-use,https://doi.org/10.13003/CED-terms-of-use,create
4876,crossref,https://doi.org/10.1016/S0167-7799(98)01214-1,https://doi.org/10.1007/978-3-030-12298-0_7,7542f669-4084-4a73-a73e-c0a2cca7ba42,2019-01-01 00:00:00,2019-06-25 13:20:45,references,8676e950-8ac5-4074-8ac3-c0a18ada7e99,https://doi.org/10.13003/CED-terms-of-use,https://doi.org/10.13003/CED-terms-of-use,create
4877,crossref,https://doi.org/10.1016/S0167-7799(98)01214-1,https://doi.org/10.3390/metabo9060108,b92e02bc-fdc0-489f-a640-15e6878962bf,2019-06-06 00:00:00,2019-07-02 10:01:54,references,8676e950-8ac5-4074-8ac3-c0a18ada7e99,https://doi.org/10.13003/CED-terms-of-use,https://doi.org/10.13003/CED-terms-of-use,create
4878,crossref,https://doi.org/10.1016/S0167-7799(98)01214-1,https://doi.org/10.1002/mas.21354,41b3e8df-4a08-43d1-a08d-c57c87af697b,2012-08-13 00:00:00,2019-07-05 07:04:35,references,8676e950-8ac5-4074-8ac3-c0a18ada7e99,https://doi.org/10.13003/CED-terms-of-use,https://doi.org/10.13003/CED-terms-of-use,create
4879,crossref,https://doi.org/10.1016/S0167-7799(98)01214-1,https://doi.org/10.4155/bio.12.218,c80813f1-bf6e-4497-8b76-4b3cb4986859,2012-09-01 00:00:00,2019-07-06 01:41:45,references,8676e950-8ac5-4074-8ac3-c0a18ada7e99,https://doi.org/10.13003/CED-terms-of-use,https://doi.org/10.13003/CED-terms-of-use,create
4880,crossref,https://doi.org/10.1016/S0167-7799(98)01214-1,https://doi.org/10.1002/mas.21370,9486eda0-1428-4dd3-ac18-949dabf784d3,2013-04-29 00:00:00,2019-07-19 04:22:30,references,8676e950-8ac5-4074-8ac3-c0a18ada7e99,https://doi.org/10.13003/CED-terms-of-use,https://doi.org/10.13003/CED-terms-of-use,create
4881,crossref,https://doi.org/10.1016/S0167-7799(98)01214-1,https://doi.org/10.1098/rstb.2003.1411,042018d8-8846-4bb1-933c-ea152bf000b6,2004-06-29 00:00:00,2019-07-19 14:07:14,references,8676e950-8ac5-4074-8ac3-c0a18ada7e99,https://doi.org/10.13003/CED-terms-of-use,https://doi.org/10.13003/CED-terms-of-use,create
4882,crossref,https://doi.org/10.1016/S0167-7799(98)01214-1,https://doi.org/10.1098/rstb.2005.1805,2bae5afe-bfd5-40bb-9ec1-ef454a2405d6,2006-02-01 00:00:00,2019-07-19 14:08:03,references,8676e950-8ac5-4074-8ac3-c0a18ada7e99,https://doi.org/10.13003/CED-terms-of-use,https://doi.org/10.13003/CED-terms-of-use,create
4883,crossref,https://doi.org/10.1016/S0167-7799(98)01214-1,https://doi.org/10.1098/rstb.2001.1049,0ebad52d-0d31-47ef-878d-9a17e422e11d,2002-01-29 00:00:00,2019-07-23 05:17:03,references,8676e950-8ac5-4074-8ac3-c0a18ada7e99,https://doi.org/10.13003/CED-terms-of-use,https://doi.org/10.13003/CED-terms-of-use,create
4884,crossref,https://doi.org/10.1016/S0167-7799(98)01214-1,https://doi.org/10.1093/femsle/fnz135,aba56caf-bb3f-430c-a00e-ff6189f8c206,2019-06-01 00:00:00,2019-07-24 04:23:02,references,8676e950-8ac5-4074-8ac3-c0a18ada7e99,https://doi.org/10.13003/CED-terms-of-use,https://doi.org/10.13003/CED-terms-of-use,create
4885,crossref,https://doi.org/10.1016/S0167-7799(98)01214-1,https://doi.org/10.1002/mas.21548,29c97140-d830-4753-b076-070d63987b90,2017-10-26 00:00:00,2019-10-12 00:26:27,references,8676e950-8ac5-4074-8ac3-c0a18ada7e99,https://doi.org/10.13003/CED-terms-of-use,https://doi.org/10.13003/CED-terms-of-use,create
4886,crossref,https://doi.org/10.1016/S0167-7799(98)01214-1,https://doi.org/10.1177/0004563213497929,06abdce7-ea2d-452b-a2c4-3327d9912aa4,2013-11-01 00:00:00,2019-10-13 23:05:10,references,8676e950-8ac5-4074-8ac3-c0a18ada7e99,https://doi.org/10.13003/CED-terms-of-use,https://doi.org/10.13003/CED-terms-of-use,create
4887,crossref,https://doi.org/10.1016/S0167-7799(98)01214-1,https://doi.org/10.1080/07388551.2018.1490246,c657df8a-f80b-4840-99c1-46948a8e98ea,2018-07-23 00:00:00,2019-10-21 23:22:34,references,8676e950-8ac5-4074-8ac3-c0a18ada7e99,https://doi.org/10.13003/CED-terms-of-use,https://doi.org/10.13003/CED-terms-of-use,create
4888,crossref,https://doi.org/10.1016/S0167-7799(98)01214-1,https://doi.org/10.4155/fmc.12.59,65252987-8402-46f5-a898-7692751a5550,2012-06-01 00:00:00,2019-10-27 11:21:14,references,8676e950-8ac5-4074-8ac3-c0a18ada7e99,https://doi.org/10.13003/CED-terms-of-use,https://doi.org/10.13003/CED-terms-of-use,create
4889,crossref,https://doi.org/10.1016/S0167-7799(98)01214-1,https://doi.org/10.1098/rstb.2005.1734,def22198-9711-4a36-be69-b57c8d28d985,2005-11-28 00:00:00,2019-10-31 09:27:12,references,8676e950-8ac5-4074-8ac3-c0a18ada7e99,https://doi.org/10.13003/CED-terms-of-use,https://doi.org/10.13003/CED-terms-of-use,create
4890,crossref,https://doi.org/10.1016/S0167-7799(98)01214-1,https://doi.org/10.1007/s00216-012-6375-y,3f48f61c-d7cc-4dc9-9bd6-47824d17b17e,2012-09-26 00:00:00,2019-11-04 08:12:35,references,8676e950-8ac5-4074-8ac3-c0a18ada7e99,https://doi.org/10.13003/CED-terms-of-use,https://doi.org/10.13003/CED-terms-of-use,create
4891,crossref,https://doi.org/10.1016/S0167-7799(98)01214-1,https://doi.org/10.1002/ange.201206990,27293d4e-e733-4d76-8f53-718593a41e04,2012-12-13 00:00:00,2019-11-28 19:41:06,references,8676e950-8ac5-4074-8ac3-c0a18ada7e99,https://doi.org/10.13003/CED-terms-of-use,https://doi.org/10.13003/CED-terms-of-use,create
4892,crossref,https://doi.org/10.1016/S0167-7799(98)01214-1,https://doi.org/10.1002/anie.201206990,65ba2198-cd0a-4166-9976-294dc42122c4,2012-12-13 00:00:00,2019-12-01 18:58:44,references,8676e950-8ac5-4074-8ac3-c0a18ada7e99,https://doi.org/10.13003/CED-terms-of-use,https://doi.org/10.13003/CED-terms-of-use,create
4893,crossref,https://doi.org/10.1016/S0167-7799(98)01214-1,https://doi.org/10.3390/ijms20102576,c1c3f61e-00db-4cde-b70a-f3f1e512c9be,2019-05-25 00:00:00,2019-12-23 04:35:44,references,8676e950-8ac5-4074-8ac3-c0a18ada7e99,https://doi.org/10.13003/CED-terms-of-use,https://doi.org/10.13003/CED-terms-of-use,create
4894,crossref,https://doi.org/10.1016/S0167-7799(98)01214-1,https://doi.org/10.1002/mas.21619,ec336f0e-c20b-40db-9faf-9b18205d3697,2020-01-12 00:00:00,2020-01-13 20:05:35,references,8676e950-8ac5-4074-8ac3-c0a18ada7e99,https://doi.org/10.13003/CED-terms-of-use,https://doi.org/10.13003/CED-terms-of-use,create
