wikipediaIncrement,sourceID,objectID,subjectID,eventID,occurredAt,timeObserved,relationType,sourceToken,license,termsOfUse,updatedDate,updatedReason,evidenceRecord,eventAction,subjectPID,subjectTitle,subjectURL,subjectAPIURL,objectPID,objectURL
11414,wikipedia,https://doi.org/10.1016/s0002-9343(97)00252-0,https://en.wikipedia.org/wiki/Acarbose,ab3e61d5-68ca-456a-84f2-a72a5fd28340,2017-04-11 13:04:57,2017-04-11 09:06:42,references,36c35e23-8757-4a9d-aacf-345e9b7eb50d,https://creativecommons.org/publicdomain/zero/1.0/,https://doi.org/10.13003/CED-terms-of-use,2018-01-31 17:30:00,https://evidence.eventdata.crossref.org/announcements/2018-01-19T00-00-00Z-ED-15.json,https://evidence.eventdata.crossref.org/evidence/20170411-wikipedia-4aa8e85c-3534-4eac-b81b-011bafefb7fa,add,https://en.wikipedia.org/wiki/Acarbose,Acarbose,https://en.wikipedia.org/w/index.php?title=Acarbose&oldid=774910372,https://en.wikipedia.org/api/rest_v1/page/html/Acarbose/774910372,https://doi.org/10.1016/s0002-9343(97)00252-0,https://doi.org/10.1016/s0002-9343(97)00252-0
11415,wikipedia,https://doi.org/10.1016/s0002-9343(97)00252-0,https://pt.wikipedia.org/wiki/Acarbose,69454771-b7c1-42d1-9ff6-fa87eec66b83,2017-05-20 13:03:41,2017-05-20 09:04:06,references,36c35e23-8757-4a9d-aacf-345e9b7eb50d,https://creativecommons.org/publicdomain/zero/1.0/,https://doi.org/10.13003/CED-terms-of-use,2018-01-31 17:30:00,https://evidence.eventdata.crossref.org/announcements/2018-01-19T00-00-00Z-ED-15.json,https://evidence.eventdata.crossref.org/evidence/20170520-wikipedia-97780aef-b0ea-4532-9baf-21d37df712a1,add,https://pt.wikipedia.org/wiki/Acarbose,Acarbose,https://pt.wikipedia.org/w/index.php?title=Acarbose&oldid=48843415,https://pt.wikipedia.org/api/rest_v1/page/html/Acarbose/48843415,https://doi.org/10.1016/s0002-9343(97)00252-0,https://doi.org/10.1016/s0002-9343(97)00252-0
11416,wikipedia,https://doi.org/10.1016/s0002-9343(97)00252-0,https://ar.wikipedia.org/wiki/%D8%A3%D9%83%D8%A7%D8%B1%D8%A8%D9%88%D8%B2,905c71f1-b05e-46de-b6eb-bdd05ba8a904,2017-08-28 10:24:25,2017-08-28 06:25:34,references,36c35e23-8757-4a9d-aacf-345e9b7eb50d,https://creativecommons.org/publicdomain/zero/1.0/,https://doi.org/10.13003/CED-terms-of-use,2018-01-31 17:30:00,https://evidence.eventdata.crossref.org/announcements/2018-01-19T00-00-00Z-ED-15.json,https://evidence.eventdata.crossref.org/evidence/20170828-wikipedia-2c619eaf-a061-4f61-887c-08159e098078,add,https://ar.wikipedia.org/wiki/%D8%A3%D9%83%D8%A7%D8%B1%D8%A8%D9%88%D8%B2,أكاربوز,https://ar.wikipedia.org/w/index.php?title=%D8%A3%D9%83%D8%A7%D8%B1%D8%A8%D9%88%D8%B2&oldid=24261253,https://ar.wikipedia.org/api/rest_v1/page/html/%D8%A3%D9%83%D8%A7%D8%B1%D8%A8%D9%88%D8%B2/24261253,https://doi.org/10.1016/s0002-9343(97)00252-0,https://doi.org/10.1016/s0002-9343(97)00252-0
11417,wikipedia,https://doi.org/10.1016/s0002-9343(97)00252-0,https://en.wikipedia.org/api/rest_v1/page/html/Acarbose/809540570,b9223178-e2d5-4f86-8c59-f519d23c7c6c,2017-11-09 19:53:01,2017-11-09 14:53:58,references,36c35e23-8757-4a9d-aacf-345e9b7eb50d,https://creativecommons.org/publicdomain/zero/1.0/,https://doi.org/10.13003/CED-terms-of-use,,,https://evidence.eventdata.crossref.org/evidence/20171109-wikipedia-31b60c4b-6723-4bf8-bbdd-0c9203ef484f,add,https://en.wikipedia.org/w/index.php?title=Acarbose&oldid=809540570,Acarbose,https://en.wikipedia.org/wiki/Acarbose,https://en.wikipedia.org/api/rest_v1/page/html/Acarbose/809540570,https://doi.org/10.1016/s0002-9343(97)00252-0,https://doi.org/10.1016/s0002-9343(97)00252-0
11418,wikipedia,https://doi.org/10.1016/s0002-9343(97)00252-0,https://en.wikipedia.org/api/rest_v1/page/html/Acarbose/809540561,0d2f53c6-2dfc-4c1f-9878-d231bba0f941,2017-11-09 19:52:58,2017-11-09 14:54:02,references,36c35e23-8757-4a9d-aacf-345e9b7eb50d,https://creativecommons.org/publicdomain/zero/1.0/,https://doi.org/10.13003/CED-terms-of-use,,,https://evidence.eventdata.crossref.org/evidence/20171109-wikipedia-b26dc8d9-c060-4bb5-a1fb-a3e9650803f2,add,https://en.wikipedia.org/w/index.php?title=Acarbose&oldid=809540561,Acarbose,https://en.wikipedia.org/wiki/Acarbose,https://en.wikipedia.org/api/rest_v1/page/html/Acarbose/809540561,https://doi.org/10.1016/s0002-9343(97)00252-0,https://doi.org/10.1016/s0002-9343(97)00252-0
11419,wikipedia,https://doi.org/10.1016/s0002-9343(97)00252-0,https://en.wikipedia.org/api/rest_v1/page/html/Acarbose/812031618,9feae8e0-63a1-4ad2-a2f6-f6620c0634ab,2017-11-25 15:25:30,2017-12-31 17:49:49,references,36c35e23-8757-4a9d-aacf-345e9b7eb50d,https://creativecommons.org/publicdomain/zero/1.0/,https://doi.org/10.13003/CED-terms-of-use,,,https://evidence.eventdata.crossref.org/evidence/20171125-wikipedia-193a8cef-80e9-4f17-9d8c-d063eb6a4aec,add,https://en.wikipedia.org/w/index.php?title=Acarbose&oldid=812031618,Acarbose,https://en.wikipedia.org/wiki/Acarbose,https://en.wikipedia.org/api/rest_v1/page/html/Acarbose/812031618,https://doi.org/10.1016/s0002-9343(97)00252-0,https://doi.org/10.1016/s0002-9343(97)00252-0
11420,wikipedia,https://doi.org/10.1016/s0002-9343(97)00252-0,https://ar.wikipedia.org/api/rest_v1/page/html/%D8%A3%D9%83%D8%A7%D8%B1%D8%A8%D9%88%D8%B2/26769502,9c4b51b3-ee73-470a-a4f3-2883457985c6,2018-01-17 11:55:16,2018-01-18 11:43:25,references,36c35e23-8757-4a9d-aacf-345e9b7eb50d,https://creativecommons.org/publicdomain/zero/1.0/,https://doi.org/10.13003/CED-terms-of-use,,,https://evidence.eventdata.crossref.org/evidence/20180117-wikipedia-41c79894-9b76-43e4-90e6-96b17c40b948,add,https://ar.wikipedia.org/wiki/%D8%A3%D9%83%D8%A7%D8%B1%D8%A8%D9%88%D8%B2,أكاربوز,https://ar.wikipedia.org/w/index.php?title=%D8%A3%D9%83%D8%A7%D8%B1%D8%A8%D9%88%D8%B2&oldid=26769502,https://ar.wikipedia.org/api/rest_v1/page/html/%D8%A3%D9%83%D8%A7%D8%B1%D8%A8%D9%88%D8%B2/26769502,https://doi.org/10.1016/s0002-9343(97)00252-0,https://doi.org/10.1016/s0002-9343(97)00252-0
11421,wikipedia,https://doi.org/10.1016/s0002-9343(97)00252-0,https://en.wikipedia.org/api/rest_v1/page/html/Acarbose/831606819,82215283-2c6b-4991-bf82-c0e3c648e111,2018-03-21 11:56:32,2018-03-21 07:59:49,references,36c35e23-8757-4a9d-aacf-345e9b7eb50d,https://creativecommons.org/publicdomain/zero/1.0/,https://doi.org/10.13003/CED-terms-of-use,,,https://evidence.eventdata.crossref.org/evidence/20180321-wikipedia-7c303e4d-46d6-40c8-9b56-fa225ccaeaca,add,https://en.wikipedia.org/wiki/Acarbose,Acarbose,https://en.wikipedia.org/w/index.php?title=Acarbose&oldid=831606819,https://en.wikipedia.org/api/rest_v1/page/html/Acarbose/831606819,https://doi.org/10.1016/s0002-9343(97)00252-0,https://doi.org/10.1016/s0002-9343(97)00252-0
11422,wikipedia,https://doi.org/10.1016/s0002-9343(97)00252-0,https://ar.wikipedia.org/api/rest_v1/page/html/%D8%A3%D9%83%D8%A7%D8%B1%D8%A8%D9%88%D8%B2/29539921,3a9523ef-ec99-489e-99c4-f449b00a4350,2018-07-21 10:39:04,2018-07-21 06:41:10,references,36c35e23-8757-4a9d-aacf-345e9b7eb50d,https://creativecommons.org/publicdomain/zero/1.0/,https://doi.org/10.13003/CED-terms-of-use,,,https://evidence.eventdata.crossref.org/evidence/20180721-wikipedia-0968aca5-72e0-4edb-af32-e315250820c4,add,https://ar.wikipedia.org/wiki/%D8%A3%D9%83%D8%A7%D8%B1%D8%A8%D9%88%D8%B2,أكاربوز,https://ar.wikipedia.org/w/index.php?title=%D8%A3%D9%83%D8%A7%D8%B1%D8%A8%D9%88%D8%B2&oldid=29539921,https://ar.wikipedia.org/api/rest_v1/page/html/%D8%A3%D9%83%D8%A7%D8%B1%D8%A8%D9%88%D8%B2/29539921,https://doi.org/10.1016/s0002-9343(97)00252-0,https://doi.org/10.1016/s0002-9343(97)00252-0
11423,wikipedia,https://doi.org/10.1016/s0002-9343(97)00252-0,https://ar.wikipedia.org/api/rest_v1/page/html/%D8%A3%D9%83%D8%A7%D8%B1%D8%A8%D9%88%D8%B2/30322984,945d6b82-d72b-46a1-bc98-c09ff5fc7483,2018-08-28 14:59:11,2018-08-28 11:04:31,references,36c35e23-8757-4a9d-aacf-345e9b7eb50d,https://creativecommons.org/publicdomain/zero/1.0/,https://doi.org/10.13003/CED-terms-of-use,,,https://evidence.eventdata.crossref.org/evidence/20180828-wikipedia-71c016d9-4c45-48ca-880c-35203829678f,add,https://ar.wikipedia.org/wiki/%D8%A3%D9%83%D8%A7%D8%B1%D8%A8%D9%88%D8%B2,أكاربوز,https://ar.wikipedia.org/w/index.php?title=%D8%A3%D9%83%D8%A7%D8%B1%D8%A8%D9%88%D8%B2&oldid=30322984,https://ar.wikipedia.org/api/rest_v1/page/html/%D8%A3%D9%83%D8%A7%D8%B1%D8%A8%D9%88%D8%B2/30322984,https://doi.org/10.1016/s0002-9343(97)00252-0,https://doi.org/10.1016/s0002-9343(97)00252-0
11424,wikipedia,https://doi.org/10.1016/s0002-9343(97)00252-0,https://ar.wikipedia.org/api/rest_v1/page/html/%D8%A3%D9%83%D8%A7%D8%B1%D8%A8%D9%88%D8%B2/31576684,46baefc9-14c9-499d-bc71-894f52561568,2018-11-17 14:10:17,2018-11-17 09:18:45,references,36c35e23-8757-4a9d-aacf-345e9b7eb50d,https://creativecommons.org/publicdomain/zero/1.0/,https://doi.org/10.13003/CED-terms-of-use,,,https://evidence.eventdata.crossref.org/evidence/20181117-wikipedia-e77ca5e8-0947-4dc4-8df2-66ac8c4f2d59,add,https://ar.wikipedia.org/wiki/%D8%A3%D9%83%D8%A7%D8%B1%D8%A8%D9%88%D8%B2,أكاربوز,https://ar.wikipedia.org/w/index.php?title=%D8%A3%D9%83%D8%A7%D8%B1%D8%A8%D9%88%D8%B2&oldid=31576684,https://ar.wikipedia.org/api/rest_v1/page/html/%D8%A3%D9%83%D8%A7%D8%B1%D8%A8%D9%88%D8%B2/31576684,https://doi.org/10.1016/s0002-9343(97)00252-0,https://doi.org/10.1016/s0002-9343(97)00252-0
11425,wikipedia,https://doi.org/10.1016/s0002-9343(97)00252-0,https://ar.wikipedia.org/api/rest_v1/page/html/%D8%A3%D9%83%D8%A7%D8%B1%D8%A8%D9%88%D8%B2/31708354,7c2087ef-5d6a-4d02-9b58-474a41843ad7,2018-11-24 04:30:49,2018-11-23 23:33:59,references,36c35e23-8757-4a9d-aacf-345e9b7eb50d,https://creativecommons.org/publicdomain/zero/1.0/,https://doi.org/10.13003/CED-terms-of-use,,,https://evidence.eventdata.crossref.org/evidence/20181124-wikipedia-b201cb34-c6bd-4298-8b59-258ab7969c37,add,https://ar.wikipedia.org/wiki/%D8%A3%D9%83%D8%A7%D8%B1%D8%A8%D9%88%D8%B2,أكاربوز,https://ar.wikipedia.org/w/index.php?title=%D8%A3%D9%83%D8%A7%D8%B1%D8%A8%D9%88%D8%B2&oldid=31708354,https://ar.wikipedia.org/api/rest_v1/page/html/%D8%A3%D9%83%D8%A7%D8%B1%D8%A8%D9%88%D8%B2/31708354,https://doi.org/10.1016/s0002-9343(97)00252-0,https://doi.org/10.1016/s0002-9343(97)00252-0
11426,wikipedia,https://doi.org/10.1016/s0002-9343(97)00252-0,https://pt.wikipedia.org/api/rest_v1/page/html/Acarbose/54290719,a3295200-b524-40b4-b471-c9cbd38c7bf2,2019-02-14 13:35:28,2019-02-14 08:41:41,references,36c35e23-8757-4a9d-aacf-345e9b7eb50d,https://creativecommons.org/publicdomain/zero/1.0/,https://doi.org/10.13003/CED-terms-of-use,,,https://evidence.eventdata.crossref.org/evidence/20190214-wikipedia-7b1185b3-44b4-4149-adcc-6d94b862b78a,add,https://pt.wikipedia.org/wiki/Acarbose,Acarbose,https://pt.wikipedia.org/w/index.php?title=Acarbose&oldid=54290719,https://pt.wikipedia.org/api/rest_v1/page/html/Acarbose/54290719,https://doi.org/10.1016/s0002-9343(97)00252-0,https://doi.org/10.1016/s0002-9343(97)00252-0
11427,wikipedia,https://doi.org/10.1016/s0002-9343(97)00252-0,https://ar.wikipedia.org/api/rest_v1/page/html/%D8%A3%D9%83%D8%A7%D8%B1%D8%A8%D9%88%D8%B2/33400224,39eaed71-91c7-47d3-9624-486f153424a9,2019-03-04 11:37:00,2019-03-04 06:41:44,references,36c35e23-8757-4a9d-aacf-345e9b7eb50d,https://creativecommons.org/publicdomain/zero/1.0/,https://doi.org/10.13003/CED-terms-of-use,,,https://evidence.eventdata.crossref.org/evidence/20190304-wikipedia-19f578ea-2107-48a3-a717-ff40a80e8caf,add,https://ar.wikipedia.org/wiki/%D8%A3%D9%83%D8%A7%D8%B1%D8%A8%D9%88%D8%B2,أكاربوز,https://ar.wikipedia.org/w/index.php?title=%D8%A3%D9%83%D8%A7%D8%B1%D8%A8%D9%88%D8%B2&oldid=33400224,https://ar.wikipedia.org/api/rest_v1/page/html/%D8%A3%D9%83%D8%A7%D8%B1%D8%A8%D9%88%D8%B2/33400224,https://doi.org/10.1016/s0002-9343(97)00252-0,https://doi.org/10.1016/s0002-9343(97)00252-0
11428,wikipedia,https://doi.org/10.1016/s0002-9343(97)00252-0,https://ar.wikipedia.org/api/rest_v1/page/html/%D8%A3%D9%83%D8%A7%D8%B1%D8%A8%D9%88%D8%B2/34765008,ff96270a-8ce0-49b1-a382-90fbd3509c42,2019-04-28 04:10:03,2019-04-28 00:12:44,references,36c35e23-8757-4a9d-aacf-345e9b7eb50d,https://creativecommons.org/publicdomain/zero/1.0/,https://doi.org/10.13003/CED-terms-of-use,,,https://evidence.eventdata.crossref.org/evidence/20190428-wikipedia-c826d81f-4837-4e05-a87d-47cbadec8076,add,https://ar.wikipedia.org/wiki/%D8%A3%D9%83%D8%A7%D8%B1%D8%A8%D9%88%D8%B2,أكاربوز,https://ar.wikipedia.org/w/index.php?title=%D8%A3%D9%83%D8%A7%D8%B1%D8%A8%D9%88%D8%B2&oldid=34765008,https://ar.wikipedia.org/api/rest_v1/page/html/%D8%A3%D9%83%D8%A7%D8%B1%D8%A8%D9%88%D8%B2/34765008,https://doi.org/10.1016/s0002-9343(97)00252-0,https://doi.org/10.1016/s0002-9343(97)00252-0
11429,wikipedia,https://doi.org/10.1016/s0002-9343(97)00252-0,https://ar.wikipedia.org/api/rest_v1/page/html/%D8%A3%D9%83%D8%A7%D8%B1%D8%A8%D9%88%D8%B2/34777765,ff52abc9-3f59-42ef-adb5-00c9c66a8a3a,2019-04-28 10:58:23,2019-04-28 07:02:32,references,36c35e23-8757-4a9d-aacf-345e9b7eb50d,https://creativecommons.org/publicdomain/zero/1.0/,https://doi.org/10.13003/CED-terms-of-use,,,https://evidence.eventdata.crossref.org/evidence/20190428-wikipedia-c43a70c5-4e98-43d2-a12f-a9d8029d8038,add,https://ar.wikipedia.org/wiki/%D8%A3%D9%83%D8%A7%D8%B1%D8%A8%D9%88%D8%B2,أكاربوز,https://ar.wikipedia.org/w/index.php?title=%D8%A3%D9%83%D8%A7%D8%B1%D8%A8%D9%88%D8%B2&oldid=34777765,https://ar.wikipedia.org/api/rest_v1/page/html/%D8%A3%D9%83%D8%A7%D8%B1%D8%A8%D9%88%D8%B2/34777765,https://doi.org/10.1016/s0002-9343(97)00252-0,https://doi.org/10.1016/s0002-9343(97)00252-0
11430,wikipedia,https://doi.org/10.1016/s0002-9343(97)00252-0,https://ar.wikipedia.org/api/rest_v1/page/html/%D8%A3%D9%83%D8%A7%D8%B1%D8%A8%D9%88%D8%B2/36221235,41853848-7e08-4d10-a6d0-a7cce798b4d0,2019-06-27 17:04:12,2019-06-27 13:06:54,references,36c35e23-8757-4a9d-aacf-345e9b7eb50d,https://creativecommons.org/publicdomain/zero/1.0/,https://doi.org/10.13003/CED-terms-of-use,,,https://evidence.eventdata.crossref.org/evidence/20190627-wikipedia-cf653cf2-20c8-4620-ace7-cc561e98c71e,add,https://ar.wikipedia.org/wiki/%D8%A3%D9%83%D8%A7%D8%B1%D8%A8%D9%88%D8%B2,أكاربوز,https://ar.wikipedia.org/w/index.php?title=%D8%A3%D9%83%D8%A7%D8%B1%D8%A8%D9%88%D8%B2&oldid=36221235,https://ar.wikipedia.org/api/rest_v1/page/html/%D8%A3%D9%83%D8%A7%D8%B1%D8%A8%D9%88%D8%B2/36221235,https://doi.org/10.1016/s0002-9343(97)00252-0,https://doi.org/10.1016/s0002-9343(97)00252-0
11431,wikipedia,https://doi.org/10.1016/s0002-9343(97)00252-0,https://ar.wikipedia.org/api/rest_v1/page/html/%D8%A3%D9%83%D8%A7%D8%B1%D8%A8%D9%88%D8%B2/37270531,05960ad7-11b8-4882-8fe6-259ef6a999fd,2019-08-04 00:13:52,2019-08-07 12:57:59,references,36c35e23-8757-4a9d-aacf-345e9b7eb50d,https://creativecommons.org/publicdomain/zero/1.0/,https://doi.org/10.13003/CED-terms-of-use,,,https://evidence.eventdata.crossref.org/evidence/20190804-wikipedia-63ff683c-2e54-46c3-920b-856cd40794a2,add,https://ar.wikipedia.org/wiki/%D8%A3%D9%83%D8%A7%D8%B1%D8%A8%D9%88%D8%B2,أكاربوز,https://ar.wikipedia.org/w/index.php?title=%D8%A3%D9%83%D8%A7%D8%B1%D8%A8%D9%88%D8%B2&oldid=37270531,https://ar.wikipedia.org/api/rest_v1/page/html/%D8%A3%D9%83%D8%A7%D8%B1%D8%A8%D9%88%D8%B2/37270531,https://doi.org/10.1016/s0002-9343(97)00252-0,https://doi.org/10.1016/s0002-9343(97)00252-0
11432,wikipedia,https://doi.org/10.1016/s0002-9343(97)00252-0,https://en.wikipedia.org/api/rest_v1/page/html/Acarbose/909888445,4fe7d468-0e97-4533-a71e-d0e5b766f5d5,2019-08-08 08:25:55,2019-08-10 07:40:37,references,36c35e23-8757-4a9d-aacf-345e9b7eb50d,https://creativecommons.org/publicdomain/zero/1.0/,https://doi.org/10.13003/CED-terms-of-use,,,https://evidence.eventdata.crossref.org/evidence/20190808-wikipedia-93a75359-84e6-4b7c-81b1-f3d8126a4e2c,add,https://en.wikipedia.org/wiki/Acarbose,Acarbose,https://en.wikipedia.org/w/index.php?title=Acarbose&oldid=909888445,https://en.wikipedia.org/api/rest_v1/page/html/Acarbose/909888445,https://doi.org/10.1016/s0002-9343(97)00252-0,https://doi.org/10.1016/s0002-9343(97)00252-0
11433,wikipedia,https://doi.org/10.1016/s0002-9343(97)00252-0,https://en.wikipedia.org/api/rest_v1/page/html/Acarbose/909888614,8b3cec24-b5c3-42d9-af69-e1c06c5652e9,2019-08-08 08:28:08,2019-08-10 08:02:57,references,36c35e23-8757-4a9d-aacf-345e9b7eb50d,https://creativecommons.org/publicdomain/zero/1.0/,https://doi.org/10.13003/CED-terms-of-use,,,https://evidence.eventdata.crossref.org/evidence/20190808-wikipedia-be448e96-bef3-4bc9-a17a-bf29c7936b3f,add,https://en.wikipedia.org/wiki/Acarbose,Acarbose,https://en.wikipedia.org/w/index.php?title=Acarbose&oldid=909888614,https://en.wikipedia.org/api/rest_v1/page/html/Acarbose/909888614,https://doi.org/10.1016/s0002-9343(97)00252-0,https://doi.org/10.1016/s0002-9343(97)00252-0
11434,wikipedia,https://doi.org/10.1016/s0002-9343(97)00252-0,https://vi.wikipedia.org/api/rest_v1/page/html/Acarbose/55176633,d890ea8e-8192-4cc9-8b19-e3f92baa167c,2019-09-04 11:21:46,2019-09-04 07:33:55,references,36c35e23-8757-4a9d-aacf-345e9b7eb50d,https://creativecommons.org/publicdomain/zero/1.0/,https://doi.org/10.13003/CED-terms-of-use,,,https://evidence.eventdata.crossref.org/evidence/20190904-wikipedia-4dfe50db-bcf1-4d93-9d95-5c148eef7bbb,add,https://vi.wikipedia.org/wiki/Acarbose,Acarbose,https://vi.wikipedia.org/w/index.php?title=Acarbose&oldid=55176633,https://vi.wikipedia.org/api/rest_v1/page/html/Acarbose/55176633,https://doi.org/10.1016/s0002-9343(97)00252-0,https://doi.org/10.1016/s0002-9343(97)00252-0
11435,wikipedia,https://doi.org/10.1016/s0002-9343(97)00252-0,https://vi.wikipedia.org/api/rest_v1/page/html/Acarbose/55182112,ff01be54-4f23-42f6-b9e0-1a81b455c10a,2019-09-04 21:51:18,2019-09-04 18:27:10,references,36c35e23-8757-4a9d-aacf-345e9b7eb50d,https://creativecommons.org/publicdomain/zero/1.0/,https://doi.org/10.13003/CED-terms-of-use,,,https://evidence.eventdata.crossref.org/evidence/20190904-wikipedia-c40db0b6-c78b-4b59-b660-ee2339a19a0b,add,https://vi.wikipedia.org/wiki/Acarbose,Acarbose,https://vi.wikipedia.org/w/index.php?title=Acarbose&oldid=55182112,https://vi.wikipedia.org/api/rest_v1/page/html/Acarbose/55182112,https://doi.org/10.1016/s0002-9343(97)00252-0,https://doi.org/10.1016/s0002-9343(97)00252-0
11436,wikipedia,https://doi.org/10.1016/s0002-9343(97)00252-0,https://ar.wikipedia.org/api/rest_v1/page/html/%D8%A3%D9%83%D8%A7%D8%B1%D8%A8%D9%88%D8%B2/38311183,4b12cf3f-0d52-4104-8265-b15e34b726c9,2019-09-05 21:25:31,2019-09-05 18:34:08,references,36c35e23-8757-4a9d-aacf-345e9b7eb50d,https://creativecommons.org/publicdomain/zero/1.0/,https://doi.org/10.13003/CED-terms-of-use,,,https://evidence.eventdata.crossref.org/evidence/20190905-wikipedia-cc825544-efef-4f7f-97ad-0228e7e27ae6,add,https://ar.wikipedia.org/wiki/%D8%A3%D9%83%D8%A7%D8%B1%D8%A8%D9%88%D8%B2,أكاربوز,https://ar.wikipedia.org/w/index.php?title=%D8%A3%D9%83%D8%A7%D8%B1%D8%A8%D9%88%D8%B2&oldid=38311183,https://ar.wikipedia.org/api/rest_v1/page/html/%D8%A3%D9%83%D8%A7%D8%B1%D8%A8%D9%88%D8%B2/38311183,https://doi.org/10.1016/s0002-9343(97)00252-0,https://doi.org/10.1016/s0002-9343(97)00252-0
11437,wikipedia,https://doi.org/10.1016/s0002-9343(97)00252-0,https://vi.wikipedia.org/api/rest_v1/page/html/Acarbose/55256507,4366738f-1a99-42eb-93f4-498a932fdaf8,2019-09-10 13:01:09,2019-09-10 09:10:13,references,36c35e23-8757-4a9d-aacf-345e9b7eb50d,https://creativecommons.org/publicdomain/zero/1.0/,https://doi.org/10.13003/CED-terms-of-use,,,https://evidence.eventdata.crossref.org/evidence/20190910-wikipedia-8f090ded-b0db-4885-825a-9c357bfe7f48,add,https://vi.wikipedia.org/wiki/Acarbose,Acarbose,https://vi.wikipedia.org/w/index.php?title=Acarbose&oldid=55256507,https://vi.wikipedia.org/api/rest_v1/page/html/Acarbose/55256507,https://doi.org/10.1016/s0002-9343(97)00252-0,https://doi.org/10.1016/s0002-9343(97)00252-0
11438,wikipedia,https://doi.org/10.1016/s0002-9343(97)00252-0,https://en.wikipedia.org/api/rest_v1/page/html/Acarbose/920219107,44299a82-69c5-4c3f-aaed-3fb614a54144,2019-10-08 10:42:07,2019-10-08 06:47:17,references,36c35e23-8757-4a9d-aacf-345e9b7eb50d,https://creativecommons.org/publicdomain/zero/1.0/,https://doi.org/10.13003/CED-terms-of-use,,,https://evidence.eventdata.crossref.org/evidence/20191008-wikipedia-93a499fb-3780-4695-ac45-149647607f77,add,https://en.wikipedia.org/wiki/Acarbose,Acarbose,https://en.wikipedia.org/w/index.php?title=Acarbose&oldid=920219107,https://en.wikipedia.org/api/rest_v1/page/html/Acarbose/920219107,https://doi.org/10.1016/s0002-9343(97)00252-0,https://doi.org/10.1016/s0002-9343(97)00252-0
11439,wikipedia,https://doi.org/10.1016/s0002-9343(97)00252-0,https://vi.wikipedia.org/api/rest_v1/page/html/Acarbose/56247861,4d5fd462-8d1a-430e-9e2b-b98ca9fbf632,2019-11-07 15:51:50,2019-11-07 11:27:21,references,36c35e23-8757-4a9d-aacf-345e9b7eb50d,https://creativecommons.org/publicdomain/zero/1.0/,https://doi.org/10.13003/CED-terms-of-use,,,https://evidence.eventdata.crossref.org/evidence/20191107-wikipedia-3b5d2061-b552-4cfe-9d97-05215aee914d,add,https://vi.wikipedia.org/wiki/Acarbose,Acarbose,https://vi.wikipedia.org/w/index.php?title=Acarbose&oldid=56247861,https://vi.wikipedia.org/api/rest_v1/page/html/Acarbose/56247861,https://doi.org/10.1016/s0002-9343(97)00252-0,https://doi.org/10.1016/s0002-9343(97)00252-0
11440,wikipedia,https://doi.org/10.1016/s0002-9343(97)00252-0,https://ar.wikipedia.org/api/rest_v1/page/html/%D8%A3%D9%83%D8%A7%D8%B1%D8%A8%D9%88%D8%B2/42987695,9e1c4ea9-20ce-4cdf-b26f-88efbfb9790c,2020-01-24 23:50:35,2020-01-24 18:57:09,references,36c35e23-8757-4a9d-aacf-345e9b7eb50d,https://creativecommons.org/publicdomain/zero/1.0/,https://doi.org/10.13003/CED-terms-of-use,,,https://evidence.eventdata.crossref.org/evidence/20200124-wikipedia-d8891eb4-65b1-436e-989f-3979d310930a,add,https://ar.wikipedia.org/wiki/%D8%A3%D9%83%D8%A7%D8%B1%D8%A8%D9%88%D8%B2,أكاربوز,https://ar.wikipedia.org/w/index.php?title=%D8%A3%D9%83%D8%A7%D8%B1%D8%A8%D9%88%D8%B2&oldid=42987695,https://ar.wikipedia.org/api/rest_v1/page/html/%D8%A3%D9%83%D8%A7%D8%B1%D8%A8%D9%88%D8%B2/42987695,https://doi.org/10.1016/s0002-9343(97)00252-0,https://doi.org/10.1016/s0002-9343(97)00252-0
11441,wikipedia,https://doi.org/10.1016/s0002-9343(97)00252-0,https://en.wikipedia.org/api/rest_v1/page/html/Acarbose/939599892,6b88834c-b810-40a3-b9aa-07083d897e5e,2020-02-07 14:05:13,2020-02-07 09:09:09,references,36c35e23-8757-4a9d-aacf-345e9b7eb50d,https://creativecommons.org/publicdomain/zero/1.0/,https://doi.org/10.13003/CED-terms-of-use,,,https://evidence.eventdata.crossref.org/evidence/20200207-wikipedia-bfb71872-3d66-4c4c-8d1b-aa58160e5508,add,https://en.wikipedia.org/wiki/Acarbose,Acarbose,https://en.wikipedia.org/w/index.php?title=Acarbose&oldid=939599892,https://en.wikipedia.org/api/rest_v1/page/html/Acarbose/939599892,https://doi.org/10.1016/s0002-9343(97)00252-0,https://doi.org/10.1016/s0002-9343(97)00252-0
11442,wikipedia,https://doi.org/10.1016/s0002-9343(97)00252-0,https://ar.wikipedia.org/api/rest_v1/page/html/%D8%A3%D9%83%D8%A7%D8%B1%D8%A8%D9%88%D8%B2/50321095,f7ae01da-72f9-4795-a281-8a1988709956,2020-09-10 15:59:32,2020-09-13 02:55:58,references,36c35e23-8757-4a9d-aacf-345e9b7eb50d,https://creativecommons.org/publicdomain/zero/1.0/,https://doi.org/10.13003/CED-terms-of-use,,,https://evidence.eventdata.crossref.org/evidence/20200910-wikipedia-43d19a31-5a4a-47e7-805a-91319b64e6f8,add,https://ar.wikipedia.org/wiki/%D8%A3%D9%83%D8%A7%D8%B1%D8%A8%D9%88%D8%B2,أكاربوز,https://ar.wikipedia.org/w/index.php?title=%D8%A3%D9%83%D8%A7%D8%B1%D8%A8%D9%88%D8%B2&oldid=50321095,https://ar.wikipedia.org/api/rest_v1/page/html/%D8%A3%D9%83%D8%A7%D8%B1%D8%A8%D9%88%D8%B2/50321095,https://doi.org/10.1016/s0002-9343(97)00252-0,https://doi.org/10.1016/s0002-9343(97)00252-0
11443,wikipedia,https://doi.org/10.1016/s0002-9343(97)00252-0,https://ar.wikipedia.org/api/rest_v1/page/html/%D8%A3%D9%83%D8%A7%D8%B1%D8%A8%D9%88%D8%B2/50437851,1c09fbc4-3061-493f-bc1c-d8c80ff48eee,2020-09-16 10:00:20,2020-09-17 21:39:54,references,36c35e23-8757-4a9d-aacf-345e9b7eb50d,https://creativecommons.org/publicdomain/zero/1.0/,https://doi.org/10.13003/CED-terms-of-use,,,https://evidence.eventdata.crossref.org/evidence/20200916-wikipedia-01e4e250-9164-4a38-ba9b-884a1f0ebfc3,add,https://ar.wikipedia.org/wiki/%D8%A3%D9%83%D8%A7%D8%B1%D8%A8%D9%88%D8%B2,أكاربوز,https://ar.wikipedia.org/w/index.php?title=%D8%A3%D9%83%D8%A7%D8%B1%D8%A8%D9%88%D8%B2&oldid=50437851,https://ar.wikipedia.org/api/rest_v1/page/html/%D8%A3%D9%83%D8%A7%D8%B1%D8%A8%D9%88%D8%B2/50437851,https://doi.org/10.1016/s0002-9343(97)00252-0,https://doi.org/10.1016/s0002-9343(97)00252-0
11444,wikipedia,https://doi.org/10.1016/s0002-9343(97)00252-0,https://en.wikipedia.org/api/rest_v1/page/html/Acarbose/981860344,f3971330-9ce2-43d5-abb5-8f66cb091979,2020-10-04 20:53:51,2020-10-04 17:01:36,references,36c35e23-8757-4a9d-aacf-345e9b7eb50d,https://creativecommons.org/publicdomain/zero/1.0/,https://doi.org/10.13003/CED-terms-of-use,,,https://evidence.eventdata.crossref.org/evidence/20201004-wikipedia-2b9018df-ba3b-4dbf-a18f-45af42f2f2e0,add,https://en.wikipedia.org/wiki/Acarbose,Acarbose,https://en.wikipedia.org/w/index.php?title=Acarbose&oldid=981860344,https://en.wikipedia.org/api/rest_v1/page/html/Acarbose/981860344,https://doi.org/10.1016/s0002-9343(97)00252-0,https://doi.org/10.1016/s0002-9343(97)00252-0
11445,wikipedia,https://doi.org/10.1016/s0002-9343(97)00252-0,https://ar.wikipedia.org/api/rest_v1/page/html/%D8%A3%D9%83%D8%A7%D8%B1%D8%A8%D9%88%D8%B2/45204400,58514625-ea5d-44df-a59b-c6e2e91f638d,2020-03-20 15:01:16,2020-10-13 14:26:56,references,36c35e23-8757-4a9d-aacf-345e9b7eb50d,https://creativecommons.org/publicdomain/zero/1.0/,https://doi.org/10.13003/CED-terms-of-use,,,https://evidence.eventdata.crossref.org/evidence/20200320-wikipedia-3600ba09-acb0-4b6e-b442-bbdef711134f,add,https://ar.wikipedia.org/wiki/%D8%A3%D9%83%D8%A7%D8%B1%D8%A8%D9%88%D8%B2,أكاربوز,https://ar.wikipedia.org/w/index.php?title=%D8%A3%D9%83%D8%A7%D8%B1%D8%A8%D9%88%D8%B2&oldid=45204400,https://ar.wikipedia.org/api/rest_v1/page/html/%D8%A3%D9%83%D8%A7%D8%B1%D8%A8%D9%88%D8%B2/45204400,https://doi.org/10.1016/s0002-9343(97)00252-0,https://doi.org/10.1016/s0002-9343(97)00252-0
11446,wikipedia,https://doi.org/10.1016/s0002-9343(97)00252-0,https://ar.wikipedia.org/api/rest_v1/page/html/%D8%A3%D9%83%D8%A7%D8%B1%D8%A8%D9%88%D8%B2/45204555,a9b559bd-3fa3-43d3-8fb8-a409994a920e,2020-03-20 15:09:57,2020-10-13 14:32:43,references,36c35e23-8757-4a9d-aacf-345e9b7eb50d,https://creativecommons.org/publicdomain/zero/1.0/,https://doi.org/10.13003/CED-terms-of-use,,,https://evidence.eventdata.crossref.org/evidence/20200320-wikipedia-6f645c30-daf0-4d6e-aef1-20cac6a854f7,add,https://ar.wikipedia.org/wiki/%D8%A3%D9%83%D8%A7%D8%B1%D8%A8%D9%88%D8%B2,أكاربوز,https://ar.wikipedia.org/w/index.php?title=%D8%A3%D9%83%D8%A7%D8%B1%D8%A8%D9%88%D8%B2&oldid=45204555,https://ar.wikipedia.org/api/rest_v1/page/html/%D8%A3%D9%83%D8%A7%D8%B1%D8%A8%D9%88%D8%B2/45204555,https://doi.org/10.1016/s0002-9343(97)00252-0,https://doi.org/10.1016/s0002-9343(97)00252-0
11447,wikipedia,https://doi.org/10.1016/s0002-9343(97)00252-0,https://ar.wikipedia.org/api/rest_v1/page/html/%D8%A3%D9%83%D8%A7%D8%B1%D8%A8%D9%88%D8%B2/45204540,2465d638-273f-49ae-a042-989416cc4092,2020-03-20 15:09:15,2020-10-13 14:33:44,references,36c35e23-8757-4a9d-aacf-345e9b7eb50d,https://creativecommons.org/publicdomain/zero/1.0/,https://doi.org/10.13003/CED-terms-of-use,,,https://evidence.eventdata.crossref.org/evidence/20200320-wikipedia-77032e5b-7e28-4e51-83c6-cea9fa1065cc,add,https://ar.wikipedia.org/wiki/%D8%A3%D9%83%D8%A7%D8%B1%D8%A8%D9%88%D8%B2,أكاربوز,https://ar.wikipedia.org/w/index.php?title=%D8%A3%D9%83%D8%A7%D8%B1%D8%A8%D9%88%D8%B2&oldid=45204540,https://ar.wikipedia.org/api/rest_v1/page/html/%D8%A3%D9%83%D8%A7%D8%B1%D8%A8%D9%88%D8%B2/45204540,https://doi.org/10.1016/s0002-9343(97)00252-0,https://doi.org/10.1016/s0002-9343(97)00252-0
11448,wikipedia,https://doi.org/10.1016/s0002-9343(97)00252-0,https://ar.wikipedia.org/api/rest_v1/page/html/%D8%A3%D9%83%D8%A7%D8%B1%D8%A8%D9%88%D8%B2/45204390,0cbda4df-a54b-4674-86ed-117f248135cd,2020-03-20 15:00:47,2020-10-13 14:38:54,references,36c35e23-8757-4a9d-aacf-345e9b7eb50d,https://creativecommons.org/publicdomain/zero/1.0/,https://doi.org/10.13003/CED-terms-of-use,,,https://evidence.eventdata.crossref.org/evidence/20200320-wikipedia-acd2a195-5700-4cd1-9b3f-8c192439c553,add,https://ar.wikipedia.org/wiki/%D8%A3%D9%83%D8%A7%D8%B1%D8%A8%D9%88%D8%B2,أكاربوز,https://ar.wikipedia.org/w/index.php?title=%D8%A3%D9%83%D8%A7%D8%B1%D8%A8%D9%88%D8%B2&oldid=45204390,https://ar.wikipedia.org/api/rest_v1/page/html/%D8%A3%D9%83%D8%A7%D8%B1%D8%A8%D9%88%D8%B2/45204390,https://doi.org/10.1016/s0002-9343(97)00252-0,https://doi.org/10.1016/s0002-9343(97)00252-0
11449,wikipedia,https://doi.org/10.1016/s0002-9343(97)00252-0,https://ar.wikipedia.org/api/rest_v1/page/html/%D8%A3%D9%83%D8%A7%D8%B1%D8%A8%D9%88%D8%B2/45204432,f0049bd0-8e6f-4bd7-a8ae-377c5d1a1199,2020-03-20 15:03:08,2020-10-13 14:44:56,references,36c35e23-8757-4a9d-aacf-345e9b7eb50d,https://creativecommons.org/publicdomain/zero/1.0/,https://doi.org/10.13003/CED-terms-of-use,,,https://evidence.eventdata.crossref.org/evidence/20200320-wikipedia-ebf90b11-619b-45cd-940d-d18b51776c1e,add,https://ar.wikipedia.org/wiki/%D8%A3%D9%83%D8%A7%D8%B1%D8%A8%D9%88%D8%B2,أكاربوز,https://ar.wikipedia.org/w/index.php?title=%D8%A3%D9%83%D8%A7%D8%B1%D8%A8%D9%88%D8%B2&oldid=45204432,https://ar.wikipedia.org/api/rest_v1/page/html/%D8%A3%D9%83%D8%A7%D8%B1%D8%A8%D9%88%D8%B2/45204432,https://doi.org/10.1016/s0002-9343(97)00252-0,https://doi.org/10.1016/s0002-9343(97)00252-0
11450,wikipedia,https://doi.org/10.1016/s0002-9343(97)00252-0,https://ar.wikipedia.org/api/rest_v1/page/html/%D8%A3%D9%83%D8%A7%D8%B1%D8%A8%D9%88%D8%B2/45685424,402ccb89-7fcb-40d4-82ae-7257b54c3a36,2020-04-07 05:16:04,2020-10-14 00:49:26,references,36c35e23-8757-4a9d-aacf-345e9b7eb50d,https://creativecommons.org/publicdomain/zero/1.0/,https://doi.org/10.13003/CED-terms-of-use,,,https://evidence.eventdata.crossref.org/evidence/20200407-wikipedia-cee3f040-3485-4281-ad79-a8d0b46f5852,add,https://ar.wikipedia.org/wiki/%D8%A3%D9%83%D8%A7%D8%B1%D8%A8%D9%88%D8%B2,أكاربوز,https://ar.wikipedia.org/w/index.php?title=%D8%A3%D9%83%D8%A7%D8%B1%D8%A8%D9%88%D8%B2&oldid=45685424,https://ar.wikipedia.org/api/rest_v1/page/html/%D8%A3%D9%83%D8%A7%D8%B1%D8%A8%D9%88%D8%B2/45685424,https://doi.org/10.1016/s0002-9343(97)00252-0,https://doi.org/10.1016/s0002-9343(97)00252-0
11451,wikipedia,https://doi.org/10.1016/s0002-9343(97)00252-0,https://en.wikipedia.org/api/rest_v1/page/html/Acarbose/960456679,2756e961-dba5-472a-8cc0-06fbf7403c97,2020-06-03 02:25:59,2020-10-15 04:52:33,references,36c35e23-8757-4a9d-aacf-345e9b7eb50d,https://creativecommons.org/publicdomain/zero/1.0/,https://doi.org/10.13003/CED-terms-of-use,,,https://evidence.eventdata.crossref.org/evidence/20200603-wikipedia-a1c567d6-d041-4d5f-9e23-58b25080a7bf,add,https://en.wikipedia.org/wiki/Acarbose,Acarbose,https://en.wikipedia.org/w/index.php?title=Acarbose&oldid=960456679,https://en.wikipedia.org/api/rest_v1/page/html/Acarbose/960456679,https://doi.org/10.1016/s0002-9343(97)00252-0,https://doi.org/10.1016/s0002-9343(97)00252-0
11452,wikipedia,https://doi.org/10.1016/s0002-9343(97)00252-0,https://en.wikipedia.org/api/rest_v1/page/html/Acarbose/970064526,d9d762bc-06d4-4283-8818-d534a0642f5c,2020-07-29 01:16:34,2020-10-16 12:08:18,references,36c35e23-8757-4a9d-aacf-345e9b7eb50d,https://creativecommons.org/publicdomain/zero/1.0/,https://doi.org/10.13003/CED-terms-of-use,,,https://evidence.eventdata.crossref.org/evidence/20200729-wikipedia-eb19635b-1a4a-48fb-87c7-eaac2463ec26,add,https://en.wikipedia.org/wiki/Acarbose,Acarbose,https://en.wikipedia.org/w/index.php?title=Acarbose&oldid=970064526,https://en.wikipedia.org/api/rest_v1/page/html/Acarbose/970064526,https://doi.org/10.1016/s0002-9343(97)00252-0,https://doi.org/10.1016/s0002-9343(97)00252-0
11453,wikipedia,https://doi.org/10.1016/s0002-9343(97)00252-0,https://ar.wikipedia.org/api/rest_v1/page/html/%D8%A3%D9%83%D8%A7%D8%B1%D8%A8%D9%88%D8%B2/49777844,3c840f1b-9a84-47b8-8ffb-09afe2caf664,2020-08-14 08:10:01,2020-10-16 22:51:06,references,36c35e23-8757-4a9d-aacf-345e9b7eb50d,https://creativecommons.org/publicdomain/zero/1.0/,https://doi.org/10.13003/CED-terms-of-use,,,https://evidence.eventdata.crossref.org/evidence/20200814-wikipedia-88f9fada-a40d-4b2e-ae80-33f40c4d7aee,add,https://ar.wikipedia.org/wiki/%D8%A3%D9%83%D8%A7%D8%B1%D8%A8%D9%88%D8%B2,أكاربوز,https://ar.wikipedia.org/w/index.php?title=%D8%A3%D9%83%D8%A7%D8%B1%D8%A8%D9%88%D8%B2&oldid=49777844,https://ar.wikipedia.org/api/rest_v1/page/html/%D8%A3%D9%83%D8%A7%D8%B1%D8%A8%D9%88%D8%B2/49777844,https://doi.org/10.1016/s0002-9343(97)00252-0,https://doi.org/10.1016/s0002-9343(97)00252-0
11454,wikipedia,https://doi.org/10.1016/s0002-9343(97)00252-0,https://en.wikipedia.org/api/rest_v1/page/html/Acarbose/984332911,e5a4e14e-bf84-4960-aa9f-a88400a9efa8,2020-10-19 15:29:47,2020-10-19 12:15:15,references,36c35e23-8757-4a9d-aacf-345e9b7eb50d,https://creativecommons.org/publicdomain/zero/1.0/,https://doi.org/10.13003/CED-terms-of-use,,,https://evidence.eventdata.crossref.org/evidence/20201019-wikipedia-ba1c47ce-60a1-447c-be2c-6685c81080be,add,https://en.wikipedia.org/wiki/Acarbose,Acarbose,https://en.wikipedia.org/w/index.php?title=Acarbose&oldid=984332911,https://en.wikipedia.org/api/rest_v1/page/html/Acarbose/984332911,https://doi.org/10.1016/s0002-9343(97)00252-0,https://doi.org/10.1016/s0002-9343(97)00252-0
11455,wikipedia,https://doi.org/10.1016/s0002-9343(97)00252-0,https://en.wikipedia.org/api/rest_v1/page/html/Acarbose/986522906,c54d85b3-0f97-4b39-9f59-d6a6be15dacc,2020-11-01 11:29:12,2020-11-01 06:40:46,references,36c35e23-8757-4a9d-aacf-345e9b7eb50d,https://creativecommons.org/publicdomain/zero/1.0/,https://doi.org/10.13003/CED-terms-of-use,,,https://evidence.eventdata.crossref.org/evidence/20201101-wikipedia-f9752f93-82f1-4d54-923a-2edc3ab312e2,add,https://en.wikipedia.org/wiki/Acarbose,Acarbose,https://en.wikipedia.org/w/index.php?title=Acarbose&oldid=986522906,https://en.wikipedia.org/api/rest_v1/page/html/Acarbose/986522906,https://doi.org/10.1016/s0002-9343(97)00252-0,https://doi.org/10.1016/s0002-9343(97)00252-0
11456,wikipedia,https://doi.org/10.1016/s0002-9343(97)00252-0,https://en.wikipedia.org/api/rest_v1/page/html/Acarbose/986522939,2d6e8272-56cf-4c19-8358-fc6fecf8ea91,2020-11-01 11:29:31,2020-11-01 06:40:49,references,36c35e23-8757-4a9d-aacf-345e9b7eb50d,https://creativecommons.org/publicdomain/zero/1.0/,https://doi.org/10.13003/CED-terms-of-use,,,https://evidence.eventdata.crossref.org/evidence/20201101-wikipedia-ecad98d9-7277-45a6-8895-9f00c239b177,add,https://en.wikipedia.org/wiki/Acarbose,Acarbose,https://en.wikipedia.org/w/index.php?title=Acarbose&oldid=986522939,https://en.wikipedia.org/api/rest_v1/page/html/Acarbose/986522939,https://doi.org/10.1016/s0002-9343(97)00252-0,https://doi.org/10.1016/s0002-9343(97)00252-0
11457,wikipedia,https://doi.org/10.1016/s0002-9343(97)00252-0,https://en.wikipedia.org/api/rest_v1/page/html/Acarbose/986522988,e5a0eb8b-4339-45c7-9610-0e1298cd27ed,2020-11-01 11:30:01,2020-11-01 06:41:37,references,36c35e23-8757-4a9d-aacf-345e9b7eb50d,https://creativecommons.org/publicdomain/zero/1.0/,https://doi.org/10.13003/CED-terms-of-use,,,https://evidence.eventdata.crossref.org/evidence/20201101-wikipedia-8559cd8f-1b32-4b33-ae7d-80f7eff17a9a,add,https://en.wikipedia.org/wiki/Acarbose,Acarbose,https://en.wikipedia.org/w/index.php?title=Acarbose&oldid=986522988,https://en.wikipedia.org/api/rest_v1/page/html/Acarbose/986522988,https://doi.org/10.1016/s0002-9343(97)00252-0,https://doi.org/10.1016/s0002-9343(97)00252-0
11458,wikipedia,https://doi.org/10.1016/s0002-9343(97)00252-0,https://en.wikipedia.org/api/rest_v1/page/html/Acarbose/986523028,5073a848-efee-4936-9239-75f5bd471dcf,2020-11-01 11:30:26,2020-11-01 06:42:39,references,36c35e23-8757-4a9d-aacf-345e9b7eb50d,https://creativecommons.org/publicdomain/zero/1.0/,https://doi.org/10.13003/CED-terms-of-use,,,https://evidence.eventdata.crossref.org/evidence/20201101-wikipedia-61124584-0ab8-4e8f-b4ca-b91a0a55a4b5,add,https://en.wikipedia.org/wiki/Acarbose,Acarbose,https://en.wikipedia.org/w/index.php?title=Acarbose&oldid=986523028,https://en.wikipedia.org/api/rest_v1/page/html/Acarbose/986523028,https://doi.org/10.1016/s0002-9343(97)00252-0,https://doi.org/10.1016/s0002-9343(97)00252-0
11459,wikipedia,https://doi.org/10.1016/s0002-9343(97)00252-0,https://en.wikipedia.org/api/rest_v1/page/html/Acarbose/986524008,290f76c3-e68e-4179-bdc3-42550115a320,2020-11-01 11:39:46,2020-11-01 06:49:32,references,36c35e23-8757-4a9d-aacf-345e9b7eb50d,https://creativecommons.org/publicdomain/zero/1.0/,https://doi.org/10.13003/CED-terms-of-use,,,https://evidence.eventdata.crossref.org/evidence/20201101-wikipedia-ca0ed6e5-ebe7-4711-97f3-3e7608162c73,add,https://en.wikipedia.org/wiki/Acarbose,Acarbose,https://en.wikipedia.org/w/index.php?title=Acarbose&oldid=986524008,https://en.wikipedia.org/api/rest_v1/page/html/Acarbose/986524008,https://doi.org/10.1016/s0002-9343(97)00252-0,https://doi.org/10.1016/s0002-9343(97)00252-0
11460,wikipedia,https://doi.org/10.1016/s0002-9343(97)00252-0,https://ar.wikipedia.org/api/rest_v1/page/html/%D8%A3%D9%83%D8%A7%D8%B1%D8%A8%D9%88%D8%B2/51604055,5c8c3d15-07b7-4242-805a-05c7da0c9c50,2020-11-24 17:44:34,2020-11-24 13:54:49,references,36c35e23-8757-4a9d-aacf-345e9b7eb50d,https://creativecommons.org/publicdomain/zero/1.0/,https://doi.org/10.13003/CED-terms-of-use,,,https://evidence.eventdata.crossref.org/evidence/20201124-wikipedia-b5ea5108-9127-4b78-ae9b-95a96da0ed07,add,https://ar.wikipedia.org/wiki/%D8%A3%D9%83%D8%A7%D8%B1%D8%A8%D9%88%D8%B2,أكاربوز,https://ar.wikipedia.org/w/index.php?title=%D8%A3%D9%83%D8%A7%D8%B1%D8%A8%D9%88%D8%B2&oldid=51604055,https://ar.wikipedia.org/api/rest_v1/page/html/%D8%A3%D9%83%D8%A7%D8%B1%D8%A8%D9%88%D8%B2/51604055,https://doi.org/10.1016/s0002-9343(97)00252-0,https://doi.org/10.1016/s0002-9343(97)00252-0
11461,wikipedia,https://doi.org/10.1016/S0002-9343(97)00252-0,https://en.wikipedia.org/api/rest_v1/page/html/Acarbose/1007241471,67750865-8063-47f3-a5d5-138bae308c68,2021-02-17 03:39:41,2021-02-16 23:16:49,references,36c35e23-8757-4a9d-aacf-345e9b7eb50d,https://creativecommons.org/publicdomain/zero/1.0/,https://doi.org/10.13003/CED-terms-of-use,,,https://evidence.eventdata.crossref.org/evidence/20210217-wikipedia-06a4e2d7-ef0d-4326-bf9c-17880a4bf0fe,add,https://en.wikipedia.org/wiki/Acarbose,Acarbose,https://en.wikipedia.org/w/index.php?title=Acarbose&oldid=1007241471,https://en.wikipedia.org/api/rest_v1/page/html/Acarbose/1007241471,https://doi.org/10.1016/S0002-9343(97)00252-0,https://doi.org/10.1016/S0002-9343(97)00252-0
