dataCiteIncrement,sourceID,objectID,subjectID,eventID,occurredAt,timeObserved,relationType,license,termsOfUse,messageAction
1607,datacite,https://doi.org/10.1001/archpsyc.55.6.547,https://doi.org/10.1007/s10802-013-9817-x,634a0e7e-684a-4bad-9fe7-e6c121ee2df5,2019-09-29 18:45:33,2019-09-29 16:06:59,references,https://creativecommons.org/publicdomain/zero/1.0/,https://doi.org/10.13003/CED-terms-of-use,create
1608,datacite,https://doi.org/10.1001/archpsyc.55.6.547,https://doi.org/10.1007/s00127-006-0145-0,9c6c8efb-d2f4-4ec9-97e2-f56ef0fa7e9d,2019-09-29 20:06:25,2019-09-29 21:04:00,references,https://creativecommons.org/publicdomain/zero/1.0/,https://doi.org/10.13003/CED-terms-of-use,create
1609,datacite,https://doi.org/10.1001/archpsyc.55.6.547,https://doi.org/10.1007/s10802-005-0929-9,359da825-f047-40a1-bcc7-8fe2539eca32,2019-09-29 20:06:17,2019-09-29 21:04:50,references,https://creativecommons.org/publicdomain/zero/1.0/,https://doi.org/10.13003/CED-terms-of-use,create
1610,datacite,https://doi.org/10.1001/archpsyc.55.6.547,https://doi.org/10.1192/apt.9.5.342,428a452b-3f41-433e-a717-2d0d012c44b0,2019-09-29 20:06:00,2019-09-29 21:06:24,references,https://creativecommons.org/publicdomain/zero/1.0/,https://doi.org/10.13003/CED-terms-of-use,create
