twitterIncrement,sourceID,subjectID,objectID,eventID,occurredAt,timeObserved,relationType,sourceToken,license,termsOfUse,tweetAuthor,originalTweetAuthor,updatedReason,updated,evidenceRecord,eventAction,subjectPID,originalTweetURL,alternativeID,title,issued,objectPID,objectURL,updatedDate
31578,twitter,http://twitter.com/KeithDRenshaw/statuses/1022281543534952448,https://doi.org/10.1001/archpsyc.55.6.547,2eea7746-7cdb-4df9-8bbf-c298dacac51a,2018-07-26 00:44:47,2018-07-25 20:45:48,discusses,45a1ef76-4f43-4cdc-9ba8-5a6ad01cc231,https://creativecommons.org/publicdomain/zero/1.0/,https://doi.org/10.13003/CED-terms-of-use,http://www.twitter.com/KeithDRenshaw,,,,https://evidence.eventdata.crossref.org/evidence/20180726-twitter-5b3e6100-9fc3-42bb-9d7c-0a9af492c5,add,http://twitter.com/KeithDRenshaw/statuses/1022281543534952448,http://twitter.com/KeithDRenshaw/statuses/1022281543534952448,1022281543534952448,Tweet 1022281543534952448,2018-07-26 00:44:47,https://doi.org/10.1001/archpsyc.55.6.547,https://jamanetwork.com/journals/jamapsychiatry/fullarticle/203937,
31579,twitter,http://twitter.com/ahmedhankir/statuses/1028196516693991425,https://doi.org/10.1001/archpsyc.55.6.547,ca0f4905-fa15-413a-84ec-37303c67c662,2018-08-11 08:28:47,2018-08-11 04:29:27,discusses,45a1ef76-4f43-4cdc-9ba8-5a6ad01cc231,https://creativecommons.org/publicdomain/zero/1.0/,https://doi.org/10.13003/CED-terms-of-use,http://www.twitter.com/ahmedhankir,,,,https://evidence.eventdata.crossref.org/evidence/20180811-twitter-93605798-da7b-4e90-9027-439afe5459,add,http://twitter.com/ahmedhankir/statuses/1028196516693991425,http://twitter.com/ahmedhankir/statuses/1028196516693991425,1028196516693991425,Tweet 1028196516693991425,2018-08-11 08:28:47,https://doi.org/10.1001/archpsyc.55.6.547,https://jamanetwork.com/journals/jamapsychiatry/fullarticle/203937,
31580,twitter,http://twitter.com/EvidenceRobot/statuses/1028197265930940418,https://doi.org/10.1001/archpsyc.55.6.547,654b22de-5122-4965-b7b8-7ffba3af1fd3,2018-08-11 08:31:45,2018-08-11 04:32:13,discusses,45a1ef76-4f43-4cdc-9ba8-5a6ad01cc231,https://creativecommons.org/publicdomain/zero/1.0/,https://doi.org/10.13003/CED-terms-of-use,http://www.twitter.com/EvidenceRobot,http://www.twitter.com/ahmedhankir,,,https://evidence.eventdata.crossref.org/evidence/20180811-twitter-c813d23c-7a4a-47d1-93b9-d7e45999a8,add,http://twitter.com/EvidenceRobot/statuses/1028197265930940418,http://twitter.com/ahmedhankir/statuses/1028196516693991425,1028197265930940418,Tweet 1028197265930940418,2018-08-11 08:31:45,https://doi.org/10.1001/archpsyc.55.6.547,https://jamanetwork.com/journals/jamapsychiatry/fullarticle/203937,
31581,twitter,http://twitter.com/DrRZaman/statuses/1028224439757021185,https://doi.org/10.1001/archpsyc.55.6.547,ef263d34-91e3-4e53-87c1-d07d92691457,2018-08-11 10:19:44,2018-08-11 06:21:47,discusses,45a1ef76-4f43-4cdc-9ba8-5a6ad01cc231,https://creativecommons.org/publicdomain/zero/1.0/,https://doi.org/10.13003/CED-terms-of-use,http://www.twitter.com/DrRZaman,http://www.twitter.com/ahmedhankir,,,https://evidence.eventdata.crossref.org/evidence/20180811-twitter-d8cd5315-bbf7-43dd-8236-13bc1071cb,add,http://twitter.com/DrRZaman/statuses/1028224439757021185,http://twitter.com/ahmedhankir/statuses/1028196516693991425,1028224439757021185,Tweet 1028224439757021185,2018-08-11 10:19:44,https://doi.org/10.1001/archpsyc.55.6.547,https://jamanetwork.com/journals/jamapsychiatry/fullarticle/203937,
31582,twitter,twitter://status?id=1349940505916932096,https://doi.org/10.1001/archpsyc.55.6.547,bb10efc2-9133-4193-ba46-4b71c463b2fb,2021-01-15 04:44:31,2021-01-15 00:06:13,discusses,45a1ef76-4f43-4cdc-9ba8-5a6ad01cc231,https://creativecommons.org/publicdomain/zero/1.0/,https://doi.org/10.13003/CED-terms-of-use,twitter://user?screen_name=owllms_,,,,https://evidence.eventdata.crossref.org/evidence/20210115-twitter-0702cb3e-58f1-4497-9d8f-707337be93,add,twitter://status?id=1349940505916932096,twitter://status?id=1349940505916932096,1349940505916932096,Tweet 1349940505916932096,2021-01-15 04:44:31,https://doi.org/10.1001/archpsyc.55.6.547,https://jamanetwork.com/journals/jamapsychiatry/fullarticle/203937,
