wikipediaIncrement,sourceID,objectID,subjectID,eventID,occurredAt,timeObserved,relationType,sourceToken,license,termsOfUse,updatedDate,updatedReason,evidenceRecord,eventAction,subjectPID,subjectTitle,subjectURL,subjectAPIURL,objectPID,objectURL
298957,wikipedia,https://doi.org/10.1001/archpsyc.55.6.547,https://en.wikipedia.org/w/index.php?title=Social_stress&oldid=775992995,a3304578-d4a5-4d61-ad98-ad7a5de35e1d,2017-04-18 09:28:58,2017-04-18 05:30:39,references,36c35e23-8757-4a9d-aacf-345e9b7eb50d,https://creativecommons.org/publicdomain/zero/1.0/,https://doi.org/10.13003/CED-terms-of-use,,,https://evidence.eventdata.crossref.org/evidence/20170418-wikipedia-e1bfcc0d-fa59-41a6-9ba0-67b831abc909,add,https://en.wikipedia.org/w/index.php?title=Social_stress&oldid=775992995,Social stress,https://en.wikipedia.org/wiki/Social_stress,https://en.wikipedia.org/api/rest_v1/page/html/Social_stress/775992995,https://doi.org/10.1001/archpsyc.55.6.547,https://doi.org/10.1001/archpsyc.55.6.547
298958,wikipedia,https://doi.org/10.1001/archpsyc.55.6.547,https://en.wikipedia.org/wiki/Social_stress,06e60366-a518-492d-ba2a-e62818c9344c,2017-05-21 13:08:32,2017-05-21 09:10:07,references,36c35e23-8757-4a9d-aacf-345e9b7eb50d,https://creativecommons.org/publicdomain/zero/1.0/,https://doi.org/10.13003/CED-terms-of-use,2018-01-31 17:30:00,https://evidence.eventdata.crossref.org/announcements/2018-01-19T00-00-00Z-ED-15.json,https://evidence.eventdata.crossref.org/evidence/20170521-wikipedia-f773b5a0-9e55-4c73-a14d-8c9a01b63419,add,https://en.wikipedia.org/wiki/Social_stress,Social stress,https://en.wikipedia.org/w/index.php?title=Social_stress&oldid=781474084,https://en.wikipedia.org/api/rest_v1/page/html/Social_stress/781474084,https://doi.org/10.1001/archpsyc.55.6.547,https://doi.org/10.1001/archpsyc.55.6.547
298959,wikipedia,https://doi.org/10.1001/archpsyc.55.6.547,https://nl.wikipedia.org/wiki/Expressed_emotion,b3db6945-b1fe-4e2d-878f-2c74f313528f,2017-07-19 13:17:08,2017-07-21 13:07:47,references,36c35e23-8757-4a9d-aacf-345e9b7eb50d,https://creativecommons.org/publicdomain/zero/1.0/,https://doi.org/10.13003/CED-terms-of-use,2018-01-31 17:30:00,https://evidence.eventdata.crossref.org/announcements/2018-01-19T00-00-00Z-ED-15.json,https://evidence.eventdata.crossref.org/evidence/20170721-wikipedia-ff1023ab-4513-4130-984a-90bbb0b89fdd,add,https://nl.wikipedia.org/wiki/Expressed_emotion,Expressed emotion,https://nl.wikipedia.org/w/index.php?title=Expressed_emotion&oldid=49490466,https://nl.wikipedia.org/api/rest_v1/page/html/Expressed_emotion/49490466,https://doi.org/10.1001/archpsyc.55.6.547,http://archpsyc.ama-assn.org/cgi/reprint/55/6/547
298960,wikipedia,https://doi.org/10.1001/archpsyc.55.6.547,https://en.wikipedia.org/api/rest_v1/page/html/Expressed_emotion/808300368,ff86c282-f6ef-40d3-b1dc-744c96efe29c,2017-11-02 01:15:49,2017-11-01 21:16:36,references,36c35e23-8757-4a9d-aacf-345e9b7eb50d,https://creativecommons.org/publicdomain/zero/1.0/,https://doi.org/10.13003/CED-terms-of-use,,,https://evidence.eventdata.crossref.org/evidence/20171102-wikipedia-67c78715-0dc0-40c3-ba6f-6c80435603ef,add,https://en.wikipedia.org/w/index.php?title=Expressed_emotion&oldid=808300368,Expressed emotion,https://en.wikipedia.org/wiki/Expressed_emotion,https://en.wikipedia.org/api/rest_v1/page/html/Expressed_emotion/808300368,https://doi.org/10.1001/archpsyc.55.6.547,http://archpsyc.ama-assn.org/cgi/content/full/55/6/547
298961,wikipedia,https://doi.org/10.1001/archpsyc.55.6.547,https://nl.wikipedia.org/api/rest_v1/page/html/Expressed_emotion/50300000,939c51cf-fd07-4e25-84dd-6a8ae82aac35,2017-11-02 16:11:30,2017-11-02 12:13:17,references,36c35e23-8757-4a9d-aacf-345e9b7eb50d,https://creativecommons.org/publicdomain/zero/1.0/,https://doi.org/10.13003/CED-terms-of-use,,,https://evidence.eventdata.crossref.org/evidence/20171102-wikipedia-a40274a7-8136-49a8-97fd-9eece6545f0c,add,https://nl.wikipedia.org/w/index.php?title=Expressed_emotion&oldid=50300000,Expressed emotion,https://nl.wikipedia.org/wiki/Expressed_emotion,https://nl.wikipedia.org/api/rest_v1/page/html/Expressed_emotion/50300000,https://doi.org/10.1001/archpsyc.55.6.547,http://archpsyc.ama-assn.org/cgi/reprint/55/6/547
298962,wikipedia,https://doi.org/10.1001/archpsyc.55.6.547,https://en.wikipedia.org/api/rest_v1/page/html/Social_stress/815891869,e4fa00ff-bd72-4eed-a1a4-5a7aae6a8cd2,2017-12-17 21:53:41,2018-01-07 10:12:20,references,36c35e23-8757-4a9d-aacf-345e9b7eb50d,https://creativecommons.org/publicdomain/zero/1.0/,https://doi.org/10.13003/CED-terms-of-use,,,https://evidence.eventdata.crossref.org/evidence/20171217-wikipedia-d13f8d1f-1727-4648-8c27-94628ed63103,add,https://en.wikipedia.org/w/index.php?title=Social_stress&oldid=815891869,Social stress,https://en.wikipedia.org/wiki/Social_stress,https://en.wikipedia.org/api/rest_v1/page/html/Social_stress/815891869,https://doi.org/10.1001/archpsyc.55.6.547,https://doi.org/10.1001/archpsyc.55.6.547
298963,wikipedia,https://doi.org/10.1001/archpsyc.55.6.547,https://en.wikipedia.org/api/rest_v1/page/html/Social_stress/826027606,9e4c810d-0e26-426e-96c0-6ad349c1f88b,2018-02-16 19:55:22,2018-02-16 14:58:11,references,36c35e23-8757-4a9d-aacf-345e9b7eb50d,https://creativecommons.org/publicdomain/zero/1.0/,https://doi.org/10.13003/CED-terms-of-use,,,https://evidence.eventdata.crossref.org/evidence/20180216-wikipedia-b41f0a32-23ad-49b1-84da-83991df119f2,add,https://en.wikipedia.org/wiki/Social_stress,Social stress,https://en.wikipedia.org/w/index.php?title=Social_stress&oldid=826027606,https://en.wikipedia.org/api/rest_v1/page/html/Social_stress/826027606,https://doi.org/10.1001/archpsyc.55.6.547,https://doi.org/10.1001/archpsyc.55.6.547
298964,wikipedia,https://doi.org/10.1001/archpsyc.55.6.547,https://en.wikipedia.org/api/rest_v1/page/html/Expressed_emotion/829156486,3fd35d28-c3f3-46dd-91a2-368f76ef33d3,2018-03-07 00:04:45,2018-03-06 19:05:48,references,36c35e23-8757-4a9d-aacf-345e9b7eb50d,https://creativecommons.org/publicdomain/zero/1.0/,https://doi.org/10.13003/CED-terms-of-use,,,https://evidence.eventdata.crossref.org/evidence/20180307-wikipedia-9bc9894f-5516-4b64-88d4-a6fa0479cceb,add,https://en.wikipedia.org/wiki/Expressed_emotion,Expressed emotion,https://en.wikipedia.org/w/index.php?title=Expressed_emotion&oldid=829156486,https://en.wikipedia.org/api/rest_v1/page/html/Expressed_emotion/829156486,https://doi.org/10.1001/archpsyc.55.6.547,https://doi.org/10.1001/archpsyc.55.6.547
298965,wikipedia,https://doi.org/10.1001/archpsyc.55.6.547,https://en.wikipedia.org/api/rest_v1/page/html/Expressed_emotion/829157077,6a7e4063-52dc-4619-9ed3-82bbbc0c6af6,2018-03-07 00:08:54,2018-03-06 19:10:59,references,36c35e23-8757-4a9d-aacf-345e9b7eb50d,https://creativecommons.org/publicdomain/zero/1.0/,https://doi.org/10.13003/CED-terms-of-use,,,https://evidence.eventdata.crossref.org/evidence/20180307-wikipedia-eb21fa63-1468-417d-8f4a-19ca3d69d1bb,add,https://en.wikipedia.org/wiki/Expressed_emotion,Expressed emotion,https://en.wikipedia.org/w/index.php?title=Expressed_emotion&oldid=829157077,https://en.wikipedia.org/api/rest_v1/page/html/Expressed_emotion/829157077,https://doi.org/10.1001/archpsyc.55.6.547,https://doi.org/10.1001/archpsyc.55.6.547
298966,wikipedia,https://doi.org/10.1001/archpsyc.55.6.547,https://en.wikipedia.org/api/rest_v1/page/html/Expressed_emotion/829158465,98f86f9a-5a07-4c0c-88c1-7a0bc5655ad3,2018-03-07 00:19:00,2018-03-06 19:20:04,references,36c35e23-8757-4a9d-aacf-345e9b7eb50d,https://creativecommons.org/publicdomain/zero/1.0/,https://doi.org/10.13003/CED-terms-of-use,,,https://evidence.eventdata.crossref.org/evidence/20180307-wikipedia-1170205d-c9b5-41b7-b44b-c7e1313f7756,add,https://en.wikipedia.org/wiki/Expressed_emotion,Expressed emotion,https://en.wikipedia.org/w/index.php?title=Expressed_emotion&oldid=829158465,https://en.wikipedia.org/api/rest_v1/page/html/Expressed_emotion/829158465,https://doi.org/10.1001/archpsyc.55.6.547,https://doi.org/10.1001/archpsyc.55.6.547
298967,wikipedia,https://doi.org/10.1001/archpsyc.55.6.547,https://en.wikipedia.org/api/rest_v1/page/html/Social_stress/839451909,05b1b4f9-24d6-44f1-8d00-4d7d42277a12,2018-05-03 14:36:48,2018-05-03 10:40:59,references,36c35e23-8757-4a9d-aacf-345e9b7eb50d,https://creativecommons.org/publicdomain/zero/1.0/,https://doi.org/10.13003/CED-terms-of-use,,,https://evidence.eventdata.crossref.org/evidence/20180503-wikipedia-90502c4b-be59-4abc-a310-0e2c81421c14,add,https://en.wikipedia.org/wiki/Social_stress,Social stress,https://en.wikipedia.org/w/index.php?title=Social_stress&oldid=839451909,https://en.wikipedia.org/api/rest_v1/page/html/Social_stress/839451909,https://doi.org/10.1001/archpsyc.55.6.547,https://doi.org/10.1001/archpsyc.55.6.547
298968,wikipedia,https://doi.org/10.1001/archpsyc.55.6.547,https://en.wikipedia.org/api/rest_v1/page/html/Social_stress/840758242,c9dc8606-2148-4ebc-ae9c-5f204ebe7799,2018-05-12 00:03:08,2018-05-11 20:07:03,references,36c35e23-8757-4a9d-aacf-345e9b7eb50d,https://creativecommons.org/publicdomain/zero/1.0/,https://doi.org/10.13003/CED-terms-of-use,,,https://evidence.eventdata.crossref.org/evidence/20180512-wikipedia-2ac3b43a-9968-45e2-8158-02b80cdb654a,add,https://en.wikipedia.org/wiki/Social_stress,Social stress,https://en.wikipedia.org/w/index.php?title=Social_stress&oldid=840758242,https://en.wikipedia.org/api/rest_v1/page/html/Social_stress/840758242,https://doi.org/10.1001/archpsyc.55.6.547,https://doi.org/10.1001/archpsyc.55.6.547
298969,wikipedia,https://doi.org/10.1001/archpsyc.55.6.547,https://en.wikipedia.org/api/rest_v1/page/html/Social_stress/842551171,70326f0b-4eb2-45f3-9a06-6da8e1f69e77,2018-05-23 05:11:53,2018-05-23 01:13:26,references,36c35e23-8757-4a9d-aacf-345e9b7eb50d,https://creativecommons.org/publicdomain/zero/1.0/,https://doi.org/10.13003/CED-terms-of-use,,,https://evidence.eventdata.crossref.org/evidence/20180523-wikipedia-173c6f2e-413e-468c-8250-388993bc3eeb,add,https://en.wikipedia.org/wiki/Social_stress,Social stress,https://en.wikipedia.org/w/index.php?title=Social_stress&oldid=842551171,https://en.wikipedia.org/api/rest_v1/page/html/Social_stress/842551171,https://doi.org/10.1001/archpsyc.55.6.547,https://doi.org/10.1001/archpsyc.55.6.547
298970,wikipedia,https://doi.org/10.1001/archpsyc.55.6.547,https://en.wikipedia.org/api/rest_v1/page/html/Social_stress/844874187,19719be3-58ec-4c0f-b422-21a88cb14f93,2018-06-07 19:20:33,2018-06-07 15:22:30,references,36c35e23-8757-4a9d-aacf-345e9b7eb50d,https://creativecommons.org/publicdomain/zero/1.0/,https://doi.org/10.13003/CED-terms-of-use,,,https://evidence.eventdata.crossref.org/evidence/20180607-wikipedia-4b7bbce6-222c-44c3-b239-73db7b266dcb,add,https://en.wikipedia.org/wiki/Social_stress,Social stress,https://en.wikipedia.org/w/index.php?title=Social_stress&oldid=844874187,https://en.wikipedia.org/api/rest_v1/page/html/Social_stress/844874187,https://doi.org/10.1001/archpsyc.55.6.547,https://doi.org/10.1001/archpsyc.55.6.547
298971,wikipedia,https://doi.org/10.1001/archpsyc.55.6.547,https://en.wikipedia.org/api/rest_v1/page/html/Social_stress/845113833,0b132b92-cb15-419a-970a-f40766531b10,2018-06-09 13:42:15,2018-06-09 09:43:57,references,36c35e23-8757-4a9d-aacf-345e9b7eb50d,https://creativecommons.org/publicdomain/zero/1.0/,https://doi.org/10.13003/CED-terms-of-use,,,https://evidence.eventdata.crossref.org/evidence/20180609-wikipedia-cdc2adeb-ce45-4a66-9540-d7e05c166263,add,https://en.wikipedia.org/wiki/Social_stress,Social stress,https://en.wikipedia.org/w/index.php?title=Social_stress&oldid=845113833,https://en.wikipedia.org/api/rest_v1/page/html/Social_stress/845113833,https://doi.org/10.1001/archpsyc.55.6.547,https://doi.org/10.1001/archpsyc.55.6.547
298972,wikipedia,https://doi.org/10.1001/archpsyc.55.6.547,https://ar.wikipedia.org/api/rest_v1/page/html/%D8%A7%D9%84%D8%B6%D8%BA%D8%B7_%D8%A7%D9%84%D8%A7%D8%,8bfb6946-045a-4c39-89a3-161354f767b4,2018-06-20 17:40:35,2018-06-20 13:42:38,references,36c35e23-8757-4a9d-aacf-345e9b7eb50d,https://creativecommons.org/publicdomain/zero/1.0/,https://doi.org/10.13003/CED-terms-of-use,,,https://evidence.eventdata.crossref.org/evidence/20180620-wikipedia-da4ff0d7-7cbd-44a4-8e1b-a02b07e1765f,add,https://ar.wikipedia.org/wiki/%D8%A7%D9%84%D8%B6%D8%BA%D8%B7_%D8%A7%D9%84%D8%A7%,الضغط الاجتماعي,https://ar.wikipedia.org/w/index.php?title=%D8%A7%D9%84%D8%B6%D8%BA%D8%B7_%D8%A7%D9%84%D8%A7%D8%AC%D,https://ar.wikipedia.org/api/rest_v1/page/html/%D8%A7%D9%84%D8%B6%D8%BA%D8%B7_%D8%A7%D9%84%D8%A7%D8%,https://doi.org/10.1001/archpsyc.55.6.547,https://doi.org/10.1001/archpsyc.55.6.547
298973,wikipedia,https://doi.org/10.1001/archpsyc.55.6.547,https://ar.wikipedia.org/api/rest_v1/page/html/%D8%A7%D9%84%D8%B6%D8%BA%D8%B7_%D8%A7%D9%84%D8%A7%D8%,abe4106d-0db0-4fc6-a1b0-f07cba81144f,2018-06-20 17:41:20,2018-06-20 13:43:25,references,36c35e23-8757-4a9d-aacf-345e9b7eb50d,https://creativecommons.org/publicdomain/zero/1.0/,https://doi.org/10.13003/CED-terms-of-use,,,https://evidence.eventdata.crossref.org/evidence/20180620-wikipedia-4cb8c3ed-0101-4dd6-904f-b768fd6d2110,add,https://ar.wikipedia.org/wiki/%D8%A7%D9%84%D8%B6%D8%BA%D8%B7_%D8%A7%D9%84%D8%A7%,الضغط الاجتماعي,https://ar.wikipedia.org/w/index.php?title=%D8%A7%D9%84%D8%B6%D8%BA%D8%B7_%D8%A7%D9%84%D8%A7%D8%AC%D,https://ar.wikipedia.org/api/rest_v1/page/html/%D8%A7%D9%84%D8%B6%D8%BA%D8%B7_%D8%A7%D9%84%D8%A7%D8%,https://doi.org/10.1001/archpsyc.55.6.547,https://doi.org/10.1001/archpsyc.55.6.547
298974,wikipedia,https://doi.org/10.1001/archpsyc.55.6.547,https://ar.wikipedia.org/api/rest_v1/page/html/%D8%A7%D9%84%D8%B6%D8%BA%D8%B7_%D8%A7%D9%84%D8%A7%D8%,bef55c5d-bdb1-4e4d-902b-e8ea71c7e2c1,2018-06-20 17:43:58,2018-06-20 13:45:30,references,36c35e23-8757-4a9d-aacf-345e9b7eb50d,https://creativecommons.org/publicdomain/zero/1.0/,https://doi.org/10.13003/CED-terms-of-use,,,https://evidence.eventdata.crossref.org/evidence/20180620-wikipedia-fe91557b-b53d-4322-8bcf-f661cc8d4075,add,https://ar.wikipedia.org/wiki/%D8%A7%D9%84%D8%B6%D8%BA%D8%B7_%D8%A7%D9%84%D8%A7%,الضغط الاجتماعي,https://ar.wikipedia.org/w/index.php?title=%D8%A7%D9%84%D8%B6%D8%BA%D8%B7_%D8%A7%D9%84%D8%A7%D8%AC%D,https://ar.wikipedia.org/api/rest_v1/page/html/%D8%A7%D9%84%D8%B6%D8%BA%D8%B7_%D8%A7%D9%84%D8%A7%D8%,https://doi.org/10.1001/archpsyc.55.6.547,https://doi.org/10.1001/archpsyc.55.6.547
298975,wikipedia,https://doi.org/10.1001/archpsyc.55.6.547,https://ar.wikipedia.org/api/rest_v1/page/html/%D8%A7%D9%84%D8%B6%D8%BA%D8%B7_%D8%A7%D9%84%D8%A7%D8%,d979d11f-20ea-4287-a602-51007e770cba,2018-06-20 17:45:25,2018-06-20 13:47:28,references,36c35e23-8757-4a9d-aacf-345e9b7eb50d,https://creativecommons.org/publicdomain/zero/1.0/,https://doi.org/10.13003/CED-terms-of-use,,,https://evidence.eventdata.crossref.org/evidence/20180620-wikipedia-969dc499-eecb-43bb-9c88-1bd26885de5b,add,https://ar.wikipedia.org/wiki/%D8%A7%D9%84%D8%B6%D8%BA%D8%B7_%D8%A7%D9%84%D8%A7%,الضغط الاجتماعي,https://ar.wikipedia.org/w/index.php?title=%D8%A7%D9%84%D8%B6%D8%BA%D8%B7_%D8%A7%D9%84%D8%A7%D8%AC%D,https://ar.wikipedia.org/api/rest_v1/page/html/%D8%A7%D9%84%D8%B6%D8%BA%D8%B7_%D8%A7%D9%84%D8%A7%D8%,https://doi.org/10.1001/archpsyc.55.6.547,https://doi.org/10.1001/archpsyc.55.6.547
298976,wikipedia,https://doi.org/10.1001/archpsyc.55.6.547,https://ar.wikipedia.org/api/rest_v1/page/html/%D8%A7%D9%84%D8%B6%D8%BA%D8%B7_%D8%A7%D9%84%D8%A7%D8%,e2c95af2-7f10-4c29-87d3-36816efd8a5c,2018-06-20 18:04:17,2018-06-20 14:06:25,references,36c35e23-8757-4a9d-aacf-345e9b7eb50d,https://creativecommons.org/publicdomain/zero/1.0/,https://doi.org/10.13003/CED-terms-of-use,,,https://evidence.eventdata.crossref.org/evidence/20180620-wikipedia-1c83be1b-00da-41a7-befa-8b5389588610,add,https://ar.wikipedia.org/wiki/%D8%A7%D9%84%D8%B6%D8%BA%D8%B7_%D8%A7%D9%84%D8%A7%,الضغط الاجتماعي,https://ar.wikipedia.org/w/index.php?title=%D8%A7%D9%84%D8%B6%D8%BA%D8%B7_%D8%A7%D9%84%D8%A7%D8%AC%D,https://ar.wikipedia.org/api/rest_v1/page/html/%D8%A7%D9%84%D8%B6%D8%BA%D8%B7_%D8%A7%D9%84%D8%A7%D8%,https://doi.org/10.1001/archpsyc.55.6.547,https://doi.org/10.1001/archpsyc.55.6.547
298977,wikipedia,https://doi.org/10.1001/archpsyc.55.6.547,https://en.wikipedia.org/api/rest_v1/page/html/Social_stress/846767013,a2e46418-8fff-4035-b8f8-e18bfa234e82,2018-06-20 19:29:46,2018-06-20 15:31:59,references,36c35e23-8757-4a9d-aacf-345e9b7eb50d,https://creativecommons.org/publicdomain/zero/1.0/,https://doi.org/10.13003/CED-terms-of-use,,,https://evidence.eventdata.crossref.org/evidence/20180620-wikipedia-21bdad10-3d1c-424e-8010-0675e03060d6,add,https://en.wikipedia.org/wiki/Social_stress,Social stress,https://en.wikipedia.org/w/index.php?title=Social_stress&oldid=846767013,https://en.wikipedia.org/api/rest_v1/page/html/Social_stress/846767013,https://doi.org/10.1001/archpsyc.55.6.547,https://doi.org/10.1001/archpsyc.55.6.547
298978,wikipedia,https://doi.org/10.1001/archpsyc.55.6.547,https://ar.wikipedia.org/api/rest_v1/page/html/%D8%A7%D9%84%D8%B6%D8%BA%D8%B7_%D8%A7%D9%84%D8%A7%D8%,a259219d-1452-42dc-b3d2-bc1e5c13fe9b,2018-06-21 07:22:42,2018-06-21 03:23:38,references,36c35e23-8757-4a9d-aacf-345e9b7eb50d,https://creativecommons.org/publicdomain/zero/1.0/,https://doi.org/10.13003/CED-terms-of-use,,,https://evidence.eventdata.crossref.org/evidence/20180621-wikipedia-6a7299f9-0365-41fa-b30e-03b6abf428fa,add,https://ar.wikipedia.org/wiki/%D8%A7%D9%84%D8%B6%D8%BA%D8%B7_%D8%A7%D9%84%D8%A7%,الضغط الاجتماعي,https://ar.wikipedia.org/w/index.php?title=%D8%A7%D9%84%D8%B6%D8%BA%D8%B7_%D8%A7%D9%84%D8%A7%D8%AC%D,https://ar.wikipedia.org/api/rest_v1/page/html/%D8%A7%D9%84%D8%B6%D8%BA%D8%B7_%D8%A7%D9%84%D8%A7%D8%,https://doi.org/10.1001/archpsyc.55.6.547,https://doi.org/10.1001/archpsyc.55.6.547
298979,wikipedia,https://doi.org/10.1001/archpsyc.55.6.547,https://ar.wikipedia.org/api/rest_v1/page/html/%D8%A7%D9%84%D8%B6%D8%BA%D8%B7_%D8%A7%D9%84%D8%A7%D8%,09abc588-27e0-46c1-b435-70b397c56897,2018-06-21 07:25:29,2018-06-21 03:27:37,references,36c35e23-8757-4a9d-aacf-345e9b7eb50d,https://creativecommons.org/publicdomain/zero/1.0/,https://doi.org/10.13003/CED-terms-of-use,,,https://evidence.eventdata.crossref.org/evidence/20180621-wikipedia-43ffc50f-f100-440c-9685-60b672ca2eba,add,https://ar.wikipedia.org/wiki/%D8%A7%D9%84%D8%B6%D8%BA%D8%B7_%D8%A7%D9%84%D8%A7%,الضغط الاجتماعي,https://ar.wikipedia.org/w/index.php?title=%D8%A7%D9%84%D8%B6%D8%BA%D8%B7_%D8%A7%D9%84%D8%A7%D8%AC%D,https://ar.wikipedia.org/api/rest_v1/page/html/%D8%A7%D9%84%D8%B6%D8%BA%D8%B7_%D8%A7%D9%84%D8%A7%D8%,https://doi.org/10.1001/archpsyc.55.6.547,https://doi.org/10.1001/archpsyc.55.6.547
298980,wikipedia,https://doi.org/10.1001/archpsyc.55.6.547,https://ar.wikipedia.org/api/rest_v1/page/html/%D8%B6%D8%BA%D8%B7_%D8%A7%D8%AC%D8%AA%D9%85%D8%A7%D8%,d3898275-acbf-4d9d-a2b6-548208115758,2018-06-21 08:57:28,2018-06-21 04:59:15,references,36c35e23-8757-4a9d-aacf-345e9b7eb50d,https://creativecommons.org/publicdomain/zero/1.0/,https://doi.org/10.13003/CED-terms-of-use,,,https://evidence.eventdata.crossref.org/evidence/20180621-wikipedia-587b1a99-0413-4e94-b84b-969d8e441f8a,add,https://ar.wikipedia.org/wiki/%D8%B6%D8%BA%D8%B7_%D8%A7%D8%AC%D8%AA%D9%85%D8%A7%,ضغط اجتماعي,https://ar.wikipedia.org/w/index.php?title=%D8%B6%D8%BA%D8%B7_%D8%A7%D8%AC%D8%AA%D9%85%D8%A7%D8%B9%D,https://ar.wikipedia.org/api/rest_v1/page/html/%D8%B6%D8%BA%D8%B7_%D8%A7%D8%AC%D8%AA%D9%85%D8%A7%D8%,https://doi.org/10.1001/archpsyc.55.6.547,https://doi.org/10.1001/archpsyc.55.6.547
298981,wikipedia,https://doi.org/10.1001/archpsyc.55.6.547,https://ar.wikipedia.org/api/rest_v1/page/html/%D8%B6%D8%BA%D8%B7_%D8%A7%D8%AC%D8%AA%D9%85%D8%A7%D8%,092a0f1f-5b64-4499-9510-a14cc29fa7ef,2018-06-21 09:01:14,2018-06-21 05:02:47,references,36c35e23-8757-4a9d-aacf-345e9b7eb50d,https://creativecommons.org/publicdomain/zero/1.0/,https://doi.org/10.13003/CED-terms-of-use,,,https://evidence.eventdata.crossref.org/evidence/20180621-wikipedia-718e121a-255f-41e9-a634-191ee1dc8f84,add,https://ar.wikipedia.org/wiki/%D8%B6%D8%BA%D8%B7_%D8%A7%D8%AC%D8%AA%D9%85%D8%A7%,ضغط اجتماعي,https://ar.wikipedia.org/w/index.php?title=%D8%B6%D8%BA%D8%B7_%D8%A7%D8%AC%D8%AA%D9%85%D8%A7%D8%B9%D,https://ar.wikipedia.org/api/rest_v1/page/html/%D8%B6%D8%BA%D8%B7_%D8%A7%D8%AC%D8%AA%D9%85%D8%A7%D8%,https://doi.org/10.1001/archpsyc.55.6.547,https://doi.org/10.1001/archpsyc.55.6.547
298982,wikipedia,https://doi.org/10.1001/archpsyc.55.6.547,https://ar.wikipedia.org/api/rest_v1/page/html/%D8%B6%D8%BA%D8%B7_%D8%A7%D8%AC%D8%AA%D9%85%D8%A7%D8%,093d496a-1ca2-43e6-a593-34d7afabeecb,2018-06-21 09:01:32,2018-06-21 05:03:28,references,36c35e23-8757-4a9d-aacf-345e9b7eb50d,https://creativecommons.org/publicdomain/zero/1.0/,https://doi.org/10.13003/CED-terms-of-use,,,https://evidence.eventdata.crossref.org/evidence/20180621-wikipedia-c1f81215-d6fe-4eb5-965b-430a9759e85f,add,https://ar.wikipedia.org/wiki/%D8%B6%D8%BA%D8%B7_%D8%A7%D8%AC%D8%AA%D9%85%D8%A7%,ضغط اجتماعي,https://ar.wikipedia.org/w/index.php?title=%D8%B6%D8%BA%D8%B7_%D8%A7%D8%AC%D8%AA%D9%85%D8%A7%D8%B9%D,https://ar.wikipedia.org/api/rest_v1/page/html/%D8%B6%D8%BA%D8%B7_%D8%A7%D8%AC%D8%AA%D9%85%D8%A7%D8%,https://doi.org/10.1001/archpsyc.55.6.547,https://doi.org/10.1001/archpsyc.55.6.547
298983,wikipedia,https://doi.org/10.1001/archpsyc.55.6.547,https://ar.wikipedia.org/api/rest_v1/page/html/%D8%B6%D8%BA%D8%B7_%D8%A7%D8%AC%D8%AA%D9%85%D8%A7%D8%,3801f0a4-91c0-40ce-b3de-e73feefc29c8,2018-06-21 09:09:42,2018-06-21 05:12:42,references,36c35e23-8757-4a9d-aacf-345e9b7eb50d,https://creativecommons.org/publicdomain/zero/1.0/,https://doi.org/10.13003/CED-terms-of-use,,,https://evidence.eventdata.crossref.org/evidence/20180621-wikipedia-110d9bd9-181b-492a-a8e0-959f0bfba0ce,add,https://ar.wikipedia.org/wiki/%D8%B6%D8%BA%D8%B7_%D8%A7%D8%AC%D8%AA%D9%85%D8%A7%,ضغط اجتماعي,https://ar.wikipedia.org/w/index.php?title=%D8%B6%D8%BA%D8%B7_%D8%A7%D8%AC%D8%AA%D9%85%D8%A7%D8%B9%D,https://ar.wikipedia.org/api/rest_v1/page/html/%D8%B6%D8%BA%D8%B7_%D8%A7%D8%AC%D8%AA%D9%85%D8%A7%D8%,https://doi.org/10.1001/archpsyc.55.6.547,https://doi.org/10.1001/archpsyc.55.6.547
298984,wikipedia,https://doi.org/10.1001/archpsyc.55.6.547,https://ar.wikipedia.org/api/rest_v1/page/html/%D8%B6%D8%BA%D8%B7_%D8%A7%D8%AC%D8%AA%D9%85%D8%A7%D8%,0d1c4370-1e20-438b-a2f3-3864e320c43c,2018-07-20 00:13:02,2018-07-19 20:15:25,references,36c35e23-8757-4a9d-aacf-345e9b7eb50d,https://creativecommons.org/publicdomain/zero/1.0/,https://doi.org/10.13003/CED-terms-of-use,,,https://evidence.eventdata.crossref.org/evidence/20180720-wikipedia-a60ad983-9517-4526-998c-db0f37386d0e,add,https://ar.wikipedia.org/wiki/%D8%B6%D8%BA%D8%B7_%D8%A7%D8%AC%D8%AA%D9%85%D8%A7%,ضغط اجتماعي,https://ar.wikipedia.org/w/index.php?title=%D8%B6%D8%BA%D8%B7_%D8%A7%D8%AC%D8%AA%D9%85%D8%A7%D8%B9%D,https://ar.wikipedia.org/api/rest_v1/page/html/%D8%B6%D8%BA%D8%B7_%D8%A7%D8%AC%D8%AA%D9%85%D8%A7%D8%,https://doi.org/10.1001/archpsyc.55.6.547,https://doi.org/10.1001/archpsyc.55.6.547
298985,wikipedia,https://doi.org/10.1001/archpsyc.55.6.547,https://ar.wikipedia.org/api/rest_v1/page/html/%D8%B6%D8%BA%D8%B7_%D8%A7%D8%AC%D8%AA%D9%85%D8%A7%D8%,9ba4a38c-a20a-4d34-8c84-5e6455054043,2018-08-01 21:24:33,2018-08-01 17:25:28,references,36c35e23-8757-4a9d-aacf-345e9b7eb50d,https://creativecommons.org/publicdomain/zero/1.0/,https://doi.org/10.13003/CED-terms-of-use,,,https://evidence.eventdata.crossref.org/evidence/20180801-wikipedia-803dfb1d-a7a3-4f11-a01c-3ea7c4470abd,add,https://ar.wikipedia.org/wiki/%D8%B6%D8%BA%D8%B7_%D8%A7%D8%AC%D8%AA%D9%85%D8%A7%,ضغط اجتماعي,https://ar.wikipedia.org/w/index.php?title=%D8%B6%D8%BA%D8%B7_%D8%A7%D8%AC%D8%AA%D9%85%D8%A7%D8%B9%D,https://ar.wikipedia.org/api/rest_v1/page/html/%D8%B6%D8%BA%D8%B7_%D8%A7%D8%AC%D8%AA%D9%85%D8%A7%D8%,https://doi.org/10.1001/archpsyc.55.6.547,https://doi.org/10.1001/archpsyc.55.6.547
298986,wikipedia,https://doi.org/10.1001/archpsyc.55.6.547,https://en.wikipedia.org/api/rest_v1/page/html/Social_stress/853700060,82a9127d-a327-42b2-936b-99d2a2ebbf64,2018-08-06 12:49:47,2018-08-06 08:51:11,references,36c35e23-8757-4a9d-aacf-345e9b7eb50d,https://creativecommons.org/publicdomain/zero/1.0/,https://doi.org/10.13003/CED-terms-of-use,,,https://evidence.eventdata.crossref.org/evidence/20180806-wikipedia-2be3e0fb-acbd-49d9-9b20-5cc7a5b750eb,add,https://en.wikipedia.org/wiki/Social_stress,Social stress,https://en.wikipedia.org/w/index.php?title=Social_stress&oldid=853700060,https://en.wikipedia.org/api/rest_v1/page/html/Social_stress/853700060,https://doi.org/10.1001/archpsyc.55.6.547,https://doi.org/10.1001/archpsyc.55.6.547
298987,wikipedia,https://doi.org/10.1001/archpsyc.55.6.547,https://en.wikipedia.org/api/rest_v1/page/html/Social_stress/853743718,7e802048-0388-4eaa-87a7-c8bc36c5c7bb,2018-08-06 18:50:33,2018-08-06 14:52:07,references,36c35e23-8757-4a9d-aacf-345e9b7eb50d,https://creativecommons.org/publicdomain/zero/1.0/,https://doi.org/10.13003/CED-terms-of-use,,,https://evidence.eventdata.crossref.org/evidence/20180806-wikipedia-9c191245-318f-4326-bd5c-05b61c0c08df,add,https://en.wikipedia.org/wiki/Social_stress,Social stress,https://en.wikipedia.org/w/index.php?title=Social_stress&oldid=853743718,https://en.wikipedia.org/api/rest_v1/page/html/Social_stress/853743718,https://doi.org/10.1001/archpsyc.55.6.547,https://doi.org/10.1001/archpsyc.55.6.547
298988,wikipedia,https://doi.org/10.1001/archpsyc.55.6.547,https://en.wikipedia.org/api/rest_v1/page/html/Social_stress/866350732,ab4bce2d-b39f-4f3d-8b6b-5578b05d0dc9,2018-10-29 20:31:33,2018-10-29 16:37:17,references,36c35e23-8757-4a9d-aacf-345e9b7eb50d,https://creativecommons.org/publicdomain/zero/1.0/,https://doi.org/10.13003/CED-terms-of-use,,,https://evidence.eventdata.crossref.org/evidence/20181029-wikipedia-84528cbe-3803-4717-9369-52704ca8ab1a,add,https://en.wikipedia.org/wiki/Social_stress,Social stress,https://en.wikipedia.org/w/index.php?title=Social_stress&oldid=866350732,https://en.wikipedia.org/api/rest_v1/page/html/Social_stress/866350732,https://doi.org/10.1001/archpsyc.55.6.547,https://doi.org/10.1001/archpsyc.55.6.547
298989,wikipedia,https://doi.org/10.1001/archpsyc.55.6.547,https://en.wikipedia.org/api/rest_v1/page/html/Social_stress/866351201,1d43fb6a-97b7-463e-9b2e-4ec5f3b0dfee,2018-10-29 20:34:49,2018-10-29 16:39:21,references,36c35e23-8757-4a9d-aacf-345e9b7eb50d,https://creativecommons.org/publicdomain/zero/1.0/,https://doi.org/10.13003/CED-terms-of-use,,,https://evidence.eventdata.crossref.org/evidence/20181029-wikipedia-d242dd63-53a8-4338-89ea-e7ea79bd874f,add,https://en.wikipedia.org/wiki/Social_stress,Social stress,https://en.wikipedia.org/w/index.php?title=Social_stress&oldid=866351201,https://en.wikipedia.org/api/rest_v1/page/html/Social_stress/866351201,https://doi.org/10.1001/archpsyc.55.6.547,https://doi.org/10.1001/archpsyc.55.6.547
298990,wikipedia,https://doi.org/10.1001/archpsyc.55.6.547,https://en.wikipedia.org/api/rest_v1/page/html/Social_stress/867374723,6bf18567-3787-4b5c-98e5-2327c8067816,2018-11-05 09:07:32,2018-11-05 04:20:37,references,36c35e23-8757-4a9d-aacf-345e9b7eb50d,https://creativecommons.org/publicdomain/zero/1.0/,https://doi.org/10.13003/CED-terms-of-use,,,https://evidence.eventdata.crossref.org/evidence/20181105-wikipedia-7988d0ca-ac26-4ab8-9b67-1976197b06c9,add,https://en.wikipedia.org/wiki/Social_stress,Social stress,https://en.wikipedia.org/w/index.php?title=Social_stress&oldid=867374723,https://en.wikipedia.org/api/rest_v1/page/html/Social_stress/867374723,https://doi.org/10.1001/archpsyc.55.6.547,https://doi.org/10.1001/archpsyc.55.6.547
298991,wikipedia,https://doi.org/10.1001/archpsyc.55.6.547,https://en.wikipedia.org/api/rest_v1/page/html/Social_stress/867374848,93a02b11-0c68-4824-90f0-88029ab1bfda,2018-11-05 09:09:18,2018-11-05 04:20:40,references,36c35e23-8757-4a9d-aacf-345e9b7eb50d,https://creativecommons.org/publicdomain/zero/1.0/,https://doi.org/10.13003/CED-terms-of-use,,,https://evidence.eventdata.crossref.org/evidence/20181105-wikipedia-f723bcdd-e583-4046-bce4-5728749f6f63,add,https://en.wikipedia.org/wiki/Social_stress,Social stress,https://en.wikipedia.org/w/index.php?title=Social_stress&oldid=867374848,https://en.wikipedia.org/api/rest_v1/page/html/Social_stress/867374848,https://doi.org/10.1001/archpsyc.55.6.547,https://doi.org/10.1001/archpsyc.55.6.547
298992,wikipedia,https://doi.org/10.1001/archpsyc.55.6.547,https://en.wikipedia.org/api/rest_v1/page/html/Social_stress/869116342,d7f7d125-3241-40e4-ab1a-710064df00ec,2018-11-16 14:41:28,2018-11-16 09:48:14,references,36c35e23-8757-4a9d-aacf-345e9b7eb50d,https://creativecommons.org/publicdomain/zero/1.0/,https://doi.org/10.13003/CED-terms-of-use,,,https://evidence.eventdata.crossref.org/evidence/20181116-wikipedia-8bbb85e8-7c4f-423c-9413-7444ca97ad61,add,https://en.wikipedia.org/wiki/Social_stress,Social stress,https://en.wikipedia.org/w/index.php?title=Social_stress&oldid=869116342,https://en.wikipedia.org/api/rest_v1/page/html/Social_stress/869116342,https://doi.org/10.1001/archpsyc.55.6.547,https://doi.org/10.1001/archpsyc.55.6.547
298993,wikipedia,https://doi.org/10.1001/archpsyc.55.6.547,https://en.wikipedia.org/api/rest_v1/page/html/Social_stress/873383798,801c5453-a24f-4b0a-9d43-c0bdca4f15b1,2018-12-12 21:10:34,2018-12-12 20:10:42,references,36c35e23-8757-4a9d-aacf-345e9b7eb50d,https://creativecommons.org/publicdomain/zero/1.0/,https://doi.org/10.13003/CED-terms-of-use,,,https://evidence.eventdata.crossref.org/evidence/20181212-wikipedia-5c569359-68d6-4eb4-8f41-f3ba56f33ce3,add,https://en.wikipedia.org/wiki/Social_stress,Social stress,https://en.wikipedia.org/w/index.php?title=Social_stress&oldid=873383798,https://en.wikipedia.org/api/rest_v1/page/html/Social_stress/873383798,https://doi.org/10.1001/archpsyc.55.6.547,https://doi.org/10.1001/archpsyc.55.6.547
298994,wikipedia,https://doi.org/10.1001/archpsyc.55.6.547,https://en.wikipedia.org/api/rest_v1/page/html/Social_stress/873393377,79efba11-b807-4916-a156-5e70a7e043fc,2018-12-12 22:27:53,2018-12-12 20:43:29,references,36c35e23-8757-4a9d-aacf-345e9b7eb50d,https://creativecommons.org/publicdomain/zero/1.0/,https://doi.org/10.13003/CED-terms-of-use,,,https://evidence.eventdata.crossref.org/evidence/20181212-wikipedia-bc00999c-279f-4c49-9c6a-f9407a51a175,add,https://en.wikipedia.org/wiki/Social_stress,Social stress,https://en.wikipedia.org/w/index.php?title=Social_stress&oldid=873393377,https://en.wikipedia.org/api/rest_v1/page/html/Social_stress/873393377,https://doi.org/10.1001/archpsyc.55.6.547,https://doi.org/10.1001/archpsyc.55.6.547
298995,wikipedia,https://doi.org/10.1001/archpsyc.55.6.547,https://en.wikipedia.org/api/rest_v1/page/html/Social_stress/873393516,8762aa24-d1f7-44c2-9697-25645eeef6e7,2018-12-12 22:28:56,2018-12-12 20:48:17,references,36c35e23-8757-4a9d-aacf-345e9b7eb50d,https://creativecommons.org/publicdomain/zero/1.0/,https://doi.org/10.13003/CED-terms-of-use,,,https://evidence.eventdata.crossref.org/evidence/20181212-wikipedia-3c4187de-f03a-4fc6-bc3c-65dc867fb6ce,add,https://en.wikipedia.org/wiki/Social_stress,Social stress,https://en.wikipedia.org/w/index.php?title=Social_stress&oldid=873393516,https://en.wikipedia.org/api/rest_v1/page/html/Social_stress/873393516,https://doi.org/10.1001/archpsyc.55.6.547,https://doi.org/10.1001/archpsyc.55.6.547
298996,wikipedia,https://doi.org/10.1001/archpsyc.55.6.547,https://en.wikipedia.org/api/rest_v1/page/html/Social_stress/873388573,5dd3c0d4-f66a-4479-8ba8-b8a7d09ad545,2018-12-12 21:49:07,2018-12-12 20:51:27,references,36c35e23-8757-4a9d-aacf-345e9b7eb50d,https://creativecommons.org/publicdomain/zero/1.0/,https://doi.org/10.13003/CED-terms-of-use,,,https://evidence.eventdata.crossref.org/evidence/20181212-wikipedia-9d1be558-a337-4edd-a7bb-d7332402ad70,add,https://en.wikipedia.org/wiki/Social_stress,Social stress,https://en.wikipedia.org/w/index.php?title=Social_stress&oldid=873388573,https://en.wikipedia.org/api/rest_v1/page/html/Social_stress/873388573,https://doi.org/10.1001/archpsyc.55.6.547,https://doi.org/10.1001/archpsyc.55.6.547
298997,wikipedia,https://doi.org/10.1001/archpsyc.55.6.547,https://en.wikipedia.org/api/rest_v1/page/html/Social_stress/873393318,c0abc45c-a1ca-4093-820c-ba268db4ddf9,2018-12-12 22:27:21,2018-12-12 20:58:31,references,36c35e23-8757-4a9d-aacf-345e9b7eb50d,https://creativecommons.org/publicdomain/zero/1.0/,https://doi.org/10.13003/CED-terms-of-use,,,https://evidence.eventdata.crossref.org/evidence/20181212-wikipedia-36faf932-f807-41c6-8e66-db1d3cb027d8,add,https://en.wikipedia.org/wiki/Social_stress,Social stress,https://en.wikipedia.org/w/index.php?title=Social_stress&oldid=873393318,https://en.wikipedia.org/api/rest_v1/page/html/Social_stress/873393318,https://doi.org/10.1001/archpsyc.55.6.547,https://doi.org/10.1001/archpsyc.55.6.547
298998,wikipedia,https://doi.org/10.1001/archpsyc.55.6.547,https://ar.wikipedia.org/api/rest_v1/page/html/%D8%B6%D8%BA%D8%B7_%D8%A7%D8%AC%D8%AA%D9%85%D8%A7%D8%,3aebd437-5722-4e30-b55b-85a4e82179b0,2018-12-17 12:15:40,2018-12-17 07:18:39,references,36c35e23-8757-4a9d-aacf-345e9b7eb50d,https://creativecommons.org/publicdomain/zero/1.0/,https://doi.org/10.13003/CED-terms-of-use,,,https://evidence.eventdata.crossref.org/evidence/20181217-wikipedia-7ef1ae6c-e88b-4a71-babb-78edebc7cf7f,add,https://ar.wikipedia.org/wiki/%D8%B6%D8%BA%D8%B7_%D8%A7%D8%AC%D8%AA%D9%85%D8%A7%,ضغط اجتماعي,https://ar.wikipedia.org/w/index.php?title=%D8%B6%D8%BA%D8%B7_%D8%A7%D8%AC%D8%AA%D9%85%D8%A7%D8%B9%D,https://ar.wikipedia.org/api/rest_v1/page/html/%D8%B6%D8%BA%D8%B7_%D8%A7%D8%AC%D8%AA%D9%85%D8%A7%D8%,https://doi.org/10.1001/archpsyc.55.6.547,https://doi.org/10.1001/archpsyc.55.6.547
298999,wikipedia,https://doi.org/10.1001/archpsyc.55.6.547,https://ar.wikipedia.org/api/rest_v1/page/html/%D8%B6%D8%BA%D8%B7_%D8%A7%D8%AC%D8%AA%D9%85%D8%A7%D8%,94fec8c9-e6d5-493e-ab5c-448396e663ab,2018-12-17 12:15:40,2018-12-21 09:13:18,references,36c35e23-8757-4a9d-aacf-345e9b7eb50d,https://creativecommons.org/publicdomain/zero/1.0/,https://doi.org/10.13003/CED-terms-of-use,,,https://evidence.eventdata.crossref.org/evidence/20181221-wikipedia-35e4ffa7-cca4-45b4-a07f-63aba03d21d0,add,https://ar.wikipedia.org/wiki/%D8%B6%D8%BA%D8%B7_%D8%A7%D8%AC%D8%AA%D9%85%D8%A7%,ضغط اجتماعي,https://ar.wikipedia.org/w/index.php?title=%D8%B6%D8%BA%D8%B7_%D8%A7%D8%AC%D8%AA%D9%85%D8%A7%D8%B9%D,https://ar.wikipedia.org/api/rest_v1/page/html/%D8%B6%D8%BA%D8%B7_%D8%A7%D8%AC%D8%AA%D9%85%D8%A7%D8%,https://doi.org/10.1001/archpsyc.55.6.547,https://doi.org/10.1001/archpsyc.55.6.547
299000,wikipedia,https://doi.org/10.1001/archpsyc.55.6.547,https://en.wikipedia.org/api/rest_v1/page/html/Social_stress/878287721,8932bba7-0547-4ba1-814e-2ab069346893,2019-01-14 01:07:54,2019-01-13 20:13:48,references,36c35e23-8757-4a9d-aacf-345e9b7eb50d,https://creativecommons.org/publicdomain/zero/1.0/,https://doi.org/10.13003/CED-terms-of-use,,,https://evidence.eventdata.crossref.org/evidence/20190114-wikipedia-7dfd0381-596e-4444-b6fa-56931dada1ae,add,https://en.wikipedia.org/wiki/Social_stress,Social stress,https://en.wikipedia.org/w/index.php?title=Social_stress&oldid=878287721,https://en.wikipedia.org/api/rest_v1/page/html/Social_stress/878287721,https://doi.org/10.1001/archpsyc.55.6.547,https://doi.org/10.1001/archpsyc.55.6.547
299001,wikipedia,https://doi.org/10.1001/archpsyc.55.6.547,https://nl.wikipedia.org/api/rest_v1/page/html/Expressed_emotion/53061350,74e9af7f-a0ad-4643-8c66-cff5ed386c04,2019-01-24 20:47:43,2019-01-24 15:58:23,references,36c35e23-8757-4a9d-aacf-345e9b7eb50d,https://creativecommons.org/publicdomain/zero/1.0/,https://doi.org/10.13003/CED-terms-of-use,,,https://evidence.eventdata.crossref.org/evidence/20190124-wikipedia-2e6a2dab-8188-4743-b555-cadf1f4eae51,add,https://nl.wikipedia.org/wiki/Expressed_emotion,Expressed emotion,https://nl.wikipedia.org/w/index.php?title=Expressed_emotion&oldid=53061350,https://nl.wikipedia.org/api/rest_v1/page/html/Expressed_emotion/53061350,https://doi.org/10.1001/archpsyc.55.6.547,http://archpsyc.ama-assn.org/cgi/reprint/55/6/547
299002,wikipedia,https://doi.org/10.1001/archpsyc.55.6.547,https://en.wikipedia.org/api/rest_v1/page/html/Social_stress/881016739,546ef783-a6b5-4b9a-b689-57719eccf1e5,2019-01-30 22:32:09,2019-01-30 17:36:00,references,36c35e23-8757-4a9d-aacf-345e9b7eb50d,https://creativecommons.org/publicdomain/zero/1.0/,https://doi.org/10.13003/CED-terms-of-use,,,https://evidence.eventdata.crossref.org/evidence/20190130-wikipedia-3a5ac534-2624-45ab-9d5f-04fae2c9d54a,add,https://en.wikipedia.org/wiki/Social_stress,Social stress,https://en.wikipedia.org/w/index.php?title=Social_stress&oldid=881016739,https://en.wikipedia.org/api/rest_v1/page/html/Social_stress/881016739,https://doi.org/10.1001/archpsyc.55.6.547,https://doi.org/10.1001/archpsyc.55.6.547
299003,wikipedia,https://doi.org/10.1001/archpsyc.55.6.547,https://en.wikipedia.org/api/rest_v1/page/html/Social_stress/882472843,8fb97b4a-92e9-4558-9881-44ea0639e33f,2019-02-09 09:55:15,2019-02-09 04:59:12,references,36c35e23-8757-4a9d-aacf-345e9b7eb50d,https://creativecommons.org/publicdomain/zero/1.0/,https://doi.org/10.13003/CED-terms-of-use,,,https://evidence.eventdata.crossref.org/evidence/20190209-wikipedia-2ebed34a-5b6a-4214-ab28-fcbb2b1c1c89,add,https://en.wikipedia.org/wiki/Social_stress,Social stress,https://en.wikipedia.org/w/index.php?title=Social_stress&oldid=882472843,https://en.wikipedia.org/api/rest_v1/page/html/Social_stress/882472843,https://doi.org/10.1001/archpsyc.55.6.547,https://doi.org/10.1001/archpsyc.55.6.547
299004,wikipedia,https://doi.org/10.1001/archpsyc.55.6.547,https://en.wikipedia.org/api/rest_v1/page/html/Social_stress/882472866,364b992b-1b3f-4333-b9ed-f9e1503ff3f5,2019-02-09 09:55:37,2019-02-09 05:00:58,references,36c35e23-8757-4a9d-aacf-345e9b7eb50d,https://creativecommons.org/publicdomain/zero/1.0/,https://doi.org/10.13003/CED-terms-of-use,,,https://evidence.eventdata.crossref.org/evidence/20190209-wikipedia-d18631ab-2bcc-4932-b706-41f065cb83ba,add,https://en.wikipedia.org/wiki/Social_stress,Social stress,https://en.wikipedia.org/w/index.php?title=Social_stress&oldid=882472866,https://en.wikipedia.org/api/rest_v1/page/html/Social_stress/882472866,https://doi.org/10.1001/archpsyc.55.6.547,https://doi.org/10.1001/archpsyc.55.6.547
299005,wikipedia,https://doi.org/10.1001/archpsyc.55.6.547,https://en.wikipedia.org/api/rest_v1/page/html/Social_stress/882473346,641810ca-1a79-41a4-9ff9-5d81377d73b0,2019-02-09 10:02:48,2019-02-09 05:06:32,references,36c35e23-8757-4a9d-aacf-345e9b7eb50d,https://creativecommons.org/publicdomain/zero/1.0/,https://doi.org/10.13003/CED-terms-of-use,,,https://evidence.eventdata.crossref.org/evidence/20190209-wikipedia-2e468294-9605-4d84-a5fc-b6a549f00f9c,add,https://en.wikipedia.org/wiki/Social_stress,Social stress,https://en.wikipedia.org/w/index.php?title=Social_stress&oldid=882473346,https://en.wikipedia.org/api/rest_v1/page/html/Social_stress/882473346,https://doi.org/10.1001/archpsyc.55.6.547,https://doi.org/10.1001/archpsyc.55.6.547
299006,wikipedia,https://doi.org/10.1001/archpsyc.55.6.547,https://en.wikipedia.org/api/rest_v1/page/html/Social_stress/882473497,e6aa3a6e-561a-4e26-b6b1-39edf45d4a0e,2019-02-09 10:04:59,2019-02-09 05:07:00,references,36c35e23-8757-4a9d-aacf-345e9b7eb50d,https://creativecommons.org/publicdomain/zero/1.0/,https://doi.org/10.13003/CED-terms-of-use,,,https://evidence.eventdata.crossref.org/evidence/20190209-wikipedia-e21e6320-6b9a-449a-b3ef-c5f65725a4af,add,https://en.wikipedia.org/wiki/Social_stress,Social stress,https://en.wikipedia.org/w/index.php?title=Social_stress&oldid=882473497,https://en.wikipedia.org/api/rest_v1/page/html/Social_stress/882473497,https://doi.org/10.1001/archpsyc.55.6.547,https://doi.org/10.1001/archpsyc.55.6.547
299007,wikipedia,https://doi.org/10.1001/archpsyc.55.6.547,https://en.wikipedia.org/api/rest_v1/page/html/Social_stress/884461598,d89d046e-053e-474d-9d59-91a0be1f6454,2019-02-21 20:01:54,2019-02-21 15:08:58,references,36c35e23-8757-4a9d-aacf-345e9b7eb50d,https://creativecommons.org/publicdomain/zero/1.0/,https://doi.org/10.13003/CED-terms-of-use,,,https://evidence.eventdata.crossref.org/evidence/20190221-wikipedia-7b4fc5b3-6d0b-4db3-b2db-ae22b12a5f53,add,https://en.wikipedia.org/wiki/Social_stress,Social stress,https://en.wikipedia.org/w/index.php?title=Social_stress&oldid=884461598,https://en.wikipedia.org/api/rest_v1/page/html/Social_stress/884461598,https://doi.org/10.1001/archpsyc.55.6.547,https://doi.org/10.1001/archpsyc.55.6.547
299008,wikipedia,https://doi.org/10.1001/archpsyc.55.6.547,https://en.wikipedia.org/api/rest_v1/page/html/Expressed_emotion/890450265,6b691640-2142-481f-8d0b-e02ce0d5b11d,2019-04-01 12:27:44,2019-04-01 09:14:31,references,36c35e23-8757-4a9d-aacf-345e9b7eb50d,https://creativecommons.org/publicdomain/zero/1.0/,https://doi.org/10.13003/CED-terms-of-use,,,https://evidence.eventdata.crossref.org/evidence/20190401-wikipedia-c0bd9eff-f196-4332-b137-6fd415a07ca7,add,https://en.wikipedia.org/wiki/Expressed_emotion,Expressed emotion,https://en.wikipedia.org/w/index.php?title=Expressed_emotion&oldid=890450265,https://en.wikipedia.org/api/rest_v1/page/html/Expressed_emotion/890450265,https://doi.org/10.1001/archpsyc.55.6.547,http://archpsyc.ama-assn.org/cgi/content/full/55/6/547
299009,wikipedia,https://doi.org/10.1001/archpsyc.55.6.547,https://ar.wikipedia.org/api/rest_v1/page/html/%D8%B6%D8%BA%D8%B7_%D8%A7%D8%AC%D8%AA%D9%85%D8%A7%D8%,8b9bed79-04e6-482e-a331-1e8f211aac30,2019-04-20 18:12:57,2019-04-20 14:16:50,references,36c35e23-8757-4a9d-aacf-345e9b7eb50d,https://creativecommons.org/publicdomain/zero/1.0/,https://doi.org/10.13003/CED-terms-of-use,,,https://evidence.eventdata.crossref.org/evidence/20190420-wikipedia-328004b6-3b00-4ea9-8ca7-1a60ba2c2f8f,add,https://ar.wikipedia.org/wiki/%D8%B6%D8%BA%D8%B7_%D8%A7%D8%AC%D8%AA%D9%85%D8%A7%,ضغط اجتماعي,https://ar.wikipedia.org/w/index.php?title=%D8%B6%D8%BA%D8%B7_%D8%A7%D8%AC%D8%AA%D9%85%D8%A7%D8%B9%D,https://ar.wikipedia.org/api/rest_v1/page/html/%D8%B6%D8%BA%D8%B7_%D8%A7%D8%AC%D8%AA%D9%85%D8%A7%D8%,https://doi.org/10.1001/archpsyc.55.6.547,https://doi.org/10.1001/archpsyc.55.6.547
299010,wikipedia,https://doi.org/10.1001/archpsyc.55.6.547,https://de.wikipedia.org/api/rest_v1/page/html/Expressed-Emotion-Konzept/188813196,f6be926d-f1e6-4eef-8493-efd119c2c3c4,2019-05-21 17:48:41,2019-05-21 14:07:43,references,36c35e23-8757-4a9d-aacf-345e9b7eb50d,https://creativecommons.org/publicdomain/zero/1.0/,https://doi.org/10.13003/CED-terms-of-use,,,https://evidence.eventdata.crossref.org/evidence/20190521-wikipedia-c0403d7e-4530-45f4-98b7-7526498fc9ed,add,https://de.wikipedia.org/wiki/Expressed-Emotion-Konzept,Expressed-Emotion-Konzept,https://de.wikipedia.org/w/index.php?title=Expressed-Emotion-Konzept&oldid=188813196,https://de.wikipedia.org/api/rest_v1/page/html/Expressed-Emotion-Konzept/188813196,https://doi.org/10.1001/archpsyc.55.6.547,http://archpsyc.ama-assn.org/cgi/content/full/55/6/547
299011,wikipedia,https://doi.org/10.1001/archpsyc.55.6.547,https://en.wikipedia.org/api/rest_v1/page/html/Expressed_emotion/905456840,2aaa4342-8a39-4f77-bfd9-6298e4de915e,2019-07-09 07:09:58,2019-07-09 03:11:05,references,36c35e23-8757-4a9d-aacf-345e9b7eb50d,https://creativecommons.org/publicdomain/zero/1.0/,https://doi.org/10.13003/CED-terms-of-use,,,https://evidence.eventdata.crossref.org/evidence/20190709-wikipedia-47bc1846-2672-4321-88b0-05bb131e80d7,add,https://en.wikipedia.org/wiki/Expressed_emotion,Expressed emotion,https://en.wikipedia.org/w/index.php?title=Expressed_emotion&oldid=905456840,https://en.wikipedia.org/api/rest_v1/page/html/Expressed_emotion/905456840,https://doi.org/10.1001/archpsyc.55.6.547,https://doi.org/10.1001/archpsyc.55.6.547
299012,wikipedia,https://doi.org/10.1001/archpsyc.55.6.547,https://en.wikipedia.org/api/rest_v1/page/html/Social_stress/909937137,3b4b48e9-c419-41db-a4a0-99bc4c501343,2019-08-08 16:04:19,2019-08-10 14:40:19,references,36c35e23-8757-4a9d-aacf-345e9b7eb50d,https://creativecommons.org/publicdomain/zero/1.0/,https://doi.org/10.13003/CED-terms-of-use,,,https://evidence.eventdata.crossref.org/evidence/20190808-wikipedia-06aaa61d-5c65-467c-86d9-49b15d163f0e,add,https://en.wikipedia.org/wiki/Social_stress,Social stress,https://en.wikipedia.org/w/index.php?title=Social_stress&oldid=909937137,https://en.wikipedia.org/api/rest_v1/page/html/Social_stress/909937137,https://doi.org/10.1001/archpsyc.55.6.547,https://doi.org/10.1001/archpsyc.55.6.547
299013,wikipedia,https://doi.org/10.1001/archpsyc.55.6.547,https://en.wikipedia.org/api/rest_v1/page/html/Social_stress/918772385,77506f39-fb27-428d-8983-bec6e3b1c97b,2019-09-30 07:30:24,2019-09-30 05:15:38,references,36c35e23-8757-4a9d-aacf-345e9b7eb50d,https://creativecommons.org/publicdomain/zero/1.0/,https://doi.org/10.13003/CED-terms-of-use,,,https://evidence.eventdata.crossref.org/evidence/20190930-wikipedia-76682ae1-d2ad-4b30-a8ed-f281d5bd1483,add,https://en.wikipedia.org/wiki/Social_stress,Social stress,https://en.wikipedia.org/w/index.php?title=Social_stress&oldid=918772385,https://en.wikipedia.org/api/rest_v1/page/html/Social_stress/918772385,https://doi.org/10.1001/archpsyc.55.6.547,https://doi.org/10.1001/archpsyc.55.6.547
299014,wikipedia,https://doi.org/10.1001/archpsyc.55.6.547,https://en.wikipedia.org/api/rest_v1/page/html/Social_stress/920722131,25988a3e-a26c-4058-a315-a95657407299,2019-10-11 13:02:10,2019-10-11 09:07:54,references,36c35e23-8757-4a9d-aacf-345e9b7eb50d,https://creativecommons.org/publicdomain/zero/1.0/,https://doi.org/10.13003/CED-terms-of-use,,,https://evidence.eventdata.crossref.org/evidence/20191011-wikipedia-bb5ecccb-dc74-4681-b997-f716692f8cbe,add,https://en.wikipedia.org/wiki/Social_stress,Social stress,https://en.wikipedia.org/w/index.php?title=Social_stress&oldid=920722131,https://en.wikipedia.org/api/rest_v1/page/html/Social_stress/920722131,https://doi.org/10.1001/archpsyc.55.6.547,https://doi.org/10.1001/archpsyc.55.6.547
299015,wikipedia,https://doi.org/10.1001/archpsyc.55.6.547,https://ar.wikipedia.org/api/rest_v1/page/html/%D8%B6%D8%BA%D8%B7_%D8%A7%D8%AC%D8%AA%D9%85%D8%A7%D8%,0293a582-f69d-403b-969a-50cbec4db6f6,2019-10-12 16:27:18,2019-10-12 12:34:02,references,36c35e23-8757-4a9d-aacf-345e9b7eb50d,https://creativecommons.org/publicdomain/zero/1.0/,https://doi.org/10.13003/CED-terms-of-use,,,https://evidence.eventdata.crossref.org/evidence/20191012-wikipedia-70ae5052-3f20-48fb-8dd1-bd582c757a11,add,https://ar.wikipedia.org/wiki/%D8%B6%D8%BA%D8%B7_%D8%A7%D8%AC%D8%AA%D9%85%D8%A7%,ضغط اجتماعي,https://ar.wikipedia.org/w/index.php?title=%D8%B6%D8%BA%D8%B7_%D8%A7%D8%AC%D8%AA%D9%85%D8%A7%D8%B9%D,https://ar.wikipedia.org/api/rest_v1/page/html/%D8%B6%D8%BA%D8%B7_%D8%A7%D8%AC%D8%AA%D9%85%D8%A7%D8%,https://doi.org/10.1001/archpsyc.55.6.547,https://doi.org/10.1001/archpsyc.55.6.547
299016,wikipedia,https://doi.org/10.1001/archpsyc.55.6.547,https://en.wikipedia.org/api/rest_v1/page/html/Social_stress/920910109,427856b6-305c-4790-b9a8-8f9cbd6456b7,2019-10-12 17:12:19,2019-10-12 13:21:35,references,36c35e23-8757-4a9d-aacf-345e9b7eb50d,https://creativecommons.org/publicdomain/zero/1.0/,https://doi.org/10.13003/CED-terms-of-use,,,https://evidence.eventdata.crossref.org/evidence/20191012-wikipedia-b010db27-4f0d-4852-82ca-57c5f634025a,add,https://en.wikipedia.org/wiki/Social_stress,Social stress,https://en.wikipedia.org/w/index.php?title=Social_stress&oldid=920910109,https://en.wikipedia.org/api/rest_v1/page/html/Social_stress/920910109,https://doi.org/10.1001/archpsyc.55.6.547,https://doi.org/10.1001/archpsyc.55.6.547
299017,wikipedia,https://doi.org/10.1001/archpsyc.55.6.547,https://en.wikipedia.org/api/rest_v1/page/html/Social_stress/924014894,9dd8e139-d62f-47c4-b41f-f582e0d2b996,2019-11-01 07:07:06,2019-11-01 03:15:06,references,36c35e23-8757-4a9d-aacf-345e9b7eb50d,https://creativecommons.org/publicdomain/zero/1.0/,https://doi.org/10.13003/CED-terms-of-use,,,https://evidence.eventdata.crossref.org/evidence/20191101-wikipedia-d3a76cdc-1a23-466f-808d-67e0818fa8d4,add,https://en.wikipedia.org/wiki/Social_stress,Social stress,https://en.wikipedia.org/w/index.php?title=Social_stress&oldid=924014894,https://en.wikipedia.org/api/rest_v1/page/html/Social_stress/924014894,https://doi.org/10.1001/archpsyc.55.6.547,https://doi.org/10.1001/archpsyc.55.6.547
299018,wikipedia,https://doi.org/10.1001/archpsyc.55.6.547,https://en.wikipedia.org/api/rest_v1/page/html/Social_stress/924016710,81f7100a-5cb4-4e93-a773-2d941a32bd9d,2019-11-01 07:35:43,2019-11-01 03:41:18,references,36c35e23-8757-4a9d-aacf-345e9b7eb50d,https://creativecommons.org/publicdomain/zero/1.0/,https://doi.org/10.13003/CED-terms-of-use,,,https://evidence.eventdata.crossref.org/evidence/20191101-wikipedia-ba03cdc2-d0bd-45e7-9f26-63b30a533e9d,add,https://en.wikipedia.org/wiki/Social_stress,Social stress,https://en.wikipedia.org/w/index.php?title=Social_stress&oldid=924016710,https://en.wikipedia.org/api/rest_v1/page/html/Social_stress/924016710,https://doi.org/10.1001/archpsyc.55.6.547,https://doi.org/10.1001/archpsyc.55.6.547
299019,wikipedia,https://doi.org/10.1001/archpsyc.55.6.547,https://en.wikipedia.org/api/rest_v1/page/html/Social_stress/924016912,ec50d074-7bf2-49be-a228-e67ee863b2a6,2019-11-01 07:38:15,2019-11-01 03:46:19,references,36c35e23-8757-4a9d-aacf-345e9b7eb50d,https://creativecommons.org/publicdomain/zero/1.0/,https://doi.org/10.13003/CED-terms-of-use,,,https://evidence.eventdata.crossref.org/evidence/20191101-wikipedia-656ff963-0607-4428-a7a2-98eaecbb9ab9,add,https://en.wikipedia.org/wiki/Social_stress,Social stress,https://en.wikipedia.org/w/index.php?title=Social_stress&oldid=924016912,https://en.wikipedia.org/api/rest_v1/page/html/Social_stress/924016912,https://doi.org/10.1001/archpsyc.55.6.547,https://doi.org/10.1001/archpsyc.55.6.547
299020,wikipedia,https://doi.org/10.1001/archpsyc.55.6.547,https://en.wikipedia.org/api/rest_v1/page/html/Social_stress/930197734,40859278-3e90-4e70-b47d-03244061bb3d,2019-12-10 21:42:26,2019-12-15 16:33:14,references,36c35e23-8757-4a9d-aacf-345e9b7eb50d,https://creativecommons.org/publicdomain/zero/1.0/,https://doi.org/10.13003/CED-terms-of-use,,,https://evidence.eventdata.crossref.org/evidence/20191210-wikipedia-a36fb36a-d80b-450f-9cae-1fcd15365e07,add,https://en.wikipedia.org/wiki/Social_stress,Social stress,https://en.wikipedia.org/w/index.php?title=Social_stress&oldid=930197734,https://en.wikipedia.org/api/rest_v1/page/html/Social_stress/930197734,https://doi.org/10.1001/archpsyc.55.6.547,https://doi.org/10.1001/archpsyc.55.6.547
299021,wikipedia,https://doi.org/10.1001/archpsyc.55.6.547,https://ar.wikipedia.org/api/rest_v1/page/html/%D8%B6%D8%BA%D8%B7_%D8%A7%D8%AC%D8%AA%D9%85%D8%A7%D8%,c2a693d2-1c38-4cb2-8829-6c03e253e3eb,2019-12-25 14:38:57,2019-12-25 09:43:09,references,36c35e23-8757-4a9d-aacf-345e9b7eb50d,https://creativecommons.org/publicdomain/zero/1.0/,https://doi.org/10.13003/CED-terms-of-use,,,https://evidence.eventdata.crossref.org/evidence/20191225-wikipedia-3cb69790-67d7-42a0-85d5-8faa7065b490,add,https://ar.wikipedia.org/wiki/%D8%B6%D8%BA%D8%B7_%D8%A7%D8%AC%D8%AA%D9%85%D8%A7%,ضغط اجتماعي,https://ar.wikipedia.org/w/index.php?title=%D8%B6%D8%BA%D8%B7_%D8%A7%D8%AC%D8%AA%D9%85%D8%A7%D8%B9%D,https://ar.wikipedia.org/api/rest_v1/page/html/%D8%B6%D8%BA%D8%B7_%D8%A7%D8%AC%D8%AA%D9%85%D8%A7%D8%,https://doi.org/10.1001/archpsyc.55.6.547,https://doi.org/10.1001/archpsyc.55.6.547
299022,wikipedia,https://doi.org/10.1001/archpsyc.55.6.547,https://en.wikipedia.org/api/rest_v1/page/html/Expressed_emotion/933085431,b2482d13-b99d-4003-9d67-1206a2813529,2019-12-29 22:21:02,2019-12-29 17:31:19,references,36c35e23-8757-4a9d-aacf-345e9b7eb50d,https://creativecommons.org/publicdomain/zero/1.0/,https://doi.org/10.13003/CED-terms-of-use,,,https://evidence.eventdata.crossref.org/evidence/20191229-wikipedia-f5917c4a-a21a-4381-89f4-4c67c57f94c9,add,https://en.wikipedia.org/wiki/Expressed_emotion,Expressed emotion,https://en.wikipedia.org/w/index.php?title=Expressed_emotion&oldid=933085431,https://en.wikipedia.org/api/rest_v1/page/html/Expressed_emotion/933085431,https://doi.org/10.1001/archpsyc.55.6.547,https://doi.org/10.1001/archpsyc.55.6.547
299023,wikipedia,https://doi.org/10.1001/archpsyc.55.6.547,https://en.wikipedia.org/api/rest_v1/page/html/Expressed_emotion/933128180,d8d0c7f3-96d2-4eb6-bf7e-b94ca55d87dd,2019-12-30 03:22:26,2019-12-29 22:30:11,references,36c35e23-8757-4a9d-aacf-345e9b7eb50d,https://creativecommons.org/publicdomain/zero/1.0/,https://doi.org/10.13003/CED-terms-of-use,,,https://evidence.eventdata.crossref.org/evidence/20191230-wikipedia-08db8df6-9cfe-4e59-bddb-4b2dfce11f34,add,https://en.wikipedia.org/wiki/Expressed_emotion,Expressed emotion,https://en.wikipedia.org/w/index.php?title=Expressed_emotion&oldid=933128180,https://en.wikipedia.org/api/rest_v1/page/html/Expressed_emotion/933128180,https://doi.org/10.1001/archpsyc.55.6.547,http://archpsyc.ama-assn.org/cgi/content/full/55/6/547
299024,wikipedia,https://doi.org/10.1001/archpsyc.55.6.547,https://en.wikipedia.org/api/rest_v1/page/html/Expressed_emotion/933129502,e4d62858-0ac2-46bc-baa2-c32656f65373,2019-12-30 03:34:06,2019-12-29 22:38:28,references,36c35e23-8757-4a9d-aacf-345e9b7eb50d,https://creativecommons.org/publicdomain/zero/1.0/,https://doi.org/10.13003/CED-terms-of-use,,,https://evidence.eventdata.crossref.org/evidence/20191230-wikipedia-9c8c9cb3-70f9-4323-a506-42b7b8c3de25,add,https://en.wikipedia.org/wiki/Expressed_emotion,Expressed emotion,https://en.wikipedia.org/w/index.php?title=Expressed_emotion&oldid=933129502,https://en.wikipedia.org/api/rest_v1/page/html/Expressed_emotion/933129502,https://doi.org/10.1001/archpsyc.55.6.547,http://archpsyc.ama-assn.org/cgi/content/full/55/6/547
299025,wikipedia,https://doi.org/10.1001/archpsyc.55.6.547,https://en.wikipedia.org/api/rest_v1/page/html/Social_stress/941505695,b8458175-b3c2-402e-890e-eec47955fda4,2020-02-19 00:00:43,2020-02-18 19:11:31,references,36c35e23-8757-4a9d-aacf-345e9b7eb50d,https://creativecommons.org/publicdomain/zero/1.0/,https://doi.org/10.13003/CED-terms-of-use,,,https://evidence.eventdata.crossref.org/evidence/20200219-wikipedia-6221dba2-f6c9-402a-88ef-d979470121d1,add,https://en.wikipedia.org/wiki/Social_stress,Social stress,https://en.wikipedia.org/w/index.php?title=Social_stress&oldid=941505695,https://en.wikipedia.org/api/rest_v1/page/html/Social_stress/941505695,https://doi.org/10.1001/archpsyc.55.6.547,https://doi.org/10.1001/archpsyc.55.6.547
299026,wikipedia,https://doi.org/10.1001/archpsyc.55.6.547,https://en.wikipedia.org/api/rest_v1/page/html/Social_stress/942099655,72b35171-de53-40f6-86cc-cfa61c856b69,2020-02-22 16:20:17,2020-02-22 11:26:53,references,36c35e23-8757-4a9d-aacf-345e9b7eb50d,https://creativecommons.org/publicdomain/zero/1.0/,https://doi.org/10.13003/CED-terms-of-use,,,https://evidence.eventdata.crossref.org/evidence/20200222-wikipedia-b56daf85-34c1-4f5e-a0a6-e5a18d5d60c8,add,https://en.wikipedia.org/wiki/Social_stress,Social stress,https://en.wikipedia.org/w/index.php?title=Social_stress&oldid=942099655,https://en.wikipedia.org/api/rest_v1/page/html/Social_stress/942099655,https://doi.org/10.1001/archpsyc.55.6.547,https://doi.org/10.1001/archpsyc.55.6.547
299027,wikipedia,https://doi.org/10.1001/archpsyc.55.6.547,https://en.wikipedia.org/api/rest_v1/page/html/Social_stress/942099409,66c03f5f-bd34-4b28-9197-ac07b0b8ab14,2020-02-22 16:18:03,2020-02-22 11:31:13,references,36c35e23-8757-4a9d-aacf-345e9b7eb50d,https://creativecommons.org/publicdomain/zero/1.0/,https://doi.org/10.13003/CED-terms-of-use,,,https://evidence.eventdata.crossref.org/evidence/20200222-wikipedia-c6a92270-b004-4f33-bca1-a0203208de30,add,https://en.wikipedia.org/wiki/Social_stress,Social stress,https://en.wikipedia.org/w/index.php?title=Social_stress&oldid=942099409,https://en.wikipedia.org/api/rest_v1/page/html/Social_stress/942099409,https://doi.org/10.1001/archpsyc.55.6.547,https://doi.org/10.1001/archpsyc.55.6.547
299028,wikipedia,https://doi.org/10.1001/archpsyc.55.6.547,https://en.wikipedia.org/api/rest_v1/page/html/Social_stress/942099742,50705324-8536-42cb-8cb0-447a67f608e2,2020-02-22 16:21:09,2020-02-22 11:50:45,references,36c35e23-8757-4a9d-aacf-345e9b7eb50d,https://creativecommons.org/publicdomain/zero/1.0/,https://doi.org/10.13003/CED-terms-of-use,,,https://evidence.eventdata.crossref.org/evidence/20200222-wikipedia-d5c5c54d-9c5c-4447-8c5e-ebfbfc535d49,add,https://en.wikipedia.org/wiki/Social_stress,Social stress,https://en.wikipedia.org/w/index.php?title=Social_stress&oldid=942099742,https://en.wikipedia.org/api/rest_v1/page/html/Social_stress/942099742,https://doi.org/10.1001/archpsyc.55.6.547,https://doi.org/10.1001/archpsyc.55.6.547
299029,wikipedia,https://doi.org/10.1001/archpsyc.55.6.547,https://en.wikipedia.org/api/rest_v1/page/html/Social_stress/942101127,9c01b46e-4b65-4d18-9bae-d8979973a8f6,2020-02-22 16:32:06,2020-02-22 12:01:43,references,36c35e23-8757-4a9d-aacf-345e9b7eb50d,https://creativecommons.org/publicdomain/zero/1.0/,https://doi.org/10.13003/CED-terms-of-use,,,https://evidence.eventdata.crossref.org/evidence/20200222-wikipedia-4cef0c68-1164-4aff-8877-68c4e1f5bd9f,add,https://en.wikipedia.org/wiki/Social_stress,Social stress,https://en.wikipedia.org/w/index.php?title=Social_stress&oldid=942101127,https://en.wikipedia.org/api/rest_v1/page/html/Social_stress/942101127,https://doi.org/10.1001/archpsyc.55.6.547,https://doi.org/10.1001/archpsyc.55.6.547
299030,wikipedia,https://doi.org/10.1001/archpsyc.55.6.547,https://en.wikipedia.org/api/rest_v1/page/html/Social_stress/942101180,1c6f46df-8796-4bbd-abed-40f6ab83e3bb,2020-02-22 16:32:38,2020-02-22 12:02:08,references,36c35e23-8757-4a9d-aacf-345e9b7eb50d,https://creativecommons.org/publicdomain/zero/1.0/,https://doi.org/10.13003/CED-terms-of-use,,,https://evidence.eventdata.crossref.org/evidence/20200222-wikipedia-663c7d73-6a47-43f2-8cc6-95a8d14edee0,add,https://en.wikipedia.org/wiki/Social_stress,Social stress,https://en.wikipedia.org/w/index.php?title=Social_stress&oldid=942101180,https://en.wikipedia.org/api/rest_v1/page/html/Social_stress/942101180,https://doi.org/10.1001/archpsyc.55.6.547,https://doi.org/10.1001/archpsyc.55.6.547
299031,wikipedia,https://doi.org/10.1001/archpsyc.55.6.547,https://en.wikipedia.org/api/rest_v1/page/html/Social_stress/942101645,12e4ec94-82de-4c8f-b8a5-5a9c9d18dd44,2020-02-22 16:36:23,2020-02-22 12:02:51,references,36c35e23-8757-4a9d-aacf-345e9b7eb50d,https://creativecommons.org/publicdomain/zero/1.0/,https://doi.org/10.13003/CED-terms-of-use,,,https://evidence.eventdata.crossref.org/evidence/20200222-wikipedia-8a31efbc-6e4d-4781-8494-a851d98627f0,add,https://en.wikipedia.org/wiki/Social_stress,Social stress,https://en.wikipedia.org/w/index.php?title=Social_stress&oldid=942101645,https://en.wikipedia.org/api/rest_v1/page/html/Social_stress/942101645,https://doi.org/10.1001/archpsyc.55.6.547,https://doi.org/10.1001/archpsyc.55.6.547
299032,wikipedia,https://doi.org/10.1001/archpsyc.55.6.547,https://en.wikipedia.org/api/rest_v1/page/html/Expressed_emotion/943252567,fb72c03c-c585-4d37-9297-7e20a0cfb2a7,2020-02-29 20:17:08,2020-02-29 15:32:47,references,36c35e23-8757-4a9d-aacf-345e9b7eb50d,https://creativecommons.org/publicdomain/zero/1.0/,https://doi.org/10.13003/CED-terms-of-use,,,https://evidence.eventdata.crossref.org/evidence/20200229-wikipedia-78b91872-dae4-47bc-b375-4696d664c770,add,https://en.wikipedia.org/wiki/Expressed_emotion,Expressed emotion,https://en.wikipedia.org/w/index.php?title=Expressed_emotion&oldid=943252567,https://en.wikipedia.org/api/rest_v1/page/html/Expressed_emotion/943252567,https://doi.org/10.1001/archpsyc.55.6.547,https://doi.org/10.1001/archpsyc.55.6.547
299033,wikipedia,https://doi.org/10.1001/archpsyc.55.6.547,https://en.wikipedia.org/api/rest_v1/page/html/Expressed_emotion/943254794,202462b0-8b87-4e0b-8e19-0764b7d3a917,2020-02-29 20:36:04,2020-02-29 15:40:45,references,36c35e23-8757-4a9d-aacf-345e9b7eb50d,https://creativecommons.org/publicdomain/zero/1.0/,https://doi.org/10.13003/CED-terms-of-use,,,https://evidence.eventdata.crossref.org/evidence/20200229-wikipedia-c6b00bd6-3c85-4c34-be64-55271efef139,add,https://en.wikipedia.org/wiki/Expressed_emotion,Expressed emotion,https://en.wikipedia.org/w/index.php?title=Expressed_emotion&oldid=943254794,https://en.wikipedia.org/api/rest_v1/page/html/Expressed_emotion/943254794,https://doi.org/10.1001/archpsyc.55.6.547,https://doi.org/10.1001/archpsyc.55.6.547
299034,wikipedia,https://doi.org/10.1001/archpsyc.55.6.547,https://en.wikipedia.org/api/rest_v1/page/html/Expressed_emotion/943255004,f5d071fb-e347-4d8a-83be-e3df7014e585,2020-02-29 20:37:41,2020-02-29 15:43:37,references,36c35e23-8757-4a9d-aacf-345e9b7eb50d,https://creativecommons.org/publicdomain/zero/1.0/,https://doi.org/10.13003/CED-terms-of-use,,,https://evidence.eventdata.crossref.org/evidence/20200229-wikipedia-c1bcb3da-0a8d-4406-9f29-94b0200c9080,add,https://en.wikipedia.org/wiki/Expressed_emotion,Expressed emotion,https://en.wikipedia.org/w/index.php?title=Expressed_emotion&oldid=943255004,https://en.wikipedia.org/api/rest_v1/page/html/Expressed_emotion/943255004,https://doi.org/10.1001/archpsyc.55.6.547,https://doi.org/10.1001/archpsyc.55.6.547
299035,wikipedia,https://doi.org/10.1001/archpsyc.55.6.547,https://en.wikipedia.org/api/rest_v1/page/html/Social_stress/974242942,24769c18-dfad-4cd5-922a-d492e5f18517,2020-08-21 22:00:33,2020-09-03 17:15:07,references,36c35e23-8757-4a9d-aacf-345e9b7eb50d,https://creativecommons.org/publicdomain/zero/1.0/,https://doi.org/10.13003/CED-terms-of-use,,,https://evidence.eventdata.crossref.org/evidence/20200821-wikipedia-12178241-0404-45f5-b034-debc9a6f622c,add,https://en.wikipedia.org/wiki/Social_stress,Social stress,https://en.wikipedia.org/w/index.php?title=Social_stress&oldid=974242942,https://en.wikipedia.org/api/rest_v1/page/html/Social_stress/974242942,https://doi.org/10.1001/archpsyc.55.6.547,https://doi.org/10.1001/archpsyc.55.6.547
299036,wikipedia,https://doi.org/10.1001/archpsyc.55.6.547,https://en.wikipedia.org/api/rest_v1/page/html/Expressed_emotion/978357460,93d3151f-dd50-4e42-bc74-f4a9d99257b5,2020-09-14 12:25:19,2020-09-15 19:49:40,references,36c35e23-8757-4a9d-aacf-345e9b7eb50d,https://creativecommons.org/publicdomain/zero/1.0/,https://doi.org/10.13003/CED-terms-of-use,,,https://evidence.eventdata.crossref.org/evidence/20200914-wikipedia-cc786d94-9ec1-4fbd-a083-dbdca34df4e5,add,https://en.wikipedia.org/wiki/Expressed_emotion,Expressed emotion,https://en.wikipedia.org/w/index.php?title=Expressed_emotion&oldid=978357460,https://en.wikipedia.org/api/rest_v1/page/html/Expressed_emotion/978357460,https://doi.org/10.1001/archpsyc.55.6.547,https://doi.org/10.1001/archpsyc.55.6.547
299037,wikipedia,https://doi.org/10.1001/archpsyc.55.6.547,https://en.wikipedia.org/api/rest_v1/page/html/Expressed_emotion/949375158,7fe79614-953e-4da2-b1c4-e7b81a1783cf,2020-04-06 03:41:23,2020-10-14 00:14:57,references,36c35e23-8757-4a9d-aacf-345e9b7eb50d,https://creativecommons.org/publicdomain/zero/1.0/,https://doi.org/10.13003/CED-terms-of-use,,,https://evidence.eventdata.crossref.org/evidence/20200406-wikipedia-ceb54d9b-4411-4aca-866f-9f9d39672971,add,https://en.wikipedia.org/wiki/Expressed_emotion,Expressed emotion,https://en.wikipedia.org/w/index.php?title=Expressed_emotion&oldid=949375158,https://en.wikipedia.org/api/rest_v1/page/html/Expressed_emotion/949375158,https://doi.org/10.1001/archpsyc.55.6.547,https://doi.org/10.1001/archpsyc.55.6.547
299038,wikipedia,https://doi.org/10.1001/archpsyc.55.6.547,https://en.wikipedia.org/api/rest_v1/page/html/Expressed_emotion/951448016,227aef73-6869-43f7-911b-f55965e41f68,2020-04-17 06:29:51,2020-10-14 06:13:19,references,36c35e23-8757-4a9d-aacf-345e9b7eb50d,https://creativecommons.org/publicdomain/zero/1.0/,https://doi.org/10.13003/CED-terms-of-use,,,https://evidence.eventdata.crossref.org/evidence/20200417-wikipedia-088a8793-87de-42d5-92d1-040dbce9f844,add,https://en.wikipedia.org/wiki/Expressed_emotion,Expressed emotion,https://en.wikipedia.org/w/index.php?title=Expressed_emotion&oldid=951448016,https://en.wikipedia.org/api/rest_v1/page/html/Expressed_emotion/951448016,https://doi.org/10.1001/archpsyc.55.6.547,https://doi.org/10.1001/archpsyc.55.6.547
299039,wikipedia,https://doi.org/10.1001/archpsyc.55.6.547,https://ar.wikipedia.org/api/rest_v1/page/html/%D8%B6%D8%BA%D8%B7_%D8%A7%D8%AC%D8%AA%D9%85%D8%A7%D8%,b078ab79-220a-4807-b840-697558423999,2020-04-27 01:30:20,2020-10-14 11:25:19,references,36c35e23-8757-4a9d-aacf-345e9b7eb50d,https://creativecommons.org/publicdomain/zero/1.0/,https://doi.org/10.13003/CED-terms-of-use,,,https://evidence.eventdata.crossref.org/evidence/20200427-wikipedia-e410f00f-b2d4-43c5-9306-abe82f5a3d11,add,https://ar.wikipedia.org/wiki/%D8%B6%D8%BA%D8%B7_%D8%A7%D8%AC%D8%AA%D9%85%D8%A7%,ضغط اجتماعي,https://ar.wikipedia.org/w/index.php?title=%D8%B6%D8%BA%D8%B7_%D8%A7%D8%AC%D8%AA%D9%85%D8%A7%D8%B9%D,https://ar.wikipedia.org/api/rest_v1/page/html/%D8%B6%D8%BA%D8%B7_%D8%A7%D8%AC%D8%AA%D9%85%D8%A7%D8%,https://doi.org/10.1001/archpsyc.55.6.547,https://doi.org/10.1001/archpsyc.55.6.547
299040,wikipedia,https://doi.org/10.1001/archpsyc.55.6.547,https://en.wikipedia.org/api/rest_v1/page/html/Social_stress/954093820,1bc68c5d-dc58-4d9f-9b38-5cf25283ac2f,2020-04-30 17:05:51,2020-10-14 12:29:38,references,36c35e23-8757-4a9d-aacf-345e9b7eb50d,https://creativecommons.org/publicdomain/zero/1.0/,https://doi.org/10.13003/CED-terms-of-use,,,https://evidence.eventdata.crossref.org/evidence/20200430-wikipedia-20751799-2ee0-4479-9dd3-9a47de0eb20f,add,https://en.wikipedia.org/wiki/Social_stress,Social stress,https://en.wikipedia.org/w/index.php?title=Social_stress&oldid=954093820,https://en.wikipedia.org/api/rest_v1/page/html/Social_stress/954093820,https://doi.org/10.1001/archpsyc.55.6.547,https://doi.org/10.1001/archpsyc.55.6.547
299041,wikipedia,https://doi.org/10.1001/archpsyc.55.6.547,https://en.wikipedia.org/api/rest_v1/page/html/Social_stress/954089108,1cc38f24-06da-4c37-aa6f-7732e8d4a04b,2020-04-30 16:37:22,2020-10-14 12:38:15,references,36c35e23-8757-4a9d-aacf-345e9b7eb50d,https://creativecommons.org/publicdomain/zero/1.0/,https://doi.org/10.13003/CED-terms-of-use,,,https://evidence.eventdata.crossref.org/evidence/20200430-wikipedia-848a51cc-3ed2-48ee-a505-e89b62178341,add,https://en.wikipedia.org/wiki/Social_stress,Social stress,https://en.wikipedia.org/w/index.php?title=Social_stress&oldid=954089108,https://en.wikipedia.org/api/rest_v1/page/html/Social_stress/954089108,https://doi.org/10.1001/archpsyc.55.6.547,https://doi.org/10.1001/archpsyc.55.6.547
299042,wikipedia,https://doi.org/10.1001/archpsyc.55.6.547,https://en.wikipedia.org/api/rest_v1/page/html/Expressed_emotion/958941080,78d94d9d-b9c4-4e26-9f3a-4f84c30974a2,2020-05-26 11:40:44,2020-10-15 01:05:28,references,36c35e23-8757-4a9d-aacf-345e9b7eb50d,https://creativecommons.org/publicdomain/zero/1.0/,https://doi.org/10.13003/CED-terms-of-use,,,https://evidence.eventdata.crossref.org/evidence/20200526-wikipedia-d170db34-6ec4-4d0c-83d9-a3b8f42f559d,add,https://en.wikipedia.org/wiki/Expressed_emotion,Expressed emotion,https://en.wikipedia.org/w/index.php?title=Expressed_emotion&oldid=958941080,https://en.wikipedia.org/api/rest_v1/page/html/Expressed_emotion/958941080,https://doi.org/10.1001/archpsyc.55.6.547,https://doi.org/10.1001/archpsyc.55.6.547
299043,wikipedia,https://doi.org/10.1001/archpsyc.55.6.547,https://en.wikipedia.org/api/rest_v1/page/html/Social_stress/962919719,6ce91dd6-c25c-4afd-bdd4-5aeb7e37ebb4,2020-06-16 19:15:35,2020-10-15 11:20:45,references,36c35e23-8757-4a9d-aacf-345e9b7eb50d,https://creativecommons.org/publicdomain/zero/1.0/,https://doi.org/10.13003/CED-terms-of-use,,,https://evidence.eventdata.crossref.org/evidence/20200616-wikipedia-e2b96035-4b8c-4324-aaa5-af2adf1f3934,add,https://en.wikipedia.org/wiki/Social_stress,Social stress,https://en.wikipedia.org/w/index.php?title=Social_stress&oldid=962919719,https://en.wikipedia.org/api/rest_v1/page/html/Social_stress/962919719,https://doi.org/10.1001/archpsyc.55.6.547,https://doi.org/10.1001/archpsyc.55.6.547
299044,wikipedia,https://doi.org/10.1001/archpsyc.55.6.547,https://en.wikipedia.org/api/rest_v1/page/html/Social_stress/963596770,5e46351c-2d43-4680-8a49-10ef0db79f72,2020-06-20 18:08:48,2020-10-15 13:14:53,references,36c35e23-8757-4a9d-aacf-345e9b7eb50d,https://creativecommons.org/publicdomain/zero/1.0/,https://doi.org/10.13003/CED-terms-of-use,,,https://evidence.eventdata.crossref.org/evidence/20200620-wikipedia-cfa9c1cc-fade-4b0b-8e31-dd1a763b1568,add,https://en.wikipedia.org/wiki/Social_stress,Social stress,https://en.wikipedia.org/w/index.php?title=Social_stress&oldid=963596770,https://en.wikipedia.org/api/rest_v1/page/html/Social_stress/963596770,https://doi.org/10.1001/archpsyc.55.6.547,https://doi.org/10.1001/archpsyc.55.6.547
299045,wikipedia,https://doi.org/10.1001/archpsyc.55.6.547,https://en.wikipedia.org/api/rest_v1/page/html/Expressed_emotion/966922032,5798d4b3-f36c-460f-a965-6088b7752cd9,2020-07-10 01:17:47,2020-10-15 22:45:10,references,36c35e23-8757-4a9d-aacf-345e9b7eb50d,https://creativecommons.org/publicdomain/zero/1.0/,https://doi.org/10.13003/CED-terms-of-use,,,https://evidence.eventdata.crossref.org/evidence/20200710-wikipedia-0eab992c-1104-48b9-b053-048bb6782054,add,https://en.wikipedia.org/wiki/Expressed_emotion,Expressed emotion,https://en.wikipedia.org/w/index.php?title=Expressed_emotion&oldid=966922032,https://en.wikipedia.org/api/rest_v1/page/html/Expressed_emotion/966922032,https://doi.org/10.1001/archpsyc.55.6.547,https://doi.org/10.1001/archpsyc.55.6.547
299046,wikipedia,https://doi.org/10.1001/archpsyc.55.6.547,https://en.wikipedia.org/api/rest_v1/page/html/Social_stress/984666675,a94c5314-1ec8-42c8-a885-e0187d25afd9,2020-10-21 11:19:41,2020-10-21 10:34:01,references,36c35e23-8757-4a9d-aacf-345e9b7eb50d,https://creativecommons.org/publicdomain/zero/1.0/,https://doi.org/10.13003/CED-terms-of-use,,,https://evidence.eventdata.crossref.org/evidence/20201021-wikipedia-329bdf5a-a830-4426-8533-25fd1d874543,add,https://en.wikipedia.org/wiki/Social_stress,Social stress,https://en.wikipedia.org/w/index.php?title=Social_stress&oldid=984666675,https://en.wikipedia.org/api/rest_v1/page/html/Social_stress/984666675,https://doi.org/10.1001/archpsyc.55.6.547,https://doi.org/10.1001/archpsyc.55.6.547
299047,wikipedia,https://doi.org/10.1001/archpsyc.55.6.547,https://en.wikipedia.org/api/rest_v1/page/html/Expressed_emotion/987067165,cbc28389-9fdd-4636-a6ea-e2827bf0eeb5,2020-11-04 18:23:49,2020-11-04 18:33:32,references,36c35e23-8757-4a9d-aacf-345e9b7eb50d,https://creativecommons.org/publicdomain/zero/1.0/,https://doi.org/10.13003/CED-terms-of-use,,,https://evidence.eventdata.crossref.org/evidence/20201104-wikipedia-aa257489-7f87-48aa-8410-b545a1056400,add,https://en.wikipedia.org/wiki/Expressed_emotion,Expressed emotion,https://en.wikipedia.org/w/index.php?title=Expressed_emotion&oldid=987067165,https://en.wikipedia.org/api/rest_v1/page/html/Expressed_emotion/987067165,https://doi.org/10.1001/archpsyc.55.6.547,https://doi.org/10.1001/archpsyc.55.6.547
299048,wikipedia,https://doi.org/10.1001/archpsyc.55.6.547,https://de.wikipedia.org/api/rest_v1/page/html/Expressed-Emotion-Konzept/206198472,4f338e2e-2937-48b7-9e62-8fa9e5165642,2020-12-03 17:45:05,2020-12-03 14:04:15,references,36c35e23-8757-4a9d-aacf-345e9b7eb50d,https://creativecommons.org/publicdomain/zero/1.0/,https://doi.org/10.13003/CED-terms-of-use,,,https://evidence.eventdata.crossref.org/evidence/20201203-wikipedia-55762d9a-1edf-492b-be18-19aac1a64d19,add,https://de.wikipedia.org/wiki/Expressed-Emotion-Konzept,Expressed-Emotion-Konzept,https://de.wikipedia.org/w/index.php?title=Expressed-Emotion-Konzept&oldid=206198472,https://de.wikipedia.org/api/rest_v1/page/html/Expressed-Emotion-Konzept/206198472,https://doi.org/10.1001/archpsyc.55.6.547,http://archpsyc.ama-assn.org/cgi/content/full/55/6/547
299049,wikipedia,https://doi.org/10.1001/archpsyc.55.6.547,https://de.wikipedia.org/api/rest_v1/page/html/Expressed-Emotion-Konzept/206201271,c2dcd562-bb32-4060-ae82-ca96c2ccd3a9,2020-12-03 19:10:05,2020-12-03 15:15:43,references,36c35e23-8757-4a9d-aacf-345e9b7eb50d,https://creativecommons.org/publicdomain/zero/1.0/,https://doi.org/10.13003/CED-terms-of-use,,,https://evidence.eventdata.crossref.org/evidence/20201203-wikipedia-34ce5ecc-6a92-4e82-a389-13d5d3d28e2e,add,https://de.wikipedia.org/wiki/Expressed-Emotion-Konzept,Expressed-Emotion-Konzept,https://de.wikipedia.org/w/index.php?title=Expressed-Emotion-Konzept&oldid=206201271,https://de.wikipedia.org/api/rest_v1/page/html/Expressed-Emotion-Konzept/206201271,https://doi.org/10.1001/archpsyc.55.6.547,https://doi.org/10.1001/archpsyc.55.6.547
299050,wikipedia,https://doi.org/10.1001/archpsyc.55.6.547,https://de.wikipedia.org/api/rest_v1/page/html/Expressed-Emotion-Konzept/206204838,fdbe64ea-693a-464d-95a9-15f4dd9207cf,2020-12-03 21:00:45,2020-12-03 16:51:43,references,36c35e23-8757-4a9d-aacf-345e9b7eb50d,https://creativecommons.org/publicdomain/zero/1.0/,https://doi.org/10.13003/CED-terms-of-use,,,https://evidence.eventdata.crossref.org/evidence/20201203-wikipedia-d56fe23c-6a4f-461a-8394-43266d856d27,add,https://de.wikipedia.org/wiki/Expressed-Emotion-Konzept,Expressed-Emotion-Konzept,https://de.wikipedia.org/w/index.php?title=Expressed-Emotion-Konzept&oldid=206204838,https://de.wikipedia.org/api/rest_v1/page/html/Expressed-Emotion-Konzept/206204838,https://doi.org/10.1001/archpsyc.55.6.547,https://doi.org/10.1001/archpsyc.55.6.547
299051,wikipedia,https://doi.org/10.1001/archpsyc.55.6.547,https://en.wikipedia.org/api/rest_v1/page/html/Social_stress/992468877,ec517d33-0937-4831-a145-1ce9b6148a3d,2020-12-05 12:33:30,2020-12-05 07:39:50,references,36c35e23-8757-4a9d-aacf-345e9b7eb50d,https://creativecommons.org/publicdomain/zero/1.0/,https://doi.org/10.13003/CED-terms-of-use,,,https://evidence.eventdata.crossref.org/evidence/20201205-wikipedia-198357f1-e8ff-42f2-8dc7-9300d8da9601,add,https://en.wikipedia.org/wiki/Social_stress,Social stress,https://en.wikipedia.org/w/index.php?title=Social_stress&oldid=992468877,https://en.wikipedia.org/api/rest_v1/page/html/Social_stress/992468877,https://doi.org/10.1001/archpsyc.55.6.547,https://doi.org/10.1001/archpsyc.55.6.547
299052,wikipedia,https://doi.org/10.1001/archpsyc.55.6.547,https://en.wikipedia.org/api/rest_v1/page/html/Expressed_emotion/992709740,98ed3ea4-6cf3-4746-aa8e-c26c5f9e2e66,2020-12-06 18:23:40,2020-12-06 13:44:07,references,36c35e23-8757-4a9d-aacf-345e9b7eb50d,https://creativecommons.org/publicdomain/zero/1.0/,https://doi.org/10.13003/CED-terms-of-use,,,https://evidence.eventdata.crossref.org/evidence/20201206-wikipedia-c21dc544-8c08-41f6-85da-728e5a430686,add,https://en.wikipedia.org/wiki/Expressed_emotion,Expressed emotion,https://en.wikipedia.org/w/index.php?title=Expressed_emotion&oldid=992709740,https://en.wikipedia.org/api/rest_v1/page/html/Expressed_emotion/992709740,https://doi.org/10.1001/archpsyc.55.6.547,https://doi.org/10.1001/archpsyc.55.6.547
299053,wikipedia,https://doi.org/10.1001/archpsyc.55.6.547,https://de.wikipedia.org/api/rest_v1/page/html/Expressed-Emotion-Konzept/206361499,758546f0-1f3a-46e5-bd2e-b6962ebbdbf2,2020-12-08 20:40:10,2020-12-08 16:13:25,references,36c35e23-8757-4a9d-aacf-345e9b7eb50d,https://creativecommons.org/publicdomain/zero/1.0/,https://doi.org/10.13003/CED-terms-of-use,,,https://evidence.eventdata.crossref.org/evidence/20201208-wikipedia-622d0d8b-3e55-44c3-8820-7e5b9373760d,add,https://de.wikipedia.org/wiki/Expressed-Emotion-Konzept,Expressed-Emotion-Konzept,https://de.wikipedia.org/w/index.php?title=Expressed-Emotion-Konzept&oldid=206361499,https://de.wikipedia.org/api/rest_v1/page/html/Expressed-Emotion-Konzept/206361499,https://doi.org/10.1001/archpsyc.55.6.547,https://doi.org/10.1001/archpsyc.55.6.547
299054,wikipedia,https://doi.org/10.1001/archpsyc.55.6.547,https://en.wikipedia.org/api/rest_v1/page/html/Social_stress/993562177,81f2d8b5-b05c-4c6a-9dd4-45bca52c01be,2020-12-11 06:53:32,2020-12-11 02:06:34,references,36c35e23-8757-4a9d-aacf-345e9b7eb50d,https://creativecommons.org/publicdomain/zero/1.0/,https://doi.org/10.13003/CED-terms-of-use,,,https://evidence.eventdata.crossref.org/evidence/20201211-wikipedia-9717a51a-a712-4fce-8361-8d222ba48882,add,https://en.wikipedia.org/wiki/Social_stress,Social stress,https://en.wikipedia.org/w/index.php?title=Social_stress&oldid=993562177,https://en.wikipedia.org/api/rest_v1/page/html/Social_stress/993562177,https://doi.org/10.1001/archpsyc.55.6.547,https://doi.org/10.1001/archpsyc.55.6.547
299055,wikipedia,https://doi.org/10.1001/archpsyc.55.6.547,https://en.wikipedia.org/api/rest_v1/page/html/Expressed_emotion/993696339,53906bbf-6da4-4911-9804-9cdec84088cf,2020-12-12 00:28:03,2020-12-11 19:32:24,references,36c35e23-8757-4a9d-aacf-345e9b7eb50d,https://creativecommons.org/publicdomain/zero/1.0/,https://doi.org/10.13003/CED-terms-of-use,,,https://evidence.eventdata.crossref.org/evidence/20201212-wikipedia-83e7dbc4-ee7c-4c04-9370-1dcafe0fd557,add,https://en.wikipedia.org/wiki/Expressed_emotion,Expressed emotion,https://en.wikipedia.org/w/index.php?title=Expressed_emotion&oldid=993696339,https://en.wikipedia.org/api/rest_v1/page/html/Expressed_emotion/993696339,https://doi.org/10.1001/archpsyc.55.6.547,https://doi.org/10.1001/archpsyc.55.6.547
299056,wikipedia,https://doi.org/10.1001/archpsyc.55.6.547,https://en.wikipedia.org/api/rest_v1/page/html/Expressed_emotion/993696803,ba978deb-ce5c-4fa9-b981-65fb14ac556c,2020-12-12 00:31:19,2020-12-11 19:40:05,references,36c35e23-8757-4a9d-aacf-345e9b7eb50d,https://creativecommons.org/publicdomain/zero/1.0/,https://doi.org/10.13003/CED-terms-of-use,,,https://evidence.eventdata.crossref.org/evidence/20201212-wikipedia-552bc8ee-1452-42f1-8d75-fe177fc0ded4,add,https://en.wikipedia.org/wiki/Expressed_emotion,Expressed emotion,https://en.wikipedia.org/w/index.php?title=Expressed_emotion&oldid=993696803,https://en.wikipedia.org/api/rest_v1/page/html/Expressed_emotion/993696803,https://doi.org/10.1001/archpsyc.55.6.547,https://doi.org/10.1001/archpsyc.55.6.547
299057,wikipedia,https://doi.org/10.1001/archpsyc.55.6.547,https://en.wikipedia.org/api/rest_v1/page/html/Expressed_emotion/993697236,86b34dce-cb9a-4fb9-9e21-2bc49874dbbf,2020-12-12 00:34:14,2020-12-11 19:43:15,references,36c35e23-8757-4a9d-aacf-345e9b7eb50d,https://creativecommons.org/publicdomain/zero/1.0/,https://doi.org/10.13003/CED-terms-of-use,,,https://evidence.eventdata.crossref.org/evidence/20201212-wikipedia-0a2181db-71c6-40c3-bfd1-764f7a78fcc0,add,https://en.wikipedia.org/wiki/Expressed_emotion,Expressed emotion,https://en.wikipedia.org/w/index.php?title=Expressed_emotion&oldid=993697236,https://en.wikipedia.org/api/rest_v1/page/html/Expressed_emotion/993697236,https://doi.org/10.1001/archpsyc.55.6.547,https://doi.org/10.1001/archpsyc.55.6.547
299058,wikipedia,https://doi.org/10.1001/archpsyc.55.6.547,https://en.wikipedia.org/api/rest_v1/page/html/Expressed_emotion/993699430,129e5819-63f8-49c7-83be-fce34c647519,2020-12-12 00:48:34,2020-12-11 19:59:06,references,36c35e23-8757-4a9d-aacf-345e9b7eb50d,https://creativecommons.org/publicdomain/zero/1.0/,https://doi.org/10.13003/CED-terms-of-use,,,https://evidence.eventdata.crossref.org/evidence/20201212-wikipedia-59d4ba3b-9645-43f9-bca6-bc922e1ca4e6,add,https://en.wikipedia.org/wiki/Expressed_emotion,Expressed emotion,https://en.wikipedia.org/w/index.php?title=Expressed_emotion&oldid=993699430,https://en.wikipedia.org/api/rest_v1/page/html/Expressed_emotion/993699430,https://doi.org/10.1001/archpsyc.55.6.547,https://doi.org/10.1001/archpsyc.55.6.547
299059,wikipedia,https://doi.org/10.1001/archpsyc.55.6.547,https://de.wikipedia.org/api/rest_v1/page/html/Expressed-Emotion-Konzept/206622528,63776f2f-9d66-4cb1-b84d-af63a0599458,2020-12-17 09:35:45,2020-12-17 04:43:03,references,36c35e23-8757-4a9d-aacf-345e9b7eb50d,https://creativecommons.org/publicdomain/zero/1.0/,https://doi.org/10.13003/CED-terms-of-use,,,https://evidence.eventdata.crossref.org/evidence/20201217-wikipedia-4c747ce1-c61a-46ce-979b-3d8e742b449b,add,https://de.wikipedia.org/wiki/Expressed-Emotion-Konzept,Expressed-Emotion-Konzept,https://de.wikipedia.org/w/index.php?title=Expressed-Emotion-Konzept&oldid=206622528,https://de.wikipedia.org/api/rest_v1/page/html/Expressed-Emotion-Konzept/206622528,https://doi.org/10.1001/archpsyc.55.6.547,http://archpsyc.ama-assn.org/cgi/content/full/55/6/547
299060,wikipedia,https://doi.org/10.1001/archpsyc.55.6.547,https://en.wikipedia.org/api/rest_v1/page/html/Expressed_emotion/995430708,28d9569b-a2fb-4a8b-adce-1d9e28ccdb4e,2020-12-21 00:24:15,2020-12-20 19:30:50,references,36c35e23-8757-4a9d-aacf-345e9b7eb50d,https://creativecommons.org/publicdomain/zero/1.0/,https://doi.org/10.13003/CED-terms-of-use,,,https://evidence.eventdata.crossref.org/evidence/20201221-wikipedia-81a4c531-ae04-4563-8a2d-b11b664356f7,add,https://en.wikipedia.org/wiki/Expressed_emotion,Expressed emotion,https://en.wikipedia.org/w/index.php?title=Expressed_emotion&oldid=995430708,https://en.wikipedia.org/api/rest_v1/page/html/Expressed_emotion/995430708,https://doi.org/10.1001/archpsyc.55.6.547,https://doi.org/10.1001/archpsyc.55.6.547
299061,wikipedia,https://doi.org/10.1001/archpsyc.55.6.547,https://de.wikipedia.org/api/rest_v1/page/html/Expressed-Emotion-Konzept/206767501,0f3df5d0-958e-4ae0-8b85-c08f694e59c3,2020-12-21 18:18:21,2020-12-21 13:30:26,references,36c35e23-8757-4a9d-aacf-345e9b7eb50d,https://creativecommons.org/publicdomain/zero/1.0/,https://doi.org/10.13003/CED-terms-of-use,,,https://evidence.eventdata.crossref.org/evidence/20201221-wikipedia-83943c38-f67d-4983-9af9-c9d7396a5b53,add,https://de.wikipedia.org/wiki/Expressed-Emotion-Konzept,Expressed-Emotion-Konzept,https://de.wikipedia.org/w/index.php?title=Expressed-Emotion-Konzept&oldid=206767501,https://de.wikipedia.org/api/rest_v1/page/html/Expressed-Emotion-Konzept/206767501,https://doi.org/10.1001/archpsyc.55.6.547,http://archpsyc.ama-assn.org/cgi/content/full/55/6/547
299062,wikipedia,https://doi.org/10.1001/archpsyc.55.6.547,https://de.wikipedia.org/api/rest_v1/page/html/Expressed-Emotion-Konzept/206799954,c63dd02e-d12b-464c-b6f5-7ea830a1b7b9,2020-12-22 18:55:05,2020-12-22 14:02:53,references,36c35e23-8757-4a9d-aacf-345e9b7eb50d,https://creativecommons.org/publicdomain/zero/1.0/,https://doi.org/10.13003/CED-terms-of-use,,,https://evidence.eventdata.crossref.org/evidence/20201222-wikipedia-c71867ee-053d-4e42-b716-0bacf4bae9d1,add,https://de.wikipedia.org/wiki/Expressed-Emotion-Konzept,Expressed-Emotion-Konzept,https://de.wikipedia.org/w/index.php?title=Expressed-Emotion-Konzept&oldid=206799954,https://de.wikipedia.org/api/rest_v1/page/html/Expressed-Emotion-Konzept/206799954,https://doi.org/10.1001/archpsyc.55.6.547,https://doi.org/10.1001/archpsyc.55.6.547
299063,wikipedia,https://doi.org/10.1001/archpsyc.55.6.547,https://de.wikipedia.org/api/rest_v1/page/html/Expressed-Emotion-Konzept/207360650,a94ac15b-6f6d-4e2f-930a-d22316114229,2021-01-07 12:43:05,2021-01-07 07:50:17,references,36c35e23-8757-4a9d-aacf-345e9b7eb50d,https://creativecommons.org/publicdomain/zero/1.0/,https://doi.org/10.13003/CED-terms-of-use,,,https://evidence.eventdata.crossref.org/evidence/20210107-wikipedia-e082b4fc-f258-434b-853b-6d654894d857,add,https://de.wikipedia.org/wiki/Expressed-Emotion-Konzept,Expressed-Emotion-Konzept,https://de.wikipedia.org/w/index.php?title=Expressed-Emotion-Konzept&oldid=207360650,https://de.wikipedia.org/api/rest_v1/page/html/Expressed-Emotion-Konzept/207360650,https://doi.org/10.1001/archpsyc.55.6.547,https://doi.org/10.1001/archpsyc.55.6.547
299064,wikipedia,https://doi.org/10.1001/archpsyc.55.6.547,https://en.wikipedia.org/api/rest_v1/page/html/Social_stress/999211777,3b00613f-def5-43fe-b823-0671cb24df82,2021-01-09 01:17:29,2021-01-08 20:27:09,references,36c35e23-8757-4a9d-aacf-345e9b7eb50d,https://creativecommons.org/publicdomain/zero/1.0/,https://doi.org/10.13003/CED-terms-of-use,,,https://evidence.eventdata.crossref.org/evidence/20210109-wikipedia-0cc94f46-9404-47dc-870f-4e31d3c26794,add,https://en.wikipedia.org/wiki/Social_stress,Social stress,https://en.wikipedia.org/w/index.php?title=Social_stress&oldid=999211777,https://en.wikipedia.org/api/rest_v1/page/html/Social_stress/999211777,https://doi.org/10.1001/archpsyc.55.6.547,https://doi.org/10.1001/archpsyc.55.6.547
299065,wikipedia,https://doi.org/10.1001/archpsyc.55.6.547,https://en.wikipedia.org/api/rest_v1/page/html/Expressed_emotion/1000285733,c551894c-11e6-449a-8da7-01915e1acb8d,2021-01-14 14:00:31,2021-01-14 09:16:05,references,36c35e23-8757-4a9d-aacf-345e9b7eb50d,https://creativecommons.org/publicdomain/zero/1.0/,https://doi.org/10.13003/CED-terms-of-use,,,https://evidence.eventdata.crossref.org/evidence/20210114-wikipedia-22821965-0ffe-4e77-83b6-f6967406befe,add,https://en.wikipedia.org/wiki/Expressed_emotion,Expressed emotion,https://en.wikipedia.org/w/index.php?title=Expressed_emotion&oldid=1000285733,https://en.wikipedia.org/api/rest_v1/page/html/Expressed_emotion/1000285733,https://doi.org/10.1001/archpsyc.55.6.547,https://doi.org/10.1001/archpsyc.55.6.547
299066,wikipedia,https://doi.org/10.1001/archpsyc.55.6.547,https://en.wikipedia.org/api/rest_v1/page/html/Social_stress/1005279085,a1491277-2b74-4e3a-b5a8-cac81669dd52,2021-02-06 22:29:03,2021-02-06 18:01:15,references,36c35e23-8757-4a9d-aacf-345e9b7eb50d,https://creativecommons.org/publicdomain/zero/1.0/,https://doi.org/10.13003/CED-terms-of-use,,,https://evidence.eventdata.crossref.org/evidence/20210206-wikipedia-2998bbd8-8e9e-4f1e-9bb4-39da4d837fde,add,https://en.wikipedia.org/wiki/Social_stress,Social stress,https://en.wikipedia.org/w/index.php?title=Social_stress&oldid=1005279085,https://en.wikipedia.org/api/rest_v1/page/html/Social_stress/1005279085,https://doi.org/10.1001/archpsyc.55.6.547,https://doi.org/10.1001/archpsyc.55.6.547
299067,wikipedia,https://doi.org/10.1001/archpsyc.55.6.547,https://de.wikipedia.org/api/rest_v1/page/html/Expressed-Emotion-Konzept/209121086,dfee1236-593e-4d52-950f-54ab318d2504,2021-02-23 09:42:31,2021-02-23 05:59:22,references,36c35e23-8757-4a9d-aacf-345e9b7eb50d,https://creativecommons.org/publicdomain/zero/1.0/,https://doi.org/10.13003/CED-terms-of-use,,,https://evidence.eventdata.crossref.org/evidence/20210223-wikipedia-bc184d1a-992d-4ba9-a55f-344a4dfef7f7,add,https://de.wikipedia.org/wiki/Expressed-Emotion-Konzept,Expressed-Emotion-Konzept,https://de.wikipedia.org/w/index.php?title=Expressed-Emotion-Konzept&oldid=209121086,https://de.wikipedia.org/api/rest_v1/page/html/Expressed-Emotion-Konzept/209121086,https://doi.org/10.1001/archpsyc.55.6.547,https://doi.org/10.1001/archpsyc.55.6.547
