crossRefIncrement,sourceID,objectID,subjectID,eventID,occurredAt,timeObserved,relationType,sourceToken,license,crossrefTermsOfUse,messageAction
2059,crossref,https://doi.org/10.1016/S0092-8674(00)81467-1,https://doi.org/10.4161/pri.5.3.16694,08acc99e-088a-4f74-95b4-8e759d56e337,2011-07-01 00:00:00,2019-06-21 06:45:31,references,8676e950-8ac5-4074-8ac3-c0a18ada7e99,https://doi.org/10.13003/CED-terms-of-use,https://doi.org/10.13003/CED-terms-of-use,create
2060,crossref,https://doi.org/10.1016/S0092-8674(00)81467-1,https://doi.org/10.3390/ijms20112633,d63bfe9e-ec33-4170-8db2-4c2abed29110,2019-05-29 00:00:00,2019-06-30 09:39:54,references,8676e950-8ac5-4074-8ac3-c0a18ada7e99,https://doi.org/10.13003/CED-terms-of-use,https://doi.org/10.13003/CED-terms-of-use,create
2061,crossref,https://doi.org/10.1016/S0092-8674(00)81467-1,https://doi.org/10.1098/rstb.2000.0762,64a81cf2-2b75-4469-a1ab-db56c0bd1f7e,2001-02-28 00:00:00,2019-07-19 07:11:56,references,8676e950-8ac5-4074-8ac3-c0a18ada7e99,https://doi.org/10.13003/CED-terms-of-use,https://doi.org/10.13003/CED-terms-of-use,create
2062,crossref,https://doi.org/10.1016/S0092-8674(00)81467-1,https://doi.org/10.1080/073911011010524982,22b7ed84-b999-4d53-9670-b2a5c50602ad,2011-02-01 00:00:00,2019-07-24 00:30:45,references,8676e950-8ac5-4074-8ac3-c0a18ada7e99,https://doi.org/10.13003/CED-terms-of-use,https://doi.org/10.13003/CED-terms-of-use,create
2063,crossref,https://doi.org/10.1016/S0092-8674(00)81467-1,https://doi.org/10.1093/femsyr/foy026,e9d93f67-6362-4003-a1c2-412136420876,2018-03-06 00:00:00,2019-10-13 01:17:21,references,8676e950-8ac5-4074-8ac3-c0a18ada7e99,https://doi.org/10.13003/CED-terms-of-use,https://doi.org/10.13003/CED-terms-of-use,create
2064,crossref,https://doi.org/10.1016/S0092-8674(00)81467-1,https://doi.org/10.4161/pri.19214,b4c50d1c-3fee-4aa5-8e79-cce0dbf97a4e,2012-07-01 00:00:00,2019-12-15 12:00:24,references,8676e950-8ac5-4074-8ac3-c0a18ada7e99,https://doi.org/10.13003/CED-terms-of-use,https://doi.org/10.13003/CED-terms-of-use,create
2065,crossref,https://doi.org/10.1016/S0092-8674(00)81467-1,https://doi.org/10.1042/BST20120013,822bc0da-015f-4369-8905-6ac40efd15ec,2012-07-20 00:00:00,2019-12-21 20:17:04,references,8676e950-8ac5-4074-8ac3-c0a18ada7e99,https://doi.org/10.13003/CED-terms-of-use,https://doi.org/10.13003/CED-terms-of-use,create
2066,crossref,https://doi.org/10.1016/S0092-8674(00)81467-1,https://doi.org/10.1134/S0006297911130013,b4f72882-4240-42f2-8631-a624d311b62c,2011-12-01 00:00:00,2019-12-29 12:50:46,references,8676e950-8ac5-4074-8ac3-c0a18ada7e99,https://doi.org/10.13003/CED-terms-of-use,https://doi.org/10.13003/CED-terms-of-use,create
