wikipediaIncrement,sourceID,objectID,subjectID,eventID,occurredAt,timeObserved,relationType,sourceToken,license,termsOfUse,updatedDate,updatedReason,evidenceRecord,eventAction,subjectPID,subjectTitle,subjectURL,subjectAPIURL,objectPID,objectURL
113122,wikipedia,https://doi.org/10.1002/(sici)1098-2353(1998)11:5<310::aid-ca3>3.0.co;2-t,https://he.wikipedia.org/api/rest_v1/page/html/%D7%92%D7%95%D7%9E%D7%AA_%D7%97%D7%9F/22715454,bd2cce26-c8b3-4c96-901c-883788589ef9,2018-03-29 10:21:43,2018-03-29 06:22:57,references,36c35e23-8757-4a9d-aacf-345e9b7eb50d,https://creativecommons.org/publicdomain/zero/1.0/,https://doi.org/10.13003/CED-terms-of-use,,,https://evidence.eventdata.crossref.org/evidence/20180329-wikipedia-2b3b9cbb-639f-41d6-be3a-2699aaaab2dd,add,https://he.wikipedia.org/wiki/%D7%92%D7%95%D7%9E%D7%AA_%D7%97%D7%9F,גומת חן,https://he.wikipedia.org/w/index.php?title=%D7%92%D7%95%D7%9E%D7%AA_%D7%97%D7%9F&oldid=22715454,https://he.wikipedia.org/api/rest_v1/page/html/%D7%92%D7%95%D7%9E%D7%AA_%D7%97%D7%9F/22715454,https://doi.org/10.1002/(sici)1098-2353(1998)11:5<310::aid-ca3>3.0.co;2-t,https://doi.org/10.1002/(sici)1098-2353(1998)11:5<310::aid-ca3>3.0.co;2-t
113123,wikipedia,https://doi.org/10.1002/(sici)1098-2353(1998)11:5<310::aid-ca3>3.0.co;2-t,https://he.wikipedia.org/api/rest_v1/page/html/%D7%92%D7%95%D7%9E%D7%AA_%D7%97%D7%9F/22715523,652c0589-fa34-480f-bd3e-676e33ac7e65,2018-03-29 10:35:37,2018-03-29 06:36:47,references,36c35e23-8757-4a9d-aacf-345e9b7eb50d,https://creativecommons.org/publicdomain/zero/1.0/,https://doi.org/10.13003/CED-terms-of-use,,,https://evidence.eventdata.crossref.org/evidence/20180329-wikipedia-b9fd170d-d363-432f-971a-588043d53186,add,https://he.wikipedia.org/wiki/%D7%92%D7%95%D7%9E%D7%AA_%D7%97%D7%9F,גומת חן,https://he.wikipedia.org/w/index.php?title=%D7%92%D7%95%D7%9E%D7%AA_%D7%97%D7%9F&oldid=22715523,https://he.wikipedia.org/api/rest_v1/page/html/%D7%92%D7%95%D7%9E%D7%AA_%D7%97%D7%9F/22715523,https://doi.org/10.1002/(sici)1098-2353(1998)11:5<310::aid-ca3>3.0.co;2-t,http://dx.doi.org/10.1002%2F%28sici%291098-2353%281998%2911%3A5%253C310%3A%3Aaid-ca3%253E3.0.co%3B2-
113124,wikipedia,https://doi.org/10.1002/(sici)1098-2353(1998)11:5<310::aid-ca3>3.0.co;2-t,https://he.wikipedia.org/api/rest_v1/page/html/%D7%92%D7%95%D7%9E%D7%AA_%D7%97%D7%9F/22972774,c677ebe9-3935-40f4-b558-274982721562,2018-05-01 07:02:59,2018-05-01 03:05:06,references,36c35e23-8757-4a9d-aacf-345e9b7eb50d,https://creativecommons.org/publicdomain/zero/1.0/,https://doi.org/10.13003/CED-terms-of-use,,,https://evidence.eventdata.crossref.org/evidence/20180501-wikipedia-68a61fa2-c441-4302-ac73-ae617f5798c2,add,https://he.wikipedia.org/wiki/%D7%92%D7%95%D7%9E%D7%AA_%D7%97%D7%9F,גומת חן,https://he.wikipedia.org/w/index.php?title=%D7%92%D7%95%D7%9E%D7%AA_%D7%97%D7%9F&oldid=22972774,https://he.wikipedia.org/api/rest_v1/page/html/%D7%92%D7%95%D7%9E%D7%AA_%D7%97%D7%9F/22972774,https://doi.org/10.1002/(sici)1098-2353(1998)11:5<310::aid-ca3>3.0.co;2-t,http://dx.doi.org/10.1002%2F%28sici%291098-2353%281998%2911%3A5%253C310%3A%3Aaid-ca3%253E3.0.co%3B2-
113125,wikipedia,https://doi.org/10.1002/(sici)1098-2353(1998)11:5<310::aid-ca3>3.0.co;2-t,https://he.wikipedia.org/api/rest_v1/page/html/%D7%92%D7%95%D7%9E%D7%AA_%D7%97%D7%9F/23207335,fdc1f521-dea3-4bf9-abd4-e4e0016e448b,2018-06-04 05:48:13,2018-06-04 01:49:39,references,36c35e23-8757-4a9d-aacf-345e9b7eb50d,https://creativecommons.org/publicdomain/zero/1.0/,https://doi.org/10.13003/CED-terms-of-use,,,https://evidence.eventdata.crossref.org/evidence/20180604-wikipedia-5e3ff3ee-07cc-4a01-82f3-f408f79ef872,add,https://he.wikipedia.org/wiki/%D7%92%D7%95%D7%9E%D7%AA_%D7%97%D7%9F,גומת חן,https://he.wikipedia.org/w/index.php?title=%D7%92%D7%95%D7%9E%D7%AA_%D7%97%D7%9F&oldid=23207335,https://he.wikipedia.org/api/rest_v1/page/html/%D7%92%D7%95%D7%9E%D7%AA_%D7%97%D7%9F/23207335,https://doi.org/10.1002/(sici)1098-2353(1998)11:5<310::aid-ca3>3.0.co;2-t,http://doi.wiley.com/10.1002/%28SICI%291098-2353%281998%2911%3A5%3C310%3A%3AAID-CA3%3E3.0.CO%3B2-T
113126,wikipedia,https://doi.org/10.1002/(sici)1098-2353(1998)11:5<310::aid-ca3>3.0.co;2-t,https://he.wikipedia.org/api/rest_v1/page/html/%D7%92%D7%95%D7%9E%D7%AA_%D7%97%D7%9F/23207349,4c72b62e-2a2d-4972-bc2e-b2a00b28fccc,2018-06-04 05:52:17,2018-06-04 01:53:57,references,36c35e23-8757-4a9d-aacf-345e9b7eb50d,https://creativecommons.org/publicdomain/zero/1.0/,https://doi.org/10.13003/CED-terms-of-use,,,https://evidence.eventdata.crossref.org/evidence/20180604-wikipedia-aad8cd8f-2f00-49a3-a583-ebeb684c4c73,add,https://he.wikipedia.org/wiki/%D7%92%D7%95%D7%9E%D7%AA_%D7%97%D7%9F,גומת חן,https://he.wikipedia.org/w/index.php?title=%D7%92%D7%95%D7%9E%D7%AA_%D7%97%D7%9F&oldid=23207349,https://he.wikipedia.org/api/rest_v1/page/html/%D7%92%D7%95%D7%9E%D7%AA_%D7%97%D7%9F/23207349,https://doi.org/10.1002/(sici)1098-2353(1998)11:5<310::aid-ca3>3.0.co;2-t,https://doi.org/10.1002/(sici)1098-2353(1998)11:5<310::aid-ca3>3.0.co;2-t
113127,wikipedia,https://doi.org/10.1002/(sici)1098-2353(1998)11:5<310::aid-ca3>3.0.co;2-t,https://he.wikipedia.org/api/rest_v1/page/html/%D7%92%D7%95%D7%9E%D7%AA_%D7%97%D7%9F/23526447,e7b79de4-3981-40a2-a4cf-f8361f87f6a8,2018-08-04 17:25:26,2018-08-04 13:27:20,references,36c35e23-8757-4a9d-aacf-345e9b7eb50d,https://creativecommons.org/publicdomain/zero/1.0/,https://doi.org/10.13003/CED-terms-of-use,,,https://evidence.eventdata.crossref.org/evidence/20180804-wikipedia-74a43966-e1b7-4d4b-8bf6-ac1d2968a979,add,https://he.wikipedia.org/wiki/%D7%92%D7%95%D7%9E%D7%AA_%D7%97%D7%9F,גומת חן,https://he.wikipedia.org/w/index.php?title=%D7%92%D7%95%D7%9E%D7%AA_%D7%97%D7%9F&oldid=23526447,https://he.wikipedia.org/api/rest_v1/page/html/%D7%92%D7%95%D7%9E%D7%AA_%D7%97%D7%9F/23526447,https://doi.org/10.1002/(sici)1098-2353(1998)11:5<310::aid-ca3>3.0.co;2-t,http://doi.wiley.com/10.1002/%28SICI%291098-2353%281998%2911%3A5%3C310%3A%3AAID-CA3%3E3.0.CO%3B2-T
113128,wikipedia,https://doi.org/10.1002/(sici)1098-2353(1998)11:5<310::aid-ca3>3.0.co;2-t,https://he.wikipedia.org/api/rest_v1/page/html/%D7%92%D7%95%D7%9E%D7%AA_%D7%97%D7%9F/23526468,b69312c6-993c-4198-857f-b475f3725c29,2018-08-04 17:27:52,2018-08-04 13:29:44,references,36c35e23-8757-4a9d-aacf-345e9b7eb50d,https://creativecommons.org/publicdomain/zero/1.0/,https://doi.org/10.13003/CED-terms-of-use,,,https://evidence.eventdata.crossref.org/evidence/20180804-wikipedia-7ee4d90c-98a8-47bd-974e-34c1f88c2fae,add,https://he.wikipedia.org/wiki/%D7%92%D7%95%D7%9E%D7%AA_%D7%97%D7%9F,גומת חן,https://he.wikipedia.org/w/index.php?title=%D7%92%D7%95%D7%9E%D7%AA_%D7%97%D7%9F&oldid=23526468,https://he.wikipedia.org/api/rest_v1/page/html/%D7%92%D7%95%D7%9E%D7%AA_%D7%97%D7%9F/23526468,https://doi.org/10.1002/(sici)1098-2353(1998)11:5<310::aid-ca3>3.0.co;2-t,http://doi.wiley.com/10.1002/%28SICI%291098-2353%281998%2911%3A5%3C310%3A%3AAID-CA3%3E3.0.CO%3B2-T
113129,wikipedia,https://doi.org/10.1002/(sici)1098-2353(1998)11:5<310::aid-ca3>3.0.co;2-t,https://he.wikipedia.org/api/rest_v1/page/html/%D7%92%D7%95%D7%9E%D7%AA_%D7%97%D7%9F/23747597,0f0d71ce-51e6-4a3e-8378-c65bed61b868,2018-09-03 04:53:34,2018-09-03 07:53:07,references,36c35e23-8757-4a9d-aacf-345e9b7eb50d,https://creativecommons.org/publicdomain/zero/1.0/,https://doi.org/10.13003/CED-terms-of-use,,,https://evidence.eventdata.crossref.org/evidence/20180903-wikipedia-05ffa080-3add-41d9-972e-0a4ccff3aec8,add,https://he.wikipedia.org/wiki/%D7%92%D7%95%D7%9E%D7%AA_%D7%97%D7%9F,גומת חן,https://he.wikipedia.org/w/index.php?title=%D7%92%D7%95%D7%9E%D7%AA_%D7%97%D7%9F&oldid=23747597,https://he.wikipedia.org/api/rest_v1/page/html/%D7%92%D7%95%D7%9E%D7%AA_%D7%97%D7%9F/23747597,https://doi.org/10.1002/(sici)1098-2353(1998)11:5<310::aid-ca3>3.0.co;2-t,http://doi.wiley.com/10.1002/%28SICI%291098-2353%281998%2911%3A5%3C310%3A%3AAID-CA3%3E3.0.CO%3B2-T
113130,wikipedia,https://doi.org/10.1002/(sici)1098-2353(1998)11:5<310::aid-ca3>3.0.co;2-t,https://he.wikipedia.org/api/rest_v1/page/html/%D7%92%D7%95%D7%9E%D7%AA_%D7%97%D7%9F/24482637,bd6b3253-5612-4cae-b43a-fe6a104f45a3,2018-12-16 15:55:40,2018-12-16 10:58:58,references,36c35e23-8757-4a9d-aacf-345e9b7eb50d,https://creativecommons.org/publicdomain/zero/1.0/,https://doi.org/10.13003/CED-terms-of-use,,,https://evidence.eventdata.crossref.org/evidence/20181216-wikipedia-daa4676f-966b-40db-8260-2dab76126669,add,https://he.wikipedia.org/wiki/%D7%92%D7%95%D7%9E%D7%AA_%D7%97%D7%9F,גומת חן,https://he.wikipedia.org/w/index.php?title=%D7%92%D7%95%D7%9E%D7%AA_%D7%97%D7%9F&oldid=24482637,https://he.wikipedia.org/api/rest_v1/page/html/%D7%92%D7%95%D7%9E%D7%AA_%D7%97%D7%9F/24482637,https://doi.org/10.1002/(sici)1098-2353(1998)11:5<310::aid-ca3>3.0.co;2-t,http://dx.doi.org/10.1002%2F%28sici%291098-2353%281998%2911%3A5%253C310%3A%3Aaid-ca3%253E3.0.co%3B2-
113131,wikipedia,https://doi.org/10.1002/(sici)1098-2353(1998)11:5<310::aid-ca3>3.0.co;2-t,https://he.wikipedia.org/api/rest_v1/page/html/%D7%92%D7%95%D7%9E%D7%AA_%D7%97%D7%9F/24482660,082056db-06c4-4212-8c46-3a65ae89ccdb,2018-12-16 16:00:28,2018-12-16 11:03:13,references,36c35e23-8757-4a9d-aacf-345e9b7eb50d,https://creativecommons.org/publicdomain/zero/1.0/,https://doi.org/10.13003/CED-terms-of-use,,,https://evidence.eventdata.crossref.org/evidence/20181216-wikipedia-c11f4a24-e119-4d75-a8ae-c5578d4721a4,add,https://he.wikipedia.org/wiki/%D7%92%D7%95%D7%9E%D7%AA_%D7%97%D7%9F,גומת חן,https://he.wikipedia.org/w/index.php?title=%D7%92%D7%95%D7%9E%D7%AA_%D7%97%D7%9F&oldid=24482660,https://he.wikipedia.org/api/rest_v1/page/html/%D7%92%D7%95%D7%9E%D7%AA_%D7%97%D7%9F/24482660,https://doi.org/10.1002/(sici)1098-2353(1998)11:5<310::aid-ca3>3.0.co;2-t,https://doi.org/10.1002/(sici)1098-2353(1998)11:5<310::aid-ca3>3.0.co;2-t
113132,wikipedia,https://doi.org/10.1002/(sici)1098-2353(1998)11:5<310::aid-ca3>3.0.co;2-t,https://he.wikipedia.org/api/rest_v1/page/html/%D7%92%D7%95%D7%9E%D7%AA_%D7%97%D7%9F/24482650,e46664c8-44d6-4c66-9123-9d22cdad635f,2018-12-16 15:58:12,2018-12-16 11:03:42,references,36c35e23-8757-4a9d-aacf-345e9b7eb50d,https://creativecommons.org/publicdomain/zero/1.0/,https://doi.org/10.13003/CED-terms-of-use,,,https://evidence.eventdata.crossref.org/evidence/20181216-wikipedia-a90ac8a9-bec0-47eb-8a45-c94fc18942ae,add,https://he.wikipedia.org/wiki/%D7%92%D7%95%D7%9E%D7%AA_%D7%97%D7%9F,גומת חן,https://he.wikipedia.org/w/index.php?title=%D7%92%D7%95%D7%9E%D7%AA_%D7%97%D7%9F&oldid=24482650,https://he.wikipedia.org/api/rest_v1/page/html/%D7%92%D7%95%D7%9E%D7%AA_%D7%97%D7%9F/24482650,https://doi.org/10.1002/(sici)1098-2353(1998)11:5<310::aid-ca3>3.0.co;2-t,http://dx.doi.org/10.1002%2F%28sici%291098-2353%281998%2911%3A5%253C310%3A%3Aaid-ca3%253E3.0.co%3B2-
113133,wikipedia,https://doi.org/10.1002/(sici)1098-2353(1998)11:5<310::aid-ca3>3.0.co;2-t,https://he.wikipedia.org/api/rest_v1/page/html/%D7%92%D7%95%D7%9E%D7%AA_%D7%97%D7%9F/25616880,7d3a7c50-da55-4dc9-8c02-63b5eaadbce4,2019-05-31 09:31:40,2019-06-09 13:37:38,references,36c35e23-8757-4a9d-aacf-345e9b7eb50d,https://creativecommons.org/publicdomain/zero/1.0/,https://doi.org/10.13003/CED-terms-of-use,,,https://evidence.eventdata.crossref.org/evidence/20190531-wikipedia-787ecb6f-fd88-435d-b348-029a24535eb1,add,https://he.wikipedia.org/wiki/%D7%92%D7%95%D7%9E%D7%AA_%D7%97%D7%9F,גומת חן,https://he.wikipedia.org/w/index.php?title=%D7%92%D7%95%D7%9E%D7%AA_%D7%97%D7%9F&oldid=25616880,https://he.wikipedia.org/api/rest_v1/page/html/%D7%92%D7%95%D7%9E%D7%AA_%D7%97%D7%9F/25616880,https://doi.org/10.1002/(sici)1098-2353(1998)11:5<310::aid-ca3>3.0.co;2-t,http://doi.wiley.com/10.1002/%28SICI%291098-2353%281998%2911%3A5%3C310%3A%3AAID-CA3%3E3.0.CO%3B2-T
113134,wikipedia,https://doi.org/10.1002/(sici)1098-2353(1998)11:5<310::aid-ca3>3.0.co;2-t,https://he.wikipedia.org/api/rest_v1/page/html/%D7%92%D7%95%D7%9E%D7%AA_%D7%97%D7%9F/26894628,f17eb0dc-b5b3-4abd-a30f-c62e89254374,2019-12-16 19:32:20,2019-12-18 09:33:43,references,36c35e23-8757-4a9d-aacf-345e9b7eb50d,https://creativecommons.org/publicdomain/zero/1.0/,https://doi.org/10.13003/CED-terms-of-use,,,https://evidence.eventdata.crossref.org/evidence/20191216-wikipedia-ef916ac7-960d-4a80-861f-6e3881cc5bef,add,https://he.wikipedia.org/wiki/%D7%92%D7%95%D7%9E%D7%AA_%D7%97%D7%9F,גומת חן,https://he.wikipedia.org/w/index.php?title=%D7%92%D7%95%D7%9E%D7%AA_%D7%97%D7%9F&oldid=26894628,https://he.wikipedia.org/api/rest_v1/page/html/%D7%92%D7%95%D7%9E%D7%AA_%D7%97%D7%9F/26894628,https://doi.org/10.1002/(sici)1098-2353(1998)11:5<310::aid-ca3>3.0.co;2-t,http://dx.doi.org/10.1002%2F%28sici%291098-2353%281998%2911%3A5%253C310%3A%3Aaid-ca3%253E3.0.co%3B2-
113135,wikipedia,https://doi.org/10.1002/(sici)1098-2353(1998)11:5<310::aid-ca3>3.0.co;2-t,https://he.wikipedia.org/api/rest_v1/page/html/%D7%92%D7%95%D7%9E%D7%AA_%D7%97%D7%9F/26894584,d6091daa-be1c-4e4f-b482-29eebea8e9fa,2019-12-16 19:24:02,2019-12-18 10:19:14,references,36c35e23-8757-4a9d-aacf-345e9b7eb50d,https://creativecommons.org/publicdomain/zero/1.0/,https://doi.org/10.13003/CED-terms-of-use,,,https://evidence.eventdata.crossref.org/evidence/20191216-wikipedia-7a0017ca-4351-4b48-91be-6e210147cdaf,add,https://he.wikipedia.org/wiki/%D7%92%D7%95%D7%9E%D7%AA_%D7%97%D7%9F,גומת חן,https://he.wikipedia.org/w/index.php?title=%D7%92%D7%95%D7%9E%D7%AA_%D7%97%D7%9F&oldid=26894584,https://he.wikipedia.org/api/rest_v1/page/html/%D7%92%D7%95%D7%9E%D7%AA_%D7%97%D7%9F/26894584,https://doi.org/10.1002/(sici)1098-2353(1998)11:5<310::aid-ca3>3.0.co;2-t,http://doi.wiley.com/10.1002/%28SICI%291098-2353%281998%2911%3A5%3C310%3A%3AAID-CA3%3E3.0.CO%3B2-T
113136,wikipedia,https://doi.org/10.1002/(sici)1098-2353(1998)11:5<310::aid-ca3>3.0.co;2-t,https://he.wikipedia.org/api/rest_v1/page/html/%D7%92%D7%95%D7%9E%D7%AA_%D7%97%D7%9F/27983889,e75d2f96-233b-4333-905c-6e773471de75,2020-05-01 23:55:24,2020-10-14 13:09:23,references,36c35e23-8757-4a9d-aacf-345e9b7eb50d,https://creativecommons.org/publicdomain/zero/1.0/,https://doi.org/10.13003/CED-terms-of-use,,,https://evidence.eventdata.crossref.org/evidence/20200501-wikipedia-b458eed3-afe3-4716-95d6-2ad4425003aa,add,https://he.wikipedia.org/wiki/%D7%92%D7%95%D7%9E%D7%AA_%D7%97%D7%9F,גומת חן,https://he.wikipedia.org/w/index.php?title=%D7%92%D7%95%D7%9E%D7%AA_%D7%97%D7%9F&oldid=27983889,https://he.wikipedia.org/api/rest_v1/page/html/%D7%92%D7%95%D7%9E%D7%AA_%D7%97%D7%9F/27983889,https://doi.org/10.1002/(sici)1098-2353(1998)11:5<310::aid-ca3>3.0.co;2-t,http://doi.wiley.com/10.1002/%28SICI%291098-2353%281998%2911%3A5%3C310%3A%3AAID-CA3%3E3.0.CO%3B2-T
