wikipediaIncrement,sourceID,objectID,subjectID,eventID,occurredAt,timeObserved,relationType,sourceToken,license,termsOfUse,updatedDate,updatedReason,evidenceRecord,eventAction,subjectPID,subjectTitle,subjectURL,subjectAPIURL,objectPID,objectURL
3635,wikipedia,https://doi.org/10.1001/jama.280.18.1601,https://en.wikipedia.org/wiki/Bharadvajasana,9e788b14-655e-4708-9b4a-b1ec2732dba5,2017-08-27 11:48:21,2017-08-27 07:49:17,references,36c35e23-8757-4a9d-aacf-345e9b7eb50d,https://creativecommons.org/publicdomain/zero/1.0/,https://doi.org/10.13003/CED-terms-of-use,2018-01-31 17:30:00,https://evidence.eventdata.crossref.org/announcements/2018-01-19T00-00-00Z-ED-15.json,https://evidence.eventdata.crossref.org/evidence/20170827-wikipedia-0423b6ad-67d4-41b8-8df7-6ac89e9a527e,add,https://en.wikipedia.org/wiki/Bharadvajasana,Bharadvajasana,https://en.wikipedia.org/w/index.php?title=Bharadvajasana&oldid=797495444,https://en.wikipedia.org/api/rest_v1/page/html/Bharadvajasana/797495444,https://doi.org/10.1001/jama.280.18.1601,https://doi.org/10.1001/jama.280.18.1601
3636,wikipedia,https://doi.org/10.1001/jama.280.18.1601,https://en.wikipedia.org/wiki/Marian_Garfinkel,95cc4d5e-35ef-49ff-a50e-9346c8c677d2,2017-10-09 16:15:56,2017-10-09 12:17:17,references,36c35e23-8757-4a9d-aacf-345e9b7eb50d,https://creativecommons.org/publicdomain/zero/1.0/,https://doi.org/10.13003/CED-terms-of-use,2018-01-31 17:30:00,https://evidence.eventdata.crossref.org/announcements/2018-01-19T00-00-00Z-ED-15.json,https://evidence.eventdata.crossref.org/evidence/20171009-wikipedia-1208672b-8af4-4e2b-b352-bea080a4eafc,add,https://en.wikipedia.org/wiki/Marian_Garfinkel,Marian Garfinkel,https://en.wikipedia.org/w/index.php?title=Marian_Garfinkel&oldid=804527054,https://en.wikipedia.org/api/rest_v1/page/html/Marian_Garfinkel/804527054,https://doi.org/10.1001/jama.280.18.1601,https://doi.org/10.1001/jama.280.18.1601
3637,wikipedia,https://doi.org/10.1001/jama.280.18.1601,https://en.wikipedia.org/api/rest_v1/page/html/Marian_Garfinkel/805560547,5a48ae11-0fdc-47a3-93fe-0bec677b726e,2017-10-16 04:57:40,2017-10-16 00:59:45,references,36c35e23-8757-4a9d-aacf-345e9b7eb50d,https://creativecommons.org/publicdomain/zero/1.0/,https://doi.org/10.13003/CED-terms-of-use,,,https://evidence.eventdata.crossref.org/evidence/20171016-wikipedia-9e5eb99b-dfdf-48e0-a028-444174fc1abc,add,https://en.wikipedia.org/w/index.php?title=Marian_Garfinkel&oldid=805560547,Marian Garfinkel,https://en.wikipedia.org/wiki/Marian_Garfinkel,https://en.wikipedia.org/api/rest_v1/page/html/Marian_Garfinkel/805560547,https://doi.org/10.1001/jama.280.18.1601,https://doi.org/10.1001/jama.280.18.1601
3638,wikipedia,https://doi.org/10.1001/jama.280.18.1601,https://en.wikipedia.org/api/rest_v1/page/html/Marian_Garfinkel/805561378,6a997c8d-0da3-45bf-ba25-d94aec69fe63,2017-10-16 05:07:23,2017-10-16 01:08:49,references,36c35e23-8757-4a9d-aacf-345e9b7eb50d,https://creativecommons.org/publicdomain/zero/1.0/,https://doi.org/10.13003/CED-terms-of-use,,,https://evidence.eventdata.crossref.org/evidence/20171016-wikipedia-3ed75372-b8d1-48ed-84d8-a0bf13a3de34,add,https://en.wikipedia.org/w/index.php?title=Marian_Garfinkel&oldid=805561378,Marian Garfinkel,https://en.wikipedia.org/wiki/Marian_Garfinkel,https://en.wikipedia.org/api/rest_v1/page/html/Marian_Garfinkel/805561378,https://doi.org/10.1001/jama.280.18.1601,https://doi.org/10.1001/jama.280.18.1601
3639,wikipedia,https://doi.org/10.1001/jama.280.18.1601,https://en.wikipedia.org/api/rest_v1/page/html/Marian_Garfinkel/805601542,7edbb180-2686-4c6c-8f76-89e15b427368,2017-10-16 13:06:03,2017-10-16 09:06:46,references,36c35e23-8757-4a9d-aacf-345e9b7eb50d,https://creativecommons.org/publicdomain/zero/1.0/,https://doi.org/10.13003/CED-terms-of-use,,,https://evidence.eventdata.crossref.org/evidence/20171016-wikipedia-8bb6a0e3-6d83-4f51-952b-ca64b398ee60,add,https://en.wikipedia.org/w/index.php?title=Marian_Garfinkel&oldid=805601542,Marian Garfinkel,https://en.wikipedia.org/wiki/Marian_Garfinkel,https://en.wikipedia.org/api/rest_v1/page/html/Marian_Garfinkel/805601542,https://doi.org/10.1001/jama.280.18.1601,https://doi.org/10.1001/jama.280.18.1601
3640,wikipedia,https://doi.org/10.1001/jama.280.18.1601,https://en.wikipedia.org/api/rest_v1/page/html/Marian_Garfinkel/805698234,f6821a91-1409-414f-9764-d6558f541c2d,2017-10-17 01:47:27,2017-10-16 21:51:22,references,36c35e23-8757-4a9d-aacf-345e9b7eb50d,https://creativecommons.org/publicdomain/zero/1.0/,https://doi.org/10.13003/CED-terms-of-use,,,https://evidence.eventdata.crossref.org/evidence/20171017-wikipedia-93bfb31d-d5ec-4f9f-93bb-795c9c0a9ede,add,https://en.wikipedia.org/w/index.php?title=Marian_Garfinkel&oldid=805698234,Marian Garfinkel,https://en.wikipedia.org/wiki/Marian_Garfinkel,https://en.wikipedia.org/api/rest_v1/page/html/Marian_Garfinkel/805698234,https://doi.org/10.1001/jama.280.18.1601,https://doi.org/10.1001/jama.280.18.1601
3641,wikipedia,https://doi.org/10.1001/jama.280.18.1601,https://en.wikipedia.org/api/rest_v1/page/html/Marian_Garfinkel/805698644,c4defb16-a95b-49fc-8440-438857c640db,2017-10-17 01:51:27,2017-10-16 21:56:50,references,36c35e23-8757-4a9d-aacf-345e9b7eb50d,https://creativecommons.org/publicdomain/zero/1.0/,https://doi.org/10.13003/CED-terms-of-use,,,https://evidence.eventdata.crossref.org/evidence/20171017-wikipedia-cb06d15a-5af9-4af5-911d-1a39240dbefb,add,https://en.wikipedia.org/w/index.php?title=Marian_Garfinkel&oldid=805698644,Marian Garfinkel,https://en.wikipedia.org/wiki/Marian_Garfinkel,https://en.wikipedia.org/api/rest_v1/page/html/Marian_Garfinkel/805698644,https://doi.org/10.1001/jama.280.18.1601,https://doi.org/10.1001/jama.280.18.1601
3642,wikipedia,https://doi.org/10.1001/jama.280.18.1601,https://en.wikipedia.org/api/rest_v1/page/html/Marian_Garfinkel/805698475,1d2b81f5-988f-46cc-a6e5-18af6bf130dc,2017-10-17 01:49:54,2017-10-16 21:58:46,references,36c35e23-8757-4a9d-aacf-345e9b7eb50d,https://creativecommons.org/publicdomain/zero/1.0/,https://doi.org/10.13003/CED-terms-of-use,,,https://evidence.eventdata.crossref.org/evidence/20171017-wikipedia-32eb30b3-1751-405d-88c2-f9d13c05e6de,add,https://en.wikipedia.org/w/index.php?title=Marian_Garfinkel&oldid=805698475,Marian Garfinkel,https://en.wikipedia.org/wiki/Marian_Garfinkel,https://en.wikipedia.org/api/rest_v1/page/html/Marian_Garfinkel/805698475,https://doi.org/10.1001/jama.280.18.1601,https://doi.org/10.1001/jama.280.18.1601
3643,wikipedia,https://doi.org/10.1001/jama.280.18.1601,https://en.wikipedia.org/api/rest_v1/page/html/Marian_Garfinkel/805698577,54eae091-7ee8-4f76-81e4-63da217ad639,2017-10-17 01:50:48,2017-10-16 22:01:58,references,36c35e23-8757-4a9d-aacf-345e9b7eb50d,https://creativecommons.org/publicdomain/zero/1.0/,https://doi.org/10.13003/CED-terms-of-use,,,https://evidence.eventdata.crossref.org/evidence/20171017-wikipedia-97cf2bba-56cc-406d-a30d-e2ad425babed,add,https://en.wikipedia.org/w/index.php?title=Marian_Garfinkel&oldid=805698577,Marian Garfinkel,https://en.wikipedia.org/wiki/Marian_Garfinkel,https://en.wikipedia.org/api/rest_v1/page/html/Marian_Garfinkel/805698577,https://doi.org/10.1001/jama.280.18.1601,https://doi.org/10.1001/jama.280.18.1601
3644,wikipedia,https://doi.org/10.1001/jama.280.18.1601,https://en.wikipedia.org/api/rest_v1/page/html/Marian_Garfinkel/805700584,007d5dc0-4049-4ea2-b682-0ed6ed549aab,2017-10-17 02:12:25,2017-10-16 22:17:53,references,36c35e23-8757-4a9d-aacf-345e9b7eb50d,https://creativecommons.org/publicdomain/zero/1.0/,https://doi.org/10.13003/CED-terms-of-use,,,https://evidence.eventdata.crossref.org/evidence/20171017-wikipedia-9eb3c8bb-647d-4fec-9da0-84aed255b6b7,add,https://en.wikipedia.org/w/index.php?title=Marian_Garfinkel&oldid=805700584,Marian Garfinkel,https://en.wikipedia.org/wiki/Marian_Garfinkel,https://en.wikipedia.org/api/rest_v1/page/html/Marian_Garfinkel/805700584,https://doi.org/10.1001/jama.280.18.1601,https://doi.org/10.1001/jama.280.18.1601
3645,wikipedia,https://doi.org/10.1001/jama.280.18.1601,https://en.wikipedia.org/api/rest_v1/page/html/Marian_Garfinkel/808540966,727b027f-223b-40d1-a9fa-543e0b5c2b8e,2017-11-03 13:55:14,2017-11-03 09:56:12,references,36c35e23-8757-4a9d-aacf-345e9b7eb50d,https://creativecommons.org/publicdomain/zero/1.0/,https://doi.org/10.13003/CED-terms-of-use,,,https://evidence.eventdata.crossref.org/evidence/20171103-wikipedia-ffa5d7ef-d7d4-4fe9-8b34-b6999eec0464,add,https://en.wikipedia.org/w/index.php?title=Marian_Garfinkel&oldid=808540966,Marian Garfinkel,https://en.wikipedia.org/wiki/Marian_Garfinkel,https://en.wikipedia.org/api/rest_v1/page/html/Marian_Garfinkel/808540966,https://doi.org/10.1001/jama.280.18.1601,https://doi.org/10.1001/jama.280.18.1601
3646,wikipedia,https://doi.org/10.1001/jama.280.18.1601,https://en.wikipedia.org/api/rest_v1/page/html/Marian_Garfinkel/809863777,786109c4-eed2-4afe-8f1d-272918aaa01a,2017-11-11 23:16:19,2017-11-11 18:17:14,references,36c35e23-8757-4a9d-aacf-345e9b7eb50d,https://creativecommons.org/publicdomain/zero/1.0/,https://doi.org/10.13003/CED-terms-of-use,,,https://evidence.eventdata.crossref.org/evidence/20171111-wikipedia-1e996063-90bf-44be-ad2b-b639855fb335,add,https://en.wikipedia.org/w/index.php?title=Marian_Garfinkel&oldid=809863777,Marian Garfinkel,https://en.wikipedia.org/wiki/Marian_Garfinkel,https://en.wikipedia.org/api/rest_v1/page/html/Marian_Garfinkel/809863777,https://doi.org/10.1001/jama.280.18.1601,https://doi.org/10.1001/jama.280.18.1601
3647,wikipedia,https://doi.org/10.1001/jama.280.18.1601,https://en.wikipedia.org/api/rest_v1/page/html/Marian_Garfinkel/809913687,6df45fd5-b480-4c4e-9e17-d78bfb367cc3,2017-11-12 08:27:59,2017-11-12 03:28:54,references,36c35e23-8757-4a9d-aacf-345e9b7eb50d,https://creativecommons.org/publicdomain/zero/1.0/,https://doi.org/10.13003/CED-terms-of-use,,,https://evidence.eventdata.crossref.org/evidence/20171112-wikipedia-251da09b-bf30-4d48-9463-876637a62adb,add,https://en.wikipedia.org/w/index.php?title=Marian_Garfinkel&oldid=809913687,Marian Garfinkel,https://en.wikipedia.org/wiki/Marian_Garfinkel,https://en.wikipedia.org/api/rest_v1/page/html/Marian_Garfinkel/809913687,https://doi.org/10.1001/jama.280.18.1601,https://doi.org/10.1001/jama.280.18.1601
3648,wikipedia,https://doi.org/10.1001/jama.280.18.1601,https://en.wikipedia.org/api/rest_v1/page/html/Marian_Garfinkel/810061999,dd1786ad-3287-42cf-9dc8-bcd999a2a895,2017-11-13 04:07:38,2017-11-12 23:09:10,references,36c35e23-8757-4a9d-aacf-345e9b7eb50d,https://creativecommons.org/publicdomain/zero/1.0/,https://doi.org/10.13003/CED-terms-of-use,,,https://evidence.eventdata.crossref.org/evidence/20171113-wikipedia-2aa3b537-6f27-4831-b84f-4ac5b46c65b3,add,https://en.wikipedia.org/w/index.php?title=Marian_Garfinkel&oldid=810061999,Marian Garfinkel,https://en.wikipedia.org/wiki/Marian_Garfinkel,https://en.wikipedia.org/api/rest_v1/page/html/Marian_Garfinkel/810061999,https://doi.org/10.1001/jama.280.18.1601,https://doi.org/10.1001/jama.280.18.1601
3649,wikipedia,https://doi.org/10.1001/jama.280.18.1601,https://en.wikipedia.org/api/rest_v1/page/html/Marian_Garfinkel/813319179,56a4cb35-b222-440b-bad4-8089320c8764,2017-12-03 01:48:44,2018-01-14 00:12:10,references,36c35e23-8757-4a9d-aacf-345e9b7eb50d,https://creativecommons.org/publicdomain/zero/1.0/,https://doi.org/10.13003/CED-terms-of-use,,,https://evidence.eventdata.crossref.org/evidence/20171203-wikipedia-15b72c05-8e25-4253-a465-e25c4e241e5f,add,https://en.wikipedia.org/w/index.php?title=Marian_Garfinkel&oldid=813319179,Marian Garfinkel,https://en.wikipedia.org/wiki/Marian_Garfinkel,https://en.wikipedia.org/api/rest_v1/page/html/Marian_Garfinkel/813319179,https://doi.org/10.1001/jama.280.18.1601,https://doi.org/10.1001/jama.280.18.1601
3650,wikipedia,https://doi.org/10.1001/jama.280.18.1601,https://en.wikipedia.org/api/rest_v1/page/html/Marian_Garfinkel/825457948,36c86cf8-5564-451d-b88b-43d4a0a3218f,2018-02-13 14:44:13,2018-02-13 09:45:49,references,36c35e23-8757-4a9d-aacf-345e9b7eb50d,https://creativecommons.org/publicdomain/zero/1.0/,https://doi.org/10.13003/CED-terms-of-use,,,https://evidence.eventdata.crossref.org/evidence/20180213-wikipedia-ed45ad20-f7cf-4324-b5ba-3bebaf3f27de,add,https://en.wikipedia.org/wiki/Marian_Garfinkel,Marian Garfinkel,https://en.wikipedia.org/w/index.php?title=Marian_Garfinkel&oldid=825457948,https://en.wikipedia.org/api/rest_v1/page/html/Marian_Garfinkel/825457948,https://doi.org/10.1001/jama.280.18.1601,https://doi.org/10.1001/jama.280.18.1601
3651,wikipedia,https://doi.org/10.1001/jama.280.18.1601,https://en.wikipedia.org/api/rest_v1/page/html/Marian_Garfinkel/832772621,f1c45d79-e2b3-48bd-bbe3-67624b97e48c,2018-03-27 22:34:58,2018-03-27 18:37:20,references,36c35e23-8757-4a9d-aacf-345e9b7eb50d,https://creativecommons.org/publicdomain/zero/1.0/,https://doi.org/10.13003/CED-terms-of-use,,,https://evidence.eventdata.crossref.org/evidence/20180327-wikipedia-d92b6de8-41c4-451a-a2b6-4c23cd3b0e12,add,https://en.wikipedia.org/wiki/Marian_Garfinkel,Marian Garfinkel,https://en.wikipedia.org/w/index.php?title=Marian_Garfinkel&oldid=832772621,https://en.wikipedia.org/api/rest_v1/page/html/Marian_Garfinkel/832772621,https://doi.org/10.1001/jama.280.18.1601,https://doi.org/10.1001/jama.280.18.1601
3652,wikipedia,https://doi.org/10.1001/jama.280.18.1601,https://en.wikipedia.org/api/rest_v1/page/html/Marian_Garfinkel/833439913,5071e6ae-f02d-4165-b6f1-87f9c95b48a6,2018-03-31 15:32:41,2018-03-31 11:34:12,references,36c35e23-8757-4a9d-aacf-345e9b7eb50d,https://creativecommons.org/publicdomain/zero/1.0/,https://doi.org/10.13003/CED-terms-of-use,,,https://evidence.eventdata.crossref.org/evidence/20180331-wikipedia-f7922df0-e2db-41b5-92c9-89427099c6d3,add,https://en.wikipedia.org/wiki/Marian_Garfinkel,Marian Garfinkel,https://en.wikipedia.org/w/index.php?title=Marian_Garfinkel&oldid=833439913,https://en.wikipedia.org/api/rest_v1/page/html/Marian_Garfinkel/833439913,https://doi.org/10.1001/jama.280.18.1601,https://doi.org/10.1001/jama.280.18.1601
3653,wikipedia,https://doi.org/10.1001/jama.280.18.1601,https://en.wikipedia.org/api/rest_v1/page/html/Marian_Garfinkel/833440082,3a866696-4132-4922-b7d7-4f6c6f55999e,2018-03-31 15:33:56,2018-03-31 11:35:53,references,36c35e23-8757-4a9d-aacf-345e9b7eb50d,https://creativecommons.org/publicdomain/zero/1.0/,https://doi.org/10.13003/CED-terms-of-use,,,https://evidence.eventdata.crossref.org/evidence/20180331-wikipedia-b0086eae-3650-4f3e-a4fa-e0d41308ff77,add,https://en.wikipedia.org/wiki/Marian_Garfinkel,Marian Garfinkel,https://en.wikipedia.org/w/index.php?title=Marian_Garfinkel&oldid=833440082,https://en.wikipedia.org/api/rest_v1/page/html/Marian_Garfinkel/833440082,https://doi.org/10.1001/jama.280.18.1601,https://doi.org/10.1001/jama.280.18.1601
3654,wikipedia,https://doi.org/10.1001/jama.280.18.1601,https://en.wikipedia.org/api/rest_v1/page/html/Bharadvajasana/835987315,aea0d72f-de64-4828-9b87-70db9a5883e4,2018-04-12 00:18:16,2018-04-11 20:19:21,references,36c35e23-8757-4a9d-aacf-345e9b7eb50d,https://creativecommons.org/publicdomain/zero/1.0/,https://doi.org/10.13003/CED-terms-of-use,,,https://evidence.eventdata.crossref.org/evidence/20180412-wikipedia-04a58ad5-1dfa-4a2a-a90f-5c76bf13ea6f,add,https://en.wikipedia.org/wiki/Bharadvajasana,Bharadvajasana,https://en.wikipedia.org/w/index.php?title=Bharadvajasana&oldid=835987315,https://en.wikipedia.org/api/rest_v1/page/html/Bharadvajasana/835987315,https://doi.org/10.1001/jama.280.18.1601,https://dx.doi.org/10.1001/jama.280.18.1601
3655,wikipedia,https://doi.org/10.1001/jama.280.18.1601,https://en.wikipedia.org/api/rest_v1/page/html/Bharadvajasana/841174861,b21a1a62-27d2-446f-83c6-7cfe9fb61b5b,2018-05-14 13:25:20,2018-05-14 09:27:37,references,36c35e23-8757-4a9d-aacf-345e9b7eb50d,https://creativecommons.org/publicdomain/zero/1.0/,https://doi.org/10.13003/CED-terms-of-use,,,https://evidence.eventdata.crossref.org/evidence/20180514-wikipedia-a0bb701d-a1db-45c7-a13b-1831d0c7faa7,add,https://en.wikipedia.org/wiki/Bharadvajasana,Bharadvajasana,https://en.wikipedia.org/w/index.php?title=Bharadvajasana&oldid=841174861,https://en.wikipedia.org/api/rest_v1/page/html/Bharadvajasana/841174861,https://doi.org/10.1001/jama.280.18.1601,https://dx.doi.org/10.1001/jama.280.18.1601
3656,wikipedia,https://doi.org/10.1001/jama.280.18.1601,https://en.wikipedia.org/api/rest_v1/page/html/Marian_Garfinkel/855619350,acde128f-0a65-4828-82ed-ac01134ba3c3,2018-08-19 16:55:38,2018-08-19 12:57:20,references,36c35e23-8757-4a9d-aacf-345e9b7eb50d,https://creativecommons.org/publicdomain/zero/1.0/,https://doi.org/10.13003/CED-terms-of-use,,,https://evidence.eventdata.crossref.org/evidence/20180819-wikipedia-86bb4afb-4779-4096-9a6e-fc0d2f22abcb,add,https://en.wikipedia.org/wiki/Marian_Garfinkel,Marian Garfinkel,https://en.wikipedia.org/w/index.php?title=Marian_Garfinkel&oldid=855619350,https://en.wikipedia.org/api/rest_v1/page/html/Marian_Garfinkel/855619350,https://doi.org/10.1001/jama.280.18.1601,https://doi.org/10.1001/jama.280.18.1601
3657,wikipedia,https://doi.org/10.1001/jama.280.18.1601,https://en.wikipedia.org/api/rest_v1/page/html/Marian_Garfinkel/855621890,486d72b4-3e08-4eaf-9032-064371e37669,2018-08-19 17:15:44,2018-08-19 13:17:25,references,36c35e23-8757-4a9d-aacf-345e9b7eb50d,https://creativecommons.org/publicdomain/zero/1.0/,https://doi.org/10.13003/CED-terms-of-use,,,https://evidence.eventdata.crossref.org/evidence/20180819-wikipedia-5a09b781-a4ff-4df5-8dfd-aee3a30308c5,add,https://en.wikipedia.org/wiki/Marian_Garfinkel,Marian Garfinkel,https://en.wikipedia.org/w/index.php?title=Marian_Garfinkel&oldid=855621890,https://en.wikipedia.org/api/rest_v1/page/html/Marian_Garfinkel/855621890,https://doi.org/10.1001/jama.280.18.1601,https://doi.org/10.1001/jama.280.18.1601
3658,wikipedia,https://doi.org/10.1001/jama.280.18.1601,https://en.wikipedia.org/api/rest_v1/page/html/Marian_Garfinkel/855623220,e5622405-6fb5-47fd-951e-cfec93e6b48e,2018-08-19 17:27:39,2018-08-19 13:29:50,references,36c35e23-8757-4a9d-aacf-345e9b7eb50d,https://creativecommons.org/publicdomain/zero/1.0/,https://doi.org/10.13003/CED-terms-of-use,,,https://evidence.eventdata.crossref.org/evidence/20180819-wikipedia-61409621-f72a-4c2b-b793-220782462aa4,add,https://en.wikipedia.org/wiki/Marian_Garfinkel,Marian Garfinkel,https://en.wikipedia.org/w/index.php?title=Marian_Garfinkel&oldid=855623220,https://en.wikipedia.org/api/rest_v1/page/html/Marian_Garfinkel/855623220,https://doi.org/10.1001/jama.280.18.1601,https://doi.org/10.1001/jama.280.18.1601
3659,wikipedia,https://doi.org/10.1001/jama.280.18.1601,https://en.wikipedia.org/api/rest_v1/page/html/Marian_Garfinkel/855623473,7d0437ed-9824-4d4e-bb6e-a25f9625da5e,2018-08-19 17:29:56,2018-08-19 13:30:44,references,36c35e23-8757-4a9d-aacf-345e9b7eb50d,https://creativecommons.org/publicdomain/zero/1.0/,https://doi.org/10.13003/CED-terms-of-use,,,https://evidence.eventdata.crossref.org/evidence/20180819-wikipedia-1c487b54-3ae4-4d85-abe4-df190c35c5b1,add,https://en.wikipedia.org/wiki/Marian_Garfinkel,Marian Garfinkel,https://en.wikipedia.org/w/index.php?title=Marian_Garfinkel&oldid=855623473,https://en.wikipedia.org/api/rest_v1/page/html/Marian_Garfinkel/855623473,https://doi.org/10.1001/jama.280.18.1601,https://doi.org/10.1001/jama.280.18.1601
3660,wikipedia,https://doi.org/10.1001/jama.280.18.1601,https://en.wikipedia.org/api/rest_v1/page/html/Marian_Garfinkel/857767927,99ad2628-8b53-4f1f-bfbf-c288a0927a0e,2018-09-02 22:06:42,2018-09-02 18:08:04,references,36c35e23-8757-4a9d-aacf-345e9b7eb50d,https://creativecommons.org/publicdomain/zero/1.0/,https://doi.org/10.13003/CED-terms-of-use,,,https://evidence.eventdata.crossref.org/evidence/20180902-wikipedia-d96457b7-3ace-40b5-8160-d2013adb1be3,add,https://en.wikipedia.org/wiki/Marian_Garfinkel,Marian Garfinkel,https://en.wikipedia.org/w/index.php?title=Marian_Garfinkel&oldid=857767927,https://en.wikipedia.org/api/rest_v1/page/html/Marian_Garfinkel/857767927,https://doi.org/10.1001/jama.280.18.1601,https://doi.org/10.1001/jama.280.18.1601
3661,wikipedia,https://doi.org/10.1001/jama.280.18.1601,https://en.wikipedia.org/api/rest_v1/page/html/Bharadvajasana/873652709,ff56224f-5b32-402e-851f-c9d7966311c1,2018-12-14 07:51:12,2018-12-14 02:56:06,references,36c35e23-8757-4a9d-aacf-345e9b7eb50d,https://creativecommons.org/publicdomain/zero/1.0/,https://doi.org/10.13003/CED-terms-of-use,,,https://evidence.eventdata.crossref.org/evidence/20181214-wikipedia-bcc66158-aa22-4387-a104-6010c2336420,add,https://en.wikipedia.org/wiki/Bharadvajasana,Bharadvajasana,https://en.wikipedia.org/w/index.php?title=Bharadvajasana&oldid=873652709,https://en.wikipedia.org/api/rest_v1/page/html/Bharadvajasana/873652709,https://doi.org/10.1001/jama.280.18.1601,https://dx.doi.org/10.1001/jama.280.18.1601
3662,wikipedia,https://doi.org/10.1001/jama.280.18.1601,https://en.wikipedia.org/api/rest_v1/page/html/Bharadvajasana/873653192,be47b3c2-adcb-4373-ad42-d9d944a32241,2018-12-14 07:57:29,2018-12-14 03:02:24,references,36c35e23-8757-4a9d-aacf-345e9b7eb50d,https://creativecommons.org/publicdomain/zero/1.0/,https://doi.org/10.13003/CED-terms-of-use,,,https://evidence.eventdata.crossref.org/evidence/20181214-wikipedia-788dfceb-ca03-4c19-b9be-ae13a9a05092,add,https://en.wikipedia.org/wiki/Bharadvajasana,Bharadvajasana,https://en.wikipedia.org/w/index.php?title=Bharadvajasana&oldid=873653192,https://en.wikipedia.org/api/rest_v1/page/html/Bharadvajasana/873653192,https://doi.org/10.1001/jama.280.18.1601,https://doi.org/10.1001/jama.280.18.1601
3663,wikipedia,https://doi.org/10.1001/jama.280.18.1601,https://en.wikipedia.org/api/rest_v1/page/html/Bharadvajasana/873653260,ed03b5da-1625-42d0-a34c-28a024052e61,2018-12-14 07:58:25,2018-12-14 03:03:16,references,36c35e23-8757-4a9d-aacf-345e9b7eb50d,https://creativecommons.org/publicdomain/zero/1.0/,https://doi.org/10.13003/CED-terms-of-use,,,https://evidence.eventdata.crossref.org/evidence/20181214-wikipedia-9aea6a8b-f0ec-4c9c-90fa-b0183b1c11ee,add,https://en.wikipedia.org/wiki/Bharadvajasana,Bharadvajasana,https://en.wikipedia.org/w/index.php?title=Bharadvajasana&oldid=873653260,https://en.wikipedia.org/api/rest_v1/page/html/Bharadvajasana/873653260,https://doi.org/10.1001/jama.280.18.1601,https://doi.org/10.1001/jama.280.18.1601
3664,wikipedia,https://doi.org/10.1001/jama.280.18.1601,https://en.wikipedia.org/api/rest_v1/page/html/Bharadvajasana/873654374,cfbf8bfc-8679-4f36-a748-515224b81bf2,2018-12-14 08:13:53,2018-12-14 03:15:57,references,36c35e23-8757-4a9d-aacf-345e9b7eb50d,https://creativecommons.org/publicdomain/zero/1.0/,https://doi.org/10.13003/CED-terms-of-use,,,https://evidence.eventdata.crossref.org/evidence/20181214-wikipedia-68e9c968-4828-4c9c-b0bd-2788a27f723d,add,https://en.wikipedia.org/wiki/Bharadvajasana,Bharadvajasana,https://en.wikipedia.org/w/index.php?title=Bharadvajasana&oldid=873654374,https://en.wikipedia.org/api/rest_v1/page/html/Bharadvajasana/873654374,https://doi.org/10.1001/jama.280.18.1601,https://doi.org/10.1001/jama.280.18.1601
3665,wikipedia,https://doi.org/10.1001/jama.280.18.1601,https://en.wikipedia.org/api/rest_v1/page/html/Bharadvajasana/873654600,fb0c8d7b-eede-4610-87df-e0caeaf6a681,2018-12-14 08:17:23,2018-12-14 03:24:21,references,36c35e23-8757-4a9d-aacf-345e9b7eb50d,https://creativecommons.org/publicdomain/zero/1.0/,https://doi.org/10.13003/CED-terms-of-use,,,https://evidence.eventdata.crossref.org/evidence/20181214-wikipedia-3989d829-0df0-43f5-bf38-0476d63d9a23,add,https://en.wikipedia.org/wiki/Bharadvajasana,Bharadvajasana,https://en.wikipedia.org/w/index.php?title=Bharadvajasana&oldid=873654600,https://en.wikipedia.org/api/rest_v1/page/html/Bharadvajasana/873654600,https://doi.org/10.1001/jama.280.18.1601,https://dx.doi.org/10.1001/jama.280.18.1601
3666,wikipedia,https://doi.org/10.1001/jama.280.18.1601,https://en.wikipedia.org/api/rest_v1/page/html/Bharadvajasana/873654561,4e9f1a07-2490-4375-9da3-c3aef54d7d71,2018-12-14 08:16:55,2018-12-14 03:25:32,references,36c35e23-8757-4a9d-aacf-345e9b7eb50d,https://creativecommons.org/publicdomain/zero/1.0/,https://doi.org/10.13003/CED-terms-of-use,,,https://evidence.eventdata.crossref.org/evidence/20181214-wikipedia-5733558f-0f20-4db9-94d1-94db50cd0ba7,add,https://en.wikipedia.org/wiki/Bharadvajasana,Bharadvajasana,https://en.wikipedia.org/w/index.php?title=Bharadvajasana&oldid=873654561,https://en.wikipedia.org/api/rest_v1/page/html/Bharadvajasana/873654561,https://doi.org/10.1001/jama.280.18.1601,https://doi.org/10.1001/jama.280.18.1601
3667,wikipedia,https://doi.org/10.1001/jama.280.18.1601,https://en.wikipedia.org/api/rest_v1/page/html/Bharadvajasana/873654530,dcfd75db-1290-4af4-8a4b-715fab3e30f1,2018-12-14 08:16:25,2018-12-14 03:26:02,references,36c35e23-8757-4a9d-aacf-345e9b7eb50d,https://creativecommons.org/publicdomain/zero/1.0/,https://doi.org/10.13003/CED-terms-of-use,,,https://evidence.eventdata.crossref.org/evidence/20181214-wikipedia-5dc02f93-69b2-4fb3-b82f-23ee9b1c3e38,add,https://en.wikipedia.org/wiki/Bharadvajasana,Bharadvajasana,https://en.wikipedia.org/w/index.php?title=Bharadvajasana&oldid=873654530,https://en.wikipedia.org/api/rest_v1/page/html/Bharadvajasana/873654530,https://doi.org/10.1001/jama.280.18.1601,https://doi.org/10.1001/jama.280.18.1601
3668,wikipedia,https://doi.org/10.1001/jama.280.18.1601,https://en.wikipedia.org/api/rest_v1/page/html/Bharadvajasana/873655337,a44a6382-13ba-4357-8aea-806c0e2cb492,2018-12-14 08:26:36,2018-12-14 03:29:33,references,36c35e23-8757-4a9d-aacf-345e9b7eb50d,https://creativecommons.org/publicdomain/zero/1.0/,https://doi.org/10.13003/CED-terms-of-use,,,https://evidence.eventdata.crossref.org/evidence/20181214-wikipedia-2a417e78-82a0-4cbb-9038-ab68f2ed6d19,add,https://en.wikipedia.org/wiki/Bharadvajasana,Bharadvajasana,https://en.wikipedia.org/w/index.php?title=Bharadvajasana&oldid=873655337,https://en.wikipedia.org/api/rest_v1/page/html/Bharadvajasana/873655337,https://doi.org/10.1001/jama.280.18.1601,https://doi.org/10.1001/jama.280.18.1601
3669,wikipedia,https://doi.org/10.1001/jama.280.18.1601,https://en.wikipedia.org/api/rest_v1/page/html/Bharadvajasana/873655398,371ab98d-d060-4944-9d04-411333bbb1c5,2018-12-14 08:27:17,2018-12-14 03:30:21,references,36c35e23-8757-4a9d-aacf-345e9b7eb50d,https://creativecommons.org/publicdomain/zero/1.0/,https://doi.org/10.13003/CED-terms-of-use,,,https://evidence.eventdata.crossref.org/evidence/20181214-wikipedia-f2dabac1-695d-49d0-8a4c-05dadf9ca6d8,add,https://en.wikipedia.org/wiki/Bharadvajasana,Bharadvajasana,https://en.wikipedia.org/w/index.php?title=Bharadvajasana&oldid=873655398,https://en.wikipedia.org/api/rest_v1/page/html/Bharadvajasana/873655398,https://doi.org/10.1001/jama.280.18.1601,https://doi.org/10.1001/jama.280.18.1601
3670,wikipedia,https://doi.org/10.1001/jama.280.18.1601,https://en.wikipedia.org/api/rest_v1/page/html/Bharadvajasana/874054663,5ccca7d0-3d96-4cb4-ba45-6bc2dabb9985,2018-12-16 21:08:02,2018-12-16 16:09:57,references,36c35e23-8757-4a9d-aacf-345e9b7eb50d,https://creativecommons.org/publicdomain/zero/1.0/,https://doi.org/10.13003/CED-terms-of-use,,,https://evidence.eventdata.crossref.org/evidence/20181216-wikipedia-3fa53aa2-e039-413c-aa26-8a2b01dbebad,add,https://en.wikipedia.org/wiki/Bharadvajasana,Bharadvajasana,https://en.wikipedia.org/w/index.php?title=Bharadvajasana&oldid=874054663,https://en.wikipedia.org/api/rest_v1/page/html/Bharadvajasana/874054663,https://doi.org/10.1001/jama.280.18.1601,https://dx.doi.org/10.1001/jama.280.18.1601
3671,wikipedia,https://doi.org/10.1001/jama.280.18.1601,https://en.wikipedia.org/api/rest_v1/page/html/Bharadvajasana/874054777,bd912a98-8352-4397-af60-9ef57baa4336,2018-12-16 21:08:57,2018-12-16 16:12:27,references,36c35e23-8757-4a9d-aacf-345e9b7eb50d,https://creativecommons.org/publicdomain/zero/1.0/,https://doi.org/10.13003/CED-terms-of-use,,,https://evidence.eventdata.crossref.org/evidence/20181216-wikipedia-ac7a120d-d862-40fe-804d-891450a6a06a,add,https://en.wikipedia.org/wiki/Bharadvajasana,Bharadvajasana,https://en.wikipedia.org/w/index.php?title=Bharadvajasana&oldid=874054777,https://en.wikipedia.org/api/rest_v1/page/html/Bharadvajasana/874054777,https://doi.org/10.1001/jama.280.18.1601,https://doi.org/10.1001/jama.280.18.1601
3672,wikipedia,https://doi.org/10.1001/jama.280.18.1601,https://en.wikipedia.org/api/rest_v1/page/html/Bharadvajasana/874055350,02086d10-a7f0-44d4-8605-afea6086b6cd,2018-12-16 21:13:14,2018-12-16 16:16:32,references,36c35e23-8757-4a9d-aacf-345e9b7eb50d,https://creativecommons.org/publicdomain/zero/1.0/,https://doi.org/10.13003/CED-terms-of-use,,,https://evidence.eventdata.crossref.org/evidence/20181216-wikipedia-c2c61acb-653f-4b55-808c-01d339861ff6,add,https://en.wikipedia.org/wiki/Bharadvajasana,Bharadvajasana,https://en.wikipedia.org/w/index.php?title=Bharadvajasana&oldid=874055350,https://en.wikipedia.org/api/rest_v1/page/html/Bharadvajasana/874055350,https://doi.org/10.1001/jama.280.18.1601,https://doi.org/10.1001/jama.280.18.1601
3673,wikipedia,https://doi.org/10.1001/jama.280.18.1601,https://en.wikipedia.org/api/rest_v1/page/html/Bharadvajasana/874056113,a00a49f9-781e-4169-b4c5-d23b3dcab2bf,2018-12-16 21:18:25,2018-12-16 16:22:17,references,36c35e23-8757-4a9d-aacf-345e9b7eb50d,https://creativecommons.org/publicdomain/zero/1.0/,https://doi.org/10.13003/CED-terms-of-use,,,https://evidence.eventdata.crossref.org/evidence/20181216-wikipedia-ac01bd2b-50b4-4780-8984-f409d10b8d44,add,https://en.wikipedia.org/wiki/Bharadvajasana,Bharadvajasana,https://en.wikipedia.org/w/index.php?title=Bharadvajasana&oldid=874056113,https://en.wikipedia.org/api/rest_v1/page/html/Bharadvajasana/874056113,https://doi.org/10.1001/jama.280.18.1601,https://doi.org/10.1001/jama.280.18.1601
3674,wikipedia,https://doi.org/10.1001/jama.280.18.1601,https://en.wikipedia.org/api/rest_v1/page/html/Bharadvajasana/874056020,25bb2079-d8da-4b3e-9870-25ea5624e33e,2018-12-16 21:17:54,2018-12-16 16:23:12,references,36c35e23-8757-4a9d-aacf-345e9b7eb50d,https://creativecommons.org/publicdomain/zero/1.0/,https://doi.org/10.13003/CED-terms-of-use,,,https://evidence.eventdata.crossref.org/evidence/20181216-wikipedia-b9ce7d13-385b-4b2a-ab83-0ab8f593c2bc,add,https://en.wikipedia.org/wiki/Bharadvajasana,Bharadvajasana,https://en.wikipedia.org/w/index.php?title=Bharadvajasana&oldid=874056020,https://en.wikipedia.org/api/rest_v1/page/html/Bharadvajasana/874056020,https://doi.org/10.1001/jama.280.18.1601,https://doi.org/10.1001/jama.280.18.1601
3675,wikipedia,https://doi.org/10.1001/jama.280.18.1601,https://en.wikipedia.org/api/rest_v1/page/html/Bharadvajasana/876324226,9d57074a-65b5-4ee3-9d62-b4f5d8edc247,2019-01-01 17:39:14,2019-01-01 12:42:03,references,36c35e23-8757-4a9d-aacf-345e9b7eb50d,https://creativecommons.org/publicdomain/zero/1.0/,https://doi.org/10.13003/CED-terms-of-use,,,https://evidence.eventdata.crossref.org/evidence/20190101-wikipedia-a4b8fc37-e9ff-4619-8da1-18779e4ddee0,add,https://en.wikipedia.org/wiki/Bharadvajasana,Bharadvajasana,https://en.wikipedia.org/w/index.php?title=Bharadvajasana&oldid=876324226,https://en.wikipedia.org/api/rest_v1/page/html/Bharadvajasana/876324226,https://doi.org/10.1001/jama.280.18.1601,https://doi.org/10.1001/jama.280.18.1601
3676,wikipedia,https://doi.org/10.1001/jama.280.18.1601,https://en.wikipedia.org/api/rest_v1/page/html/Bharadvajasana/879680542,8f46aa1f-3d9b-4f9d-91fa-8bf06c513a30,2019-01-22 19:08:23,2019-01-22 14:12:08,references,36c35e23-8757-4a9d-aacf-345e9b7eb50d,https://creativecommons.org/publicdomain/zero/1.0/,https://doi.org/10.13003/CED-terms-of-use,,,https://evidence.eventdata.crossref.org/evidence/20190122-wikipedia-2a616823-e2a8-41c0-893b-5e4c6a797361,add,https://en.wikipedia.org/wiki/Bharadvajasana,Bharadvajasana,https://en.wikipedia.org/w/index.php?title=Bharadvajasana&oldid=879680542,https://en.wikipedia.org/api/rest_v1/page/html/Bharadvajasana/879680542,https://doi.org/10.1001/jama.280.18.1601,https://doi.org/10.1001/jama.280.18.1601
3677,wikipedia,https://doi.org/10.1001/jama.280.18.1601,https://en.wikipedia.org/api/rest_v1/page/html/Bharadvajasana/883045952,f252b804-1ace-47f4-9c71-3e89c1e3ae35,2019-02-12 23:16:50,2019-02-12 18:32:12,references,36c35e23-8757-4a9d-aacf-345e9b7eb50d,https://creativecommons.org/publicdomain/zero/1.0/,https://doi.org/10.13003/CED-terms-of-use,,,https://evidence.eventdata.crossref.org/evidence/20190212-wikipedia-59011c50-a21c-46d5-b49b-e24c73f1dad4,add,https://en.wikipedia.org/wiki/Bharadvajasana,Bharadvajasana,https://en.wikipedia.org/w/index.php?title=Bharadvajasana&oldid=883045952,https://en.wikipedia.org/api/rest_v1/page/html/Bharadvajasana/883045952,https://doi.org/10.1001/jama.280.18.1601,https://doi.org/10.1001/jama.280.18.1601
3678,wikipedia,https://doi.org/10.1001/jama.280.18.1601,https://en.wikipedia.org/api/rest_v1/page/html/Bharadvajasana/883620743,05c14931-30a9-4240-a7cd-1f1d06e0bfe4,2019-02-16 15:41:19,2019-02-16 10:45:37,references,36c35e23-8757-4a9d-aacf-345e9b7eb50d,https://creativecommons.org/publicdomain/zero/1.0/,https://doi.org/10.13003/CED-terms-of-use,,,https://evidence.eventdata.crossref.org/evidence/20190216-wikipedia-f89c8687-8ffd-4a4c-8aa9-87b831c6e807,add,https://en.wikipedia.org/wiki/Bharadvajasana,Bharadvajasana,https://en.wikipedia.org/w/index.php?title=Bharadvajasana&oldid=883620743,https://en.wikipedia.org/api/rest_v1/page/html/Bharadvajasana/883620743,https://doi.org/10.1001/jama.280.18.1601,https://doi.org/10.1001/jama.280.18.1601
3679,wikipedia,https://doi.org/10.1001/jama.280.18.1601,https://en.wikipedia.org/api/rest_v1/page/html/Bharadvajasana/883621023,9f917491-994a-4147-8ebc-06e808fb11ab,2019-02-16 15:43:44,2019-02-16 10:46:22,references,36c35e23-8757-4a9d-aacf-345e9b7eb50d,https://creativecommons.org/publicdomain/zero/1.0/,https://doi.org/10.13003/CED-terms-of-use,,,https://evidence.eventdata.crossref.org/evidence/20190216-wikipedia-0e09c838-d64b-4f83-a550-43dd2960cd91,add,https://en.wikipedia.org/wiki/Bharadvajasana,Bharadvajasana,https://en.wikipedia.org/w/index.php?title=Bharadvajasana&oldid=883621023,https://en.wikipedia.org/api/rest_v1/page/html/Bharadvajasana/883621023,https://doi.org/10.1001/jama.280.18.1601,https://doi.org/10.1001/jama.280.18.1601
3680,wikipedia,https://doi.org/10.1001/jama.280.18.1601,https://en.wikipedia.org/api/rest_v1/page/html/Bharadvajasana/883620832,b5608a06-a9cd-400b-8b8f-ca7aef708024,2019-02-16 15:42:00,2019-02-16 10:46:46,references,36c35e23-8757-4a9d-aacf-345e9b7eb50d,https://creativecommons.org/publicdomain/zero/1.0/,https://doi.org/10.13003/CED-terms-of-use,,,https://evidence.eventdata.crossref.org/evidence/20190216-wikipedia-043cd56a-6ec2-4533-8eab-d5e29445a646,add,https://en.wikipedia.org/wiki/Bharadvajasana,Bharadvajasana,https://en.wikipedia.org/w/index.php?title=Bharadvajasana&oldid=883620832,https://en.wikipedia.org/api/rest_v1/page/html/Bharadvajasana/883620832,https://doi.org/10.1001/jama.280.18.1601,https://doi.org/10.1001/jama.280.18.1601
3681,wikipedia,https://doi.org/10.1001/jama.280.18.1601,https://en.wikipedia.org/api/rest_v1/page/html/Bharadvajasana/883620702,14cdde27-0f6b-46c9-bb13-b8fb13772209,2019-02-16 15:41:02,2019-02-16 10:48:35,references,36c35e23-8757-4a9d-aacf-345e9b7eb50d,https://creativecommons.org/publicdomain/zero/1.0/,https://doi.org/10.13003/CED-terms-of-use,,,https://evidence.eventdata.crossref.org/evidence/20190216-wikipedia-b0fe37da-1a9a-4bc3-841b-11c35031fc4d,add,https://en.wikipedia.org/wiki/Bharadvajasana,Bharadvajasana,https://en.wikipedia.org/w/index.php?title=Bharadvajasana&oldid=883620702,https://en.wikipedia.org/api/rest_v1/page/html/Bharadvajasana/883620702,https://doi.org/10.1001/jama.280.18.1601,https://doi.org/10.1001/jama.280.18.1601
3682,wikipedia,https://doi.org/10.1001/jama.280.18.1601,https://en.wikipedia.org/api/rest_v1/page/html/Marian_Garfinkel/888840727,36e3710e-5769-4413-aa6d-851f3f684a99,2019-03-21 19:10:37,2019-03-24 22:10:07,references,36c35e23-8757-4a9d-aacf-345e9b7eb50d,https://creativecommons.org/publicdomain/zero/1.0/,https://doi.org/10.13003/CED-terms-of-use,,,https://evidence.eventdata.crossref.org/evidence/20190321-wikipedia-f9d4e0bb-a7e1-4939-96a7-971517094f7c,add,https://en.wikipedia.org/wiki/Marian_Garfinkel,Marian Garfinkel,https://en.wikipedia.org/w/index.php?title=Marian_Garfinkel&oldid=888840727,https://en.wikipedia.org/api/rest_v1/page/html/Marian_Garfinkel/888840727,https://doi.org/10.1001/jama.280.18.1601,https://doi.org/10.1001/jama.280.18.1601
3683,wikipedia,https://doi.org/10.1001/jama.280.18.1601,https://en.wikipedia.org/api/rest_v1/page/html/Marian_Garfinkel/889254483,a38180c5-e7f1-4e78-b218-fc613e201b09,2019-03-24 14:39:21,2019-03-26 14:49:03,references,36c35e23-8757-4a9d-aacf-345e9b7eb50d,https://creativecommons.org/publicdomain/zero/1.0/,https://doi.org/10.13003/CED-terms-of-use,,,https://evidence.eventdata.crossref.org/evidence/20190324-wikipedia-5d74b801-80ab-40b2-99dc-02d69567747f,add,https://en.wikipedia.org/wiki/Marian_Garfinkel,Marian Garfinkel,https://en.wikipedia.org/w/index.php?title=Marian_Garfinkel&oldid=889254483,https://en.wikipedia.org/api/rest_v1/page/html/Marian_Garfinkel/889254483,https://doi.org/10.1001/jama.280.18.1601,https://doi.org/10.1001/jama.280.18.1601
3684,wikipedia,https://doi.org/10.1001/jama.280.18.1601,https://en.wikipedia.org/api/rest_v1/page/html/Marian_Garfinkel/910225010,1cb5e847-e590-473e-8af9-619066e99798,2019-08-10 15:19:10,2019-08-11 22:04:25,references,36c35e23-8757-4a9d-aacf-345e9b7eb50d,https://creativecommons.org/publicdomain/zero/1.0/,https://doi.org/10.13003/CED-terms-of-use,,,https://evidence.eventdata.crossref.org/evidence/20190810-wikipedia-0e93eb34-b96e-4fc6-b873-27390d45605a,add,https://en.wikipedia.org/wiki/Marian_Garfinkel,Marian Garfinkel,https://en.wikipedia.org/w/index.php?title=Marian_Garfinkel&oldid=910225010,https://en.wikipedia.org/api/rest_v1/page/html/Marian_Garfinkel/910225010,https://doi.org/10.1001/jama.280.18.1601,https://jamanetwork.com/journals/jama/fullarticle/188150
3685,wikipedia,https://doi.org/10.1001/jama.280.18.1601,https://en.wikipedia.org/api/rest_v1/page/html/Marian_Garfinkel/910224776,953ba43f-6a22-44e7-9274-063e60acb693,2019-08-10 15:17:04,2019-08-11 23:00:39,references,36c35e23-8757-4a9d-aacf-345e9b7eb50d,https://creativecommons.org/publicdomain/zero/1.0/,https://doi.org/10.13003/CED-terms-of-use,,,https://evidence.eventdata.crossref.org/evidence/20190810-wikipedia-84fd766a-b167-46b9-91a6-96a066026e65,add,https://en.wikipedia.org/wiki/Marian_Garfinkel,Marian Garfinkel,https://en.wikipedia.org/w/index.php?title=Marian_Garfinkel&oldid=910224776,https://en.wikipedia.org/api/rest_v1/page/html/Marian_Garfinkel/910224776,https://doi.org/10.1001/jama.280.18.1601,https://jamanetwork.com/journals/jama/fullarticle/188150
3686,wikipedia,https://doi.org/10.1001/jama.280.18.1601,https://en.wikipedia.org/api/rest_v1/page/html/Marian_Garfinkel/911224593,71ca3119-0813-449c-b099-d455cd6f60c7,2019-08-17 11:58:57,2019-08-17 08:04:14,references,36c35e23-8757-4a9d-aacf-345e9b7eb50d,https://creativecommons.org/publicdomain/zero/1.0/,https://doi.org/10.13003/CED-terms-of-use,,,https://evidence.eventdata.crossref.org/evidence/20190817-wikipedia-ddf3ea5c-cb2a-4908-a663-01f396c37c07,add,https://en.wikipedia.org/wiki/Marian_Garfinkel,Marian Garfinkel,https://en.wikipedia.org/w/index.php?title=Marian_Garfinkel&oldid=911224593,https://en.wikipedia.org/api/rest_v1/page/html/Marian_Garfinkel/911224593,https://doi.org/10.1001/jama.280.18.1601,https://jamanetwork.com/journals/jama/fullarticle/188150
3687,wikipedia,https://doi.org/10.1001/jama.280.18.1601,https://en.wikipedia.org/api/rest_v1/page/html/Marian_Garfinkel/934254973,a52add00-b0aa-4bfe-8149-dbd2bc036b58,2020-01-05 15:26:01,2020-01-05 10:50:05,references,36c35e23-8757-4a9d-aacf-345e9b7eb50d,https://creativecommons.org/publicdomain/zero/1.0/,https://doi.org/10.13003/CED-terms-of-use,,,https://evidence.eventdata.crossref.org/evidence/20200105-wikipedia-79e92e5b-c188-47a6-ac30-79da6269d6e7,add,https://en.wikipedia.org/wiki/Marian_Garfinkel,Marian Garfinkel,https://en.wikipedia.org/w/index.php?title=Marian_Garfinkel&oldid=934254973,https://en.wikipedia.org/api/rest_v1/page/html/Marian_Garfinkel/934254973,https://doi.org/10.1001/jama.280.18.1601,https://doi.org/10.1001/jama.280.18.1601
3688,wikipedia,https://doi.org/10.1001/jama.280.18.1601,https://en.wikipedia.org/api/rest_v1/page/html/Marian_Garfinkel/934254900,c55c0813-e576-4106-8206-b0a64b358877,2020-01-05 15:25:17,2020-01-05 10:51:00,references,36c35e23-8757-4a9d-aacf-345e9b7eb50d,https://creativecommons.org/publicdomain/zero/1.0/,https://doi.org/10.13003/CED-terms-of-use,,,https://evidence.eventdata.crossref.org/evidence/20200105-wikipedia-30218137-c7e9-4446-9a56-4b7527f05a61,add,https://en.wikipedia.org/wiki/Marian_Garfinkel,Marian Garfinkel,https://en.wikipedia.org/w/index.php?title=Marian_Garfinkel&oldid=934254900,https://en.wikipedia.org/api/rest_v1/page/html/Marian_Garfinkel/934254900,https://doi.org/10.1001/jama.280.18.1601,https://doi.org/10.1001/jama.280.18.1601
3689,wikipedia,https://doi.org/10.1001/jama.280.18.1601,https://en.wikipedia.org/api/rest_v1/page/html/Marian_Garfinkel/934254761,107cd7b6-7bd7-4921-b3e7-ff7738b10b5c,2020-01-05 15:24:27,2020-01-05 11:33:52,references,36c35e23-8757-4a9d-aacf-345e9b7eb50d,https://creativecommons.org/publicdomain/zero/1.0/,https://doi.org/10.13003/CED-terms-of-use,,,https://evidence.eventdata.crossref.org/evidence/20200105-wikipedia-7dc42473-2210-4b23-8436-9d2c62d0f4ba,add,https://en.wikipedia.org/wiki/Marian_Garfinkel,Marian Garfinkel,https://en.wikipedia.org/w/index.php?title=Marian_Garfinkel&oldid=934254761,https://en.wikipedia.org/api/rest_v1/page/html/Marian_Garfinkel/934254761,https://doi.org/10.1001/jama.280.18.1601,https://doi.org/10.1001/jama.280.18.1601
3690,wikipedia,https://doi.org/10.1001/jama.280.18.1601,https://en.wikipedia.org/api/rest_v1/page/html/Marian_Garfinkel/975454087,3142f2ea-8837-4efe-9b2e-b423d342180c,2020-08-28 16:15:22,2020-09-04 11:25:37,references,36c35e23-8757-4a9d-aacf-345e9b7eb50d,https://creativecommons.org/publicdomain/zero/1.0/,https://doi.org/10.13003/CED-terms-of-use,,,https://evidence.eventdata.crossref.org/evidence/20200828-wikipedia-553a9f1d-afdc-4a14-912d-f7a3c69cb31f,add,https://en.wikipedia.org/wiki/Marian_Garfinkel,Marian Garfinkel,https://en.wikipedia.org/w/index.php?title=Marian_Garfinkel&oldid=975454087,https://en.wikipedia.org/api/rest_v1/page/html/Marian_Garfinkel/975454087,https://doi.org/10.1001/jama.280.18.1601,https://doi.org/10.1001/jama.280.18.1601
3691,wikipedia,https://doi.org/10.1001/jama.280.18.1601,https://en.wikipedia.org/api/rest_v1/page/html/Marian_Garfinkel/975454144,fa82c3da-2662-412f-8e6f-6be73b4dcc13,2020-08-28 16:15:50,2020-09-04 11:32:16,references,36c35e23-8757-4a9d-aacf-345e9b7eb50d,https://creativecommons.org/publicdomain/zero/1.0/,https://doi.org/10.13003/CED-terms-of-use,,,https://evidence.eventdata.crossref.org/evidence/20200828-wikipedia-b9239982-da6e-4552-a67e-f76aeaf2e5bb,add,https://en.wikipedia.org/wiki/Marian_Garfinkel,Marian Garfinkel,https://en.wikipedia.org/w/index.php?title=Marian_Garfinkel&oldid=975454144,https://en.wikipedia.org/api/rest_v1/page/html/Marian_Garfinkel/975454144,https://doi.org/10.1001/jama.280.18.1601,https://doi.org/10.1001/jama.280.18.1601
3692,wikipedia,https://doi.org/10.1001/jama.280.18.1601,https://en.wikipedia.org/api/rest_v1/page/html/Marian_Garfinkel/975468131,e0308873-fa03-4bb8-ad04-395615dcc07d,2020-08-28 17:56:58,2020-09-04 12:59:52,references,36c35e23-8757-4a9d-aacf-345e9b7eb50d,https://creativecommons.org/publicdomain/zero/1.0/,https://doi.org/10.13003/CED-terms-of-use,,,https://evidence.eventdata.crossref.org/evidence/20200828-wikipedia-8c9c93ea-1fab-4b74-89f1-d3b611936565,add,https://en.wikipedia.org/wiki/Marian_Garfinkel,Marian Garfinkel,https://en.wikipedia.org/w/index.php?title=Marian_Garfinkel&oldid=975468131,https://en.wikipedia.org/api/rest_v1/page/html/Marian_Garfinkel/975468131,https://doi.org/10.1001/jama.280.18.1601,https://doi.org/10.1001/jama.280.18.1601
3693,wikipedia,https://doi.org/10.1001/jama.280.18.1601,https://en.wikipedia.org/api/rest_v1/page/html/Marian_Garfinkel/975523496,07ac2425-3a88-41b1-a1d3-f22b3b1d0a21,2020-08-29 00:45:46,2020-09-04 17:27:31,references,36c35e23-8757-4a9d-aacf-345e9b7eb50d,https://creativecommons.org/publicdomain/zero/1.0/,https://doi.org/10.13003/CED-terms-of-use,,,https://evidence.eventdata.crossref.org/evidence/20200829-wikipedia-4272f6ed-233c-4ccb-8c80-cd9833d7c233,add,https://en.wikipedia.org/wiki/Marian_Garfinkel,Marian Garfinkel,https://en.wikipedia.org/w/index.php?title=Marian_Garfinkel&oldid=975523496,https://en.wikipedia.org/api/rest_v1/page/html/Marian_Garfinkel/975523496,https://doi.org/10.1001/jama.280.18.1601,https://doi.org/10.1001/jama.280.18.1601
3694,wikipedia,https://doi.org/10.1001/jama.280.18.1601,https://en.wikipedia.org/api/rest_v1/page/html/Marian_Garfinkel/975561301,5c7c1636-7927-4c07-9ebb-2173c73e41d3,2020-08-29 05:58:15,2020-09-04 19:55:59,references,36c35e23-8757-4a9d-aacf-345e9b7eb50d,https://creativecommons.org/publicdomain/zero/1.0/,https://doi.org/10.13003/CED-terms-of-use,,,https://evidence.eventdata.crossref.org/evidence/20200829-wikipedia-cc22ae23-f910-487e-95fc-9f2b80636f1b,add,https://en.wikipedia.org/wiki/Marian_Garfinkel,Marian Garfinkel,https://en.wikipedia.org/w/index.php?title=Marian_Garfinkel&oldid=975561301,https://en.wikipedia.org/api/rest_v1/page/html/Marian_Garfinkel/975561301,https://doi.org/10.1001/jama.280.18.1601,https://doi.org/10.1001/jama.280.18.1601
3695,wikipedia,https://doi.org/10.1001/jama.280.18.1601,https://en.wikipedia.org/api/rest_v1/page/html/Marian_Garfinkel/975561413,36d59c86-4489-454b-b317-3e5cd0109529,2020-08-29 05:59:03,2020-09-04 20:03:34,references,36c35e23-8757-4a9d-aacf-345e9b7eb50d,https://creativecommons.org/publicdomain/zero/1.0/,https://doi.org/10.13003/CED-terms-of-use,,,https://evidence.eventdata.crossref.org/evidence/20200829-wikipedia-dad9f1c1-65dd-4fdf-ab3c-78f123409219,add,https://en.wikipedia.org/wiki/Marian_Garfinkel,Marian Garfinkel,https://en.wikipedia.org/w/index.php?title=Marian_Garfinkel&oldid=975561413,https://en.wikipedia.org/api/rest_v1/page/html/Marian_Garfinkel/975561413,https://doi.org/10.1001/jama.280.18.1601,https://doi.org/10.1001/jama.280.18.1601
3696,wikipedia,https://doi.org/10.1001/jama.280.18.1601,https://en.wikipedia.org/api/rest_v1/page/html/Marian_Garfinkel/975714966,a9339fcf-2772-4b1c-8536-407c1a23a7ba,2020-08-30 01:12:23,2020-09-05 08:52:32,references,36c35e23-8757-4a9d-aacf-345e9b7eb50d,https://creativecommons.org/publicdomain/zero/1.0/,https://doi.org/10.13003/CED-terms-of-use,,,https://evidence.eventdata.crossref.org/evidence/20200830-wikipedia-7b07376e-eb8e-4dee-85ce-ad43d00bfe12,add,https://en.wikipedia.org/wiki/Marian_Garfinkel,Marian Garfinkel,https://en.wikipedia.org/w/index.php?title=Marian_Garfinkel&oldid=975714966,https://en.wikipedia.org/api/rest_v1/page/html/Marian_Garfinkel/975714966,https://doi.org/10.1001/jama.280.18.1601,https://doi.org/10.1001/jama.280.18.1601
3697,wikipedia,https://doi.org/10.1001/jama.280.18.1601,https://en.wikipedia.org/api/rest_v1/page/html/Marian_Garfinkel/975715164,09c0d122-0464-4e8b-83ad-997bc55241dd,2020-08-30 01:14:38,2020-09-05 08:55:28,references,36c35e23-8757-4a9d-aacf-345e9b7eb50d,https://creativecommons.org/publicdomain/zero/1.0/,https://doi.org/10.13003/CED-terms-of-use,,,https://evidence.eventdata.crossref.org/evidence/20200830-wikipedia-ebbfb4c1-db7d-4496-b1fc-73ce0b48cb3d,add,https://en.wikipedia.org/wiki/Marian_Garfinkel,Marian Garfinkel,https://en.wikipedia.org/w/index.php?title=Marian_Garfinkel&oldid=975715164,https://en.wikipedia.org/api/rest_v1/page/html/Marian_Garfinkel/975715164,https://doi.org/10.1001/jama.280.18.1601,https://doi.org/10.1001/jama.280.18.1601
3698,wikipedia,https://doi.org/10.1001/jama.280.18.1601,https://en.wikipedia.org/api/rest_v1/page/html/Marian_Garfinkel/975985007,1776704f-e475-46e9-9f43-d14df8f11a14,2020-08-31 14:45:06,2020-09-06 06:33:23,references,36c35e23-8757-4a9d-aacf-345e9b7eb50d,https://creativecommons.org/publicdomain/zero/1.0/,https://doi.org/10.13003/CED-terms-of-use,,,https://evidence.eventdata.crossref.org/evidence/20200831-wikipedia-5e607336-8ef1-4489-9c8d-6fa7c529522a,add,https://en.wikipedia.org/wiki/Marian_Garfinkel,Marian Garfinkel,https://en.wikipedia.org/w/index.php?title=Marian_Garfinkel&oldid=975985007,https://en.wikipedia.org/api/rest_v1/page/html/Marian_Garfinkel/975985007,https://doi.org/10.1001/jama.280.18.1601,https://doi.org/10.1001/jama.280.18.1601
3699,wikipedia,https://doi.org/10.1001/jama.280.18.1601,https://en.wikipedia.org/api/rest_v1/page/html/Marian_Garfinkel/975984787,423b617f-714b-47ee-8360-5334f48beb11,2020-08-31 14:43:40,2020-09-06 06:53:27,references,36c35e23-8757-4a9d-aacf-345e9b7eb50d,https://creativecommons.org/publicdomain/zero/1.0/,https://doi.org/10.13003/CED-terms-of-use,,,https://evidence.eventdata.crossref.org/evidence/20200831-wikipedia-ce0bccf0-e357-43d2-b6d2-bf0c14c81c94,add,https://en.wikipedia.org/wiki/Marian_Garfinkel,Marian Garfinkel,https://en.wikipedia.org/w/index.php?title=Marian_Garfinkel&oldid=975984787,https://en.wikipedia.org/api/rest_v1/page/html/Marian_Garfinkel/975984787,https://doi.org/10.1001/jama.280.18.1601,https://doi.org/10.1001/jama.280.18.1601
3700,wikipedia,https://doi.org/10.1001/jama.280.18.1601,https://en.wikipedia.org/api/rest_v1/page/html/Marian_Garfinkel/975984622,c592320d-d752-4e07-b5d8-bb2cb251acfb,2020-08-31 14:42:25,2020-09-06 06:57:59,references,36c35e23-8757-4a9d-aacf-345e9b7eb50d,https://creativecommons.org/publicdomain/zero/1.0/,https://doi.org/10.13003/CED-terms-of-use,,,https://evidence.eventdata.crossref.org/evidence/20200831-wikipedia-3220011d-9828-4ede-9dd6-609561dd53cb,add,https://en.wikipedia.org/wiki/Marian_Garfinkel,Marian Garfinkel,https://en.wikipedia.org/w/index.php?title=Marian_Garfinkel&oldid=975984622,https://en.wikipedia.org/api/rest_v1/page/html/Marian_Garfinkel/975984622,https://doi.org/10.1001/jama.280.18.1601,https://doi.org/10.1001/jama.280.18.1601
3701,wikipedia,https://doi.org/10.1001/jama.280.18.1601,https://en.wikipedia.org/api/rest_v1/page/html/Marian_Garfinkel/976037620,82c7d0d8-3056-4991-814a-627d9c6c89a5,2020-08-31 20:50:24,2020-09-06 12:18:05,references,36c35e23-8757-4a9d-aacf-345e9b7eb50d,https://creativecommons.org/publicdomain/zero/1.0/,https://doi.org/10.13003/CED-terms-of-use,,,https://evidence.eventdata.crossref.org/evidence/20200831-wikipedia-6dde13c0-620b-43ff-b374-89ab791d14f6,add,https://en.wikipedia.org/wiki/Marian_Garfinkel,Marian Garfinkel,https://en.wikipedia.org/w/index.php?title=Marian_Garfinkel&oldid=976037620,https://en.wikipedia.org/api/rest_v1/page/html/Marian_Garfinkel/976037620,https://doi.org/10.1001/jama.280.18.1601,https://doi.org/10.1001/jama.280.18.1601
3702,wikipedia,https://doi.org/10.1001/jama.280.18.1601,https://en.wikipedia.org/api/rest_v1/page/html/Marian_Garfinkel/976145098,57544338-3b66-4f1e-8034-28a275ab0e25,2020-09-01 12:14:37,2020-09-06 21:09:07,references,36c35e23-8757-4a9d-aacf-345e9b7eb50d,https://creativecommons.org/publicdomain/zero/1.0/,https://doi.org/10.13003/CED-terms-of-use,,,https://evidence.eventdata.crossref.org/evidence/20200901-wikipedia-27acbd69-73da-4188-a91b-b06efb9cedb8,add,https://en.wikipedia.org/wiki/Marian_Garfinkel,Marian Garfinkel,https://en.wikipedia.org/w/index.php?title=Marian_Garfinkel&oldid=976145098,https://en.wikipedia.org/api/rest_v1/page/html/Marian_Garfinkel/976145098,https://doi.org/10.1001/jama.280.18.1601,https://doi.org/10.1001/jama.280.18.1601
3703,wikipedia,https://doi.org/10.1001/jama.280.18.1601,https://en.wikipedia.org/api/rest_v1/page/html/Marian_Garfinkel/976145026,184566c1-e1fc-409d-8149-ed95397c1377,2020-09-01 12:14:02,2020-09-06 21:21:40,references,36c35e23-8757-4a9d-aacf-345e9b7eb50d,https://creativecommons.org/publicdomain/zero/1.0/,https://doi.org/10.13003/CED-terms-of-use,,,https://evidence.eventdata.crossref.org/evidence/20200901-wikipedia-606d6dda-0749-42a6-93db-a34db30b622a,add,https://en.wikipedia.org/wiki/Marian_Garfinkel,Marian Garfinkel,https://en.wikipedia.org/w/index.php?title=Marian_Garfinkel&oldid=976145026,https://en.wikipedia.org/api/rest_v1/page/html/Marian_Garfinkel/976145026,https://doi.org/10.1001/jama.280.18.1601,https://doi.org/10.1001/jama.280.18.1601
3704,wikipedia,https://doi.org/10.1001/jama.280.18.1601,https://en.wikipedia.org/api/rest_v1/page/html/Marian_Garfinkel/976223689,5165e835-00c5-4d8d-81a9-3d0150d2f942,2020-09-01 20:54:33,2020-09-07 03:02:37,references,36c35e23-8757-4a9d-aacf-345e9b7eb50d,https://creativecommons.org/publicdomain/zero/1.0/,https://doi.org/10.13003/CED-terms-of-use,,,https://evidence.eventdata.crossref.org/evidence/20200901-wikipedia-0e26eb4b-9a03-4f68-9e10-23761ad0eb14,add,https://en.wikipedia.org/wiki/Marian_Garfinkel,Marian Garfinkel,https://en.wikipedia.org/w/index.php?title=Marian_Garfinkel&oldid=976223689,https://en.wikipedia.org/api/rest_v1/page/html/Marian_Garfinkel/976223689,https://doi.org/10.1001/jama.280.18.1601,https://doi.org/10.1001/jama.280.18.1601
3705,wikipedia,https://doi.org/10.1001/jama.280.18.1601,https://en.wikipedia.org/api/rest_v1/page/html/Marian_Garfinkel/976517016,0fb9e4d0-2553-463e-919d-1aac74b78d5c,2020-09-03 11:21:57,2020-09-08 00:16:45,references,36c35e23-8757-4a9d-aacf-345e9b7eb50d,https://creativecommons.org/publicdomain/zero/1.0/,https://doi.org/10.13003/CED-terms-of-use,,,https://evidence.eventdata.crossref.org/evidence/20200903-wikipedia-382eec3e-ac6a-480a-9f2c-93d238400993,add,https://en.wikipedia.org/wiki/Marian_Garfinkel,Marian Garfinkel,https://en.wikipedia.org/w/index.php?title=Marian_Garfinkel&oldid=976517016,https://en.wikipedia.org/api/rest_v1/page/html/Marian_Garfinkel/976517016,https://doi.org/10.1001/jama.280.18.1601,https://doi.org/10.1001/jama.280.18.1601
3706,wikipedia,https://doi.org/10.1001/jama.280.18.1601,https://en.wikipedia.org/api/rest_v1/page/html/Marian_Garfinkel/976521631,435dbb2d-f526-4ad2-9f59-150c419f30a4,2020-09-03 12:03:58,2020-09-08 00:51:58,references,36c35e23-8757-4a9d-aacf-345e9b7eb50d,https://creativecommons.org/publicdomain/zero/1.0/,https://doi.org/10.13003/CED-terms-of-use,,,https://evidence.eventdata.crossref.org/evidence/20200903-wikipedia-de5ae934-8f96-4d4b-98d6-a58b353d7f57,add,https://en.wikipedia.org/wiki/Marian_Garfinkel,Marian Garfinkel,https://en.wikipedia.org/w/index.php?title=Marian_Garfinkel&oldid=976521631,https://en.wikipedia.org/api/rest_v1/page/html/Marian_Garfinkel/976521631,https://doi.org/10.1001/jama.280.18.1601,https://doi.org/10.1001/jama.280.18.1601
3707,wikipedia,https://doi.org/10.1001/jama.280.18.1601,https://en.wikipedia.org/api/rest_v1/page/html/Marian_Garfinkel/976602092,555fa366-3ee7-471a-8f5b-330fc1336e1a,2020-09-03 22:13:02,2020-09-08 09:19:02,references,36c35e23-8757-4a9d-aacf-345e9b7eb50d,https://creativecommons.org/publicdomain/zero/1.0/,https://doi.org/10.13003/CED-terms-of-use,,,https://evidence.eventdata.crossref.org/evidence/20200903-wikipedia-d7b891f5-55a2-4600-9bdb-fbc8eea30fbd,add,https://en.wikipedia.org/wiki/Marian_Garfinkel,Marian Garfinkel,https://en.wikipedia.org/w/index.php?title=Marian_Garfinkel&oldid=976602092,https://en.wikipedia.org/api/rest_v1/page/html/Marian_Garfinkel/976602092,https://doi.org/10.1001/jama.280.18.1601,https://doi.org/10.1001/jama.280.18.1601
3708,wikipedia,https://doi.org/10.1001/jama.280.18.1601,https://en.wikipedia.org/api/rest_v1/page/html/Marian_Garfinkel/977081555,410e49dd-51d0-4bd8-92c4-f1044e28636e,2020-09-06 20:27:36,2020-09-10 09:57:51,references,36c35e23-8757-4a9d-aacf-345e9b7eb50d,https://creativecommons.org/publicdomain/zero/1.0/,https://doi.org/10.13003/CED-terms-of-use,,,https://evidence.eventdata.crossref.org/evidence/20200906-wikipedia-a0ff895d-8f4c-425e-b5fc-334e0252d713,add,https://en.wikipedia.org/wiki/Marian_Garfinkel,Marian Garfinkel,https://en.wikipedia.org/w/index.php?title=Marian_Garfinkel&oldid=977081555,https://en.wikipedia.org/api/rest_v1/page/html/Marian_Garfinkel/977081555,https://doi.org/10.1001/jama.280.18.1601,https://doi.org/10.1001/jama.280.18.1601
3709,wikipedia,https://doi.org/10.1001/jama.280.18.1601,https://en.wikipedia.org/api/rest_v1/page/html/Marian_Garfinkel/979109198,fba59f80-73d5-4803-ae13-045280e87a5f,2020-09-18 20:46:51,2020-09-19 21:56:51,references,36c35e23-8757-4a9d-aacf-345e9b7eb50d,https://creativecommons.org/publicdomain/zero/1.0/,https://doi.org/10.13003/CED-terms-of-use,,,https://evidence.eventdata.crossref.org/evidence/20200918-wikipedia-0ae4056f-5ea1-461a-aab9-3016323bba52,add,https://en.wikipedia.org/wiki/Marian_Garfinkel,Marian Garfinkel,https://en.wikipedia.org/w/index.php?title=Marian_Garfinkel&oldid=979109198,https://en.wikipedia.org/api/rest_v1/page/html/Marian_Garfinkel/979109198,https://doi.org/10.1001/jama.280.18.1601,https://doi.org/10.1001/jama.280.18.1601
3710,wikipedia,https://doi.org/10.1001/jama.280.18.1601,https://en.wikipedia.org/api/rest_v1/page/html/Marian_Garfinkel/951733447,79b619e0-8ca0-4c05-9ef9-5575aec75964,2020-04-18 16:05:54,2020-10-14 07:04:01,references,36c35e23-8757-4a9d-aacf-345e9b7eb50d,https://creativecommons.org/publicdomain/zero/1.0/,https://doi.org/10.13003/CED-terms-of-use,,,https://evidence.eventdata.crossref.org/evidence/20200418-wikipedia-7cce96d1-dacc-45e0-a246-308453fdff37,add,https://en.wikipedia.org/wiki/Marian_Garfinkel,Marian Garfinkel,https://en.wikipedia.org/w/index.php?title=Marian_Garfinkel&oldid=951733447,https://en.wikipedia.org/api/rest_v1/page/html/Marian_Garfinkel/951733447,https://doi.org/10.1001/jama.280.18.1601,https://doi.org/10.1001/jama.280.18.1601
3711,wikipedia,https://doi.org/10.1001/jama.280.18.1601,https://en.wikipedia.org/api/rest_v1/page/html/Marian_Garfinkel/983966924,e5071af5-9931-4bfc-a4ff-050985dc8fd3,2020-10-17 10:16:51,2020-10-17 06:21:20,references,36c35e23-8757-4a9d-aacf-345e9b7eb50d,https://creativecommons.org/publicdomain/zero/1.0/,https://doi.org/10.13003/CED-terms-of-use,,,https://evidence.eventdata.crossref.org/evidence/20201017-wikipedia-f25c33fb-842e-4333-87ea-65045d371a24,add,https://en.wikipedia.org/wiki/Marian_Garfinkel,Marian Garfinkel,https://en.wikipedia.org/w/index.php?title=Marian_Garfinkel&oldid=983966924,https://en.wikipedia.org/api/rest_v1/page/html/Marian_Garfinkel/983966924,https://doi.org/10.1001/jama.280.18.1601,https://doi.org/10.1001/jama.280.18.1601
3712,wikipedia,https://doi.org/10.1001/jama.280.18.1601,https://en.wikipedia.org/api/rest_v1/page/html/Marian_Garfinkel/993578588,6fe31c22-fffc-4b74-a6cb-5849a79ec936,2020-12-11 09:52:26,2020-12-11 05:01:06,references,36c35e23-8757-4a9d-aacf-345e9b7eb50d,https://creativecommons.org/publicdomain/zero/1.0/,https://doi.org/10.13003/CED-terms-of-use,,,https://evidence.eventdata.crossref.org/evidence/20201211-wikipedia-cd313ab9-9cb2-4503-b573-da3f21b43f72,add,https://en.wikipedia.org/wiki/Marian_Garfinkel,Marian Garfinkel,https://en.wikipedia.org/w/index.php?title=Marian_Garfinkel&oldid=993578588,https://en.wikipedia.org/api/rest_v1/page/html/Marian_Garfinkel/993578588,https://doi.org/10.1001/jama.280.18.1601,https://doi.org/10.1001/jama.280.18.1601
3713,wikipedia,https://doi.org/10.1001/jama.280.18.1601,https://en.wikipedia.org/api/rest_v1/page/html/Marian_Garfinkel/1000244219,03a13309-f07a-4779-90b2-4ae0b013a010,2021-01-14 08:35:28,2021-01-14 03:46:12,references,36c35e23-8757-4a9d-aacf-345e9b7eb50d,https://creativecommons.org/publicdomain/zero/1.0/,https://doi.org/10.13003/CED-terms-of-use,,,https://evidence.eventdata.crossref.org/evidence/20210114-wikipedia-005a39bf-ebce-4fe8-bc06-672db0aa414d,add,https://en.wikipedia.org/wiki/Marian_Garfinkel,Marian Garfinkel,https://en.wikipedia.org/w/index.php?title=Marian_Garfinkel&oldid=1000244219,https://en.wikipedia.org/api/rest_v1/page/html/Marian_Garfinkel/1000244219,https://doi.org/10.1001/jama.280.18.1601,https://doi.org/10.1001/jama.280.18.1601
