twitterIncrement,sourceID,subjectID,objectID,eventID,occurredAt,timeObserved,relationType,sourceToken,license,termsOfUse,tweetAuthor,originalTweetAuthor,updatedReason,updated,evidenceRecord,eventAction,subjectPID,originalTweetURL,alternativeID,title,issued,objectPID,objectURL,updatedDate
10611,twitter,http://twitter.com/bluezonemktg/statuses/1053433876306112512,https://doi.org/10.1001/jama.280.18.1601,3d69fda1-18c8-4bc6-9316-c9ca80bd848f,2018-10-19 23:53:02,2018-10-19 19:54:40,discusses,45a1ef76-4f43-4cdc-9ba8-5a6ad01cc231,https://creativecommons.org/publicdomain/zero/1.0/,https://doi.org/10.13003/CED-terms-of-use,http://www.twitter.com/bluezonemktg,,,,https://evidence.eventdata.crossref.org/evidence/20181019-twitter-b6d21220-183c-4484-b2a7-485e3c34fe,add,http://twitter.com/bluezonemktg/statuses/1053433876306112512,http://twitter.com/bluezonemktg/statuses/1053433876306112512,1053433876306112512,Tweet 1053433876306112512,2018-10-19 23:53:02,https://doi.org/10.1001/jama.280.18.1601,https://jamanetwork.com/journals/jama/fullarticle/188150,
10612,twitter,http://twitter.com/bluezonemktg/statuses/1054239789224873984,https://doi.org/10.1001/jama.280.18.1601,49e25c5e-3f5f-48e0-9e4e-b3f45e3fa27b,2018-10-22 05:15:27,2018-10-22 01:16:18,discusses,45a1ef76-4f43-4cdc-9ba8-5a6ad01cc231,https://creativecommons.org/publicdomain/zero/1.0/,https://doi.org/10.13003/CED-terms-of-use,http://www.twitter.com/bluezonemktg,http://www.twitter.com/bluezonemktg,,,https://evidence.eventdata.crossref.org/evidence/20181022-twitter-c572a9db-1661-4ea8-8c46-aa2da68c99,add,http://twitter.com/bluezonemktg/statuses/1054239789224873984,http://twitter.com/bluezonemktg/statuses/1053433876306112512,1054239789224873984,Tweet 1054239789224873984,2018-10-22 05:15:27,https://doi.org/10.1001/jama.280.18.1601,https://jamanetwork.com/journals/jama/fullarticle/188150,
10613,twitter,twitter://status?id=1096231921980444672,https://doi.org/10.1001/jama.280.18.1601,f765f038-3d1b-4602-b829-fa1e033b975f,2019-02-15 02:17:11,2019-02-14 21:18:35,discusses,45a1ef76-4f43-4cdc-9ba8-5a6ad01cc231,https://creativecommons.org/publicdomain/zero/1.0/,https://doi.org/10.13003/CED-terms-of-use,twitter://user?screen_name=Elantara,twitter://user?screen_name=ADevotedYogi,,,https://evidence.eventdata.crossref.org/evidence/20190215-twitter-130c5102-cc9b-4e2c-b9c6-dec644db11,add,twitter://status?id=1096231921980444672,twitter://status?id=1096228422668427264,1096231921980444672,Tweet 1096231921980444672,2019-02-15 02:17:11,https://doi.org/10.1001/jama.280.18.1601,https://jamanetwork.com/journals/jama/fullarticle/188150,
10614,twitter,twitter://status?id=1096465936746405889,https://doi.org/10.1001/jama.280.18.1601,f40321f6-a009-44cc-8429-a193d82f8117,2019-02-15 17:47:05,2019-02-15 12:56:14,discusses,45a1ef76-4f43-4cdc-9ba8-5a6ad01cc231,https://creativecommons.org/publicdomain/zero/1.0/,https://doi.org/10.13003/CED-terms-of-use,twitter://user?screen_name=kruttika108,twitter://user?screen_name=ADevotedYogi,,,https://evidence.eventdata.crossref.org/evidence/20190215-twitter-b66c7f19-e661-4ad2-a5d5-5a609a31b3,add,twitter://status?id=1096465936746405889,twitter://status?id=1096228422668427264,1096465936746405889,Tweet 1096465936746405889,2019-02-15 17:47:05,https://doi.org/10.1001/jama.280.18.1601,https://jamanetwork.com/journals/jama/fullarticle/188150,
10615,twitter,twitter://status?id=1096468647638228992,https://doi.org/10.1001/jama.280.18.1601,8aa71578-a8af-47f0-8589-efde901ab30c,2019-02-15 17:57:51,2019-02-15 13:06:19,discusses,45a1ef76-4f43-4cdc-9ba8-5a6ad01cc231,https://creativecommons.org/publicdomain/zero/1.0/,https://doi.org/10.13003/CED-terms-of-use,twitter://user?screen_name=ADevotedYogi,twitter://user?screen_name=ADevotedYogi,,,https://evidence.eventdata.crossref.org/evidence/20190215-twitter-1b8faa3f-240a-4852-af91-59144e0de9,add,twitter://status?id=1096468647638228992,twitter://status?id=1096228422668427264,1096468647638228992,Tweet 1096468647638228992,2019-02-15 17:57:51,https://doi.org/10.1001/jama.280.18.1601,https://jamanetwork.com/journals/jama/fullarticle/188150,
10616,twitter,twitter://status?id=1148482150158807040,https://doi.org/10.1001/jama.280.18.1601,0ff7f1e7-3f18-4926-bd02-a650671b001e,2019-07-09 06:40:57,2019-07-09 02:43:35,discusses,45a1ef76-4f43-4cdc-9ba8-5a6ad01cc231,https://creativecommons.org/publicdomain/zero/1.0/,https://doi.org/10.13003/CED-terms-of-use,twitter://user?screen_name=ADevotedYogi,,,,https://evidence.eventdata.crossref.org/evidence/20190709-twitter-823b4d07-6bf8-463b-b039-6981f41823,add,twitter://status?id=1148482150158807040,twitter://status?id=1148482150158807040,1148482150158807040,Tweet 1148482150158807040,2019-07-09 06:40:57,https://doi.org/10.1001/jama.280.18.1601,https://jamanetwork.com/journals/jama/fullarticle/188150,
10617,twitter,twitter://status?id=1148637833617260544,https://doi.org/10.1001/jama.280.18.1601,e2c83d11-85d1-4ff1-b0d0-0d63524775d7,2019-07-09 16:59:34,2019-07-09 13:03:34,discusses,45a1ef76-4f43-4cdc-9ba8-5a6ad01cc231,https://creativecommons.org/publicdomain/zero/1.0/,https://doi.org/10.13003/CED-terms-of-use,twitter://user?screen_name=ADevotedYogi,twitter://user?screen_name=ADevotedYogi,,,https://evidence.eventdata.crossref.org/evidence/20190709-twitter-3fc90c2d-f26f-407b-9790-241f2b325e,add,twitter://status?id=1148637833617260544,twitter://status?id=1148482150158807040,1148637833617260544,Tweet 1148637833617260544,2019-07-09 16:59:34,https://doi.org/10.1001/jama.280.18.1601,https://jamanetwork.com/journals/jama/fullarticle/188150,
10618,twitter,twitter://status?id=1154619912788336640,https://doi.org/10.1001/jama.280.18.1601,96387a82-843b-4f51-97e1-f4d95f0ca380,2019-07-26 05:10:13,2019-07-26 01:15:05,discusses,45a1ef76-4f43-4cdc-9ba8-5a6ad01cc231,https://creativecommons.org/publicdomain/zero/1.0/,https://doi.org/10.13003/CED-terms-of-use,twitter://user?screen_name=ADevotedYogi,,,,https://evidence.eventdata.crossref.org/evidence/20190726-twitter-b5002dea-fb1a-47d2-8059-740be023c9,add,twitter://status?id=1154619912788336640,twitter://status?id=1154619912788336640,1154619912788336640,Tweet 1154619912788336640,2019-07-26 05:10:13,https://doi.org/10.1001/jama.280.18.1601,https://jamanetwork.com/journals/jama/fullarticle/188150,
10619,twitter,twitter://status?id=1154860600649871360,https://doi.org/10.1001/jama.280.18.1601,254d27f1-db6f-4b67-b4c0-d61a0cd2a5dc,2019-07-26 21:06:38,2019-07-26 17:23:39,discusses,45a1ef76-4f43-4cdc-9ba8-5a6ad01cc231,https://creativecommons.org/publicdomain/zero/1.0/,https://doi.org/10.13003/CED-terms-of-use,twitter://user?screen_name=ADevotedYogi,twitter://user?screen_name=ADevotedYogi,,,https://evidence.eventdata.crossref.org/evidence/20190726-twitter-65359d06-dcdd-4307-b9f1-5cbb1e2a4e,add,twitter://status?id=1154860600649871360,twitter://status?id=1154619912788336640,1154860600649871360,Tweet 1154860600649871360,2019-07-26 21:06:38,https://doi.org/10.1001/jama.280.18.1601,https://jamanetwork.com/journals/jama/fullarticle/188150,
10620,twitter,twitter://status?id=1154861087528906752,https://doi.org/10.1001/jama.280.18.1601,a302262e-b83e-4202-ab8c-1afdd918dfac,2019-07-26 21:08:34,2019-07-26 17:25:14,discusses,45a1ef76-4f43-4cdc-9ba8-5a6ad01cc231,https://creativecommons.org/publicdomain/zero/1.0/,https://doi.org/10.13003/CED-terms-of-use,twitter://user?screen_name=DanCas2,twitter://user?screen_name=ADevotedYogi,,,https://evidence.eventdata.crossref.org/evidence/20190726-twitter-0628521a-5f3e-436b-959e-e57024422f,add,twitter://status?id=1154861087528906752,twitter://status?id=1154619912788336640,1154861087528906752,Tweet 1154861087528906752,2019-07-26 21:08:34,https://doi.org/10.1001/jama.280.18.1601,https://jamanetwork.com/journals/jama/fullarticle/188150,
10621,twitter,twitter://status?id=1206959567512506368,https://doi.org/10.1001/jama.280.18.1601,aaa77e41-7869-45dd-911d-0698b7fd88a0,2019-12-17 15:29:19,2019-12-18 22:42:24,discusses,45a1ef76-4f43-4cdc-9ba8-5a6ad01cc231,https://creativecommons.org/publicdomain/zero/1.0/,https://doi.org/10.13003/CED-terms-of-use,twitter://user?screen_name=ADevotedYogi,,,,https://evidence.eventdata.crossref.org/evidence/20191217-twitter-f914ac33-ca19-4bc8-ad72-0733b3795f,add,twitter://status?id=1206959567512506368,twitter://status?id=1206959567512506368,1206959567512506368,Tweet 1206959567512506368,2019-12-17 15:29:19,https://doi.org/10.1001/jama.280.18.1601,https://jamanetwork.com/journals/jama/fullarticle/188150,
10622,twitter,twitter://status?id=1206970747949699072,https://doi.org/10.1001/jama.280.18.1601,35ffca86-7709-49a7-8bc6-60acc4c113aa,2019-12-17 16:13:45,2019-12-18 23:26:51,discusses,45a1ef76-4f43-4cdc-9ba8-5a6ad01cc231,https://creativecommons.org/publicdomain/zero/1.0/,https://doi.org/10.13003/CED-terms-of-use,twitter://user?screen_name=jewlz106m,twitter://user?screen_name=ADevotedYogi,,,https://evidence.eventdata.crossref.org/evidence/20191217-twitter-7605d42d-d174-4599-988b-d926137006,add,twitter://status?id=1206970747949699072,twitter://status?id=1206959567512506368,1206970747949699072,Tweet 1206970747949699072,2019-12-17 16:13:45,https://doi.org/10.1001/jama.280.18.1601,https://jamanetwork.com/journals/jama/fullarticle/188150,
10623,twitter,twitter://status?id=1207133593157300225,https://doi.org/10.1001/jama.280.18.1601,972b2160-3dcd-490d-b470-48cd6a2d1da4,2019-12-18 03:00:50,2019-12-19 07:40:20,discusses,45a1ef76-4f43-4cdc-9ba8-5a6ad01cc231,https://creativecommons.org/publicdomain/zero/1.0/,https://doi.org/10.13003/CED-terms-of-use,twitter://user?screen_name=WhoFeedsYou,twitter://user?screen_name=ADevotedYogi,,,https://evidence.eventdata.crossref.org/evidence/20191218-twitter-cc623b39-c162-40bd-8494-de5c66872e,add,twitter://status?id=1207133593157300225,twitter://status?id=1206959567512506368,1207133593157300225,Tweet 1207133593157300225,2019-12-18 03:00:50,https://doi.org/10.1001/jama.280.18.1601,https://jamanetwork.com/journals/jama/fullarticle/188150,
10624,twitter,twitter://status?id=1207147660169240576,https://doi.org/10.1001/jama.280.18.1601,ecf6be6f-85be-4d09-887c-501da2c485e6,2019-12-18 03:56:44,2019-12-19 08:07:17,discusses,45a1ef76-4f43-4cdc-9ba8-5a6ad01cc231,https://creativecommons.org/publicdomain/zero/1.0/,https://doi.org/10.13003/CED-terms-of-use,twitter://user?screen_name=ADevotedYogi,twitter://user?screen_name=ADevotedYogi,,,https://evidence.eventdata.crossref.org/evidence/20191218-twitter-a1883917-0890-4730-8146-7c7e9c8845,add,twitter://status?id=1207147660169240576,twitter://status?id=1206959567512506368,1207147660169240576,Tweet 1207147660169240576,2019-12-18 03:56:44,https://doi.org/10.1001/jama.280.18.1601,https://jamanetwork.com/journals/jama/fullarticle/188150,
10625,twitter,twitter://status?id=1207689748283703296,https://doi.org/10.1001/jama.280.18.1601,a8d1efea-5658-46a1-a4e5-f52b64391997,2019-12-19 15:50:48,2019-12-20 05:19:09,discusses,45a1ef76-4f43-4cdc-9ba8-5a6ad01cc231,https://creativecommons.org/publicdomain/zero/1.0/,https://doi.org/10.13003/CED-terms-of-use,twitter://user?screen_name=LVLighthouse,twitter://user?screen_name=ADevotedYogi,,,https://evidence.eventdata.crossref.org/evidence/20191219-twitter-588b1d7b-12d5-4ff9-a71e-55ba8faddb,add,twitter://status?id=1207689748283703296,twitter://status?id=1206959567512506368,1207689748283703296,Tweet 1207689748283703296,2019-12-19 15:50:48,https://doi.org/10.1001/jama.280.18.1601,https://jamanetwork.com/journals/jama/fullarticle/188150,
10626,twitter,twitter://status?id=1208150151426007040,https://doi.org/10.1001/jama.280.18.1601,e0586723-f644-4882-8928-215258c5b067,2019-12-20 22:20:17,2019-12-20 20:15:10,discusses,45a1ef76-4f43-4cdc-9ba8-5a6ad01cc231,https://creativecommons.org/publicdomain/zero/1.0/,https://doi.org/10.13003/CED-terms-of-use,twitter://user?screen_name=WhoFeedsYou,twitter://user?screen_name=ADevotedYogi,,,https://evidence.eventdata.crossref.org/evidence/20191220-twitter-f391709c-4499-4d31-acd0-bee52b1d1b,add,twitter://status?id=1208150151426007040,twitter://status?id=1206959567512506368,1208150151426007040,Tweet 1208150151426007040,2019-12-20 22:20:17,https://doi.org/10.1001/jama.280.18.1601,https://jamanetwork.com/journals/jama/fullarticle/188150,
10627,twitter,twitter://status?id=1315157736942981133,https://doi.org/10.1001/jama.280.18.1601,4e166450-625e-498b-972f-efb3ea9404bf,2020-10-11 05:10:13,2020-10-11 01:13:43,discusses,45a1ef76-4f43-4cdc-9ba8-5a6ad01cc231,https://creativecommons.org/publicdomain/zero/1.0/,https://doi.org/10.13003/CED-terms-of-use,twitter://user?screen_name=ADevotedYogi,,,,https://evidence.eventdata.crossref.org/evidence/20201011-twitter-f6b95167-5925-4a62-adfd-ede8584c39,add,twitter://status?id=1315157736942981133,twitter://status?id=1315157736942981133,1315157736942981133,Tweet 1315157736942981133,2020-10-11 05:10:13,https://doi.org/10.1001/jama.280.18.1601,https://jamanetwork.com/journals/jama/fullarticle/188150,
10628,twitter,twitter://status?id=1315158007668453377,https://doi.org/10.1001/jama.280.18.1601,2b11c3d3-df83-4af9-8468-fec0a6951ccd,2020-10-11 05:11:18,2020-10-11 01:14:47,discusses,45a1ef76-4f43-4cdc-9ba8-5a6ad01cc231,https://creativecommons.org/publicdomain/zero/1.0/,https://doi.org/10.13003/CED-terms-of-use,twitter://user?screen_name=athenz,twitter://user?screen_name=ADevotedYogi,,,https://evidence.eventdata.crossref.org/evidence/20201011-twitter-bd8e473e-a6a0-405d-a384-e4c17c0bf6,add,twitter://status?id=1315158007668453377,twitter://status?id=1315157736942981133,1315158007668453377,Tweet 1315158007668453377,2020-10-11 05:11:18,https://doi.org/10.1001/jama.280.18.1601,https://jamanetwork.com/journals/jama/fullarticle/188150,
10629,twitter,twitter://status?id=1315331809761087488,https://doi.org/10.1001/jama.280.18.1601,cb7c2ab8-9ba1-4aa2-9a66-ad23b64dc909,2020-10-11 16:41:55,2020-10-11 12:46:01,discusses,45a1ef76-4f43-4cdc-9ba8-5a6ad01cc231,https://creativecommons.org/publicdomain/zero/1.0/,https://doi.org/10.13003/CED-terms-of-use,twitter://user?screen_name=bluezonemktg,twitter://user?screen_name=ADevotedYogi,,,https://evidence.eventdata.crossref.org/evidence/20201011-twitter-3e69cae4-df82-419c-9fc2-7d730a6e08,add,twitter://status?id=1315331809761087488,twitter://status?id=1315157736942981133,1315331809761087488,Tweet 1315331809761087488,2020-10-11 16:41:55,https://doi.org/10.1001/jama.280.18.1601,https://jamanetwork.com/journals/jama/fullarticle/188150,
10630,twitter,twitter://status?id=1315346622801301504,https://doi.org/10.1001/jama.280.18.1601,1a1b2bf6-39e4-49db-bca7-527de6a3867e,2020-10-11 17:40:47,2020-10-11 13:48:34,discusses,45a1ef76-4f43-4cdc-9ba8-5a6ad01cc231,https://creativecommons.org/publicdomain/zero/1.0/,https://doi.org/10.13003/CED-terms-of-use,twitter://user?screen_name=ADevotedYogi,twitter://user?screen_name=ADevotedYogi,,,https://evidence.eventdata.crossref.org/evidence/20201011-twitter-e09728b7-3fb2-40c6-877c-9af2d7b9b2,add,twitter://status?id=1315346622801301504,twitter://status?id=1315157736942981133,1315346622801301504,Tweet 1315346622801301504,2020-10-11 17:40:47,https://doi.org/10.1001/jama.280.18.1601,https://jamanetwork.com/journals/jama/fullarticle/188150,
10631,twitter,twitter://status?id=1315848547527393281,https://doi.org/10.1001/jama.280.18.1601,63665352-6b9c-41d1-a816-8bf0b44ee5af,2020-10-13 02:55:15,2020-10-13 03:30:53,discusses,45a1ef76-4f43-4cdc-9ba8-5a6ad01cc231,https://creativecommons.org/publicdomain/zero/1.0/,https://doi.org/10.13003/CED-terms-of-use,twitter://user?screen_name=kruttika108,twitter://user?screen_name=ADevotedYogi,,,https://evidence.eventdata.crossref.org/evidence/20201013-twitter-09c00848-a109-4fc4-be77-b54f48dfe5,add,twitter://status?id=1315848547527393281,twitter://status?id=1315157736942981133,1315848547527393281,Tweet 1315848547527393281,2020-10-13 02:55:15,https://doi.org/10.1001/jama.280.18.1601,https://jamanetwork.com/journals/jama/fullarticle/188150,
10632,twitter,twitter://status?id=1244345805919547392,https://doi.org/10.1001/jama.280.18.1601,4a27bc4d-69a4-41f2-8823-5a76e9cd7790,2020-03-29 19:28:53,2020-10-13 19:29:59,discusses,45a1ef76-4f43-4cdc-9ba8-5a6ad01cc231,https://creativecommons.org/publicdomain/zero/1.0/,https://doi.org/10.13003/CED-terms-of-use,twitter://user?screen_name=bluezonemktg,twitter://user?screen_name=ADevotedYogi,,,https://evidence.eventdata.crossref.org/evidence/20200329-twitter-5fdffcde-765f-4c8d-9e27-4bd004926a,add,twitter://status?id=1244345805919547392,twitter://status?id=1096228422668427264,1244345805919547392,Tweet 1244345805919547392,2020-03-29 19:28:53,https://doi.org/10.1001/jama.280.18.1601,https://jamanetwork.com/journals/jama/fullarticle/188150,
10633,twitter,twitter://status?id=1244345527753474051,https://doi.org/10.1001/jama.280.18.1601,9ca38b2f-35f0-45a4-8dff-f44bc58c6181,2020-03-29 19:27:47,2020-10-13 19:31:54,discusses,45a1ef76-4f43-4cdc-9ba8-5a6ad01cc231,https://creativecommons.org/publicdomain/zero/1.0/,https://doi.org/10.13003/CED-terms-of-use,twitter://user?screen_name=FiftyFiftyGirl,twitter://user?screen_name=ADevotedYogi,,,https://evidence.eventdata.crossref.org/evidence/20200329-twitter-d9d92b07-a7c0-4296-ae55-9513f156a1,add,twitter://status?id=1244345527753474051,twitter://status?id=1096228422668427264,1244345527753474051,Tweet 1244345527753474051,2020-03-29 19:27:47,https://doi.org/10.1001/jama.280.18.1601,https://jamanetwork.com/journals/jama/fullarticle/188150,
10634,twitter,twitter://status?id=1244523693692186627,https://doi.org/10.1001/jama.280.18.1601,fbad9b85-3d25-4b70-aad5-91f8a5dca5cc,2020-03-30 07:15:45,2020-10-13 20:01:43,discusses,45a1ef76-4f43-4cdc-9ba8-5a6ad01cc231,https://creativecommons.org/publicdomain/zero/1.0/,https://doi.org/10.13003/CED-terms-of-use,twitter://user?screen_name=WhoFeedsYou,twitter://user?screen_name=ADevotedYogi,,,https://evidence.eventdata.crossref.org/evidence/20200330-twitter-4ffa3008-0905-44b1-b0ea-818e30e450,add,twitter://status?id=1244523693692186627,twitter://status?id=1096228422668427264,1244523693692186627,Tweet 1244523693692186627,2020-03-30 07:15:45,https://doi.org/10.1001/jama.280.18.1601,https://jamanetwork.com/journals/jama/fullarticle/188150,
10635,twitter,twitter://status?id=1317218963814641665,https://doi.org/10.1001/jama.280.18.1601,25e3c9fb-aabf-4959-9ef3-33de9a2b18ad,2020-10-16 21:40:48,2020-10-16 18:23:40,discusses,45a1ef76-4f43-4cdc-9ba8-5a6ad01cc231,https://creativecommons.org/publicdomain/zero/1.0/,https://doi.org/10.13003/CED-terms-of-use,twitter://user?screen_name=kruttika108,twitter://user?screen_name=ADevotedYogi,,,https://evidence.eventdata.crossref.org/evidence/20201016-twitter-2d30b7b2-0dd3-4144-b868-8bfa56bf70,add,twitter://status?id=1317218963814641665,twitter://status?id=1315157736942981133,1317218963814641665,Tweet 1317218963814641665,2020-10-16 21:40:48,https://doi.org/10.1001/jama.280.18.1601,https://jamanetwork.com/journals/jama/fullarticle/188150,
10636,twitter,twitter://status?id=1317980026244001792,https://doi.org/10.1001/jama.280.18.1601,9ceb5f0b-fd96-4be8-9b00-2014f4f69f90,2020-10-19 00:04:59,2020-10-18 20:09:23,discusses,45a1ef76-4f43-4cdc-9ba8-5a6ad01cc231,https://creativecommons.org/publicdomain/zero/1.0/,https://doi.org/10.13003/CED-terms-of-use,twitter://user?screen_name=LVLighthouse,twitter://user?screen_name=ADevotedYogi,,,https://evidence.eventdata.crossref.org/evidence/20201019-twitter-e0944d2b-4fb4-4a1b-8512-eafe348db3,add,twitter://status?id=1317980026244001792,twitter://status?id=1315157736942981133,1317980026244001792,Tweet 1317980026244001792,2020-10-19 00:04:59,https://doi.org/10.1001/jama.280.18.1601,https://jamanetwork.com/journals/jama/fullarticle/188150,
10637,twitter,twitter://status?id=1360614536756232192,https://doi.org/10.1001/jama.280.18.1601,8c59dee3-4d27-4cc0-a8e8-03db4ea39183,2021-02-13 15:39:19,2021-02-13 12:10:40,discusses,45a1ef76-4f43-4cdc-9ba8-5a6ad01cc231,https://creativecommons.org/publicdomain/zero/1.0/,https://doi.org/10.13003/CED-terms-of-use,twitter://user?screen_name=ADevotedYogi,,,,https://evidence.eventdata.crossref.org/evidence/20210213-twitter-e0a1eb6f-c6a0-4e46-b8a3-8456fe910f,add,twitter://status?id=1360614536756232192,twitter://status?id=1360614536756232192,1360614536756232192,Tweet 1360614536756232192,2021-02-13 15:39:19,https://doi.org/10.1001/jama.280.18.1601,https://jamanetwork.com/journals/jama/fullarticle/188150,
10638,twitter,twitter://status?id=1360615035161243650,https://doi.org/10.1001/jama.280.18.1601,b4e200ee-0f77-4fea-ad07-e20d6c619bed,2021-02-13 15:41:18,2021-02-13 12:31:53,discusses,45a1ef76-4f43-4cdc-9ba8-5a6ad01cc231,https://creativecommons.org/publicdomain/zero/1.0/,https://doi.org/10.13003/CED-terms-of-use,twitter://user?screen_name=emilbordon,twitter://user?screen_name=ADevotedYogi,,,https://evidence.eventdata.crossref.org/evidence/20210213-twitter-a093a7c1-8360-4d42-9aad-f4402a6eaa,add,twitter://status?id=1360615035161243650,twitter://status?id=1360614536756232192,1360615035161243650,Tweet 1360615035161243650,2021-02-13 15:41:18,https://doi.org/10.1001/jama.280.18.1601,https://jamanetwork.com/journals/jama/fullarticle/188150,
10639,twitter,twitter://status?id=1360614697884676097,https://doi.org/10.1001/jama.280.18.1601,d8f6e8b9-c0cb-45b8-b4a7-2abd55f4c977,2021-02-13 15:39:57,2021-02-13 12:52:11,discusses,45a1ef76-4f43-4cdc-9ba8-5a6ad01cc231,https://creativecommons.org/publicdomain/zero/1.0/,https://doi.org/10.13003/CED-terms-of-use,twitter://user?screen_name=MariadeliaSofia,twitter://user?screen_name=ADevotedYogi,,,https://evidence.eventdata.crossref.org/evidence/20210213-twitter-6e53c609-4613-4dc5-9d3b-450e7b638a,add,twitter://status?id=1360614697884676097,twitter://status?id=1360614536756232192,1360614697884676097,Tweet 1360614697884676097,2021-02-13 15:39:57,https://doi.org/10.1001/jama.280.18.1601,https://jamanetwork.com/journals/jama/fullarticle/188150,
10640,twitter,twitter://status?id=1360860839708794887,https://doi.org/10.1001/jama.280.18.1601,9cc64a1e-1421-4ec4-b73b-465b7be05487,2021-02-14 07:58:02,2021-02-14 05:09:00,discusses,45a1ef76-4f43-4cdc-9ba8-5a6ad01cc231,https://creativecommons.org/publicdomain/zero/1.0/,https://doi.org/10.13003/CED-terms-of-use,twitter://user?screen_name=ADevotedYogi,twitter://user?screen_name=ADevotedYogi,,,https://evidence.eventdata.crossref.org/evidence/20210214-twitter-4a270323-025f-4098-91bb-4f3e8e4534,add,twitter://status?id=1360860839708794887,twitter://status?id=1360614536756232192,1360860839708794887,Tweet 1360860839708794887,2021-02-14 07:58:02,https://doi.org/10.1001/jama.280.18.1601,https://jamanetwork.com/journals/jama/fullarticle/188150,
11227,twitter,http://twitter.com/bluezonemktg/statuses/1053433876306112512,https://doi.org/10.1001/jama.280.18.1601,3d69fda1-18c8-4bc6-9316-c9ca80bd848f,2018-10-19 23:53:02,2018-10-19 19:54:40,discusses,45a1ef76-4f43-4cdc-9ba8-5a6ad01cc231,https://creativecommons.org/publicdomain/zero/1.0/,https://doi.org/10.13003/CED-terms-of-use,http://www.twitter.com/bluezonemktg,,,,https://evidence.eventdata.crossref.org/evidence/20181019-twitter-b6d21220-183c-4484-b2a7-485e3c34fe,add,http://twitter.com/bluezonemktg/statuses/1053433876306112512,http://twitter.com/bluezonemktg/statuses/1053433876306112512,1053433876306112512,Tweet 1053433876306112512,2018-10-19 23:53:02,https://doi.org/10.1001/jama.280.18.1601,https://jamanetwork.com/journals/jama/fullarticle/188150,
11228,twitter,http://twitter.com/bluezonemktg/statuses/1054239789224873984,https://doi.org/10.1001/jama.280.18.1601,49e25c5e-3f5f-48e0-9e4e-b3f45e3fa27b,2018-10-22 05:15:27,2018-10-22 01:16:18,discusses,45a1ef76-4f43-4cdc-9ba8-5a6ad01cc231,https://creativecommons.org/publicdomain/zero/1.0/,https://doi.org/10.13003/CED-terms-of-use,http://www.twitter.com/bluezonemktg,http://www.twitter.com/bluezonemktg,,,https://evidence.eventdata.crossref.org/evidence/20181022-twitter-c572a9db-1661-4ea8-8c46-aa2da68c99,add,http://twitter.com/bluezonemktg/statuses/1054239789224873984,http://twitter.com/bluezonemktg/statuses/1053433876306112512,1054239789224873984,Tweet 1054239789224873984,2018-10-22 05:15:27,https://doi.org/10.1001/jama.280.18.1601,https://jamanetwork.com/journals/jama/fullarticle/188150,
11229,twitter,twitter://status?id=1096231921980444672,https://doi.org/10.1001/jama.280.18.1601,f765f038-3d1b-4602-b829-fa1e033b975f,2019-02-15 02:17:11,2019-02-14 21:18:35,discusses,45a1ef76-4f43-4cdc-9ba8-5a6ad01cc231,https://creativecommons.org/publicdomain/zero/1.0/,https://doi.org/10.13003/CED-terms-of-use,twitter://user?screen_name=Elantara,twitter://user?screen_name=ADevotedYogi,,,https://evidence.eventdata.crossref.org/evidence/20190215-twitter-130c5102-cc9b-4e2c-b9c6-dec644db11,add,twitter://status?id=1096231921980444672,twitter://status?id=1096228422668427264,1096231921980444672,Tweet 1096231921980444672,2019-02-15 02:17:11,https://doi.org/10.1001/jama.280.18.1601,https://jamanetwork.com/journals/jama/fullarticle/188150,
11230,twitter,twitter://status?id=1096465936746405889,https://doi.org/10.1001/jama.280.18.1601,f40321f6-a009-44cc-8429-a193d82f8117,2019-02-15 17:47:05,2019-02-15 12:56:14,discusses,45a1ef76-4f43-4cdc-9ba8-5a6ad01cc231,https://creativecommons.org/publicdomain/zero/1.0/,https://doi.org/10.13003/CED-terms-of-use,twitter://user?screen_name=kruttika108,twitter://user?screen_name=ADevotedYogi,,,https://evidence.eventdata.crossref.org/evidence/20190215-twitter-b66c7f19-e661-4ad2-a5d5-5a609a31b3,add,twitter://status?id=1096465936746405889,twitter://status?id=1096228422668427264,1096465936746405889,Tweet 1096465936746405889,2019-02-15 17:47:05,https://doi.org/10.1001/jama.280.18.1601,https://jamanetwork.com/journals/jama/fullarticle/188150,
11231,twitter,twitter://status?id=1096468647638228992,https://doi.org/10.1001/jama.280.18.1601,8aa71578-a8af-47f0-8589-efde901ab30c,2019-02-15 17:57:51,2019-02-15 13:06:19,discusses,45a1ef76-4f43-4cdc-9ba8-5a6ad01cc231,https://creativecommons.org/publicdomain/zero/1.0/,https://doi.org/10.13003/CED-terms-of-use,twitter://user?screen_name=ADevotedYogi,twitter://user?screen_name=ADevotedYogi,,,https://evidence.eventdata.crossref.org/evidence/20190215-twitter-1b8faa3f-240a-4852-af91-59144e0de9,add,twitter://status?id=1096468647638228992,twitter://status?id=1096228422668427264,1096468647638228992,Tweet 1096468647638228992,2019-02-15 17:57:51,https://doi.org/10.1001/jama.280.18.1601,https://jamanetwork.com/journals/jama/fullarticle/188150,
11232,twitter,twitter://status?id=1148482150158807040,https://doi.org/10.1001/jama.280.18.1601,0ff7f1e7-3f18-4926-bd02-a650671b001e,2019-07-09 06:40:57,2019-07-09 02:43:35,discusses,45a1ef76-4f43-4cdc-9ba8-5a6ad01cc231,https://creativecommons.org/publicdomain/zero/1.0/,https://doi.org/10.13003/CED-terms-of-use,twitter://user?screen_name=ADevotedYogi,,,,https://evidence.eventdata.crossref.org/evidence/20190709-twitter-823b4d07-6bf8-463b-b039-6981f41823,add,twitter://status?id=1148482150158807040,twitter://status?id=1148482150158807040,1148482150158807040,Tweet 1148482150158807040,2019-07-09 06:40:57,https://doi.org/10.1001/jama.280.18.1601,https://jamanetwork.com/journals/jama/fullarticle/188150,
11233,twitter,twitter://status?id=1148637833617260544,https://doi.org/10.1001/jama.280.18.1601,e2c83d11-85d1-4ff1-b0d0-0d63524775d7,2019-07-09 16:59:34,2019-07-09 13:03:34,discusses,45a1ef76-4f43-4cdc-9ba8-5a6ad01cc231,https://creativecommons.org/publicdomain/zero/1.0/,https://doi.org/10.13003/CED-terms-of-use,twitter://user?screen_name=ADevotedYogi,twitter://user?screen_name=ADevotedYogi,,,https://evidence.eventdata.crossref.org/evidence/20190709-twitter-3fc90c2d-f26f-407b-9790-241f2b325e,add,twitter://status?id=1148637833617260544,twitter://status?id=1148482150158807040,1148637833617260544,Tweet 1148637833617260544,2019-07-09 16:59:34,https://doi.org/10.1001/jama.280.18.1601,https://jamanetwork.com/journals/jama/fullarticle/188150,
11234,twitter,twitter://status?id=1154619912788336640,https://doi.org/10.1001/jama.280.18.1601,96387a82-843b-4f51-97e1-f4d95f0ca380,2019-07-26 05:10:13,2019-07-26 01:15:05,discusses,45a1ef76-4f43-4cdc-9ba8-5a6ad01cc231,https://creativecommons.org/publicdomain/zero/1.0/,https://doi.org/10.13003/CED-terms-of-use,twitter://user?screen_name=ADevotedYogi,,,,https://evidence.eventdata.crossref.org/evidence/20190726-twitter-b5002dea-fb1a-47d2-8059-740be023c9,add,twitter://status?id=1154619912788336640,twitter://status?id=1154619912788336640,1154619912788336640,Tweet 1154619912788336640,2019-07-26 05:10:13,https://doi.org/10.1001/jama.280.18.1601,https://jamanetwork.com/journals/jama/fullarticle/188150,
11235,twitter,twitter://status?id=1154860600649871360,https://doi.org/10.1001/jama.280.18.1601,254d27f1-db6f-4b67-b4c0-d61a0cd2a5dc,2019-07-26 21:06:38,2019-07-26 17:23:39,discusses,45a1ef76-4f43-4cdc-9ba8-5a6ad01cc231,https://creativecommons.org/publicdomain/zero/1.0/,https://doi.org/10.13003/CED-terms-of-use,twitter://user?screen_name=ADevotedYogi,twitter://user?screen_name=ADevotedYogi,,,https://evidence.eventdata.crossref.org/evidence/20190726-twitter-65359d06-dcdd-4307-b9f1-5cbb1e2a4e,add,twitter://status?id=1154860600649871360,twitter://status?id=1154619912788336640,1154860600649871360,Tweet 1154860600649871360,2019-07-26 21:06:38,https://doi.org/10.1001/jama.280.18.1601,https://jamanetwork.com/journals/jama/fullarticle/188150,
11236,twitter,twitter://status?id=1154861087528906752,https://doi.org/10.1001/jama.280.18.1601,a302262e-b83e-4202-ab8c-1afdd918dfac,2019-07-26 21:08:34,2019-07-26 17:25:14,discusses,45a1ef76-4f43-4cdc-9ba8-5a6ad01cc231,https://creativecommons.org/publicdomain/zero/1.0/,https://doi.org/10.13003/CED-terms-of-use,twitter://user?screen_name=DanCas2,twitter://user?screen_name=ADevotedYogi,,,https://evidence.eventdata.crossref.org/evidence/20190726-twitter-0628521a-5f3e-436b-959e-e57024422f,add,twitter://status?id=1154861087528906752,twitter://status?id=1154619912788336640,1154861087528906752,Tweet 1154861087528906752,2019-07-26 21:08:34,https://doi.org/10.1001/jama.280.18.1601,https://jamanetwork.com/journals/jama/fullarticle/188150,
11237,twitter,twitter://status?id=1206959567512506368,https://doi.org/10.1001/jama.280.18.1601,aaa77e41-7869-45dd-911d-0698b7fd88a0,2019-12-17 15:29:19,2019-12-18 22:42:24,discusses,45a1ef76-4f43-4cdc-9ba8-5a6ad01cc231,https://creativecommons.org/publicdomain/zero/1.0/,https://doi.org/10.13003/CED-terms-of-use,twitter://user?screen_name=ADevotedYogi,,,,https://evidence.eventdata.crossref.org/evidence/20191217-twitter-f914ac33-ca19-4bc8-ad72-0733b3795f,add,twitter://status?id=1206959567512506368,twitter://status?id=1206959567512506368,1206959567512506368,Tweet 1206959567512506368,2019-12-17 15:29:19,https://doi.org/10.1001/jama.280.18.1601,https://jamanetwork.com/journals/jama/fullarticle/188150,
11238,twitter,twitter://status?id=1206970747949699072,https://doi.org/10.1001/jama.280.18.1601,35ffca86-7709-49a7-8bc6-60acc4c113aa,2019-12-17 16:13:45,2019-12-18 23:26:51,discusses,45a1ef76-4f43-4cdc-9ba8-5a6ad01cc231,https://creativecommons.org/publicdomain/zero/1.0/,https://doi.org/10.13003/CED-terms-of-use,twitter://user?screen_name=jewlz106m,twitter://user?screen_name=ADevotedYogi,,,https://evidence.eventdata.crossref.org/evidence/20191217-twitter-7605d42d-d174-4599-988b-d926137006,add,twitter://status?id=1206970747949699072,twitter://status?id=1206959567512506368,1206970747949699072,Tweet 1206970747949699072,2019-12-17 16:13:45,https://doi.org/10.1001/jama.280.18.1601,https://jamanetwork.com/journals/jama/fullarticle/188150,
11239,twitter,twitter://status?id=1207133593157300225,https://doi.org/10.1001/jama.280.18.1601,972b2160-3dcd-490d-b470-48cd6a2d1da4,2019-12-18 03:00:50,2019-12-19 07:40:20,discusses,45a1ef76-4f43-4cdc-9ba8-5a6ad01cc231,https://creativecommons.org/publicdomain/zero/1.0/,https://doi.org/10.13003/CED-terms-of-use,twitter://user?screen_name=WhoFeedsYou,twitter://user?screen_name=ADevotedYogi,,,https://evidence.eventdata.crossref.org/evidence/20191218-twitter-cc623b39-c162-40bd-8494-de5c66872e,add,twitter://status?id=1207133593157300225,twitter://status?id=1206959567512506368,1207133593157300225,Tweet 1207133593157300225,2019-12-18 03:00:50,https://doi.org/10.1001/jama.280.18.1601,https://jamanetwork.com/journals/jama/fullarticle/188150,
11240,twitter,twitter://status?id=1207147660169240576,https://doi.org/10.1001/jama.280.18.1601,ecf6be6f-85be-4d09-887c-501da2c485e6,2019-12-18 03:56:44,2019-12-19 08:07:17,discusses,45a1ef76-4f43-4cdc-9ba8-5a6ad01cc231,https://creativecommons.org/publicdomain/zero/1.0/,https://doi.org/10.13003/CED-terms-of-use,twitter://user?screen_name=ADevotedYogi,twitter://user?screen_name=ADevotedYogi,,,https://evidence.eventdata.crossref.org/evidence/20191218-twitter-a1883917-0890-4730-8146-7c7e9c8845,add,twitter://status?id=1207147660169240576,twitter://status?id=1206959567512506368,1207147660169240576,Tweet 1207147660169240576,2019-12-18 03:56:44,https://doi.org/10.1001/jama.280.18.1601,https://jamanetwork.com/journals/jama/fullarticle/188150,
11241,twitter,twitter://status?id=1207689748283703296,https://doi.org/10.1001/jama.280.18.1601,a8d1efea-5658-46a1-a4e5-f52b64391997,2019-12-19 15:50:48,2019-12-20 05:19:09,discusses,45a1ef76-4f43-4cdc-9ba8-5a6ad01cc231,https://creativecommons.org/publicdomain/zero/1.0/,https://doi.org/10.13003/CED-terms-of-use,twitter://user?screen_name=LVLighthouse,twitter://user?screen_name=ADevotedYogi,,,https://evidence.eventdata.crossref.org/evidence/20191219-twitter-588b1d7b-12d5-4ff9-a71e-55ba8faddb,add,twitter://status?id=1207689748283703296,twitter://status?id=1206959567512506368,1207689748283703296,Tweet 1207689748283703296,2019-12-19 15:50:48,https://doi.org/10.1001/jama.280.18.1601,https://jamanetwork.com/journals/jama/fullarticle/188150,
11242,twitter,twitter://status?id=1208150151426007040,https://doi.org/10.1001/jama.280.18.1601,e0586723-f644-4882-8928-215258c5b067,2019-12-20 22:20:17,2019-12-20 20:15:10,discusses,45a1ef76-4f43-4cdc-9ba8-5a6ad01cc231,https://creativecommons.org/publicdomain/zero/1.0/,https://doi.org/10.13003/CED-terms-of-use,twitter://user?screen_name=WhoFeedsYou,twitter://user?screen_name=ADevotedYogi,,,https://evidence.eventdata.crossref.org/evidence/20191220-twitter-f391709c-4499-4d31-acd0-bee52b1d1b,add,twitter://status?id=1208150151426007040,twitter://status?id=1206959567512506368,1208150151426007040,Tweet 1208150151426007040,2019-12-20 22:20:17,https://doi.org/10.1001/jama.280.18.1601,https://jamanetwork.com/journals/jama/fullarticle/188150,
11243,twitter,twitter://status?id=1315157736942981133,https://doi.org/10.1001/jama.280.18.1601,4e166450-625e-498b-972f-efb3ea9404bf,2020-10-11 05:10:13,2020-10-11 01:13:43,discusses,45a1ef76-4f43-4cdc-9ba8-5a6ad01cc231,https://creativecommons.org/publicdomain/zero/1.0/,https://doi.org/10.13003/CED-terms-of-use,twitter://user?screen_name=ADevotedYogi,,,,https://evidence.eventdata.crossref.org/evidence/20201011-twitter-f6b95167-5925-4a62-adfd-ede8584c39,add,twitter://status?id=1315157736942981133,twitter://status?id=1315157736942981133,1315157736942981133,Tweet 1315157736942981133,2020-10-11 05:10:13,https://doi.org/10.1001/jama.280.18.1601,https://jamanetwork.com/journals/jama/fullarticle/188150,
11244,twitter,twitter://status?id=1315158007668453377,https://doi.org/10.1001/jama.280.18.1601,2b11c3d3-df83-4af9-8468-fec0a6951ccd,2020-10-11 05:11:18,2020-10-11 01:14:47,discusses,45a1ef76-4f43-4cdc-9ba8-5a6ad01cc231,https://creativecommons.org/publicdomain/zero/1.0/,https://doi.org/10.13003/CED-terms-of-use,twitter://user?screen_name=athenz,twitter://user?screen_name=ADevotedYogi,,,https://evidence.eventdata.crossref.org/evidence/20201011-twitter-bd8e473e-a6a0-405d-a384-e4c17c0bf6,add,twitter://status?id=1315158007668453377,twitter://status?id=1315157736942981133,1315158007668453377,Tweet 1315158007668453377,2020-10-11 05:11:18,https://doi.org/10.1001/jama.280.18.1601,https://jamanetwork.com/journals/jama/fullarticle/188150,
11245,twitter,twitter://status?id=1315331809761087488,https://doi.org/10.1001/jama.280.18.1601,cb7c2ab8-9ba1-4aa2-9a66-ad23b64dc909,2020-10-11 16:41:55,2020-10-11 12:46:01,discusses,45a1ef76-4f43-4cdc-9ba8-5a6ad01cc231,https://creativecommons.org/publicdomain/zero/1.0/,https://doi.org/10.13003/CED-terms-of-use,twitter://user?screen_name=bluezonemktg,twitter://user?screen_name=ADevotedYogi,,,https://evidence.eventdata.crossref.org/evidence/20201011-twitter-3e69cae4-df82-419c-9fc2-7d730a6e08,add,twitter://status?id=1315331809761087488,twitter://status?id=1315157736942981133,1315331809761087488,Tweet 1315331809761087488,2020-10-11 16:41:55,https://doi.org/10.1001/jama.280.18.1601,https://jamanetwork.com/journals/jama/fullarticle/188150,
11246,twitter,twitter://status?id=1315346622801301504,https://doi.org/10.1001/jama.280.18.1601,1a1b2bf6-39e4-49db-bca7-527de6a3867e,2020-10-11 17:40:47,2020-10-11 13:48:34,discusses,45a1ef76-4f43-4cdc-9ba8-5a6ad01cc231,https://creativecommons.org/publicdomain/zero/1.0/,https://doi.org/10.13003/CED-terms-of-use,twitter://user?screen_name=ADevotedYogi,twitter://user?screen_name=ADevotedYogi,,,https://evidence.eventdata.crossref.org/evidence/20201011-twitter-e09728b7-3fb2-40c6-877c-9af2d7b9b2,add,twitter://status?id=1315346622801301504,twitter://status?id=1315157736942981133,1315346622801301504,Tweet 1315346622801301504,2020-10-11 17:40:47,https://doi.org/10.1001/jama.280.18.1601,https://jamanetwork.com/journals/jama/fullarticle/188150,
11247,twitter,twitter://status?id=1315848547527393281,https://doi.org/10.1001/jama.280.18.1601,63665352-6b9c-41d1-a816-8bf0b44ee5af,2020-10-13 02:55:15,2020-10-13 03:30:53,discusses,45a1ef76-4f43-4cdc-9ba8-5a6ad01cc231,https://creativecommons.org/publicdomain/zero/1.0/,https://doi.org/10.13003/CED-terms-of-use,twitter://user?screen_name=kruttika108,twitter://user?screen_name=ADevotedYogi,,,https://evidence.eventdata.crossref.org/evidence/20201013-twitter-09c00848-a109-4fc4-be77-b54f48dfe5,add,twitter://status?id=1315848547527393281,twitter://status?id=1315157736942981133,1315848547527393281,Tweet 1315848547527393281,2020-10-13 02:55:15,https://doi.org/10.1001/jama.280.18.1601,https://jamanetwork.com/journals/jama/fullarticle/188150,
11248,twitter,twitter://status?id=1244345805919547392,https://doi.org/10.1001/jama.280.18.1601,4a27bc4d-69a4-41f2-8823-5a76e9cd7790,2020-03-29 19:28:53,2020-10-13 19:29:59,discusses,45a1ef76-4f43-4cdc-9ba8-5a6ad01cc231,https://creativecommons.org/publicdomain/zero/1.0/,https://doi.org/10.13003/CED-terms-of-use,twitter://user?screen_name=bluezonemktg,twitter://user?screen_name=ADevotedYogi,,,https://evidence.eventdata.crossref.org/evidence/20200329-twitter-5fdffcde-765f-4c8d-9e27-4bd004926a,add,twitter://status?id=1244345805919547392,twitter://status?id=1096228422668427264,1244345805919547392,Tweet 1244345805919547392,2020-03-29 19:28:53,https://doi.org/10.1001/jama.280.18.1601,https://jamanetwork.com/journals/jama/fullarticle/188150,
11249,twitter,twitter://status?id=1244345527753474051,https://doi.org/10.1001/jama.280.18.1601,9ca38b2f-35f0-45a4-8dff-f44bc58c6181,2020-03-29 19:27:47,2020-10-13 19:31:54,discusses,45a1ef76-4f43-4cdc-9ba8-5a6ad01cc231,https://creativecommons.org/publicdomain/zero/1.0/,https://doi.org/10.13003/CED-terms-of-use,twitter://user?screen_name=FiftyFiftyGirl,twitter://user?screen_name=ADevotedYogi,,,https://evidence.eventdata.crossref.org/evidence/20200329-twitter-d9d92b07-a7c0-4296-ae55-9513f156a1,add,twitter://status?id=1244345527753474051,twitter://status?id=1096228422668427264,1244345527753474051,Tweet 1244345527753474051,2020-03-29 19:27:47,https://doi.org/10.1001/jama.280.18.1601,https://jamanetwork.com/journals/jama/fullarticle/188150,
11250,twitter,twitter://status?id=1244523693692186627,https://doi.org/10.1001/jama.280.18.1601,fbad9b85-3d25-4b70-aad5-91f8a5dca5cc,2020-03-30 07:15:45,2020-10-13 20:01:43,discusses,45a1ef76-4f43-4cdc-9ba8-5a6ad01cc231,https://creativecommons.org/publicdomain/zero/1.0/,https://doi.org/10.13003/CED-terms-of-use,twitter://user?screen_name=WhoFeedsYou,twitter://user?screen_name=ADevotedYogi,,,https://evidence.eventdata.crossref.org/evidence/20200330-twitter-4ffa3008-0905-44b1-b0ea-818e30e450,add,twitter://status?id=1244523693692186627,twitter://status?id=1096228422668427264,1244523693692186627,Tweet 1244523693692186627,2020-03-30 07:15:45,https://doi.org/10.1001/jama.280.18.1601,https://jamanetwork.com/journals/jama/fullarticle/188150,
11251,twitter,twitter://status?id=1317218963814641665,https://doi.org/10.1001/jama.280.18.1601,25e3c9fb-aabf-4959-9ef3-33de9a2b18ad,2020-10-16 21:40:48,2020-10-16 18:23:40,discusses,45a1ef76-4f43-4cdc-9ba8-5a6ad01cc231,https://creativecommons.org/publicdomain/zero/1.0/,https://doi.org/10.13003/CED-terms-of-use,twitter://user?screen_name=kruttika108,twitter://user?screen_name=ADevotedYogi,,,https://evidence.eventdata.crossref.org/evidence/20201016-twitter-2d30b7b2-0dd3-4144-b868-8bfa56bf70,add,twitter://status?id=1317218963814641665,twitter://status?id=1315157736942981133,1317218963814641665,Tweet 1317218963814641665,2020-10-16 21:40:48,https://doi.org/10.1001/jama.280.18.1601,https://jamanetwork.com/journals/jama/fullarticle/188150,
11252,twitter,twitter://status?id=1317980026244001792,https://doi.org/10.1001/jama.280.18.1601,9ceb5f0b-fd96-4be8-9b00-2014f4f69f90,2020-10-19 00:04:59,2020-10-18 20:09:23,discusses,45a1ef76-4f43-4cdc-9ba8-5a6ad01cc231,https://creativecommons.org/publicdomain/zero/1.0/,https://doi.org/10.13003/CED-terms-of-use,twitter://user?screen_name=LVLighthouse,twitter://user?screen_name=ADevotedYogi,,,https://evidence.eventdata.crossref.org/evidence/20201019-twitter-e0944d2b-4fb4-4a1b-8512-eafe348db3,add,twitter://status?id=1317980026244001792,twitter://status?id=1315157736942981133,1317980026244001792,Tweet 1317980026244001792,2020-10-19 00:04:59,https://doi.org/10.1001/jama.280.18.1601,https://jamanetwork.com/journals/jama/fullarticle/188150,
11253,twitter,twitter://status?id=1360614536756232192,https://doi.org/10.1001/jama.280.18.1601,8c59dee3-4d27-4cc0-a8e8-03db4ea39183,2021-02-13 15:39:19,2021-02-13 12:10:40,discusses,45a1ef76-4f43-4cdc-9ba8-5a6ad01cc231,https://creativecommons.org/publicdomain/zero/1.0/,https://doi.org/10.13003/CED-terms-of-use,twitter://user?screen_name=ADevotedYogi,,,,https://evidence.eventdata.crossref.org/evidence/20210213-twitter-e0a1eb6f-c6a0-4e46-b8a3-8456fe910f,add,twitter://status?id=1360614536756232192,twitter://status?id=1360614536756232192,1360614536756232192,Tweet 1360614536756232192,2021-02-13 15:39:19,https://doi.org/10.1001/jama.280.18.1601,https://jamanetwork.com/journals/jama/fullarticle/188150,
11254,twitter,twitter://status?id=1360615035161243650,https://doi.org/10.1001/jama.280.18.1601,b4e200ee-0f77-4fea-ad07-e20d6c619bed,2021-02-13 15:41:18,2021-02-13 12:31:53,discusses,45a1ef76-4f43-4cdc-9ba8-5a6ad01cc231,https://creativecommons.org/publicdomain/zero/1.0/,https://doi.org/10.13003/CED-terms-of-use,twitter://user?screen_name=emilbordon,twitter://user?screen_name=ADevotedYogi,,,https://evidence.eventdata.crossref.org/evidence/20210213-twitter-a093a7c1-8360-4d42-9aad-f4402a6eaa,add,twitter://status?id=1360615035161243650,twitter://status?id=1360614536756232192,1360615035161243650,Tweet 1360615035161243650,2021-02-13 15:41:18,https://doi.org/10.1001/jama.280.18.1601,https://jamanetwork.com/journals/jama/fullarticle/188150,
11255,twitter,twitter://status?id=1360614697884676097,https://doi.org/10.1001/jama.280.18.1601,d8f6e8b9-c0cb-45b8-b4a7-2abd55f4c977,2021-02-13 15:39:57,2021-02-13 12:52:11,discusses,45a1ef76-4f43-4cdc-9ba8-5a6ad01cc231,https://creativecommons.org/publicdomain/zero/1.0/,https://doi.org/10.13003/CED-terms-of-use,twitter://user?screen_name=MariadeliaSofia,twitter://user?screen_name=ADevotedYogi,,,https://evidence.eventdata.crossref.org/evidence/20210213-twitter-6e53c609-4613-4dc5-9d3b-450e7b638a,add,twitter://status?id=1360614697884676097,twitter://status?id=1360614536756232192,1360614697884676097,Tweet 1360614697884676097,2021-02-13 15:39:57,https://doi.org/10.1001/jama.280.18.1601,https://jamanetwork.com/journals/jama/fullarticle/188150,
11256,twitter,twitter://status?id=1360860839708794887,https://doi.org/10.1001/jama.280.18.1601,9cc64a1e-1421-4ec4-b73b-465b7be05487,2021-02-14 07:58:02,2021-02-14 05:09:00,discusses,45a1ef76-4f43-4cdc-9ba8-5a6ad01cc231,https://creativecommons.org/publicdomain/zero/1.0/,https://doi.org/10.13003/CED-terms-of-use,twitter://user?screen_name=ADevotedYogi,twitter://user?screen_name=ADevotedYogi,,,https://evidence.eventdata.crossref.org/evidence/20210214-twitter-4a270323-025f-4098-91bb-4f3e8e4534,add,twitter://status?id=1360860839708794887,twitter://status?id=1360614536756232192,1360860839708794887,Tweet 1360860839708794887,2021-02-14 07:58:02,https://doi.org/10.1001/jama.280.18.1601,https://jamanetwork.com/journals/jama/fullarticle/188150,
11944,twitter,http://twitter.com/bluezonemktg/statuses/1053433876306112512,https://doi.org/10.1001/jama.280.18.1601,3d69fda1-18c8-4bc6-9316-c9ca80bd848f,2018-10-19 23:53:02,2018-10-19 19:54:40,discusses,45a1ef76-4f43-4cdc-9ba8-5a6ad01cc231,https://creativecommons.org/publicdomain/zero/1.0/,https://doi.org/10.13003/CED-terms-of-use,http://www.twitter.com/bluezonemktg,,,,https://evidence.eventdata.crossref.org/evidence/20181019-twitter-b6d21220-183c-4484-b2a7-485e3c34fe,add,http://twitter.com/bluezonemktg/statuses/1053433876306112512,http://twitter.com/bluezonemktg/statuses/1053433876306112512,1053433876306112512,Tweet 1053433876306112512,2018-10-19 23:53:02,https://doi.org/10.1001/jama.280.18.1601,https://jamanetwork.com/journals/jama/fullarticle/188150,
11945,twitter,http://twitter.com/bluezonemktg/statuses/1054239789224873984,https://doi.org/10.1001/jama.280.18.1601,49e25c5e-3f5f-48e0-9e4e-b3f45e3fa27b,2018-10-22 05:15:27,2018-10-22 01:16:18,discusses,45a1ef76-4f43-4cdc-9ba8-5a6ad01cc231,https://creativecommons.org/publicdomain/zero/1.0/,https://doi.org/10.13003/CED-terms-of-use,http://www.twitter.com/bluezonemktg,http://www.twitter.com/bluezonemktg,,,https://evidence.eventdata.crossref.org/evidence/20181022-twitter-c572a9db-1661-4ea8-8c46-aa2da68c99,add,http://twitter.com/bluezonemktg/statuses/1054239789224873984,http://twitter.com/bluezonemktg/statuses/1053433876306112512,1054239789224873984,Tweet 1054239789224873984,2018-10-22 05:15:27,https://doi.org/10.1001/jama.280.18.1601,https://jamanetwork.com/journals/jama/fullarticle/188150,
11946,twitter,twitter://status?id=1096231921980444672,https://doi.org/10.1001/jama.280.18.1601,f765f038-3d1b-4602-b829-fa1e033b975f,2019-02-15 02:17:11,2019-02-14 21:18:35,discusses,45a1ef76-4f43-4cdc-9ba8-5a6ad01cc231,https://creativecommons.org/publicdomain/zero/1.0/,https://doi.org/10.13003/CED-terms-of-use,twitter://user?screen_name=Elantara,twitter://user?screen_name=ADevotedYogi,,,https://evidence.eventdata.crossref.org/evidence/20190215-twitter-130c5102-cc9b-4e2c-b9c6-dec644db11,add,twitter://status?id=1096231921980444672,twitter://status?id=1096228422668427264,1096231921980444672,Tweet 1096231921980444672,2019-02-15 02:17:11,https://doi.org/10.1001/jama.280.18.1601,https://jamanetwork.com/journals/jama/fullarticle/188150,
11947,twitter,twitter://status?id=1096465936746405889,https://doi.org/10.1001/jama.280.18.1601,f40321f6-a009-44cc-8429-a193d82f8117,2019-02-15 17:47:05,2019-02-15 12:56:14,discusses,45a1ef76-4f43-4cdc-9ba8-5a6ad01cc231,https://creativecommons.org/publicdomain/zero/1.0/,https://doi.org/10.13003/CED-terms-of-use,twitter://user?screen_name=kruttika108,twitter://user?screen_name=ADevotedYogi,,,https://evidence.eventdata.crossref.org/evidence/20190215-twitter-b66c7f19-e661-4ad2-a5d5-5a609a31b3,add,twitter://status?id=1096465936746405889,twitter://status?id=1096228422668427264,1096465936746405889,Tweet 1096465936746405889,2019-02-15 17:47:05,https://doi.org/10.1001/jama.280.18.1601,https://jamanetwork.com/journals/jama/fullarticle/188150,
11948,twitter,twitter://status?id=1096468647638228992,https://doi.org/10.1001/jama.280.18.1601,8aa71578-a8af-47f0-8589-efde901ab30c,2019-02-15 17:57:51,2019-02-15 13:06:19,discusses,45a1ef76-4f43-4cdc-9ba8-5a6ad01cc231,https://creativecommons.org/publicdomain/zero/1.0/,https://doi.org/10.13003/CED-terms-of-use,twitter://user?screen_name=ADevotedYogi,twitter://user?screen_name=ADevotedYogi,,,https://evidence.eventdata.crossref.org/evidence/20190215-twitter-1b8faa3f-240a-4852-af91-59144e0de9,add,twitter://status?id=1096468647638228992,twitter://status?id=1096228422668427264,1096468647638228992,Tweet 1096468647638228992,2019-02-15 17:57:51,https://doi.org/10.1001/jama.280.18.1601,https://jamanetwork.com/journals/jama/fullarticle/188150,
11949,twitter,twitter://status?id=1148482150158807040,https://doi.org/10.1001/jama.280.18.1601,0ff7f1e7-3f18-4926-bd02-a650671b001e,2019-07-09 06:40:57,2019-07-09 02:43:35,discusses,45a1ef76-4f43-4cdc-9ba8-5a6ad01cc231,https://creativecommons.org/publicdomain/zero/1.0/,https://doi.org/10.13003/CED-terms-of-use,twitter://user?screen_name=ADevotedYogi,,,,https://evidence.eventdata.crossref.org/evidence/20190709-twitter-823b4d07-6bf8-463b-b039-6981f41823,add,twitter://status?id=1148482150158807040,twitter://status?id=1148482150158807040,1148482150158807040,Tweet 1148482150158807040,2019-07-09 06:40:57,https://doi.org/10.1001/jama.280.18.1601,https://jamanetwork.com/journals/jama/fullarticle/188150,
11950,twitter,twitter://status?id=1148637833617260544,https://doi.org/10.1001/jama.280.18.1601,e2c83d11-85d1-4ff1-b0d0-0d63524775d7,2019-07-09 16:59:34,2019-07-09 13:03:34,discusses,45a1ef76-4f43-4cdc-9ba8-5a6ad01cc231,https://creativecommons.org/publicdomain/zero/1.0/,https://doi.org/10.13003/CED-terms-of-use,twitter://user?screen_name=ADevotedYogi,twitter://user?screen_name=ADevotedYogi,,,https://evidence.eventdata.crossref.org/evidence/20190709-twitter-3fc90c2d-f26f-407b-9790-241f2b325e,add,twitter://status?id=1148637833617260544,twitter://status?id=1148482150158807040,1148637833617260544,Tweet 1148637833617260544,2019-07-09 16:59:34,https://doi.org/10.1001/jama.280.18.1601,https://jamanetwork.com/journals/jama/fullarticle/188150,
11951,twitter,twitter://status?id=1154619912788336640,https://doi.org/10.1001/jama.280.18.1601,96387a82-843b-4f51-97e1-f4d95f0ca380,2019-07-26 05:10:13,2019-07-26 01:15:05,discusses,45a1ef76-4f43-4cdc-9ba8-5a6ad01cc231,https://creativecommons.org/publicdomain/zero/1.0/,https://doi.org/10.13003/CED-terms-of-use,twitter://user?screen_name=ADevotedYogi,,,,https://evidence.eventdata.crossref.org/evidence/20190726-twitter-b5002dea-fb1a-47d2-8059-740be023c9,add,twitter://status?id=1154619912788336640,twitter://status?id=1154619912788336640,1154619912788336640,Tweet 1154619912788336640,2019-07-26 05:10:13,https://doi.org/10.1001/jama.280.18.1601,https://jamanetwork.com/journals/jama/fullarticle/188150,
11952,twitter,twitter://status?id=1154860600649871360,https://doi.org/10.1001/jama.280.18.1601,254d27f1-db6f-4b67-b4c0-d61a0cd2a5dc,2019-07-26 21:06:38,2019-07-26 17:23:39,discusses,45a1ef76-4f43-4cdc-9ba8-5a6ad01cc231,https://creativecommons.org/publicdomain/zero/1.0/,https://doi.org/10.13003/CED-terms-of-use,twitter://user?screen_name=ADevotedYogi,twitter://user?screen_name=ADevotedYogi,,,https://evidence.eventdata.crossref.org/evidence/20190726-twitter-65359d06-dcdd-4307-b9f1-5cbb1e2a4e,add,twitter://status?id=1154860600649871360,twitter://status?id=1154619912788336640,1154860600649871360,Tweet 1154860600649871360,2019-07-26 21:06:38,https://doi.org/10.1001/jama.280.18.1601,https://jamanetwork.com/journals/jama/fullarticle/188150,
11953,twitter,twitter://status?id=1154861087528906752,https://doi.org/10.1001/jama.280.18.1601,a302262e-b83e-4202-ab8c-1afdd918dfac,2019-07-26 21:08:34,2019-07-26 17:25:14,discusses,45a1ef76-4f43-4cdc-9ba8-5a6ad01cc231,https://creativecommons.org/publicdomain/zero/1.0/,https://doi.org/10.13003/CED-terms-of-use,twitter://user?screen_name=DanCas2,twitter://user?screen_name=ADevotedYogi,,,https://evidence.eventdata.crossref.org/evidence/20190726-twitter-0628521a-5f3e-436b-959e-e57024422f,add,twitter://status?id=1154861087528906752,twitter://status?id=1154619912788336640,1154861087528906752,Tweet 1154861087528906752,2019-07-26 21:08:34,https://doi.org/10.1001/jama.280.18.1601,https://jamanetwork.com/journals/jama/fullarticle/188150,
11954,twitter,twitter://status?id=1206959567512506368,https://doi.org/10.1001/jama.280.18.1601,aaa77e41-7869-45dd-911d-0698b7fd88a0,2019-12-17 15:29:19,2019-12-18 22:42:24,discusses,45a1ef76-4f43-4cdc-9ba8-5a6ad01cc231,https://creativecommons.org/publicdomain/zero/1.0/,https://doi.org/10.13003/CED-terms-of-use,twitter://user?screen_name=ADevotedYogi,,,,https://evidence.eventdata.crossref.org/evidence/20191217-twitter-f914ac33-ca19-4bc8-ad72-0733b3795f,add,twitter://status?id=1206959567512506368,twitter://status?id=1206959567512506368,1206959567512506368,Tweet 1206959567512506368,2019-12-17 15:29:19,https://doi.org/10.1001/jama.280.18.1601,https://jamanetwork.com/journals/jama/fullarticle/188150,
11955,twitter,twitter://status?id=1206970747949699072,https://doi.org/10.1001/jama.280.18.1601,35ffca86-7709-49a7-8bc6-60acc4c113aa,2019-12-17 16:13:45,2019-12-18 23:26:51,discusses,45a1ef76-4f43-4cdc-9ba8-5a6ad01cc231,https://creativecommons.org/publicdomain/zero/1.0/,https://doi.org/10.13003/CED-terms-of-use,twitter://user?screen_name=jewlz106m,twitter://user?screen_name=ADevotedYogi,,,https://evidence.eventdata.crossref.org/evidence/20191217-twitter-7605d42d-d174-4599-988b-d926137006,add,twitter://status?id=1206970747949699072,twitter://status?id=1206959567512506368,1206970747949699072,Tweet 1206970747949699072,2019-12-17 16:13:45,https://doi.org/10.1001/jama.280.18.1601,https://jamanetwork.com/journals/jama/fullarticle/188150,
11956,twitter,twitter://status?id=1207133593157300225,https://doi.org/10.1001/jama.280.18.1601,972b2160-3dcd-490d-b470-48cd6a2d1da4,2019-12-18 03:00:50,2019-12-19 07:40:20,discusses,45a1ef76-4f43-4cdc-9ba8-5a6ad01cc231,https://creativecommons.org/publicdomain/zero/1.0/,https://doi.org/10.13003/CED-terms-of-use,twitter://user?screen_name=WhoFeedsYou,twitter://user?screen_name=ADevotedYogi,,,https://evidence.eventdata.crossref.org/evidence/20191218-twitter-cc623b39-c162-40bd-8494-de5c66872e,add,twitter://status?id=1207133593157300225,twitter://status?id=1206959567512506368,1207133593157300225,Tweet 1207133593157300225,2019-12-18 03:00:50,https://doi.org/10.1001/jama.280.18.1601,https://jamanetwork.com/journals/jama/fullarticle/188150,
11957,twitter,twitter://status?id=1207147660169240576,https://doi.org/10.1001/jama.280.18.1601,ecf6be6f-85be-4d09-887c-501da2c485e6,2019-12-18 03:56:44,2019-12-19 08:07:17,discusses,45a1ef76-4f43-4cdc-9ba8-5a6ad01cc231,https://creativecommons.org/publicdomain/zero/1.0/,https://doi.org/10.13003/CED-terms-of-use,twitter://user?screen_name=ADevotedYogi,twitter://user?screen_name=ADevotedYogi,,,https://evidence.eventdata.crossref.org/evidence/20191218-twitter-a1883917-0890-4730-8146-7c7e9c8845,add,twitter://status?id=1207147660169240576,twitter://status?id=1206959567512506368,1207147660169240576,Tweet 1207147660169240576,2019-12-18 03:56:44,https://doi.org/10.1001/jama.280.18.1601,https://jamanetwork.com/journals/jama/fullarticle/188150,
11958,twitter,twitter://status?id=1207689748283703296,https://doi.org/10.1001/jama.280.18.1601,a8d1efea-5658-46a1-a4e5-f52b64391997,2019-12-19 15:50:48,2019-12-20 05:19:09,discusses,45a1ef76-4f43-4cdc-9ba8-5a6ad01cc231,https://creativecommons.org/publicdomain/zero/1.0/,https://doi.org/10.13003/CED-terms-of-use,twitter://user?screen_name=LVLighthouse,twitter://user?screen_name=ADevotedYogi,,,https://evidence.eventdata.crossref.org/evidence/20191219-twitter-588b1d7b-12d5-4ff9-a71e-55ba8faddb,add,twitter://status?id=1207689748283703296,twitter://status?id=1206959567512506368,1207689748283703296,Tweet 1207689748283703296,2019-12-19 15:50:48,https://doi.org/10.1001/jama.280.18.1601,https://jamanetwork.com/journals/jama/fullarticle/188150,
11959,twitter,twitter://status?id=1208150151426007040,https://doi.org/10.1001/jama.280.18.1601,e0586723-f644-4882-8928-215258c5b067,2019-12-20 22:20:17,2019-12-20 20:15:10,discusses,45a1ef76-4f43-4cdc-9ba8-5a6ad01cc231,https://creativecommons.org/publicdomain/zero/1.0/,https://doi.org/10.13003/CED-terms-of-use,twitter://user?screen_name=WhoFeedsYou,twitter://user?screen_name=ADevotedYogi,,,https://evidence.eventdata.crossref.org/evidence/20191220-twitter-f391709c-4499-4d31-acd0-bee52b1d1b,add,twitter://status?id=1208150151426007040,twitter://status?id=1206959567512506368,1208150151426007040,Tweet 1208150151426007040,2019-12-20 22:20:17,https://doi.org/10.1001/jama.280.18.1601,https://jamanetwork.com/journals/jama/fullarticle/188150,
11960,twitter,twitter://status?id=1315157736942981133,https://doi.org/10.1001/jama.280.18.1601,4e166450-625e-498b-972f-efb3ea9404bf,2020-10-11 05:10:13,2020-10-11 01:13:43,discusses,45a1ef76-4f43-4cdc-9ba8-5a6ad01cc231,https://creativecommons.org/publicdomain/zero/1.0/,https://doi.org/10.13003/CED-terms-of-use,twitter://user?screen_name=ADevotedYogi,,,,https://evidence.eventdata.crossref.org/evidence/20201011-twitter-f6b95167-5925-4a62-adfd-ede8584c39,add,twitter://status?id=1315157736942981133,twitter://status?id=1315157736942981133,1315157736942981133,Tweet 1315157736942981133,2020-10-11 05:10:13,https://doi.org/10.1001/jama.280.18.1601,https://jamanetwork.com/journals/jama/fullarticle/188150,
11961,twitter,twitter://status?id=1315158007668453377,https://doi.org/10.1001/jama.280.18.1601,2b11c3d3-df83-4af9-8468-fec0a6951ccd,2020-10-11 05:11:18,2020-10-11 01:14:47,discusses,45a1ef76-4f43-4cdc-9ba8-5a6ad01cc231,https://creativecommons.org/publicdomain/zero/1.0/,https://doi.org/10.13003/CED-terms-of-use,twitter://user?screen_name=athenz,twitter://user?screen_name=ADevotedYogi,,,https://evidence.eventdata.crossref.org/evidence/20201011-twitter-bd8e473e-a6a0-405d-a384-e4c17c0bf6,add,twitter://status?id=1315158007668453377,twitter://status?id=1315157736942981133,1315158007668453377,Tweet 1315158007668453377,2020-10-11 05:11:18,https://doi.org/10.1001/jama.280.18.1601,https://jamanetwork.com/journals/jama/fullarticle/188150,
11962,twitter,twitter://status?id=1315331809761087488,https://doi.org/10.1001/jama.280.18.1601,cb7c2ab8-9ba1-4aa2-9a66-ad23b64dc909,2020-10-11 16:41:55,2020-10-11 12:46:01,discusses,45a1ef76-4f43-4cdc-9ba8-5a6ad01cc231,https://creativecommons.org/publicdomain/zero/1.0/,https://doi.org/10.13003/CED-terms-of-use,twitter://user?screen_name=bluezonemktg,twitter://user?screen_name=ADevotedYogi,,,https://evidence.eventdata.crossref.org/evidence/20201011-twitter-3e69cae4-df82-419c-9fc2-7d730a6e08,add,twitter://status?id=1315331809761087488,twitter://status?id=1315157736942981133,1315331809761087488,Tweet 1315331809761087488,2020-10-11 16:41:55,https://doi.org/10.1001/jama.280.18.1601,https://jamanetwork.com/journals/jama/fullarticle/188150,
11963,twitter,twitter://status?id=1315346622801301504,https://doi.org/10.1001/jama.280.18.1601,1a1b2bf6-39e4-49db-bca7-527de6a3867e,2020-10-11 17:40:47,2020-10-11 13:48:34,discusses,45a1ef76-4f43-4cdc-9ba8-5a6ad01cc231,https://creativecommons.org/publicdomain/zero/1.0/,https://doi.org/10.13003/CED-terms-of-use,twitter://user?screen_name=ADevotedYogi,twitter://user?screen_name=ADevotedYogi,,,https://evidence.eventdata.crossref.org/evidence/20201011-twitter-e09728b7-3fb2-40c6-877c-9af2d7b9b2,add,twitter://status?id=1315346622801301504,twitter://status?id=1315157736942981133,1315346622801301504,Tweet 1315346622801301504,2020-10-11 17:40:47,https://doi.org/10.1001/jama.280.18.1601,https://jamanetwork.com/journals/jama/fullarticle/188150,
11964,twitter,twitter://status?id=1315848547527393281,https://doi.org/10.1001/jama.280.18.1601,63665352-6b9c-41d1-a816-8bf0b44ee5af,2020-10-13 02:55:15,2020-10-13 03:30:53,discusses,45a1ef76-4f43-4cdc-9ba8-5a6ad01cc231,https://creativecommons.org/publicdomain/zero/1.0/,https://doi.org/10.13003/CED-terms-of-use,twitter://user?screen_name=kruttika108,twitter://user?screen_name=ADevotedYogi,,,https://evidence.eventdata.crossref.org/evidence/20201013-twitter-09c00848-a109-4fc4-be77-b54f48dfe5,add,twitter://status?id=1315848547527393281,twitter://status?id=1315157736942981133,1315848547527393281,Tweet 1315848547527393281,2020-10-13 02:55:15,https://doi.org/10.1001/jama.280.18.1601,https://jamanetwork.com/journals/jama/fullarticle/188150,
11965,twitter,twitter://status?id=1244345805919547392,https://doi.org/10.1001/jama.280.18.1601,4a27bc4d-69a4-41f2-8823-5a76e9cd7790,2020-03-29 19:28:53,2020-10-13 19:29:59,discusses,45a1ef76-4f43-4cdc-9ba8-5a6ad01cc231,https://creativecommons.org/publicdomain/zero/1.0/,https://doi.org/10.13003/CED-terms-of-use,twitter://user?screen_name=bluezonemktg,twitter://user?screen_name=ADevotedYogi,,,https://evidence.eventdata.crossref.org/evidence/20200329-twitter-5fdffcde-765f-4c8d-9e27-4bd004926a,add,twitter://status?id=1244345805919547392,twitter://status?id=1096228422668427264,1244345805919547392,Tweet 1244345805919547392,2020-03-29 19:28:53,https://doi.org/10.1001/jama.280.18.1601,https://jamanetwork.com/journals/jama/fullarticle/188150,
11966,twitter,twitter://status?id=1244345527753474051,https://doi.org/10.1001/jama.280.18.1601,9ca38b2f-35f0-45a4-8dff-f44bc58c6181,2020-03-29 19:27:47,2020-10-13 19:31:54,discusses,45a1ef76-4f43-4cdc-9ba8-5a6ad01cc231,https://creativecommons.org/publicdomain/zero/1.0/,https://doi.org/10.13003/CED-terms-of-use,twitter://user?screen_name=FiftyFiftyGirl,twitter://user?screen_name=ADevotedYogi,,,https://evidence.eventdata.crossref.org/evidence/20200329-twitter-d9d92b07-a7c0-4296-ae55-9513f156a1,add,twitter://status?id=1244345527753474051,twitter://status?id=1096228422668427264,1244345527753474051,Tweet 1244345527753474051,2020-03-29 19:27:47,https://doi.org/10.1001/jama.280.18.1601,https://jamanetwork.com/journals/jama/fullarticle/188150,
11967,twitter,twitter://status?id=1244523693692186627,https://doi.org/10.1001/jama.280.18.1601,fbad9b85-3d25-4b70-aad5-91f8a5dca5cc,2020-03-30 07:15:45,2020-10-13 20:01:43,discusses,45a1ef76-4f43-4cdc-9ba8-5a6ad01cc231,https://creativecommons.org/publicdomain/zero/1.0/,https://doi.org/10.13003/CED-terms-of-use,twitter://user?screen_name=WhoFeedsYou,twitter://user?screen_name=ADevotedYogi,,,https://evidence.eventdata.crossref.org/evidence/20200330-twitter-4ffa3008-0905-44b1-b0ea-818e30e450,add,twitter://status?id=1244523693692186627,twitter://status?id=1096228422668427264,1244523693692186627,Tweet 1244523693692186627,2020-03-30 07:15:45,https://doi.org/10.1001/jama.280.18.1601,https://jamanetwork.com/journals/jama/fullarticle/188150,
11968,twitter,twitter://status?id=1317218963814641665,https://doi.org/10.1001/jama.280.18.1601,25e3c9fb-aabf-4959-9ef3-33de9a2b18ad,2020-10-16 21:40:48,2020-10-16 18:23:40,discusses,45a1ef76-4f43-4cdc-9ba8-5a6ad01cc231,https://creativecommons.org/publicdomain/zero/1.0/,https://doi.org/10.13003/CED-terms-of-use,twitter://user?screen_name=kruttika108,twitter://user?screen_name=ADevotedYogi,,,https://evidence.eventdata.crossref.org/evidence/20201016-twitter-2d30b7b2-0dd3-4144-b868-8bfa56bf70,add,twitter://status?id=1317218963814641665,twitter://status?id=1315157736942981133,1317218963814641665,Tweet 1317218963814641665,2020-10-16 21:40:48,https://doi.org/10.1001/jama.280.18.1601,https://jamanetwork.com/journals/jama/fullarticle/188150,
11969,twitter,twitter://status?id=1317980026244001792,https://doi.org/10.1001/jama.280.18.1601,9ceb5f0b-fd96-4be8-9b00-2014f4f69f90,2020-10-19 00:04:59,2020-10-18 20:09:23,discusses,45a1ef76-4f43-4cdc-9ba8-5a6ad01cc231,https://creativecommons.org/publicdomain/zero/1.0/,https://doi.org/10.13003/CED-terms-of-use,twitter://user?screen_name=LVLighthouse,twitter://user?screen_name=ADevotedYogi,,,https://evidence.eventdata.crossref.org/evidence/20201019-twitter-e0944d2b-4fb4-4a1b-8512-eafe348db3,add,twitter://status?id=1317980026244001792,twitter://status?id=1315157736942981133,1317980026244001792,Tweet 1317980026244001792,2020-10-19 00:04:59,https://doi.org/10.1001/jama.280.18.1601,https://jamanetwork.com/journals/jama/fullarticle/188150,
11970,twitter,twitter://status?id=1360614536756232192,https://doi.org/10.1001/jama.280.18.1601,8c59dee3-4d27-4cc0-a8e8-03db4ea39183,2021-02-13 15:39:19,2021-02-13 12:10:40,discusses,45a1ef76-4f43-4cdc-9ba8-5a6ad01cc231,https://creativecommons.org/publicdomain/zero/1.0/,https://doi.org/10.13003/CED-terms-of-use,twitter://user?screen_name=ADevotedYogi,,,,https://evidence.eventdata.crossref.org/evidence/20210213-twitter-e0a1eb6f-c6a0-4e46-b8a3-8456fe910f,add,twitter://status?id=1360614536756232192,twitter://status?id=1360614536756232192,1360614536756232192,Tweet 1360614536756232192,2021-02-13 15:39:19,https://doi.org/10.1001/jama.280.18.1601,https://jamanetwork.com/journals/jama/fullarticle/188150,
11971,twitter,twitter://status?id=1360615035161243650,https://doi.org/10.1001/jama.280.18.1601,b4e200ee-0f77-4fea-ad07-e20d6c619bed,2021-02-13 15:41:18,2021-02-13 12:31:53,discusses,45a1ef76-4f43-4cdc-9ba8-5a6ad01cc231,https://creativecommons.org/publicdomain/zero/1.0/,https://doi.org/10.13003/CED-terms-of-use,twitter://user?screen_name=emilbordon,twitter://user?screen_name=ADevotedYogi,,,https://evidence.eventdata.crossref.org/evidence/20210213-twitter-a093a7c1-8360-4d42-9aad-f4402a6eaa,add,twitter://status?id=1360615035161243650,twitter://status?id=1360614536756232192,1360615035161243650,Tweet 1360615035161243650,2021-02-13 15:41:18,https://doi.org/10.1001/jama.280.18.1601,https://jamanetwork.com/journals/jama/fullarticle/188150,
11972,twitter,twitter://status?id=1360614697884676097,https://doi.org/10.1001/jama.280.18.1601,d8f6e8b9-c0cb-45b8-b4a7-2abd55f4c977,2021-02-13 15:39:57,2021-02-13 12:52:11,discusses,45a1ef76-4f43-4cdc-9ba8-5a6ad01cc231,https://creativecommons.org/publicdomain/zero/1.0/,https://doi.org/10.13003/CED-terms-of-use,twitter://user?screen_name=MariadeliaSofia,twitter://user?screen_name=ADevotedYogi,,,https://evidence.eventdata.crossref.org/evidence/20210213-twitter-6e53c609-4613-4dc5-9d3b-450e7b638a,add,twitter://status?id=1360614697884676097,twitter://status?id=1360614536756232192,1360614697884676097,Tweet 1360614697884676097,2021-02-13 15:39:57,https://doi.org/10.1001/jama.280.18.1601,https://jamanetwork.com/journals/jama/fullarticle/188150,
11973,twitter,twitter://status?id=1360860839708794887,https://doi.org/10.1001/jama.280.18.1601,9cc64a1e-1421-4ec4-b73b-465b7be05487,2021-02-14 07:58:02,2021-02-14 05:09:00,discusses,45a1ef76-4f43-4cdc-9ba8-5a6ad01cc231,https://creativecommons.org/publicdomain/zero/1.0/,https://doi.org/10.13003/CED-terms-of-use,twitter://user?screen_name=ADevotedYogi,twitter://user?screen_name=ADevotedYogi,,,https://evidence.eventdata.crossref.org/evidence/20210214-twitter-4a270323-025f-4098-91bb-4f3e8e4534,add,twitter://status?id=1360860839708794887,twitter://status?id=1360614536756232192,1360860839708794887,Tweet 1360860839708794887,2021-02-14 07:58:02,https://doi.org/10.1001/jama.280.18.1601,https://jamanetwork.com/journals/jama/fullarticle/188150,
