twitterIncrement,sourceID,subjectID,objectID,eventID,occurredAt,timeObserved,relationType,sourceToken,license,termsOfUse,tweetAuthor,originalTweetAuthor,updatedReason,updated,evidenceRecord,eventAction,subjectPID,originalTweetURL,alternativeID,title,issued,objectPID,objectURL,updatedDate
10641,twitter,http://twitter.com/nutrepi/statuses/1082587806717919233,https://doi.org/10.1001/jama.280.19.1690,72898aba-405a-40ba-ab08-65c66694fb92,2019-01-08 10:40:21,2019-01-08 05:47:42,discusses,45a1ef76-4f43-4cdc-9ba8-5a6ad01cc231,https://creativecommons.org/publicdomain/zero/1.0/,https://doi.org/10.13003/CED-terms-of-use,http://www.twitter.com/nutrepi,,,,https://evidence.eventdata.crossref.org/evidence/20190108-twitter-b35dca0d-0eb1-44d8-8469-a8cde025f8,add,http://twitter.com/nutrepi/statuses/1082587806717919233,http://twitter.com/nutrepi/statuses/1082587806717919233,1082587806717919233,Tweet 1082587806717919233,2019-01-08 10:40:21,https://doi.org/10.1001/jama.280.19.1690,https://jamanetwork.com/journals/jama/fullarticle/188182,
10642,twitter,http://twitter.com/sankyoh/statuses/1082597561716826112,https://doi.org/10.1001/jama.280.19.1690,cc962864-cf7a-4373-9a34-ffde3b206ad4,2019-01-08 11:19:07,2019-01-08 06:23:27,discusses,45a1ef76-4f43-4cdc-9ba8-5a6ad01cc231,https://creativecommons.org/publicdomain/zero/1.0/,https://doi.org/10.13003/CED-terms-of-use,http://www.twitter.com/sankyoh,http://www.twitter.com/nutrepi,,,https://evidence.eventdata.crossref.org/evidence/20190108-twitter-7246cb6d-c4d7-443e-b2a9-ceee3a91b3,add,http://twitter.com/sankyoh/statuses/1082597561716826112,http://twitter.com/nutrepi/statuses/1082587806717919233,1082597561716826112,Tweet 1082597561716826112,2019-01-08 11:19:07,https://doi.org/10.1001/jama.280.19.1690,https://jamanetwork.com/journals/jama/fullarticle/188182,
10643,twitter,http://twitter.com/MinatoNakazawa/statuses/1082942741493907456,https://doi.org/10.1001/jama.280.19.1690,60ab8c57-1a26-4ea2-ab8d-bc141dda7598,2019-01-09 10:10:44,2019-01-09 05:13:29,discusses,45a1ef76-4f43-4cdc-9ba8-5a6ad01cc231,https://creativecommons.org/publicdomain/zero/1.0/,https://doi.org/10.13003/CED-terms-of-use,http://www.twitter.com/MinatoNakazawa,http://www.twitter.com/nutrepi,,,https://evidence.eventdata.crossref.org/evidence/20190109-twitter-a16bf6b8-20f7-4a01-ae91-30e4aeaaf1,add,http://twitter.com/MinatoNakazawa/statuses/1082942741493907456,http://twitter.com/nutrepi/statuses/1082587806717919233,1082942741493907456,Tweet 1082942741493907456,2019-01-09 10:10:44,https://doi.org/10.1001/jama.280.19.1690,https://jamanetwork.com/journals/jama/fullarticle/188182,
10644,twitter,twitter://status?id=1105781949279297536,https://doi.org/10.1001/jama.280.19.1690,a5e7fb74-82dd-4db2-bf99-d5e57196c94b,2019-03-13 10:45:35,2019-03-13 06:53:32,discusses,45a1ef76-4f43-4cdc-9ba8-5a6ad01cc231,https://creativecommons.org/publicdomain/zero/1.0/,https://doi.org/10.13003/CED-terms-of-use,twitter://user?screen_name=Shuntarooo3,,,,https://evidence.eventdata.crossref.org/evidence/20190313-twitter-8292dfce-e35a-463d-82e3-ff0e5ce7d8,add,twitter://status?id=1105781949279297536,twitter://status?id=1105781949279297536,1105781949279297536,Tweet 1105781949279297536,2019-03-13 10:45:35,https://doi.org/10.1001/jama.280.19.1690,https://jamanetwork.com/journals/jama/fullarticle/188182?utm_source=twitter&utm_campaign=content-sha,
10645,twitter,twitter://status?id=1108354577504628737,https://doi.org/10.1001/jama.280.19.1690,8fb333b6-bf16-4d20-ad46-29fa715ad23f,2019-03-20 13:08:18,2019-03-23 20:35:08,discusses,45a1ef76-4f43-4cdc-9ba8-5a6ad01cc231,https://creativecommons.org/publicdomain/zero/1.0/,https://doi.org/10.13003/CED-terms-of-use,twitter://user?screen_name=BaileyDeBarmore,,,,https://evidence.eventdata.crossref.org/evidence/20190320-twitter-39cb1ab9-18a1-443e-ba58-812f2bd5df,add,twitter://status?id=1108354577504628737,twitter://status?id=1108354577504628737,1108354577504628737,Tweet 1108354577504628737,2019-03-20 13:08:18,https://doi.org/10.1001/jama.280.19.1690,https://jamanetwork.com/journals/jama/fullarticle/188182,
10646,twitter,twitter://status?id=1108367858361204739,https://doi.org/10.1001/jama.280.19.1690,4b995185-b639-4707-8536-5c40c89d5a01,2019-03-20 14:01:04,2019-03-23 21:38:09,discusses,45a1ef76-4f43-4cdc-9ba8-5a6ad01cc231,https://creativecommons.org/publicdomain/zero/1.0/,https://doi.org/10.13003/CED-terms-of-use,twitter://user?screen_name=epi_twit,twitter://user?screen_name=BaileyDeBarmore,,,https://evidence.eventdata.crossref.org/evidence/20190320-twitter-f810c496-97ea-40c5-b2fb-1e5f9a0bfa,add,twitter://status?id=1108367858361204739,twitter://status?id=1108354577504628737,1108367858361204739,Tweet 1108367858361204739,2019-03-20 14:01:04,https://doi.org/10.1001/jama.280.19.1690,https://jamanetwork.com/journals/jama/fullarticle/188182,
10647,twitter,twitter://status?id=1108375669354852352,https://doi.org/10.1001/jama.280.19.1690,632851c5-0964-45f3-a526-ed1c7b1d5864,2019-03-20 14:32:06,2019-03-23 22:26:49,discusses,45a1ef76-4f43-4cdc-9ba8-5a6ad01cc231,https://creativecommons.org/publicdomain/zero/1.0/,https://doi.org/10.13003/CED-terms-of-use,twitter://user?screen_name=Pankaj2Dhaka2,twitter://user?screen_name=BaileyDeBarmore,,,https://evidence.eventdata.crossref.org/evidence/20190320-twitter-f4406c9d-763d-4cf6-8f93-144ba6b4e6,add,twitter://status?id=1108375669354852352,twitter://status?id=1108354577504628737,1108375669354852352,Tweet 1108375669354852352,2019-03-20 14:32:06,https://doi.org/10.1001/jama.280.19.1690,https://jamanetwork.com/journals/jama/fullarticle/188182,
10648,twitter,twitter://status?id=1108396034202484736,https://doi.org/10.1001/jama.280.19.1690,b3f0820f-df81-437c-b955-184c3ed5a9a6,2019-03-20 15:53:02,2019-03-23 23:51:47,discusses,45a1ef76-4f43-4cdc-9ba8-5a6ad01cc231,https://creativecommons.org/publicdomain/zero/1.0/,https://doi.org/10.13003/CED-terms-of-use,twitter://user?screen_name=EpiEllie,,,,https://evidence.eventdata.crossref.org/evidence/20190320-twitter-e4bb92a5-aabe-417d-943f-c3db3e3c0d,add,twitter://status?id=1108396034202484736,twitter://status?id=1108396034202484736,1108396034202484736,Tweet 1108396034202484736,2019-03-20 15:53:02,https://doi.org/10.1001/jama.280.19.1690,https://jamanetwork.com/journals/jama/fullarticle/188182,
10649,twitter,twitter://status?id=1108406630415286273,https://doi.org/10.1001/jama.280.19.1690,c7403916-0cfa-4f63-a192-22e145291f43,2019-03-20 16:35:08,2019-03-24 00:30:39,discusses,45a1ef76-4f43-4cdc-9ba8-5a6ad01cc231,https://creativecommons.org/publicdomain/zero/1.0/,https://doi.org/10.13003/CED-terms-of-use,twitter://user?screen_name=amitbhavsar85,twitter://user?screen_name=BaileyDeBarmore,,,https://evidence.eventdata.crossref.org/evidence/20190320-twitter-a2257a80-8471-4515-8f7c-eef01f1884,add,twitter://status?id=1108406630415286273,twitter://status?id=1108354577504628737,1108406630415286273,Tweet 1108406630415286273,2019-03-20 16:35:08,https://doi.org/10.1001/jama.280.19.1690,https://jamanetwork.com/journals/jama/fullarticle/188182,
10650,twitter,twitter://status?id=1108521964862406658,https://doi.org/10.1001/jama.280.19.1690,9df569a6-4422-48e5-9b97-4a89de82176e,2019-03-21 00:13:26,2019-03-24 10:13:00,discusses,45a1ef76-4f43-4cdc-9ba8-5a6ad01cc231,https://creativecommons.org/publicdomain/zero/1.0/,https://doi.org/10.13003/CED-terms-of-use,twitter://user?screen_name=marcyambayamba,twitter://user?screen_name=BaileyDeBarmore,,,https://evidence.eventdata.crossref.org/evidence/20190321-twitter-ffd60a5b-9bf6-426d-90c8-decaecc6b5,add,twitter://status?id=1108521964862406658,twitter://status?id=1108354577504628737,1108521964862406658,Tweet 1108521964862406658,2019-03-21 00:13:26,https://doi.org/10.1001/jama.280.19.1690,https://jamanetwork.com/journals/jama/fullarticle/188182,
10651,twitter,twitter://status?id=1108550292176584704,https://doi.org/10.1001/jama.280.19.1690,9c98ccea-37ee-451f-bc2a-5b1c72587bab,2019-03-21 02:06:00,2019-03-24 11:49:38,discusses,45a1ef76-4f43-4cdc-9ba8-5a6ad01cc231,https://creativecommons.org/publicdomain/zero/1.0/,https://doi.org/10.13003/CED-terms-of-use,twitter://user?screen_name=likita_Murtala,twitter://user?screen_name=BaileyDeBarmore,,,https://evidence.eventdata.crossref.org/evidence/20190321-twitter-1f629d96-33e5-4f52-84e0-ee0d07de95,add,twitter://status?id=1108550292176584704,twitter://status?id=1108354577504628737,1108550292176584704,Tweet 1108550292176584704,2019-03-21 02:06:00,https://doi.org/10.1001/jama.280.19.1690,https://jamanetwork.com/journals/jama/fullarticle/188182,
10652,twitter,twitter://status?id=1108587563030212608,https://doi.org/10.1001/jama.280.19.1690,318d374a-dede-412f-a384-b320c4864f77,2019-03-21 04:34:06,2019-03-24 12:07:15,discusses,45a1ef76-4f43-4cdc-9ba8-5a6ad01cc231,https://creativecommons.org/publicdomain/zero/1.0/,https://doi.org/10.13003/CED-terms-of-use,twitter://user?screen_name=hssling,twitter://user?screen_name=BaileyDeBarmore,,,https://evidence.eventdata.crossref.org/evidence/20190321-twitter-be58202e-c762-442b-a736-5115bdf13a,add,twitter://status?id=1108587563030212608,twitter://status?id=1108354577504628737,1108587563030212608,Tweet 1108587563030212608,2019-03-21 04:34:06,https://doi.org/10.1001/jama.280.19.1690,https://jamanetwork.com/journals/jama/fullarticle/188182,
10653,twitter,twitter://status?id=1108652482471829504,https://doi.org/10.1001/jama.280.19.1690,ae4e8681-ecc2-4e77-b3d9-d96f5aecb8c6,2019-03-21 08:52:04,2019-03-24 15:06:47,discusses,45a1ef76-4f43-4cdc-9ba8-5a6ad01cc231,https://creativecommons.org/publicdomain/zero/1.0/,https://doi.org/10.13003/CED-terms-of-use,twitter://user?screen_name=akimova_eva,twitter://user?screen_name=BaileyDeBarmore,,,https://evidence.eventdata.crossref.org/evidence/20190321-twitter-302f8f4d-a9d1-4ee4-9a9f-09df5f3c89,add,twitter://status?id=1108652482471829504,twitter://status?id=1108354577504628737,1108652482471829504,Tweet 1108652482471829504,2019-03-21 08:52:04,https://doi.org/10.1001/jama.280.19.1690,https://jamanetwork.com/journals/jama/fullarticle/188182,
10654,twitter,twitter://status?id=1147664119136489472,https://doi.org/10.1001/jama.280.19.1690,1ebdf998-9d8b-4a27-bf8a-eeff3d67b0f6,2019-07-07 00:30:23,2019-07-06 20:32:49,discusses,45a1ef76-4f43-4cdc-9ba8-5a6ad01cc231,https://creativecommons.org/publicdomain/zero/1.0/,https://doi.org/10.13003/CED-terms-of-use,twitter://user?screen_name=nutrepi,,,,https://evidence.eventdata.crossref.org/evidence/20190707-twitter-14038423-5f3b-4307-90ac-98fa77615b,add,twitter://status?id=1147664119136489472,twitter://status?id=1147664119136489472,1147664119136489472,Tweet 1147664119136489472,2019-07-07 00:30:23,https://doi.org/10.1001/jama.280.19.1690,https://jamanetwork.com/journals/jama/fullarticle/188182?utm_source=twitter&utm_campaign=content-sha,
10655,twitter,twitter://status?id=1337167635646181377,https://doi.org/10.1001/jama.280.19.1690,aadc50cc-4435-4f4f-a891-15fdf819ab1c,2020-12-10 22:49:42,2020-12-10 18:00:14,discusses,45a1ef76-4f43-4cdc-9ba8-5a6ad01cc231,https://creativecommons.org/publicdomain/zero/1.0/,https://doi.org/10.13003/CED-terms-of-use,twitter://user?screen_name=DorylisK,,,,https://evidence.eventdata.crossref.org/evidence/20201210-twitter-dc841fcf-d275-4a7e-a94c-f531c5a0ae,add,twitter://status?id=1337167635646181377,twitter://status?id=1337167635646181377,1337167635646181377,Tweet 1337167635646181377,2020-12-10 22:49:42,https://doi.org/10.1001/jama.280.19.1690,https://jamanetwork.com/journals/jama/fullarticle/188182,
11257,twitter,http://twitter.com/nutrepi/statuses/1082587806717919233,https://doi.org/10.1001/jama.280.19.1690,72898aba-405a-40ba-ab08-65c66694fb92,2019-01-08 10:40:21,2019-01-08 05:47:42,discusses,45a1ef76-4f43-4cdc-9ba8-5a6ad01cc231,https://creativecommons.org/publicdomain/zero/1.0/,https://doi.org/10.13003/CED-terms-of-use,http://www.twitter.com/nutrepi,,,,https://evidence.eventdata.crossref.org/evidence/20190108-twitter-b35dca0d-0eb1-44d8-8469-a8cde025f8,add,http://twitter.com/nutrepi/statuses/1082587806717919233,http://twitter.com/nutrepi/statuses/1082587806717919233,1082587806717919233,Tweet 1082587806717919233,2019-01-08 10:40:21,https://doi.org/10.1001/jama.280.19.1690,https://jamanetwork.com/journals/jama/fullarticle/188182,
11258,twitter,http://twitter.com/sankyoh/statuses/1082597561716826112,https://doi.org/10.1001/jama.280.19.1690,cc962864-cf7a-4373-9a34-ffde3b206ad4,2019-01-08 11:19:07,2019-01-08 06:23:27,discusses,45a1ef76-4f43-4cdc-9ba8-5a6ad01cc231,https://creativecommons.org/publicdomain/zero/1.0/,https://doi.org/10.13003/CED-terms-of-use,http://www.twitter.com/sankyoh,http://www.twitter.com/nutrepi,,,https://evidence.eventdata.crossref.org/evidence/20190108-twitter-7246cb6d-c4d7-443e-b2a9-ceee3a91b3,add,http://twitter.com/sankyoh/statuses/1082597561716826112,http://twitter.com/nutrepi/statuses/1082587806717919233,1082597561716826112,Tweet 1082597561716826112,2019-01-08 11:19:07,https://doi.org/10.1001/jama.280.19.1690,https://jamanetwork.com/journals/jama/fullarticle/188182,
11259,twitter,http://twitter.com/MinatoNakazawa/statuses/1082942741493907456,https://doi.org/10.1001/jama.280.19.1690,60ab8c57-1a26-4ea2-ab8d-bc141dda7598,2019-01-09 10:10:44,2019-01-09 05:13:29,discusses,45a1ef76-4f43-4cdc-9ba8-5a6ad01cc231,https://creativecommons.org/publicdomain/zero/1.0/,https://doi.org/10.13003/CED-terms-of-use,http://www.twitter.com/MinatoNakazawa,http://www.twitter.com/nutrepi,,,https://evidence.eventdata.crossref.org/evidence/20190109-twitter-a16bf6b8-20f7-4a01-ae91-30e4aeaaf1,add,http://twitter.com/MinatoNakazawa/statuses/1082942741493907456,http://twitter.com/nutrepi/statuses/1082587806717919233,1082942741493907456,Tweet 1082942741493907456,2019-01-09 10:10:44,https://doi.org/10.1001/jama.280.19.1690,https://jamanetwork.com/journals/jama/fullarticle/188182,
11260,twitter,twitter://status?id=1105781949279297536,https://doi.org/10.1001/jama.280.19.1690,a5e7fb74-82dd-4db2-bf99-d5e57196c94b,2019-03-13 10:45:35,2019-03-13 06:53:32,discusses,45a1ef76-4f43-4cdc-9ba8-5a6ad01cc231,https://creativecommons.org/publicdomain/zero/1.0/,https://doi.org/10.13003/CED-terms-of-use,twitter://user?screen_name=Shuntarooo3,,,,https://evidence.eventdata.crossref.org/evidence/20190313-twitter-8292dfce-e35a-463d-82e3-ff0e5ce7d8,add,twitter://status?id=1105781949279297536,twitter://status?id=1105781949279297536,1105781949279297536,Tweet 1105781949279297536,2019-03-13 10:45:35,https://doi.org/10.1001/jama.280.19.1690,https://jamanetwork.com/journals/jama/fullarticle/188182?utm_source=twitter&utm_campaign=content-sha,
11261,twitter,twitter://status?id=1108354577504628737,https://doi.org/10.1001/jama.280.19.1690,8fb333b6-bf16-4d20-ad46-29fa715ad23f,2019-03-20 13:08:18,2019-03-23 20:35:08,discusses,45a1ef76-4f43-4cdc-9ba8-5a6ad01cc231,https://creativecommons.org/publicdomain/zero/1.0/,https://doi.org/10.13003/CED-terms-of-use,twitter://user?screen_name=BaileyDeBarmore,,,,https://evidence.eventdata.crossref.org/evidence/20190320-twitter-39cb1ab9-18a1-443e-ba58-812f2bd5df,add,twitter://status?id=1108354577504628737,twitter://status?id=1108354577504628737,1108354577504628737,Tweet 1108354577504628737,2019-03-20 13:08:18,https://doi.org/10.1001/jama.280.19.1690,https://jamanetwork.com/journals/jama/fullarticle/188182,
11262,twitter,twitter://status?id=1108367858361204739,https://doi.org/10.1001/jama.280.19.1690,4b995185-b639-4707-8536-5c40c89d5a01,2019-03-20 14:01:04,2019-03-23 21:38:09,discusses,45a1ef76-4f43-4cdc-9ba8-5a6ad01cc231,https://creativecommons.org/publicdomain/zero/1.0/,https://doi.org/10.13003/CED-terms-of-use,twitter://user?screen_name=epi_twit,twitter://user?screen_name=BaileyDeBarmore,,,https://evidence.eventdata.crossref.org/evidence/20190320-twitter-f810c496-97ea-40c5-b2fb-1e5f9a0bfa,add,twitter://status?id=1108367858361204739,twitter://status?id=1108354577504628737,1108367858361204739,Tweet 1108367858361204739,2019-03-20 14:01:04,https://doi.org/10.1001/jama.280.19.1690,https://jamanetwork.com/journals/jama/fullarticle/188182,
11263,twitter,twitter://status?id=1108375669354852352,https://doi.org/10.1001/jama.280.19.1690,632851c5-0964-45f3-a526-ed1c7b1d5864,2019-03-20 14:32:06,2019-03-23 22:26:49,discusses,45a1ef76-4f43-4cdc-9ba8-5a6ad01cc231,https://creativecommons.org/publicdomain/zero/1.0/,https://doi.org/10.13003/CED-terms-of-use,twitter://user?screen_name=Pankaj2Dhaka2,twitter://user?screen_name=BaileyDeBarmore,,,https://evidence.eventdata.crossref.org/evidence/20190320-twitter-f4406c9d-763d-4cf6-8f93-144ba6b4e6,add,twitter://status?id=1108375669354852352,twitter://status?id=1108354577504628737,1108375669354852352,Tweet 1108375669354852352,2019-03-20 14:32:06,https://doi.org/10.1001/jama.280.19.1690,https://jamanetwork.com/journals/jama/fullarticle/188182,
11264,twitter,twitter://status?id=1108396034202484736,https://doi.org/10.1001/jama.280.19.1690,b3f0820f-df81-437c-b955-184c3ed5a9a6,2019-03-20 15:53:02,2019-03-23 23:51:47,discusses,45a1ef76-4f43-4cdc-9ba8-5a6ad01cc231,https://creativecommons.org/publicdomain/zero/1.0/,https://doi.org/10.13003/CED-terms-of-use,twitter://user?screen_name=EpiEllie,,,,https://evidence.eventdata.crossref.org/evidence/20190320-twitter-e4bb92a5-aabe-417d-943f-c3db3e3c0d,add,twitter://status?id=1108396034202484736,twitter://status?id=1108396034202484736,1108396034202484736,Tweet 1108396034202484736,2019-03-20 15:53:02,https://doi.org/10.1001/jama.280.19.1690,https://jamanetwork.com/journals/jama/fullarticle/188182,
11265,twitter,twitter://status?id=1108406630415286273,https://doi.org/10.1001/jama.280.19.1690,c7403916-0cfa-4f63-a192-22e145291f43,2019-03-20 16:35:08,2019-03-24 00:30:39,discusses,45a1ef76-4f43-4cdc-9ba8-5a6ad01cc231,https://creativecommons.org/publicdomain/zero/1.0/,https://doi.org/10.13003/CED-terms-of-use,twitter://user?screen_name=amitbhavsar85,twitter://user?screen_name=BaileyDeBarmore,,,https://evidence.eventdata.crossref.org/evidence/20190320-twitter-a2257a80-8471-4515-8f7c-eef01f1884,add,twitter://status?id=1108406630415286273,twitter://status?id=1108354577504628737,1108406630415286273,Tweet 1108406630415286273,2019-03-20 16:35:08,https://doi.org/10.1001/jama.280.19.1690,https://jamanetwork.com/journals/jama/fullarticle/188182,
11266,twitter,twitter://status?id=1108521964862406658,https://doi.org/10.1001/jama.280.19.1690,9df569a6-4422-48e5-9b97-4a89de82176e,2019-03-21 00:13:26,2019-03-24 10:13:00,discusses,45a1ef76-4f43-4cdc-9ba8-5a6ad01cc231,https://creativecommons.org/publicdomain/zero/1.0/,https://doi.org/10.13003/CED-terms-of-use,twitter://user?screen_name=marcyambayamba,twitter://user?screen_name=BaileyDeBarmore,,,https://evidence.eventdata.crossref.org/evidence/20190321-twitter-ffd60a5b-9bf6-426d-90c8-decaecc6b5,add,twitter://status?id=1108521964862406658,twitter://status?id=1108354577504628737,1108521964862406658,Tweet 1108521964862406658,2019-03-21 00:13:26,https://doi.org/10.1001/jama.280.19.1690,https://jamanetwork.com/journals/jama/fullarticle/188182,
11267,twitter,twitter://status?id=1108550292176584704,https://doi.org/10.1001/jama.280.19.1690,9c98ccea-37ee-451f-bc2a-5b1c72587bab,2019-03-21 02:06:00,2019-03-24 11:49:38,discusses,45a1ef76-4f43-4cdc-9ba8-5a6ad01cc231,https://creativecommons.org/publicdomain/zero/1.0/,https://doi.org/10.13003/CED-terms-of-use,twitter://user?screen_name=likita_Murtala,twitter://user?screen_name=BaileyDeBarmore,,,https://evidence.eventdata.crossref.org/evidence/20190321-twitter-1f629d96-33e5-4f52-84e0-ee0d07de95,add,twitter://status?id=1108550292176584704,twitter://status?id=1108354577504628737,1108550292176584704,Tweet 1108550292176584704,2019-03-21 02:06:00,https://doi.org/10.1001/jama.280.19.1690,https://jamanetwork.com/journals/jama/fullarticle/188182,
11268,twitter,twitter://status?id=1108587563030212608,https://doi.org/10.1001/jama.280.19.1690,318d374a-dede-412f-a384-b320c4864f77,2019-03-21 04:34:06,2019-03-24 12:07:15,discusses,45a1ef76-4f43-4cdc-9ba8-5a6ad01cc231,https://creativecommons.org/publicdomain/zero/1.0/,https://doi.org/10.13003/CED-terms-of-use,twitter://user?screen_name=hssling,twitter://user?screen_name=BaileyDeBarmore,,,https://evidence.eventdata.crossref.org/evidence/20190321-twitter-be58202e-c762-442b-a736-5115bdf13a,add,twitter://status?id=1108587563030212608,twitter://status?id=1108354577504628737,1108587563030212608,Tweet 1108587563030212608,2019-03-21 04:34:06,https://doi.org/10.1001/jama.280.19.1690,https://jamanetwork.com/journals/jama/fullarticle/188182,
11269,twitter,twitter://status?id=1108652482471829504,https://doi.org/10.1001/jama.280.19.1690,ae4e8681-ecc2-4e77-b3d9-d96f5aecb8c6,2019-03-21 08:52:04,2019-03-24 15:06:47,discusses,45a1ef76-4f43-4cdc-9ba8-5a6ad01cc231,https://creativecommons.org/publicdomain/zero/1.0/,https://doi.org/10.13003/CED-terms-of-use,twitter://user?screen_name=akimova_eva,twitter://user?screen_name=BaileyDeBarmore,,,https://evidence.eventdata.crossref.org/evidence/20190321-twitter-302f8f4d-a9d1-4ee4-9a9f-09df5f3c89,add,twitter://status?id=1108652482471829504,twitter://status?id=1108354577504628737,1108652482471829504,Tweet 1108652482471829504,2019-03-21 08:52:04,https://doi.org/10.1001/jama.280.19.1690,https://jamanetwork.com/journals/jama/fullarticle/188182,
11270,twitter,twitter://status?id=1147664119136489472,https://doi.org/10.1001/jama.280.19.1690,1ebdf998-9d8b-4a27-bf8a-eeff3d67b0f6,2019-07-07 00:30:23,2019-07-06 20:32:49,discusses,45a1ef76-4f43-4cdc-9ba8-5a6ad01cc231,https://creativecommons.org/publicdomain/zero/1.0/,https://doi.org/10.13003/CED-terms-of-use,twitter://user?screen_name=nutrepi,,,,https://evidence.eventdata.crossref.org/evidence/20190707-twitter-14038423-5f3b-4307-90ac-98fa77615b,add,twitter://status?id=1147664119136489472,twitter://status?id=1147664119136489472,1147664119136489472,Tweet 1147664119136489472,2019-07-07 00:30:23,https://doi.org/10.1001/jama.280.19.1690,https://jamanetwork.com/journals/jama/fullarticle/188182?utm_source=twitter&utm_campaign=content-sha,
11271,twitter,twitter://status?id=1337167635646181377,https://doi.org/10.1001/jama.280.19.1690,aadc50cc-4435-4f4f-a891-15fdf819ab1c,2020-12-10 22:49:42,2020-12-10 18:00:14,discusses,45a1ef76-4f43-4cdc-9ba8-5a6ad01cc231,https://creativecommons.org/publicdomain/zero/1.0/,https://doi.org/10.13003/CED-terms-of-use,twitter://user?screen_name=DorylisK,,,,https://evidence.eventdata.crossref.org/evidence/20201210-twitter-dc841fcf-d275-4a7e-a94c-f531c5a0ae,add,twitter://status?id=1337167635646181377,twitter://status?id=1337167635646181377,1337167635646181377,Tweet 1337167635646181377,2020-12-10 22:49:42,https://doi.org/10.1001/jama.280.19.1690,https://jamanetwork.com/journals/jama/fullarticle/188182,
11978,twitter,http://twitter.com/nutrepi/statuses/1082587806717919233,https://doi.org/10.1001/jama.280.19.1690,72898aba-405a-40ba-ab08-65c66694fb92,2019-01-08 10:40:21,2019-01-08 05:47:42,discusses,45a1ef76-4f43-4cdc-9ba8-5a6ad01cc231,https://creativecommons.org/publicdomain/zero/1.0/,https://doi.org/10.13003/CED-terms-of-use,http://www.twitter.com/nutrepi,,,,https://evidence.eventdata.crossref.org/evidence/20190108-twitter-b35dca0d-0eb1-44d8-8469-a8cde025f8,add,http://twitter.com/nutrepi/statuses/1082587806717919233,http://twitter.com/nutrepi/statuses/1082587806717919233,1082587806717919233,Tweet 1082587806717919233,2019-01-08 10:40:21,https://doi.org/10.1001/jama.280.19.1690,https://jamanetwork.com/journals/jama/fullarticle/188182,
11979,twitter,http://twitter.com/sankyoh/statuses/1082597561716826112,https://doi.org/10.1001/jama.280.19.1690,cc962864-cf7a-4373-9a34-ffde3b206ad4,2019-01-08 11:19:07,2019-01-08 06:23:27,discusses,45a1ef76-4f43-4cdc-9ba8-5a6ad01cc231,https://creativecommons.org/publicdomain/zero/1.0/,https://doi.org/10.13003/CED-terms-of-use,http://www.twitter.com/sankyoh,http://www.twitter.com/nutrepi,,,https://evidence.eventdata.crossref.org/evidence/20190108-twitter-7246cb6d-c4d7-443e-b2a9-ceee3a91b3,add,http://twitter.com/sankyoh/statuses/1082597561716826112,http://twitter.com/nutrepi/statuses/1082587806717919233,1082597561716826112,Tweet 1082597561716826112,2019-01-08 11:19:07,https://doi.org/10.1001/jama.280.19.1690,https://jamanetwork.com/journals/jama/fullarticle/188182,
11980,twitter,http://twitter.com/MinatoNakazawa/statuses/1082942741493907456,https://doi.org/10.1001/jama.280.19.1690,60ab8c57-1a26-4ea2-ab8d-bc141dda7598,2019-01-09 10:10:44,2019-01-09 05:13:29,discusses,45a1ef76-4f43-4cdc-9ba8-5a6ad01cc231,https://creativecommons.org/publicdomain/zero/1.0/,https://doi.org/10.13003/CED-terms-of-use,http://www.twitter.com/MinatoNakazawa,http://www.twitter.com/nutrepi,,,https://evidence.eventdata.crossref.org/evidence/20190109-twitter-a16bf6b8-20f7-4a01-ae91-30e4aeaaf1,add,http://twitter.com/MinatoNakazawa/statuses/1082942741493907456,http://twitter.com/nutrepi/statuses/1082587806717919233,1082942741493907456,Tweet 1082942741493907456,2019-01-09 10:10:44,https://doi.org/10.1001/jama.280.19.1690,https://jamanetwork.com/journals/jama/fullarticle/188182,
11981,twitter,twitter://status?id=1105781949279297536,https://doi.org/10.1001/jama.280.19.1690,a5e7fb74-82dd-4db2-bf99-d5e57196c94b,2019-03-13 10:45:35,2019-03-13 06:53:32,discusses,45a1ef76-4f43-4cdc-9ba8-5a6ad01cc231,https://creativecommons.org/publicdomain/zero/1.0/,https://doi.org/10.13003/CED-terms-of-use,twitter://user?screen_name=Shuntarooo3,,,,https://evidence.eventdata.crossref.org/evidence/20190313-twitter-8292dfce-e35a-463d-82e3-ff0e5ce7d8,add,twitter://status?id=1105781949279297536,twitter://status?id=1105781949279297536,1105781949279297536,Tweet 1105781949279297536,2019-03-13 10:45:35,https://doi.org/10.1001/jama.280.19.1690,https://jamanetwork.com/journals/jama/fullarticle/188182?utm_source=twitter&utm_campaign=content-sha,
11982,twitter,twitter://status?id=1108354577504628737,https://doi.org/10.1001/jama.280.19.1690,8fb333b6-bf16-4d20-ad46-29fa715ad23f,2019-03-20 13:08:18,2019-03-23 20:35:08,discusses,45a1ef76-4f43-4cdc-9ba8-5a6ad01cc231,https://creativecommons.org/publicdomain/zero/1.0/,https://doi.org/10.13003/CED-terms-of-use,twitter://user?screen_name=BaileyDeBarmore,,,,https://evidence.eventdata.crossref.org/evidence/20190320-twitter-39cb1ab9-18a1-443e-ba58-812f2bd5df,add,twitter://status?id=1108354577504628737,twitter://status?id=1108354577504628737,1108354577504628737,Tweet 1108354577504628737,2019-03-20 13:08:18,https://doi.org/10.1001/jama.280.19.1690,https://jamanetwork.com/journals/jama/fullarticle/188182,
11983,twitter,twitter://status?id=1108367858361204739,https://doi.org/10.1001/jama.280.19.1690,4b995185-b639-4707-8536-5c40c89d5a01,2019-03-20 14:01:04,2019-03-23 21:38:09,discusses,45a1ef76-4f43-4cdc-9ba8-5a6ad01cc231,https://creativecommons.org/publicdomain/zero/1.0/,https://doi.org/10.13003/CED-terms-of-use,twitter://user?screen_name=epi_twit,twitter://user?screen_name=BaileyDeBarmore,,,https://evidence.eventdata.crossref.org/evidence/20190320-twitter-f810c496-97ea-40c5-b2fb-1e5f9a0bfa,add,twitter://status?id=1108367858361204739,twitter://status?id=1108354577504628737,1108367858361204739,Tweet 1108367858361204739,2019-03-20 14:01:04,https://doi.org/10.1001/jama.280.19.1690,https://jamanetwork.com/journals/jama/fullarticle/188182,
11984,twitter,twitter://status?id=1108375669354852352,https://doi.org/10.1001/jama.280.19.1690,632851c5-0964-45f3-a526-ed1c7b1d5864,2019-03-20 14:32:06,2019-03-23 22:26:49,discusses,45a1ef76-4f43-4cdc-9ba8-5a6ad01cc231,https://creativecommons.org/publicdomain/zero/1.0/,https://doi.org/10.13003/CED-terms-of-use,twitter://user?screen_name=Pankaj2Dhaka2,twitter://user?screen_name=BaileyDeBarmore,,,https://evidence.eventdata.crossref.org/evidence/20190320-twitter-f4406c9d-763d-4cf6-8f93-144ba6b4e6,add,twitter://status?id=1108375669354852352,twitter://status?id=1108354577504628737,1108375669354852352,Tweet 1108375669354852352,2019-03-20 14:32:06,https://doi.org/10.1001/jama.280.19.1690,https://jamanetwork.com/journals/jama/fullarticle/188182,
11985,twitter,twitter://status?id=1108396034202484736,https://doi.org/10.1001/jama.280.19.1690,b3f0820f-df81-437c-b955-184c3ed5a9a6,2019-03-20 15:53:02,2019-03-23 23:51:47,discusses,45a1ef76-4f43-4cdc-9ba8-5a6ad01cc231,https://creativecommons.org/publicdomain/zero/1.0/,https://doi.org/10.13003/CED-terms-of-use,twitter://user?screen_name=EpiEllie,,,,https://evidence.eventdata.crossref.org/evidence/20190320-twitter-e4bb92a5-aabe-417d-943f-c3db3e3c0d,add,twitter://status?id=1108396034202484736,twitter://status?id=1108396034202484736,1108396034202484736,Tweet 1108396034202484736,2019-03-20 15:53:02,https://doi.org/10.1001/jama.280.19.1690,https://jamanetwork.com/journals/jama/fullarticle/188182,
11986,twitter,twitter://status?id=1108406630415286273,https://doi.org/10.1001/jama.280.19.1690,c7403916-0cfa-4f63-a192-22e145291f43,2019-03-20 16:35:08,2019-03-24 00:30:39,discusses,45a1ef76-4f43-4cdc-9ba8-5a6ad01cc231,https://creativecommons.org/publicdomain/zero/1.0/,https://doi.org/10.13003/CED-terms-of-use,twitter://user?screen_name=amitbhavsar85,twitter://user?screen_name=BaileyDeBarmore,,,https://evidence.eventdata.crossref.org/evidence/20190320-twitter-a2257a80-8471-4515-8f7c-eef01f1884,add,twitter://status?id=1108406630415286273,twitter://status?id=1108354577504628737,1108406630415286273,Tweet 1108406630415286273,2019-03-20 16:35:08,https://doi.org/10.1001/jama.280.19.1690,https://jamanetwork.com/journals/jama/fullarticle/188182,
11987,twitter,twitter://status?id=1108521964862406658,https://doi.org/10.1001/jama.280.19.1690,9df569a6-4422-48e5-9b97-4a89de82176e,2019-03-21 00:13:26,2019-03-24 10:13:00,discusses,45a1ef76-4f43-4cdc-9ba8-5a6ad01cc231,https://creativecommons.org/publicdomain/zero/1.0/,https://doi.org/10.13003/CED-terms-of-use,twitter://user?screen_name=marcyambayamba,twitter://user?screen_name=BaileyDeBarmore,,,https://evidence.eventdata.crossref.org/evidence/20190321-twitter-ffd60a5b-9bf6-426d-90c8-decaecc6b5,add,twitter://status?id=1108521964862406658,twitter://status?id=1108354577504628737,1108521964862406658,Tweet 1108521964862406658,2019-03-21 00:13:26,https://doi.org/10.1001/jama.280.19.1690,https://jamanetwork.com/journals/jama/fullarticle/188182,
11988,twitter,twitter://status?id=1108550292176584704,https://doi.org/10.1001/jama.280.19.1690,9c98ccea-37ee-451f-bc2a-5b1c72587bab,2019-03-21 02:06:00,2019-03-24 11:49:38,discusses,45a1ef76-4f43-4cdc-9ba8-5a6ad01cc231,https://creativecommons.org/publicdomain/zero/1.0/,https://doi.org/10.13003/CED-terms-of-use,twitter://user?screen_name=likita_Murtala,twitter://user?screen_name=BaileyDeBarmore,,,https://evidence.eventdata.crossref.org/evidence/20190321-twitter-1f629d96-33e5-4f52-84e0-ee0d07de95,add,twitter://status?id=1108550292176584704,twitter://status?id=1108354577504628737,1108550292176584704,Tweet 1108550292176584704,2019-03-21 02:06:00,https://doi.org/10.1001/jama.280.19.1690,https://jamanetwork.com/journals/jama/fullarticle/188182,
11989,twitter,twitter://status?id=1108587563030212608,https://doi.org/10.1001/jama.280.19.1690,318d374a-dede-412f-a384-b320c4864f77,2019-03-21 04:34:06,2019-03-24 12:07:15,discusses,45a1ef76-4f43-4cdc-9ba8-5a6ad01cc231,https://creativecommons.org/publicdomain/zero/1.0/,https://doi.org/10.13003/CED-terms-of-use,twitter://user?screen_name=hssling,twitter://user?screen_name=BaileyDeBarmore,,,https://evidence.eventdata.crossref.org/evidence/20190321-twitter-be58202e-c762-442b-a736-5115bdf13a,add,twitter://status?id=1108587563030212608,twitter://status?id=1108354577504628737,1108587563030212608,Tweet 1108587563030212608,2019-03-21 04:34:06,https://doi.org/10.1001/jama.280.19.1690,https://jamanetwork.com/journals/jama/fullarticle/188182,
11990,twitter,twitter://status?id=1108652482471829504,https://doi.org/10.1001/jama.280.19.1690,ae4e8681-ecc2-4e77-b3d9-d96f5aecb8c6,2019-03-21 08:52:04,2019-03-24 15:06:47,discusses,45a1ef76-4f43-4cdc-9ba8-5a6ad01cc231,https://creativecommons.org/publicdomain/zero/1.0/,https://doi.org/10.13003/CED-terms-of-use,twitter://user?screen_name=akimova_eva,twitter://user?screen_name=BaileyDeBarmore,,,https://evidence.eventdata.crossref.org/evidence/20190321-twitter-302f8f4d-a9d1-4ee4-9a9f-09df5f3c89,add,twitter://status?id=1108652482471829504,twitter://status?id=1108354577504628737,1108652482471829504,Tweet 1108652482471829504,2019-03-21 08:52:04,https://doi.org/10.1001/jama.280.19.1690,https://jamanetwork.com/journals/jama/fullarticle/188182,
11991,twitter,twitter://status?id=1147664119136489472,https://doi.org/10.1001/jama.280.19.1690,1ebdf998-9d8b-4a27-bf8a-eeff3d67b0f6,2019-07-07 00:30:23,2019-07-06 20:32:49,discusses,45a1ef76-4f43-4cdc-9ba8-5a6ad01cc231,https://creativecommons.org/publicdomain/zero/1.0/,https://doi.org/10.13003/CED-terms-of-use,twitter://user?screen_name=nutrepi,,,,https://evidence.eventdata.crossref.org/evidence/20190707-twitter-14038423-5f3b-4307-90ac-98fa77615b,add,twitter://status?id=1147664119136489472,twitter://status?id=1147664119136489472,1147664119136489472,Tweet 1147664119136489472,2019-07-07 00:30:23,https://doi.org/10.1001/jama.280.19.1690,https://jamanetwork.com/journals/jama/fullarticle/188182?utm_source=twitter&utm_campaign=content-sha,
11992,twitter,twitter://status?id=1337167635646181377,https://doi.org/10.1001/jama.280.19.1690,aadc50cc-4435-4f4f-a891-15fdf819ab1c,2020-12-10 22:49:42,2020-12-10 18:00:14,discusses,45a1ef76-4f43-4cdc-9ba8-5a6ad01cc231,https://creativecommons.org/publicdomain/zero/1.0/,https://doi.org/10.13003/CED-terms-of-use,twitter://user?screen_name=DorylisK,,,,https://evidence.eventdata.crossref.org/evidence/20201210-twitter-dc841fcf-d275-4a7e-a94c-f531c5a0ae,add,twitter://status?id=1337167635646181377,twitter://status?id=1337167635646181377,1337167635646181377,Tweet 1337167635646181377,2020-12-10 22:49:42,https://doi.org/10.1001/jama.280.19.1690,https://jamanetwork.com/journals/jama/fullarticle/188182,
