{
  "0":{
    "increment":16134,
    "objectID":"https:\/\/doi.org\/10.1001\/jama.280.3.231",
    "totalEvents":12,
    "totalCambiaEvents":1,
    "firstCambiaEvent":1510334301000,
    "lastCambiaEvent":1510334301000,
    "totalCrossrefEvents":null,
    "firstCrossrefEvent":null,
    "lastCrossrefEvent":null,
    "totalDataciteEvents":null,
    "firstDataciteEvent":null,
    "lastDataciteEvent":null,
    "totalF1000Events":null,
    "firstF1000Event":null,
    "lastF1000Event":null,
    "totalHypothesisEvents":null,
    "firstHypothesisEvent":null,
    "lastHypothesisEvent":null,
    "totalNewsfeedEvents":1,
    "firstNewsfeedEvent":1527058447000,
    "lastNewsfeedEvent":1527058447000,
    "totalRedditEvents":null,
    "firstRedditEvent":null,
    "lastRedditEvent":null,
    "totalRedditLinksEvents":null,
    "firstRedditLinksEvent":null,
    "lastRedditLinksEvent":null,
    "totalStackExchangeEvents":null,
    "firstStackExchangeEvent":null,
    "lastStackExchangeEvent":null,
    "totalTwitterEvents":6,
    "firstTwitterEvent":1560824018000,
    "lastTwitterEvent":1560828031000,
    "totalWebEvents":null,
    "firstWebEvent":null,
    "lastWebEvent":null,
    "totalWikipediaEvents":4,
    "firstWikipediaEvent":1504637540000,
    "lastWikipediaEvent":1573664936000,
    "totalWordpressEvents":null,
    "firstWordpressEvent":null,
    "lastWordPressEvent":null
  }
}