{
  "0":{
    "newsfeedIncrement":16,
    "sourceID":"newsfeed",
    "objectID":"https:\/\/doi.org\/10.1001\/jama.280.3.231",
    "subjectID":"http:\/\/blogs.lse.ac.uk\/impactofsocialsciences\/2018\/05\/23\/there-is-little-evidence-to-suggest-peer-reviewer-training-programmes-improve-the-quality-of-reviews\/",
    "eventID":"e7430726-1a1f-41b1-8f3a-90f47a45d254",
    "occurredAt":1527069652000,
    "timeObserved":1527058447000,
    "relationType":"discusses",
    "sourceToken":"c1bfb47c-39b8-4224-bb18-96edf85e3f7b",
    "license":"https:\/\/creativecommons.org\/publicdomain\/zero\/1.0\/",
    "termsOfUse":"https:\/\/doi.org\/10.13003\/CED-terms-of-use",
    "updatedReason":null,
    "updated":null,
    "evidenceRecord":"https:\/\/evidence.eventdata.crossref.org\/evidence\/20180523-newsfeed-a08bab79-bacf-4459-a038-a56f6792ba71",
    "eventAction":"add",
    "subjectPID":"http:\/\/blogs.lse.ac.uk\/impactofsocialsciences\/2018\/05\/23\/there-is-little-evidence-to-suggest-peer-reviewer-training-programmes-improve-the-quality-of-reviews\/",
    "subjectType":null,
    "subjectTitle":"There is little evidence to suggest peer reviewer training programmes improve the quality of reviews",
    "subjectURL":"http:\/\/blogs.lse.ac.uk\/impactofsocialsciences\/?p=33178",
    "objectPID":"https:\/\/doi.org\/10.1001\/jama.280.3.231",
    "objectURL":"https:\/\/doi.org\/10.1001\/jama.280.3.231",
    "updatedDate":null
  }
}