{
  "0":{
    "wikipediaIncrement":5277,
    "sourceID":"wikipedia",
    "objectID":"https:\/\/doi.org\/10.1001\/jama.280.3.231",
    "subjectID":"https:\/\/pl.wikipedia.org\/wiki\/Recenzja_naukowa",
    "eventID":"b7dd5191-2480-40f2-ae6e-1e4a335d9481",
    "occurredAt":1504651855000,
    "timeObserved":1504637540000,
    "relationType":"references",
    "sourceToken":"36c35e23-8757-4a9d-aacf-345e9b7eb50d",
    "license":"https:\/\/creativecommons.org\/publicdomain\/zero\/1.0\/",
    "termsOfUse":"https:\/\/doi.org\/10.13003\/CED-terms-of-use",
    "updatedDate":1517419800000,
    "updatedReason":"https:\/\/evidence.eventdata.crossref.org\/announcements\/2018-01-19T00-00-00Z-ED-15.json",
    "evidenceRecord":"https:\/\/evidence.eventdata.crossref.org\/evidence\/20170905-wikipedia-596e882f-5280-4da6-a57e-869c051f96c7",
    "eventAction":"add",
    "subjectPID":"https:\/\/pl.wikipedia.org\/wiki\/Recenzja_naukowa",
    "subjectTitle":"Recenzja naukowa",
    "subjectURL":"https:\/\/pl.wikipedia.org\/w\/index.php?title=Recenzja_naukowa&oldid=50293149",
    "subjectAPIURL":"https:\/\/pl.wikipedia.org\/api\/rest_v1\/page\/html\/Recenzja_naukowa\/50293149",
    "objectPID":"https:\/\/doi.org\/10.1001\/jama.280.3.231",
    "objectURL":"http:\/\/jama.jamanetwork.com\/article.aspx?articleid=187762"
  },
  "1":{
    "wikipediaIncrement":5278,
    "sourceID":"wikipedia",
    "objectID":"https:\/\/doi.org\/10.1001\/jama.280.3.231",
    "subjectID":"https:\/\/pl.wikipedia.org\/api\/rest_v1\/page\/html\/Recenzja_naukowa\/51246403",
    "eventID":"250cc763-4b0a-408b-8f60-882a0daaa957",
    "occurredAt":1513285135000,
    "timeObserved":1515823057000,
    "relationType":"references",
    "sourceToken":"36c35e23-8757-4a9d-aacf-345e9b7eb50d",
    "license":"https:\/\/creativecommons.org\/publicdomain\/zero\/1.0\/",
    "termsOfUse":"https:\/\/doi.org\/10.13003\/CED-terms-of-use",
    "updatedDate":null,
    "updatedReason":null,
    "evidenceRecord":"https:\/\/evidence.eventdata.crossref.org\/evidence\/20171214-wikipedia-38138224-573c-456b-b9cc-9140b4903ec5",
    "eventAction":"add",
    "subjectPID":"https:\/\/pl.wikipedia.org\/w\/index.php?title=Recenzja_naukowa&oldid=51246403",
    "subjectTitle":"Recenzja naukowa",
    "subjectURL":"https:\/\/pl.wikipedia.org\/wiki\/Recenzja_naukowa",
    "subjectAPIURL":"https:\/\/pl.wikipedia.org\/api\/rest_v1\/page\/html\/Recenzja_naukowa\/51246403",
    "objectPID":"https:\/\/doi.org\/10.1001\/jama.280.3.231",
    "objectURL":"https:\/\/doi.org\/10.1001\/jama.280.3.231"
  },
  "2":{
    "wikipediaIncrement":5279,
    "sourceID":"wikipedia",
    "objectID":"https:\/\/doi.org\/10.1001\/jama.280.3.231",
    "subjectID":"https:\/\/pl.wikipedia.org\/api\/rest_v1\/page\/html\/Recenzja_naukowa\/51595818",
    "eventID":"49954da4-1437-43f9-b2c9-1d39118220e1",
    "occurredAt":1516085546000,
    "timeObserved":1516272816000,
    "relationType":"references",
    "sourceToken":"36c35e23-8757-4a9d-aacf-345e9b7eb50d",
    "license":"https:\/\/creativecommons.org\/publicdomain\/zero\/1.0\/",
    "termsOfUse":"https:\/\/doi.org\/10.13003\/CED-terms-of-use",
    "updatedDate":null,
    "updatedReason":null,
    "evidenceRecord":"https:\/\/evidence.eventdata.crossref.org\/evidence\/20180116-wikipedia-57788901-0f59-40d6-88b3-762ff89d79af",
    "eventAction":"add",
    "subjectPID":"https:\/\/pl.wikipedia.org\/w\/index.php?title=Recenzja_naukowa&oldid=51595818",
    "subjectTitle":"Recenzja naukowa",
    "subjectURL":"https:\/\/pl.wikipedia.org\/wiki\/Recenzja_naukowa",
    "subjectAPIURL":"https:\/\/pl.wikipedia.org\/api\/rest_v1\/page\/html\/Recenzja_naukowa\/51595818",
    "objectPID":"https:\/\/doi.org\/10.1001\/jama.280.3.231",
    "objectURL":"https:\/\/doi.org\/10.1001\/jama.280.3.231"
  },
  "3":{
    "wikipediaIncrement":5280,
    "sourceID":"wikipedia",
    "objectID":"https:\/\/doi.org\/10.1001\/jama.280.3.231",
    "subjectID":"https:\/\/pl.wikipedia.org\/api\/rest_v1\/page\/html\/Recenzja_naukowa\/57956580",
    "eventID":"d1664f5b-f111-4097-90ba-efe9a185c80d",
    "occurredAt":1573674908000,
    "timeObserved":1573664936000,
    "relationType":"references",
    "sourceToken":"36c35e23-8757-4a9d-aacf-345e9b7eb50d",
    "license":"https:\/\/creativecommons.org\/publicdomain\/zero\/1.0\/",
    "termsOfUse":"https:\/\/doi.org\/10.13003\/CED-terms-of-use",
    "updatedDate":null,
    "updatedReason":null,
    "evidenceRecord":"https:\/\/evidence.eventdata.crossref.org\/evidence\/20191113-wikipedia-6dd9d474-40e6-4016-9aed-7d54b7ab2a71",
    "eventAction":"add",
    "subjectPID":"https:\/\/pl.wikipedia.org\/wiki\/Recenzja_naukowa",
    "subjectTitle":"Recenzja naukowa",
    "subjectURL":"https:\/\/pl.wikipedia.org\/w\/index.php?title=Recenzja_naukowa&oldid=57956580",
    "subjectAPIURL":"https:\/\/pl.wikipedia.org\/api\/rest_v1\/page\/html\/Recenzja_naukowa\/57956580",
    "objectPID":"https:\/\/doi.org\/10.1001\/jama.280.3.231",
    "objectURL":"https:\/\/doi.org\/10.1001\/jama.280.3.231"
  }
}