DOI,URL,title,container_title,authors,page,publisher,language,alternative_id,created_date_time,deposited_date_time,is_referenced_by_count,issue,issued_date_parts,prefix,published_online_date_parts,published_print_date_parts
10.1192/bjp.171.6.519,http://dx.doi.org/10.1192/bjp.171.6.519,Minor psychiatric disorder in NHS trust staff: Occupational and gender differences,British Journal of Psychiatry,T.D. Wall,519-523,Royal College of Psychiatrists,en,S0007125000148573,2008-10-15 05:36:56,2019-05-11 19:51:03,179,6,1997/12,10.1192,2018/1/2,1997/12
10.1192/bjp.171.6.519,http://dx.doi.org/10.1192/bjp.171.6.519,Minor psychiatric disorder in NHS trust staff: Occupational and gender differences,British Journal of Psychiatry,R.I. Bolden,519-523,Royal College of Psychiatrists,en,S0007125000148573,2008-10-15 05:36:56,2019-05-11 19:51:03,179,6,1997/12,10.1192,2018/1/2,1997/12
10.1192/bjp.171.6.519,http://dx.doi.org/10.1192/bjp.171.6.519,Minor psychiatric disorder in NHS trust staff: Occupational and gender differences,British Journal of Psychiatry,C.S. Borrill,519-523,Royal College of Psychiatrists,en,S0007125000148573,2008-10-15 05:36:56,2019-05-11 19:51:03,179,6,1997/12,10.1192,2018/1/2,1997/12
10.1192/bjp.171.6.519,http://dx.doi.org/10.1192/bjp.171.6.519,Minor psychiatric disorder in NHS trust staff: Occupational and gender differences,British Journal of Psychiatry,A.J. Carter,519-523,Royal College of Psychiatrists,en,S0007125000148573,2008-10-15 05:36:56,2019-05-11 19:51:03,179,6,1997/12,10.1192,2018/1/2,1997/12
10.1192/bjp.171.6.519,http://dx.doi.org/10.1192/bjp.171.6.519,Minor psychiatric disorder in NHS trust staff: Occupational and gender differences,British Journal of Psychiatry,D.A. Golya,519-523,Royal College of Psychiatrists,en,S0007125000148573,2008-10-15 05:36:56,2019-05-11 19:51:03,179,6,1997/12,10.1192,2018/1/2,1997/12
10.1192/bjp.171.6.519,http://dx.doi.org/10.1192/bjp.171.6.519,Minor psychiatric disorder in NHS trust staff: Occupational and gender differences,British Journal of Psychiatry,G.E. Hardy,519-523,Royal College of Psychiatrists,en,S0007125000148573,2008-10-15 05:36:56,2019-05-11 19:51:03,179,6,1997/12,10.1192,2018/1/2,1997/12
10.1192/bjp.171.6.519,http://dx.doi.org/10.1192/bjp.171.6.519,Minor psychiatric disorder in NHS trust staff: Occupational and gender differences,British Journal of Psychiatry,C.E. Haynes,519-523,Royal College of Psychiatrists,en,S0007125000148573,2008-10-15 05:36:56,2019-05-11 19:51:03,179,6,1997/12,10.1192,2018/1/2,1997/12
10.1192/bjp.171.6.519,http://dx.doi.org/10.1192/bjp.171.6.519,Minor psychiatric disorder in NHS trust staff: Occupational and gender differences,British Journal of Psychiatry,J.E. Rick,519-523,Royal College of Psychiatrists,en,S0007125000148573,2008-10-15 05:36:56,2019-05-11 19:51:03,179,6,1997/12,10.1192,2018/1/2,1997/12
10.1192/bjp.171.6.519,http://dx.doi.org/10.1192/bjp.171.6.519,Minor psychiatric disorder in NHS trust staff: Occupational and gender differences,British Journal of Psychiatry,D.A. Shapiro,519-523,Royal College of Psychiatrists,en,S0007125000148573,2008-10-15 05:36:56,2019-05-11 19:51:03,179,6,1997/12,10.1192,2018/1/2,1997/12
10.1192/bjp.171.6.519,http://dx.doi.org/10.1192/bjp.171.6.519,Minor psychiatric disorder in NHS trust staff: Occupational and gender differences,British Journal of Psychiatry,M.A. West,519-523,Royal College of Psychiatrists,en,S0007125000148573,2008-10-15 05:36:56,2019-05-11 19:51:03,179,6,1997/12,10.1192,2018/1/2,1997/12
10.1192/bjp.171.6.519,http://dx.doi.org/10.1192/bjp.171.6.519,Minor psychiatric disorder in NHS trust staff: Occupational and gender differences,British Journal of Psychiatry,T.D. Wall,519-523,Royal College of Psychiatrists,en,S0007125000148573,2008-10-15 05:36:56,2019-05-11 19:51:03,179,6,1997/12,10.1192,2018/1/2,1997/12
10.1192/bjp.171.6.519,http://dx.doi.org/10.1192/bjp.171.6.519,Minor psychiatric disorder in NHS trust staff: Occupational and gender differences,British Journal of Psychiatry,R.I. Bolden,519-523,Royal College of Psychiatrists,en,S0007125000148573,2008-10-15 05:36:56,2019-05-11 19:51:03,179,6,1997/12,10.1192,2018/1/2,1997/12
10.1192/bjp.171.6.519,http://dx.doi.org/10.1192/bjp.171.6.519,Minor psychiatric disorder in NHS trust staff: Occupational and gender differences,British Journal of Psychiatry,C.S. Borrill,519-523,Royal College of Psychiatrists,en,S0007125000148573,2008-10-15 05:36:56,2019-05-11 19:51:03,179,6,1997/12,10.1192,2018/1/2,1997/12
10.1192/bjp.171.6.519,http://dx.doi.org/10.1192/bjp.171.6.519,Minor psychiatric disorder in NHS trust staff: Occupational and gender differences,British Journal of Psychiatry,A.J. Carter,519-523,Royal College of Psychiatrists,en,S0007125000148573,2008-10-15 05:36:56,2019-05-11 19:51:03,179,6,1997/12,10.1192,2018/1/2,1997/12
10.1192/bjp.171.6.519,http://dx.doi.org/10.1192/bjp.171.6.519,Minor psychiatric disorder in NHS trust staff: Occupational and gender differences,British Journal of Psychiatry,D.A. Golya,519-523,Royal College of Psychiatrists,en,S0007125000148573,2008-10-15 05:36:56,2019-05-11 19:51:03,179,6,1997/12,10.1192,2018/1/2,1997/12
10.1192/bjp.171.6.519,http://dx.doi.org/10.1192/bjp.171.6.519,Minor psychiatric disorder in NHS trust staff: Occupational and gender differences,British Journal of Psychiatry,G.E. Hardy,519-523,Royal College of Psychiatrists,en,S0007125000148573,2008-10-15 05:36:56,2019-05-11 19:51:03,179,6,1997/12,10.1192,2018/1/2,1997/12
10.1192/bjp.171.6.519,http://dx.doi.org/10.1192/bjp.171.6.519,Minor psychiatric disorder in NHS trust staff: Occupational and gender differences,British Journal of Psychiatry,C.E. Haynes,519-523,Royal College of Psychiatrists,en,S0007125000148573,2008-10-15 05:36:56,2019-05-11 19:51:03,179,6,1997/12,10.1192,2018/1/2,1997/12
10.1192/bjp.171.6.519,http://dx.doi.org/10.1192/bjp.171.6.519,Minor psychiatric disorder in NHS trust staff: Occupational and gender differences,British Journal of Psychiatry,J.E. Rick,519-523,Royal College of Psychiatrists,en,S0007125000148573,2008-10-15 05:36:56,2019-05-11 19:51:03,179,6,1997/12,10.1192,2018/1/2,1997/12
10.1192/bjp.171.6.519,http://dx.doi.org/10.1192/bjp.171.6.519,Minor psychiatric disorder in NHS trust staff: Occupational and gender differences,British Journal of Psychiatry,D.A. Shapiro,519-523,Royal College of Psychiatrists,en,S0007125000148573,2008-10-15 05:36:56,2019-05-11 19:51:03,179,6,1997/12,10.1192,2018/1/2,1997/12
10.1192/bjp.171.6.519,http://dx.doi.org/10.1192/bjp.171.6.519,Minor psychiatric disorder in NHS trust staff: Occupational and gender differences,British Journal of Psychiatry,M.A. West,519-523,Royal College of Psychiatrists,en,S0007125000148573,2008-10-15 05:36:56,2019-05-11 19:51:03,179,6,1997/12,10.1192,2018/1/2,1997/12
