cambiaIncrement,sourceID,objectID,subjectID,eventID,occurredAt,timeObserved,relationType,sourceToken,license,termsOfUse,updatedReason,updated,eventAction,workSubtypeID,workTypeID,subjectTitle,subjectPID,jurisdiction,updatedDate
1684,cambia-lens,https://doi.org/10.1016/s0167-8116(97)00022-0,https://lens.org/149-541-365-687-358,e6f08fb5-3870-a1bb-27e1-95ff6b748bdf,2013-09-03 00:00:00,2017-11-10 08:09:14,cites,1ad0b713-78ed-4bb9-8d5d-a3c2d163d46f,https://creativecommons.org/licenses/by-sa/4.0/,https://doi.org/10.13003/CED-terms-of-use,,,add,Granted Patent,patent,Graphical User Interface For The Conversion Of Loyalty Points For Services,https://lens.org/149-541-365-687-358,US,
1685,cambia-lens,https://doi.org/10.1016/s0167-8116(97)00022-0,https://lens.org/153-441-184-557-235,95cf8b57-5f03-4f84-9890-88970bf40dc9,2013-08-20 00:00:00,2017-11-10 09:09:17,cites,1ad0b713-78ed-4bb9-8d5d-a3c2d163d46f,https://creativecommons.org/licenses/by-sa/4.0/,https://doi.org/10.13003/CED-terms-of-use,,,add,Granted Patent,patent,Graphical User Interface For The Conversion Of Loyalty Points Via A Loyalty Point Website,https://lens.org/153-441-184-557-235,US,
1686,cambia-lens,https://doi.org/10.1016/s0167-8116(97)00022-0,https://lens.org/156-359-814-476-621,ee5be789-69e1-39d6-86c2-89a95a5927dc,2014-03-11 00:00:00,2017-11-10 09:53:52,cites,1ad0b713-78ed-4bb9-8d5d-a3c2d163d46f,https://creativecommons.org/licenses/by-sa/4.0/,https://doi.org/10.13003/CED-terms-of-use,,,add,Granted Patent,patent,Rewards Program With Payment Artifact Permitting Conversion/Transfer Of Non-Negotiable Credits To Entity Independent Funds,https://lens.org/156-359-814-476-621,US,
1687,cambia-lens,https://doi.org/10.1016/s0167-8116(97)00022-0,https://lens.org/183-399-471-483-584,1fb7564b-e2ac-22d2-134b-f11feb13f1c9,2014-04-01 00:00:00,2017-11-10 17:26:18,cites,1ad0b713-78ed-4bb9-8d5d-a3c2d163d46f,https://creativecommons.org/licenses/by-sa/4.0/,https://doi.org/10.13003/CED-terms-of-use,,,add,Granted Patent,patent,Rewards Program Website Permitting Conversion/Transfer Of Non-Negotiable Credits To Entity Independent Funds,https://lens.org/183-399-471-483-584,US,
1688,cambia-lens,https://doi.org/10.1016/s0167-8116(97)00022-0,https://lens.org/090-529-664-266-333,31d2564f-19e4-67b5-e201-ae27f314bbdc,2013-09-24 00:00:00,2017-11-11 16:53:47,cites,1ad0b713-78ed-4bb9-8d5d-a3c2d163d46f,https://creativecommons.org/licenses/by-sa/4.0/,https://doi.org/10.13003/CED-terms-of-use,,,add,Granted Patent,patent,Conversion Operations For Loyalty Points Of Different Programs Redeemable For Services,https://lens.org/090-529-664-266-333,US,
1689,cambia-lens,https://doi.org/10.1016/s0167-8116(97)00022-0,https://lens.org/098-952-966-535-251,ebeca0e0-bcff-8098-ca0e-1dbc09da1424,2013-09-03 00:00:00,2017-11-11 19:19:32,cites,1ad0b713-78ed-4bb9-8d5d-a3c2d163d46f,https://creativecommons.org/licenses/by-sa/4.0/,https://doi.org/10.13003/CED-terms-of-use,,,add,Granted Patent,patent,Conversion Operations Of Non-Negotiable Credits To Funds Between An Entity And A Commerce Partner,https://lens.org/098-952-966-535-251,US,
