crossRefIncrement,sourceID,objectID,subjectID,eventID,occurredAt,timeObserved,relationType,sourceToken,license,crossrefTermsOfUse,messageAction
4903,crossref,https://doi.org/10.1016/S0167-8116(97)00022-0,https://doi.org/10.21073/kiar.2011..39.001,6b5abbed-e3d5-4cc5-9104-0e7ed311476e,2011-10-01 00:00:00,2019-06-20 08:47:58,references,8676e950-8ac5-4074-8ac3-c0a18ada7e99,https://doi.org/10.13003/CED-terms-of-use,https://doi.org/10.13003/CED-terms-of-use,create
4904,crossref,https://doi.org/10.1016/S0167-8116(97)00022-0,https://doi.org/10.1080/13683500.2012.685703,c8a0eb1b-e100-410e-a300-e9c9e86d6534,2013-05-01 00:00:00,2019-06-29 18:35:29,references,8676e950-8ac5-4074-8ac3-c0a18ada7e99,https://doi.org/10.13003/CED-terms-of-use,https://doi.org/10.13003/CED-terms-of-use,create
4905,crossref,https://doi.org/10.1016/S0167-8116(97)00022-0,https://doi.org/10.1057/rpm.2012.13,4ba6a3b7-ea50-4f64-b533-9f87bca311a2,2012-05-01 00:00:00,2019-06-29 22:11:39,references,8676e950-8ac5-4074-8ac3-c0a18ada7e99,https://doi.org/10.13003/CED-terms-of-use,https://doi.org/10.13003/CED-terms-of-use,create
4906,crossref,https://doi.org/10.1016/S0167-8116(97)00022-0,https://doi.org/10.1080/09593969.2012.690776,03c57719-9dcc-446b-84ce-b8e8028ba767,2012-09-01 00:00:00,2019-07-01 05:34:23,references,8676e950-8ac5-4074-8ac3-c0a18ada7e99,https://doi.org/10.13003/CED-terms-of-use,https://doi.org/10.13003/CED-terms-of-use,create
4907,crossref,https://doi.org/10.1016/S0167-8116(97)00022-0,https://doi.org/10.1007/s11277-012-0556-z,90641d20-0bc7-48e1-8f3e-e3f92cf293ac,2012-04-26 00:00:00,2019-07-02 16:47:26,references,8676e950-8ac5-4074-8ac3-c0a18ada7e99,https://doi.org/10.13003/CED-terms-of-use,https://doi.org/10.13003/CED-terms-of-use,create
4908,crossref,https://doi.org/10.1016/S0167-8116(97)00022-0,https://doi.org/10.5200/ibl.2012.10,8bd0f1f6-08b3-40b6-b929-285e83a81d5d,2012-08-05 00:00:00,2019-07-08 15:50:15,references,8676e950-8ac5-4074-8ac3-c0a18ada7e99,https://doi.org/10.13003/CED-terms-of-use,https://doi.org/10.13003/CED-terms-of-use,create
4909,crossref,https://doi.org/10.1016/S0167-8116(97)00022-0,https://doi.org/10.1080/09593969.2013.781531,9dc7a62f-8da5-43f5-af1b-69fae3a50a8d,2013-07-01 00:00:00,2019-07-14 02:35:20,references,8676e950-8ac5-4074-8ac3-c0a18ada7e99,https://doi.org/10.13003/CED-terms-of-use,https://doi.org/10.13003/CED-terms-of-use,create
4910,crossref,https://doi.org/10.1016/S0167-8116(97)00022-0,https://doi.org/10.7737/JKORMS.2012.37.2.089,1e9176b8-545f-4258-b3b3-f3e5f09b5bf9,2012-06-30 00:00:00,2019-07-30 05:54:42,references,8676e950-8ac5-4074-8ac3-c0a18ada7e99,https://doi.org/10.13003/CED-terms-of-use,https://doi.org/10.13003/CED-terms-of-use,create
4911,crossref,https://doi.org/10.1016/S0167-8116(97)00022-0,https://doi.org/10.1108/IMR-06-2019-0160,a13045d7-ccc6-4f3f-8ca8-97f5b3d6ee8d,2019-10-08 00:00:00,2019-12-09 21:00:44,references,8676e950-8ac5-4074-8ac3-c0a18ada7e99,https://doi.org/10.13003/CED-terms-of-use,https://doi.org/10.13003/CED-terms-of-use,create
4912,crossref,https://doi.org/10.1016/S0167-8116(97)00022-0,https://doi.org/10.21326/ksdt.2015..48.001,9b18cca9-ed4b-4f66-af61-4bc0afabdfe0,2015-08-01 00:00:00,2019-12-15 10:00:02,references,8676e950-8ac5-4074-8ac3-c0a18ada7e99,https://doi.org/10.13003/CED-terms-of-use,https://doi.org/10.13003/CED-terms-of-use,create
4913,crossref,https://doi.org/10.1016/S0167-8116(97)00022-0,https://doi.org/10.7741/rjcc.2012.20.3.378,e80f56a6-3c12-4e9c-a2e7-3810232a00c7,2012-06-30 00:00:00,2019-12-17 17:09:43,references,8676e950-8ac5-4074-8ac3-c0a18ada7e99,https://doi.org/10.13003/CED-terms-of-use,https://doi.org/10.13003/CED-terms-of-use,create
4914,crossref,https://doi.org/10.1016/S0167-8116(97)00022-0,https://doi.org/10.1080/08974438.2013.726193,00748c48-6d63-4cc3-adcb-ac3c2ef6986b,2013-04-01 00:00:00,2019-12-18 18:09:18,references,8676e950-8ac5-4074-8ac3-c0a18ada7e99,https://doi.org/10.13003/CED-terms-of-use,https://doi.org/10.13003/CED-terms-of-use,create
4915,crossref,https://doi.org/10.1016/S0167-8116(97)00022-0,https://doi.org/10.7737/JKORMS.2013.38.1.183,e518c9e0-a558-4d37-8729-b8db6ef738da,2013-03-31 00:00:00,2019-12-18 21:39:41,references,8676e950-8ac5-4074-8ac3-c0a18ada7e99,https://doi.org/10.13003/CED-terms-of-use,https://doi.org/10.13003/CED-terms-of-use,create
4916,crossref,https://doi.org/10.1016/S0167-8116(97)00022-0,https://doi.org/10.1080/09593969.2013.775957,febaf024-b722-4ee2-916d-ef17e38757e6,2013-07-01 00:00:00,2019-12-19 11:01:08,references,8676e950-8ac5-4074-8ac3-c0a18ada7e99,https://doi.org/10.13003/CED-terms-of-use,https://doi.org/10.13003/CED-terms-of-use,create
4917,crossref,https://doi.org/10.1016/S0167-8116(97)00022-0,https://doi.org/10.1108/MIP-06-2018-0193,3f9c7d71-da52-448e-a446-d3780c5ecd5b,2019-08-05 00:00:00,2019-12-26 08:16:42,references,8676e950-8ac5-4074-8ac3-c0a18ada7e99,https://doi.org/10.13003/CED-terms-of-use,https://doi.org/10.13003/CED-terms-of-use,create
4918,crossref,https://doi.org/10.1016/S0167-8116(97)00022-0,https://doi.org/10.1002/mar.21328,c445abc4-80e4-4b7a-86ca-22ca7012c9af,2020-01-08 00:00:00,2020-01-09 22:06:55,references,8676e950-8ac5-4074-8ac3-c0a18ada7e99,https://doi.org/10.13003/CED-terms-of-use,https://doi.org/10.13003/CED-terms-of-use,create
4919,crossref,https://doi.org/10.1016/S0167-8116(97)00022-0,https://doi.org/10.1177/1938965519899932,836180d2-578c-4a90-a07c-bbd9926334d0,2020-01-19 00:00:00,2020-01-20 19:45:03,references,8676e950-8ac5-4074-8ac3-c0a18ada7e99,https://doi.org/10.13003/CED-terms-of-use,https://doi.org/10.13003/CED-terms-of-use,create
