twitterIncrement,sourceID,subjectID,objectID,eventID,occurredAt,timeObserved,relationType,sourceToken,license,termsOfUse,tweetAuthor,originalTweetAuthor,updatedReason,updated,evidenceRecord,eventAction,subjectPID,originalTweetURL,alternativeID,title,issued,objectPID,objectURL,updatedDate
13517,twitter,http://twitter.com/TILRobot/statuses/1056244417311342592,https://doi.org/10.1016/s0163-6383(98)90011-x,c29efdcf-ff89-40c9-9fd1-ecabf584d711,2018-10-27 18:01:07,2018-10-27 14:04:07,discusses,45a1ef76-4f43-4cdc-9ba8-5a6ad01cc231,https://creativecommons.org/publicdomain/zero/1.0/,https://doi.org/10.13003/CED-terms-of-use,http://www.twitter.com/TILRobot,,,,https://evidence.eventdata.crossref.org/evidence/20181027-twitter-50d4c087-cead-4626-b965-03f4248c47,add,http://twitter.com/TILRobot/statuses/1056244417311342592,http://twitter.com/TILRobot/statuses/1056244417311342592,1056244417311342592,Tweet 1056244417311342592,2018-10-27 18:01:07,https://doi.org/10.1016/s0163-6383(98)90011-x,https://www.sciencedirect.com/science/article/pii/S016363839890011X,
13518,twitter,http://twitter.com/AudreyIsWright/statuses/1056262377790992384,https://doi.org/10.1016/s0163-6383(98)90011-x,11358439-970d-426a-99b5-8e34b1927847,2018-10-27 19:12:29,2018-10-27 15:13:30,discusses,45a1ef76-4f43-4cdc-9ba8-5a6ad01cc231,https://creativecommons.org/publicdomain/zero/1.0/,https://doi.org/10.13003/CED-terms-of-use,http://www.twitter.com/AudreyIsWright,,,,https://evidence.eventdata.crossref.org/evidence/20181027-twitter-884d9bcf-a028-4a7e-a219-23bfe403b9,add,http://twitter.com/AudreyIsWright/statuses/1056262377790992384,http://twitter.com/AudreyIsWright/statuses/1056262377790992384,1056262377790992384,Tweet 1056262377790992384,2018-10-27 19:12:29,https://doi.org/10.1016/s0163-6383(98)90011-x,https://www.sciencedirect.com/science/article/pii/S016363839890011X,
13519,twitter,http://twitter.com/TuxguyBot/statuses/1056273118778589186,https://doi.org/10.1016/s0163-6383(98)90011-x,ade49fd2-7c8d-4bbd-8350-b8f09ad8d355,2018-10-27 19:55:10,2018-10-27 15:56:57,discusses,45a1ef76-4f43-4cdc-9ba8-5a6ad01cc231,https://creativecommons.org/publicdomain/zero/1.0/,https://doi.org/10.13003/CED-terms-of-use,http://www.twitter.com/TuxguyBot,,,,https://evidence.eventdata.crossref.org/evidence/20181027-twitter-0fd2e1ef-3c7a-4bae-a814-b66b81a86f,add,http://twitter.com/TuxguyBot/statuses/1056273118778589186,http://twitter.com/TuxguyBot/statuses/1056273118778589186,1056273118778589186,Tweet 1056273118778589186,2018-10-27 19:55:10,https://doi.org/10.1016/s0163-6383(98)90011-x,https://www.sciencedirect.com/science/article/pii/S016363839890011X,
13520,twitter,http://twitter.com/mindblowingfaqs/statuses/1056304540801097728,https://doi.org/10.1016/s0163-6383(98)90011-x,3db9393f-dd81-4217-b0d4-01a7eafe868b,2018-10-27 22:00:02,2018-10-27 18:04:24,discusses,45a1ef76-4f43-4cdc-9ba8-5a6ad01cc231,https://creativecommons.org/publicdomain/zero/1.0/,https://doi.org/10.13003/CED-terms-of-use,http://www.twitter.com/mindblowingfaqs,,,,https://evidence.eventdata.crossref.org/evidence/20181027-twitter-f942bcd5-5d76-437c-8c23-105c0f0c06,add,http://twitter.com/mindblowingfaqs/statuses/1056304540801097728,http://twitter.com/mindblowingfaqs/statuses/1056304540801097728,1056304540801097728,Tweet 1056304540801097728,2018-10-27 22:00:02,https://doi.org/10.1016/s0163-6383(98)90011-x,https://www.sciencedirect.com/science/article/pii/S016363839890011X,
13521,twitter,http://twitter.com/ddyouknow/statuses/1056346090478407680,https://doi.org/10.1016/s0163-6383(98)90011-x,98170167-7ccb-48d5-be6e-c707f9ad1b0a,2018-10-28 00:45:08,2018-10-27 20:47:31,discusses,45a1ef76-4f43-4cdc-9ba8-5a6ad01cc231,https://creativecommons.org/publicdomain/zero/1.0/,https://doi.org/10.13003/CED-terms-of-use,http://www.twitter.com/ddyouknow,,,,https://evidence.eventdata.crossref.org/evidence/20181028-twitter-e3b3d607-e987-470b-8030-8d59bb9012,add,http://twitter.com/ddyouknow/statuses/1056346090478407680,http://twitter.com/ddyouknow/statuses/1056346090478407680,1056346090478407680,Tweet 1056346090478407680,2018-10-28 00:45:08,https://doi.org/10.1016/s0163-6383(98)90011-x,https://www.sciencedirect.com/science/article/pii/S016363839890011X,
13522,twitter,http://twitter.com/TodaylLearnd/statuses/1056383813222367233,https://doi.org/10.1016/s0163-6383(98)90011-x,0e6e0fd3-9e28-4273-9c48-d684ed9b805a,2018-10-28 03:15:02,2018-10-27 23:18:17,discusses,45a1ef76-4f43-4cdc-9ba8-5a6ad01cc231,https://creativecommons.org/publicdomain/zero/1.0/,https://doi.org/10.13003/CED-terms-of-use,http://www.twitter.com/TodaylLearnd,,,,https://evidence.eventdata.crossref.org/evidence/20181028-twitter-7accb20d-fc95-4eb3-b224-9eab6d164a,add,http://twitter.com/TodaylLearnd/statuses/1056383813222367233,http://twitter.com/TodaylLearnd/statuses/1056383813222367233,1056383813222367233,Tweet 1056383813222367233,2018-10-28 03:15:02,https://doi.org/10.1016/s0163-6383(98)90011-x,https://www.sciencedirect.com/science/article/pii/S016363839890011X,
13523,twitter,http://twitter.com/DMussett/statuses/1056440645701853185,https://doi.org/10.1016/s0163-6383(98)90011-x,367138ac-fed7-44ce-b334-af8a3559f1bc,2018-10-28 07:00:52,2018-10-28 03:01:30,discusses,45a1ef76-4f43-4cdc-9ba8-5a6ad01cc231,https://creativecommons.org/publicdomain/zero/1.0/,https://doi.org/10.13003/CED-terms-of-use,http://www.twitter.com/DMussett,,,,https://evidence.eventdata.crossref.org/evidence/20181028-twitter-31126555-f181-4a0e-aaee-0e5402fad7,add,http://twitter.com/DMussett/statuses/1056440645701853185,http://twitter.com/DMussett/statuses/1056440645701853185,1056440645701853185,Tweet 1056440645701853185,2018-10-28 07:00:52,https://doi.org/10.1016/s0163-6383(98)90011-x,https://www.sciencedirect.com/science/article/pii/S016363839890011X,
13524,twitter,http://twitter.com/wimtenbrink/statuses/1059022431397048321,https://doi.org/10.1016/s0163-6383(98)90011-x,a83e9a33-aad2-43c8-80ce-5ef66d9b3c79,2018-11-04 09:59:57,2018-11-04 05:01:14,discusses,45a1ef76-4f43-4cdc-9ba8-5a6ad01cc231,https://creativecommons.org/publicdomain/zero/1.0/,https://doi.org/10.13003/CED-terms-of-use,http://www.twitter.com/wimtenbrink,,,,https://evidence.eventdata.crossref.org/evidence/20181104-twitter-3a7fe009-34ab-4875-b72b-473d0fbf9e,add,http://twitter.com/wimtenbrink/statuses/1059022431397048321,http://twitter.com/wimtenbrink/statuses/1059022431397048321,1059022431397048321,Tweet 1059022431397048321,2018-11-04 09:59:57,https://doi.org/10.1016/s0163-6383(98)90011-x,https://www.sciencedirect.com/science/article/pii/S016363839890011X,
13525,twitter,http://twitter.com/tilbots/statuses/1064613807316770817,https://doi.org/10.1016/s0163-6383(98)90011-x,19d2f8ed-4f88-4d57-84cc-cfd65e6b0111,2018-11-19 20:18:05,2018-11-19 15:21:42,discusses,45a1ef76-4f43-4cdc-9ba8-5a6ad01cc231,https://creativecommons.org/publicdomain/zero/1.0/,https://doi.org/10.13003/CED-terms-of-use,http://www.twitter.com/tilbots,,,,https://evidence.eventdata.crossref.org/evidence/20181119-twitter-82febac3-cb07-47da-bf3e-4577e07ae1,add,http://twitter.com/tilbots/statuses/1064613807316770817,http://twitter.com/tilbots/statuses/1064613807316770817,1064613807316770817,Tweet 1064613807316770817,2018-11-19 20:18:05,https://doi.org/10.1016/s0163-6383(98)90011-x,https://www.sciencedirect.com/science/article/pii/S016363839890011X,
13526,twitter,twitter://status?id=1161192853915283456,https://doi.org/10.1016/s0163-6383(98)90011-x,e5b21e74-2103-4ee1-8955-b8a8db58b52a,2019-08-13 08:28:44,2019-08-13 13:02:06,discusses,45a1ef76-4f43-4cdc-9ba8-5a6ad01cc231,https://creativecommons.org/publicdomain/zero/1.0/,https://doi.org/10.13003/CED-terms-of-use,twitter://user?screen_name=LaisLaisgs,,,,https://evidence.eventdata.crossref.org/evidence/20190813-twitter-94ce9e0c-7615-4a32-82dd-1f95c61d15,add,twitter://status?id=1161192853915283456,twitter://status?id=1161192853915283456,1161192853915283456,Tweet 1161192853915283456,2019-08-13 08:28:44,https://doi.org/10.1016/s0163-6383(98)90011-x,https://www.sciencedirect.com/science/article/abs/pii/S016363839890011X,
13527,twitter,twitter://status?id=1173599043873910784,https://doi.org/10.1016/s0163-6383(98)90011-x,820e1ff4-a809-4e41-a016-a5f665ce91df,2019-09-16 14:06:31,2019-09-16 10:09:26,discusses,45a1ef76-4f43-4cdc-9ba8-5a6ad01cc231,https://creativecommons.org/publicdomain/zero/1.0/,https://doi.org/10.13003/CED-terms-of-use,twitter://user?screen_name=tuCpakoa,,,,https://evidence.eventdata.crossref.org/evidence/20190916-twitter-832f4dda-9ea1-4c86-99dd-377d64fdd7,add,twitter://status?id=1173599043873910784,twitter://status?id=1173599043873910784,1173599043873910784,Tweet 1173599043873910784,2019-09-16 14:06:31,https://doi.org/10.1016/s0163-6383(98)90011-x,https://www.sciencedirect.com/science/article/abs/pii/S016363839890011X,
13528,twitter,twitter://status?id=1173599253232521216,https://doi.org/10.1016/s0163-6383(98)90011-x,7f06239d-580d-4309-8976-6442d99e9b77,2019-09-16 14:07:21,2019-09-16 10:10:31,discusses,45a1ef76-4f43-4cdc-9ba8-5a6ad01cc231,https://creativecommons.org/publicdomain/zero/1.0/,https://doi.org/10.13003/CED-terms-of-use,twitter://user?screen_name=Vaesresdrarkk,twitter://user?screen_name=tuCpakoa,,,https://evidence.eventdata.crossref.org/evidence/20190916-twitter-e878a63a-3448-4299-a828-fcf2b7c880,add,twitter://status?id=1173599253232521216,twitter://status?id=1173599043873910784,1173599253232521216,Tweet 1173599253232521216,2019-09-16 14:07:21,https://doi.org/10.1016/s0163-6383(98)90011-x,https://www.sciencedirect.com/science/article/abs/pii/S016363839890011X,
13529,twitter,twitter://status?id=1173599298774360064,https://doi.org/10.1016/s0163-6383(98)90011-x,7bac692c-8df6-4f50-b6c4-e008eff320c1,2019-09-16 14:07:31,2019-09-16 10:15:20,discusses,45a1ef76-4f43-4cdc-9ba8-5a6ad01cc231,https://creativecommons.org/publicdomain/zero/1.0/,https://doi.org/10.13003/CED-terms-of-use,twitter://user?screen_name=Kitsu47757122,twitter://user?screen_name=tuCpakoa,,,https://evidence.eventdata.crossref.org/evidence/20190916-twitter-0fd16031-91fd-4645-8b5a-f291b13ae3,add,twitter://status?id=1173599298774360064,twitter://status?id=1173599043873910784,1173599298774360064,Tweet 1173599298774360064,2019-09-16 14:07:31,https://doi.org/10.1016/s0163-6383(98)90011-x,https://www.sciencedirect.com/science/article/abs/pii/S016363839890011X,
13530,twitter,twitter://status?id=1173599792859160576,https://doi.org/10.1016/s0163-6383(98)90011-x,9a17fe5a-fef9-4d5d-a1d4-8193409f0cd1,2019-09-16 14:09:29,2019-09-16 10:18:50,discusses,45a1ef76-4f43-4cdc-9ba8-5a6ad01cc231,https://creativecommons.org/publicdomain/zero/1.0/,https://doi.org/10.13003/CED-terms-of-use,twitter://user?screen_name=itsoumou,twitter://user?screen_name=tuCpakoa,,,https://evidence.eventdata.crossref.org/evidence/20190916-twitter-16d58d78-5da9-4056-8b61-6dd0dc3f11,add,twitter://status?id=1173599792859160576,twitter://status?id=1173599043873910784,1173599792859160576,Tweet 1173599792859160576,2019-09-16 14:09:29,https://doi.org/10.1016/s0163-6383(98)90011-x,https://www.sciencedirect.com/science/article/abs/pii/S016363839890011X,
13531,twitter,twitter://status?id=1173599603687661569,https://doi.org/10.1016/s0163-6383(98)90011-x,c8c4e7ef-ffec-416f-b5a9-1a9f28b26406,2019-09-16 14:08:44,2019-09-16 10:23:29,discusses,45a1ef76-4f43-4cdc-9ba8-5a6ad01cc231,https://creativecommons.org/publicdomain/zero/1.0/,https://doi.org/10.13003/CED-terms-of-use,twitter://user?screen_name=LiB0u,,,,https://evidence.eventdata.crossref.org/evidence/20190916-twitter-00412c04-b4a2-4063-8083-95b8be675e,add,twitter://status?id=1173599603687661569,twitter://status?id=1173599603687661569,1173599603687661569,Tweet 1173599603687661569,2019-09-16 14:08:44,https://doi.org/10.1016/s0163-6383(98)90011-x,https://www.sciencedirect.com/science/article/abs/pii/S016363839890011X,
13532,twitter,twitter://status?id=1173600737177350149,https://doi.org/10.1016/s0163-6383(98)90011-x,257e4cb0-6ed1-4762-acb9-f1f33351323e,2019-09-16 14:13:14,2019-09-16 10:23:37,discusses,45a1ef76-4f43-4cdc-9ba8-5a6ad01cc231,https://creativecommons.org/publicdomain/zero/1.0/,https://doi.org/10.13003/CED-terms-of-use,twitter://user?screen_name=kevin__dnd,twitter://user?screen_name=tuCpakoa,,,https://evidence.eventdata.crossref.org/evidence/20190916-twitter-cc6489dd-6aef-41dc-a269-80d542f7f7,add,twitter://status?id=1173600737177350149,twitter://status?id=1173599043873910784,1173600737177350149,Tweet 1173600737177350149,2019-09-16 14:13:14,https://doi.org/10.1016/s0163-6383(98)90011-x,https://www.sciencedirect.com/science/article/abs/pii/S016363839890011X,
13533,twitter,twitter://status?id=1173600843200962560,https://doi.org/10.1016/s0163-6383(98)90011-x,545e2119-c1c9-4d29-9d06-b04735b75fb6,2019-09-16 14:13:40,2019-09-16 10:25:51,discusses,45a1ef76-4f43-4cdc-9ba8-5a6ad01cc231,https://creativecommons.org/publicdomain/zero/1.0/,https://doi.org/10.13003/CED-terms-of-use,twitter://user?screen_name=Taetriss,twitter://user?screen_name=tuCpakoa,,,https://evidence.eventdata.crossref.org/evidence/20190916-twitter-1ab8fb65-0a6e-4f23-b650-5b51768ba3,add,twitter://status?id=1173600843200962560,twitter://status?id=1173599043873910784,1173600843200962560,Tweet 1173600843200962560,2019-09-16 14:13:40,https://doi.org/10.1016/s0163-6383(98)90011-x,https://www.sciencedirect.com/science/article/abs/pii/S016363839890011X,
13534,twitter,twitter://status?id=1173601499433320448,https://doi.org/10.1016/s0163-6383(98)90011-x,fce9332d-2092-4d5e-9c5f-368a61672a49,2019-09-16 14:16:16,2019-09-16 10:28:21,discusses,45a1ef76-4f43-4cdc-9ba8-5a6ad01cc231,https://creativecommons.org/publicdomain/zero/1.0/,https://doi.org/10.13003/CED-terms-of-use,twitter://user?screen_name=rymaaax,,,,https://evidence.eventdata.crossref.org/evidence/20190916-twitter-c34aad7d-46e5-491b-8fb9-6f3e0d2b55,add,twitter://status?id=1173601499433320448,twitter://status?id=1173601499433320448,1173601499433320448,Tweet 1173601499433320448,2019-09-16 14:16:16,https://doi.org/10.1016/s0163-6383(98)90011-x,https://www.sciencedirect.com/science/article/abs/pii/S016363839890011X,
13535,twitter,twitter://status?id=1173604219405905920,https://doi.org/10.1016/s0163-6383(98)90011-x,168dbb53-473f-4a79-bd13-f24a5a92e974,2019-09-16 14:27:05,2019-09-16 10:34:10,discusses,45a1ef76-4f43-4cdc-9ba8-5a6ad01cc231,https://creativecommons.org/publicdomain/zero/1.0/,https://doi.org/10.13003/CED-terms-of-use,twitter://user?screen_name=DagneNicolas,twitter://user?screen_name=tuCpakoa,,,https://evidence.eventdata.crossref.org/evidence/20190916-twitter-0e73e6f2-e808-471b-beaa-50fdf98917,add,twitter://status?id=1173604219405905920,twitter://status?id=1173599043873910784,1173604219405905920,Tweet 1173604219405905920,2019-09-16 14:27:05,https://doi.org/10.1016/s0163-6383(98)90011-x,https://www.sciencedirect.com/science/article/abs/pii/S016363839890011X,
13536,twitter,twitter://status?id=1173603862089031680,https://doi.org/10.1016/s0163-6383(98)90011-x,b7e8282d-c78d-4efa-8959-b9a9fd92196a,2019-09-16 14:25:39,2019-09-16 10:34:30,discusses,45a1ef76-4f43-4cdc-9ba8-5a6ad01cc231,https://creativecommons.org/publicdomain/zero/1.0/,https://doi.org/10.13003/CED-terms-of-use,twitter://user?screen_name=Gwekkeo,twitter://user?screen_name=tuCpakoa,,,https://evidence.eventdata.crossref.org/evidence/20190916-twitter-70e75ed1-edb7-4972-8653-b9ea8b5790,add,twitter://status?id=1173603862089031680,twitter://status?id=1173599043873910784,1173603862089031680,Tweet 1173603862089031680,2019-09-16 14:25:39,https://doi.org/10.1016/s0163-6383(98)90011-x,https://www.sciencedirect.com/science/article/abs/pii/S016363839890011X,
13537,twitter,twitter://status?id=1173603809106550785,https://doi.org/10.1016/s0163-6383(98)90011-x,6805a178-9bf9-4136-9d3d-33cfac073d43,2019-09-16 14:25:27,2019-09-16 10:39:32,discusses,45a1ef76-4f43-4cdc-9ba8-5a6ad01cc231,https://creativecommons.org/publicdomain/zero/1.0/,https://doi.org/10.13003/CED-terms-of-use,twitter://user?screen_name=Chrys70043009,twitter://user?screen_name=tuCpakoa,,,https://evidence.eventdata.crossref.org/evidence/20190916-twitter-7f34b9c4-a112-4eb0-8744-21235aca52,add,twitter://status?id=1173603809106550785,twitter://status?id=1173599043873910784,1173603809106550785,Tweet 1173603809106550785,2019-09-16 14:25:27,https://doi.org/10.1016/s0163-6383(98)90011-x,https://www.sciencedirect.com/science/article/abs/pii/S016363839890011X,
13538,twitter,twitter://status?id=1173603606278356993,https://doi.org/10.1016/s0163-6383(98)90011-x,7317bb58-72e8-47d3-8a33-a286496ad826,2019-09-16 14:24:38,2019-09-16 10:45:53,discusses,45a1ef76-4f43-4cdc-9ba8-5a6ad01cc231,https://creativecommons.org/publicdomain/zero/1.0/,https://doi.org/10.13003/CED-terms-of-use,twitter://user?screen_name=beoceartemis752,twitter://user?screen_name=tuCpakoa,,,https://evidence.eventdata.crossref.org/evidence/20190916-twitter-00aff995-c533-4eae-bf7e-666b824814,add,twitter://status?id=1173603606278356993,twitter://status?id=1173599043873910784,1173603606278356993,Tweet 1173603606278356993,2019-09-16 14:24:38,https://doi.org/10.1016/s0163-6383(98)90011-x,https://www.sciencedirect.com/science/article/abs/pii/S016363839890011X,
13539,twitter,twitter://status?id=1173609640367677440,https://doi.org/10.1016/s0163-6383(98)90011-x,634ea5e1-ecdc-4826-adc8-2e7120794676,2019-09-16 14:48:37,2019-09-16 11:00:37,discusses,45a1ef76-4f43-4cdc-9ba8-5a6ad01cc231,https://creativecommons.org/publicdomain/zero/1.0/,https://doi.org/10.13003/CED-terms-of-use,twitter://user?screen_name=Praxisthefool,twitter://user?screen_name=tuCpakoa,,,https://evidence.eventdata.crossref.org/evidence/20190916-twitter-e58bc2fe-49fb-408e-a105-1edf034f28,add,twitter://status?id=1173609640367677440,twitter://status?id=1173599043873910784,1173609640367677440,Tweet 1173609640367677440,2019-09-16 14:48:37,https://doi.org/10.1016/s0163-6383(98)90011-x,https://www.sciencedirect.com/science/article/abs/pii/S016363839890011X,
13540,twitter,twitter://status?id=1173613317014904832,https://doi.org/10.1016/s0163-6383(98)90011-x,ef75b8b5-7c04-497d-83e3-7da6f348180d,2019-09-16 15:03:14,2019-09-16 11:19:01,discusses,45a1ef76-4f43-4cdc-9ba8-5a6ad01cc231,https://creativecommons.org/publicdomain/zero/1.0/,https://doi.org/10.13003/CED-terms-of-use,twitter://user?screen_name=momodou_lamine,twitter://user?screen_name=tuCpakoa,,,https://evidence.eventdata.crossref.org/evidence/20190916-twitter-f2222781-2cba-4034-8b37-d2a3298886,add,twitter://status?id=1173613317014904832,twitter://status?id=1173599043873910784,1173613317014904832,Tweet 1173613317014904832,2019-09-16 15:03:14,https://doi.org/10.1016/s0163-6383(98)90011-x,https://www.sciencedirect.com/science/article/abs/pii/S016363839890011X,
13541,twitter,twitter://status?id=1173613239361515521,https://doi.org/10.1016/s0163-6383(98)90011-x,5e9e7362-2752-4b03-9a59-a2fc3dbf82c3,2019-09-16 15:02:55,2019-09-16 11:19:19,discusses,45a1ef76-4f43-4cdc-9ba8-5a6ad01cc231,https://creativecommons.org/publicdomain/zero/1.0/,https://doi.org/10.13003/CED-terms-of-use,twitter://user?screen_name=SalemMarek,twitter://user?screen_name=tuCpakoa,,,https://evidence.eventdata.crossref.org/evidence/20190916-twitter-931100f5-4d89-4054-ad71-c26534ba1e,add,twitter://status?id=1173613239361515521,twitter://status?id=1173599043873910784,1173613239361515521,Tweet 1173613239361515521,2019-09-16 15:02:55,https://doi.org/10.1016/s0163-6383(98)90011-x,https://www.sciencedirect.com/science/article/abs/pii/S016363839890011X,
13542,twitter,twitter://status?id=1173633600153104389,https://doi.org/10.1016/s0163-6383(98)90011-x,a7b98d1d-1f8f-4017-ba7d-6b6bd7a4478c,2019-09-16 16:23:49,2019-09-16 12:48:16,discusses,45a1ef76-4f43-4cdc-9ba8-5a6ad01cc231,https://creativecommons.org/publicdomain/zero/1.0/,https://doi.org/10.13003/CED-terms-of-use,twitter://user?screen_name=HailIlluminatii,twitter://user?screen_name=tuCpakoa,,,https://evidence.eventdata.crossref.org/evidence/20190916-twitter-a47a94f0-717a-4699-8558-489e5489c9,add,twitter://status?id=1173633600153104389,twitter://status?id=1173599043873910784,1173633600153104389,Tweet 1173633600153104389,2019-09-16 16:23:49,https://doi.org/10.1016/s0163-6383(98)90011-x,https://www.sciencedirect.com/science/article/abs/pii/S016363839890011X,
13543,twitter,twitter://status?id=1173635259243683840,https://doi.org/10.1016/s0163-6383(98)90011-x,03ddaae2-faa0-4a85-b22e-f0e66801eb20,2019-09-16 16:30:25,2019-09-16 12:48:54,discusses,45a1ef76-4f43-4cdc-9ba8-5a6ad01cc231,https://creativecommons.org/publicdomain/zero/1.0/,https://doi.org/10.13003/CED-terms-of-use,twitter://user?screen_name=elXOde,twitter://user?screen_name=tuCpakoa,,,https://evidence.eventdata.crossref.org/evidence/20190916-twitter-de159f91-67c9-4f0f-8a47-63aec8d342,add,twitter://status?id=1173635259243683840,twitter://status?id=1173599043873910784,1173635259243683840,Tweet 1173635259243683840,2019-09-16 16:30:25,https://doi.org/10.1016/s0163-6383(98)90011-x,https://www.sciencedirect.com/science/article/abs/pii/S016363839890011X,
13544,twitter,twitter://status?id=1173629684027920385,https://doi.org/10.1016/s0163-6383(98)90011-x,2a76404b-55e9-46e4-973b-f8fe4693e727,2019-09-16 16:08:16,2019-09-16 12:56:22,discusses,45a1ef76-4f43-4cdc-9ba8-5a6ad01cc231,https://creativecommons.org/publicdomain/zero/1.0/,https://doi.org/10.13003/CED-terms-of-use,twitter://user?screen_name=Rxda__,twitter://user?screen_name=tuCpakoa,,,https://evidence.eventdata.crossref.org/evidence/20190916-twitter-3ca03344-c94b-4424-8b40-dbfb66df21,add,twitter://status?id=1173629684027920385,twitter://status?id=1173599043873910784,1173629684027920385,Tweet 1173629684027920385,2019-09-16 16:08:16,https://doi.org/10.1016/s0163-6383(98)90011-x,https://www.sciencedirect.com/science/article/abs/pii/S016363839890011X,
13545,twitter,twitter://status?id=1173631411460431873,https://doi.org/10.1016/s0163-6383(98)90011-x,f09871fe-2ece-4ecc-98f4-20fe7e0719a7,2019-09-16 16:15:08,2019-09-16 13:17:11,discusses,45a1ef76-4f43-4cdc-9ba8-5a6ad01cc231,https://creativecommons.org/publicdomain/zero/1.0/,https://doi.org/10.13003/CED-terms-of-use,twitter://user?screen_name=ENoyelle,twitter://user?screen_name=tuCpakoa,,,https://evidence.eventdata.crossref.org/evidence/20190916-twitter-6c77034c-6fa8-490d-8e3d-9a1832e1ed,add,twitter://status?id=1173631411460431873,twitter://status?id=1173599043873910784,1173631411460431873,Tweet 1173631411460431873,2019-09-16 16:15:08,https://doi.org/10.1016/s0163-6383(98)90011-x,https://www.sciencedirect.com/science/article/abs/pii/S016363839890011X,
13546,twitter,twitter://status?id=1173634998844514304,https://doi.org/10.1016/s0163-6383(98)90011-x,3e1d8c18-3a6e-4648-aaa1-8521484c21aa,2019-09-16 16:29:23,2019-09-16 13:17:17,discusses,45a1ef76-4f43-4cdc-9ba8-5a6ad01cc231,https://creativecommons.org/publicdomain/zero/1.0/,https://doi.org/10.13003/CED-terms-of-use,twitter://user?screen_name=Gertru__deux,twitter://user?screen_name=tuCpakoa,,,https://evidence.eventdata.crossref.org/evidence/20190916-twitter-b324ba03-33d3-4544-a7d2-41c12295a1,add,twitter://status?id=1173634998844514304,twitter://status?id=1173599043873910784,1173634998844514304,Tweet 1173634998844514304,2019-09-16 16:29:23,https://doi.org/10.1016/s0163-6383(98)90011-x,https://www.sciencedirect.com/science/article/abs/pii/S016363839890011X,
13547,twitter,twitter://status?id=1173638421031636992,https://doi.org/10.1016/s0163-6383(98)90011-x,99f96719-47ab-4fda-91fc-79bc388fb693,2019-09-16 16:42:59,2019-09-16 13:29:31,discusses,45a1ef76-4f43-4cdc-9ba8-5a6ad01cc231,https://creativecommons.org/publicdomain/zero/1.0/,https://doi.org/10.13003/CED-terms-of-use,twitter://user?screen_name=AngelNeo31,twitter://user?screen_name=tuCpakoa,,,https://evidence.eventdata.crossref.org/evidence/20190916-twitter-6b74202a-0311-422c-ac57-85ef3a1496,add,twitter://status?id=1173638421031636992,twitter://status?id=1173599043873910784,1173638421031636992,Tweet 1173638421031636992,2019-09-16 16:42:59,https://doi.org/10.1016/s0163-6383(98)90011-x,https://www.sciencedirect.com/science/article/abs/pii/S016363839890011X,
13548,twitter,twitter://status?id=1173638768764604417,https://doi.org/10.1016/s0163-6383(98)90011-x,dc2ce0fd-1dbc-4010-970c-4d591b93a59a,2019-09-16 16:44:22,2019-09-16 13:31:45,discusses,45a1ef76-4f43-4cdc-9ba8-5a6ad01cc231,https://creativecommons.org/publicdomain/zero/1.0/,https://doi.org/10.13003/CED-terms-of-use,twitter://user?screen_name=CDIVertdAzur,twitter://user?screen_name=tuCpakoa,,,https://evidence.eventdata.crossref.org/evidence/20190916-twitter-c792fe76-ebf1-4dc6-a62a-3bf955e6bc,add,twitter://status?id=1173638768764604417,twitter://status?id=1173599043873910784,1173638768764604417,Tweet 1173638768764604417,2019-09-16 16:44:22,https://doi.org/10.1016/s0163-6383(98)90011-x,https://www.sciencedirect.com/science/article/abs/pii/S016363839890011X,
13549,twitter,twitter://status?id=1173647513070559234,https://doi.org/10.1016/s0163-6383(98)90011-x,b3fcb499-a548-40cd-bb7e-4f0ae46349b0,2019-09-16 17:19:07,2019-09-16 13:38:07,discusses,45a1ef76-4f43-4cdc-9ba8-5a6ad01cc231,https://creativecommons.org/publicdomain/zero/1.0/,https://doi.org/10.13003/CED-terms-of-use,twitter://user?screen_name=cykrilus,twitter://user?screen_name=tuCpakoa,,,https://evidence.eventdata.crossref.org/evidence/20190916-twitter-71c977ed-44b4-4a88-b7b4-a2d0bfd4cc,add,twitter://status?id=1173647513070559234,twitter://status?id=1173599043873910784,1173647513070559234,Tweet 1173647513070559234,2019-09-16 17:19:07,https://doi.org/10.1016/s0163-6383(98)90011-x,https://www.sciencedirect.com/science/article/abs/pii/S016363839890011X,
13550,twitter,twitter://status?id=1173648311489826824,https://doi.org/10.1016/s0163-6383(98)90011-x,9b54578f-7ff3-48e6-8244-1246d20b3559,2019-09-16 17:22:17,2019-09-16 13:39:28,discusses,45a1ef76-4f43-4cdc-9ba8-5a6ad01cc231,https://creativecommons.org/publicdomain/zero/1.0/,https://doi.org/10.13003/CED-terms-of-use,twitter://user?screen_name=twitiste1,twitter://user?screen_name=tuCpakoa,,,https://evidence.eventdata.crossref.org/evidence/20190916-twitter-9d02cb81-4144-4c5e-aef8-3c4e74dd78,add,twitter://status?id=1173648311489826824,twitter://status?id=1173599043873910784,1173648311489826824,Tweet 1173648311489826824,2019-09-16 17:22:17,https://doi.org/10.1016/s0163-6383(98)90011-x,https://www.sciencedirect.com/science/article/abs/pii/S016363839890011X,
13551,twitter,twitter://status?id=1173639813746085888,https://doi.org/10.1016/s0163-6383(98)90011-x,de180eed-9e2d-4374-be85-b424e27223c1,2019-09-16 16:48:31,2019-09-16 14:30:49,discusses,45a1ef76-4f43-4cdc-9ba8-5a6ad01cc231,https://creativecommons.org/publicdomain/zero/1.0/,https://doi.org/10.13003/CED-terms-of-use,twitter://user?screen_name=B0nobal,twitter://user?screen_name=tuCpakoa,,,https://evidence.eventdata.crossref.org/evidence/20190916-twitter-d1b58a9e-4981-4e13-a6aa-e9ff340283,add,twitter://status?id=1173639813746085888,twitter://status?id=1173599043873910784,1173639813746085888,Tweet 1173639813746085888,2019-09-16 16:48:31,https://doi.org/10.1016/s0163-6383(98)90011-x,https://www.sciencedirect.com/science/article/abs/pii/S016363839890011X,
13552,twitter,twitter://status?id=1173655017842237441,https://doi.org/10.1016/s0163-6383(98)90011-x,344ec06b-906e-4ca8-b764-24d2850cb02c,2019-09-16 17:48:56,2019-09-16 14:31:38,discusses,45a1ef76-4f43-4cdc-9ba8-5a6ad01cc231,https://creativecommons.org/publicdomain/zero/1.0/,https://doi.org/10.13003/CED-terms-of-use,twitter://user?screen_name=BigLilJNigga,twitter://user?screen_name=tuCpakoa,,,https://evidence.eventdata.crossref.org/evidence/20190916-twitter-ebe56841-2f65-41a1-87cc-2fd05b2f5d,add,twitter://status?id=1173655017842237441,twitter://status?id=1173599043873910784,1173655017842237441,Tweet 1173655017842237441,2019-09-16 17:48:56,https://doi.org/10.1016/s0163-6383(98)90011-x,https://www.sciencedirect.com/science/article/abs/pii/S016363839890011X,
13553,twitter,twitter://status?id=1173656961348493313,https://doi.org/10.1016/s0163-6383(98)90011-x,5700cf42-1802-4035-bafe-c5904b247625,2019-09-16 17:56:39,2019-09-16 14:32:59,discusses,45a1ef76-4f43-4cdc-9ba8-5a6ad01cc231,https://creativecommons.org/publicdomain/zero/1.0/,https://doi.org/10.13003/CED-terms-of-use,twitter://user?screen_name=melissayapici,twitter://user?screen_name=tuCpakoa,,,https://evidence.eventdata.crossref.org/evidence/20190916-twitter-4e62f3e6-1d3c-4ea8-a12e-a42ad991e9,add,twitter://status?id=1173656961348493313,twitter://status?id=1173599043873910784,1173656961348493313,Tweet 1173656961348493313,2019-09-16 17:56:39,https://doi.org/10.1016/s0163-6383(98)90011-x,https://www.sciencedirect.com/science/article/abs/pii/S016363839890011X,
13554,twitter,twitter://status?id=1173656234114912256,https://doi.org/10.1016/s0163-6383(98)90011-x,4f888de0-9eb2-46d3-9277-0bb17044c9fa,2019-09-16 17:53:46,2019-09-16 14:36:47,discusses,45a1ef76-4f43-4cdc-9ba8-5a6ad01cc231,https://creativecommons.org/publicdomain/zero/1.0/,https://doi.org/10.13003/CED-terms-of-use,twitter://user?screen_name=frank_boert,twitter://user?screen_name=tuCpakoa,,,https://evidence.eventdata.crossref.org/evidence/20190916-twitter-b9afc9c0-fcfc-411c-ae07-efc28fc7d3,add,twitter://status?id=1173656234114912256,twitter://status?id=1173599043873910784,1173656234114912256,Tweet 1173656234114912256,2019-09-16 17:53:46,https://doi.org/10.1016/s0163-6383(98)90011-x,https://www.sciencedirect.com/science/article/abs/pii/S016363839890011X,
13555,twitter,twitter://status?id=1173659062669664256,https://doi.org/10.1016/s0163-6383(98)90011-x,b657d99f-9452-444f-8346-a049b6cfa362,2019-09-16 18:05:00,2019-09-16 15:01:03,discusses,45a1ef76-4f43-4cdc-9ba8-5a6ad01cc231,https://creativecommons.org/publicdomain/zero/1.0/,https://doi.org/10.13003/CED-terms-of-use,twitter://user?screen_name=FeelerLicea,twitter://user?screen_name=tuCpakoa,,,https://evidence.eventdata.crossref.org/evidence/20190916-twitter-7f635aeb-040b-44e8-b08f-7ecefead96,add,twitter://status?id=1173659062669664256,twitter://status?id=1173599043873910784,1173659062669664256,Tweet 1173659062669664256,2019-09-16 18:05:00,https://doi.org/10.1016/s0163-6383(98)90011-x,https://www.sciencedirect.com/science/article/abs/pii/S016363839890011X,
13556,twitter,twitter://status?id=1173665483507281920,https://doi.org/10.1016/s0163-6383(98)90011-x,12ffd3a5-4960-4239-9d74-1878bf9edf09,2019-09-16 18:30:31,2019-09-16 15:25:59,discusses,45a1ef76-4f43-4cdc-9ba8-5a6ad01cc231,https://creativecommons.org/publicdomain/zero/1.0/,https://doi.org/10.13003/CED-terms-of-use,twitter://user?screen_name=Joemath3,twitter://user?screen_name=tuCpakoa,,,https://evidence.eventdata.crossref.org/evidence/20190916-twitter-473b96f3-c723-4eca-a832-d6b437a8ed,add,twitter://status?id=1173665483507281920,twitter://status?id=1173599043873910784,1173665483507281920,Tweet 1173665483507281920,2019-09-16 18:30:31,https://doi.org/10.1016/s0163-6383(98)90011-x,https://www.sciencedirect.com/science/article/abs/pii/S016363839890011X,
13557,twitter,twitter://status?id=1173671011360890881,https://doi.org/10.1016/s0163-6383(98)90011-x,66a0c41b-9055-4af8-a48f-318603073ab0,2019-09-16 18:52:29,2019-09-16 15:36:56,discusses,45a1ef76-4f43-4cdc-9ba8-5a6ad01cc231,https://creativecommons.org/publicdomain/zero/1.0/,https://doi.org/10.13003/CED-terms-of-use,twitter://user?screen_name=EugeneFabTchebs,twitter://user?screen_name=tuCpakoa,,,https://evidence.eventdata.crossref.org/evidence/20190916-twitter-357e5361-6fed-473f-b695-77c0de2bd3,add,twitter://status?id=1173671011360890881,twitter://status?id=1173599043873910784,1173671011360890881,Tweet 1173671011360890881,2019-09-16 18:52:29,https://doi.org/10.1016/s0163-6383(98)90011-x,https://www.sciencedirect.com/science/article/abs/pii/S016363839890011X,
13558,twitter,twitter://status?id=1173671891145547776,https://doi.org/10.1016/s0163-6383(98)90011-x,23d8fc4d-e857-4670-83a3-7eb46a48cbc3,2019-09-16 18:55:59,2019-09-16 15:43:39,discusses,45a1ef76-4f43-4cdc-9ba8-5a6ad01cc231,https://creativecommons.org/publicdomain/zero/1.0/,https://doi.org/10.13003/CED-terms-of-use,twitter://user?screen_name=HBrulois,twitter://user?screen_name=tuCpakoa,,,https://evidence.eventdata.crossref.org/evidence/20190916-twitter-818b6212-f562-4dba-ab79-1570a73ce5,add,twitter://status?id=1173671891145547776,twitter://status?id=1173599043873910784,1173671891145547776,Tweet 1173671891145547776,2019-09-16 18:55:59,https://doi.org/10.1016/s0163-6383(98)90011-x,https://www.sciencedirect.com/science/article/abs/pii/S016363839890011X,
13559,twitter,twitter://status?id=1173671466824548352,https://doi.org/10.1016/s0163-6383(98)90011-x,79bab969-53ec-41f4-be45-28beff3cc2e6,2019-09-16 18:54:18,2019-09-16 15:51:54,discusses,45a1ef76-4f43-4cdc-9ba8-5a6ad01cc231,https://creativecommons.org/publicdomain/zero/1.0/,https://doi.org/10.13003/CED-terms-of-use,twitter://user?screen_name=Lau000002,twitter://user?screen_name=tuCpakoa,,,https://evidence.eventdata.crossref.org/evidence/20190916-twitter-8440b302-2c4a-4843-bc2a-fc8fbbb029,add,twitter://status?id=1173671466824548352,twitter://status?id=1173599043873910784,1173671466824548352,Tweet 1173671466824548352,2019-09-16 18:54:18,https://doi.org/10.1016/s0163-6383(98)90011-x,https://www.sciencedirect.com/science/article/abs/pii/S016363839890011X,
13560,twitter,twitter://status?id=1173677774298648576,https://doi.org/10.1016/s0163-6383(98)90011-x,292b35bc-0116-4804-9e16-697196f063d8,2019-09-16 19:19:21,2019-09-16 16:04:25,discusses,45a1ef76-4f43-4cdc-9ba8-5a6ad01cc231,https://creativecommons.org/publicdomain/zero/1.0/,https://doi.org/10.13003/CED-terms-of-use,twitter://user?screen_name=DrSprat,twitter://user?screen_name=tuCpakoa,,,https://evidence.eventdata.crossref.org/evidence/20190916-twitter-220e896a-b819-453b-a5ae-d7ad8efb20,add,twitter://status?id=1173677774298648576,twitter://status?id=1173599043873910784,1173677774298648576,Tweet 1173677774298648576,2019-09-16 19:19:21,https://doi.org/10.1016/s0163-6383(98)90011-x,https://www.sciencedirect.com/science/article/abs/pii/S016363839890011X,
13561,twitter,twitter://status?id=1173678171394211840,https://doi.org/10.1016/s0163-6383(98)90011-x,55e5f273-ce4c-45ad-b585-69cb3a5c2214,2019-09-16 19:20:56,2019-09-16 16:05:00,discusses,45a1ef76-4f43-4cdc-9ba8-5a6ad01cc231,https://creativecommons.org/publicdomain/zero/1.0/,https://doi.org/10.13003/CED-terms-of-use,twitter://user?screen_name=75Sebthom,twitter://user?screen_name=tuCpakoa,,,https://evidence.eventdata.crossref.org/evidence/20190916-twitter-853ef0e9-47ca-4600-b1e4-f4d78cb457,add,twitter://status?id=1173678171394211840,twitter://status?id=1173599043873910784,1173678171394211840,Tweet 1173678171394211840,2019-09-16 19:20:56,https://doi.org/10.1016/s0163-6383(98)90011-x,https://www.sciencedirect.com/science/article/abs/pii/S016363839890011X,
13562,twitter,twitter://status?id=1173688797395128320,https://doi.org/10.1016/s0163-6383(98)90011-x,969d6adc-e150-4074-bc8a-e17ed47484be,2019-09-16 20:03:10,2019-09-16 16:45:12,discusses,45a1ef76-4f43-4cdc-9ba8-5a6ad01cc231,https://creativecommons.org/publicdomain/zero/1.0/,https://doi.org/10.13003/CED-terms-of-use,twitter://user?screen_name=LNDzt,twitter://user?screen_name=tuCpakoa,,,https://evidence.eventdata.crossref.org/evidence/20190916-twitter-451eef4f-34ac-46f1-8119-908d150f94,add,twitter://status?id=1173688797395128320,twitter://status?id=1173599043873910784,1173688797395128320,Tweet 1173688797395128320,2019-09-16 20:03:10,https://doi.org/10.1016/s0163-6383(98)90011-x,https://www.sciencedirect.com/science/article/abs/pii/S016363839890011X,
13563,twitter,twitter://status?id=1173705266153570306,https://doi.org/10.1016/s0163-6383(98)90011-x,78570fdd-4dce-464f-9bf5-524312fac37c,2019-09-16 21:08:36,2019-09-16 17:16:15,discusses,45a1ef76-4f43-4cdc-9ba8-5a6ad01cc231,https://creativecommons.org/publicdomain/zero/1.0/,https://doi.org/10.13003/CED-terms-of-use,twitter://user?screen_name=Alessiojuan2,twitter://user?screen_name=tuCpakoa,,,https://evidence.eventdata.crossref.org/evidence/20190916-twitter-d080018a-7627-487b-b747-737caf1d9a,add,twitter://status?id=1173705266153570306,twitter://status?id=1173599043873910784,1173705266153570306,Tweet 1173705266153570306,2019-09-16 21:08:36,https://doi.org/10.1016/s0163-6383(98)90011-x,https://www.sciencedirect.com/science/article/abs/pii/S016363839890011X,
13564,twitter,twitter://status?id=1173713216452644870,https://doi.org/10.1016/s0163-6383(98)90011-x,668cbc60-d9cb-4370-ab35-eea777258b4d,2019-09-16 21:40:11,2019-09-16 17:46:51,discusses,45a1ef76-4f43-4cdc-9ba8-5a6ad01cc231,https://creativecommons.org/publicdomain/zero/1.0/,https://doi.org/10.13003/CED-terms-of-use,twitter://user?screen_name=ndembietienne,twitter://user?screen_name=tuCpakoa,,,https://evidence.eventdata.crossref.org/evidence/20190916-twitter-4648fcc6-2444-4f84-a528-4a6c81fe97,add,twitter://status?id=1173713216452644870,twitter://status?id=1173599043873910784,1173713216452644870,Tweet 1173713216452644870,2019-09-16 21:40:11,https://doi.org/10.1016/s0163-6383(98)90011-x,https://www.sciencedirect.com/science/article/abs/pii/S016363839890011X,
13565,twitter,twitter://status?id=1173727112261439488,https://doi.org/10.1016/s0163-6383(98)90011-x,13b983fb-3f75-4ef3-862f-56b291946977,2019-09-16 22:35:25,2019-09-16 18:42:17,discusses,45a1ef76-4f43-4cdc-9ba8-5a6ad01cc231,https://creativecommons.org/publicdomain/zero/1.0/,https://doi.org/10.13003/CED-terms-of-use,twitter://user?screen_name=OkalaPlus,twitter://user?screen_name=tuCpakoa,,,https://evidence.eventdata.crossref.org/evidence/20190916-twitter-05b0ba44-fdd0-474c-ab9c-8d2d1531c3,add,twitter://status?id=1173727112261439488,twitter://status?id=1173599043873910784,1173727112261439488,Tweet 1173727112261439488,2019-09-16 22:35:25,https://doi.org/10.1016/s0163-6383(98)90011-x,https://www.sciencedirect.com/science/article/abs/pii/S016363839890011X,
13566,twitter,twitter://status?id=1173804881594986497,https://doi.org/10.1016/s0163-6383(98)90011-x,3b884689-1e6f-45fc-b938-bca636325502,2019-09-17 03:44:26,2019-09-16 23:48:36,discusses,45a1ef76-4f43-4cdc-9ba8-5a6ad01cc231,https://creativecommons.org/publicdomain/zero/1.0/,https://doi.org/10.13003/CED-terms-of-use,twitter://user?screen_name=Carolinedva25,twitter://user?screen_name=tuCpakoa,,,https://evidence.eventdata.crossref.org/evidence/20190917-twitter-dc7e1c1b-017a-4412-8fbc-866f9a3072,add,twitter://status?id=1173804881594986497,twitter://status?id=1173599043873910784,1173804881594986497,Tweet 1173804881594986497,2019-09-17 03:44:26,https://doi.org/10.1016/s0163-6383(98)90011-x,https://www.sciencedirect.com/science/article/abs/pii/S016363839890011X,
13567,twitter,twitter://status?id=1173931817809993728,https://doi.org/10.1016/s0163-6383(98)90011-x,23a189e1-d9c0-46dc-a044-fca82318c2a2,2019-09-17 12:08:50,2019-09-17 08:21:53,discusses,45a1ef76-4f43-4cdc-9ba8-5a6ad01cc231,https://creativecommons.org/publicdomain/zero/1.0/,https://doi.org/10.13003/CED-terms-of-use,twitter://user?screen_name=183i48219,twitter://user?screen_name=tuCpakoa,,,https://evidence.eventdata.crossref.org/evidence/20190917-twitter-1ad7221a-80fb-4e80-a927-56d97cedae,add,twitter://status?id=1173931817809993728,twitter://status?id=1173599043873910784,1173931817809993728,Tweet 1173931817809993728,2019-09-17 12:08:50,https://doi.org/10.1016/s0163-6383(98)90011-x,https://www.sciencedirect.com/science/article/abs/pii/S016363839890011X,
13568,twitter,twitter://status?id=1174009001610305538,https://doi.org/10.1016/s0163-6383(98)90011-x,a4377184-5c59-4b3c-9805-1f970992e12a,2019-09-17 17:15:32,2019-09-17 13:26:38,discusses,45a1ef76-4f43-4cdc-9ba8-5a6ad01cc231,https://creativecommons.org/publicdomain/zero/1.0/,https://doi.org/10.13003/CED-terms-of-use,twitter://user?screen_name=davdavrb,twitter://user?screen_name=tuCpakoa,,,https://evidence.eventdata.crossref.org/evidence/20190917-twitter-ba5cecd9-1ee3-4923-b7db-9319cd83dc,add,twitter://status?id=1174009001610305538,twitter://status?id=1173599043873910784,1174009001610305538,Tweet 1174009001610305538,2019-09-17 17:15:32,https://doi.org/10.1016/s0163-6383(98)90011-x,https://www.sciencedirect.com/science/article/abs/pii/S016363839890011X,
13569,twitter,twitter://status?id=1174252753465544704,https://doi.org/10.1016/s0163-6383(98)90011-x,78578681-49b9-485a-8d03-a97bb3fcfb2f,2019-09-18 09:24:07,2019-09-18 05:28:22,discusses,45a1ef76-4f43-4cdc-9ba8-5a6ad01cc231,https://creativecommons.org/publicdomain/zero/1.0/,https://doi.org/10.13003/CED-terms-of-use,twitter://user?screen_name=Esprit_225,twitter://user?screen_name=tuCpakoa,,,https://evidence.eventdata.crossref.org/evidence/20190918-twitter-f2abd4c6-4af4-4922-a14f-be627eea2d,add,twitter://status?id=1174252753465544704,twitter://status?id=1173599043873910784,1174252753465544704,Tweet 1174252753465544704,2019-09-18 09:24:07,https://doi.org/10.1016/s0163-6383(98)90011-x,https://www.sciencedirect.com/science/article/abs/pii/S016363839890011X,
13570,twitter,twitter://status?id=1174582523214671873,https://doi.org/10.1016/s0163-6383(98)90011-x,c9e01f6a-26b5-4da6-87e3-77a62ada0e18,2019-09-19 07:14:30,2019-09-19 03:19:30,discusses,45a1ef76-4f43-4cdc-9ba8-5a6ad01cc231,https://creativecommons.org/publicdomain/zero/1.0/,https://doi.org/10.13003/CED-terms-of-use,twitter://user?screen_name=Kayalimah1,twitter://user?screen_name=tuCpakoa,,,https://evidence.eventdata.crossref.org/evidence/20190919-twitter-766eab2b-0172-406a-90a4-45c9597c2c,add,twitter://status?id=1174582523214671873,twitter://status?id=1173599043873910784,1174582523214671873,Tweet 1174582523214671873,2019-09-19 07:14:30,https://doi.org/10.1016/s0163-6383(98)90011-x,https://www.sciencedirect.com/science/article/abs/pii/S016363839890011X,
13571,twitter,twitter://status?id=1175151839261724672,https://doi.org/10.1016/s0163-6383(98)90011-x,4d15091f-da06-4643-a781-4c39d476bf54,2019-09-20 20:56:46,2019-09-20 17:08:13,discusses,45a1ef76-4f43-4cdc-9ba8-5a6ad01cc231,https://creativecommons.org/publicdomain/zero/1.0/,https://doi.org/10.13003/CED-terms-of-use,twitter://user?screen_name=_m6ly,twitter://user?screen_name=tuCpakoa,,,https://evidence.eventdata.crossref.org/evidence/20190920-twitter-5d9ad173-0dd8-4acd-a68e-f723adde64,add,twitter://status?id=1175151839261724672,twitter://status?id=1173599043873910784,1175151839261724672,Tweet 1175151839261724672,2019-09-20 20:56:46,https://doi.org/10.1016/s0163-6383(98)90011-x,https://www.sciencedirect.com/science/article/abs/pii/S016363839890011X,
13572,twitter,twitter://status?id=1175152264371216385,https://doi.org/10.1016/s0163-6383(98)90011-x,a21df417-05be-407d-b7c7-cda9df9600ce,2019-09-20 20:58:27,2019-09-20 17:08:17,discusses,45a1ef76-4f43-4cdc-9ba8-5a6ad01cc231,https://creativecommons.org/publicdomain/zero/1.0/,https://doi.org/10.13003/CED-terms-of-use,twitter://user?screen_name=4everjoy_,twitter://user?screen_name=tuCpakoa,,,https://evidence.eventdata.crossref.org/evidence/20190920-twitter-c62222ae-d89c-4738-9084-585b06882d,add,twitter://status?id=1175152264371216385,twitter://status?id=1173599043873910784,1175152264371216385,Tweet 1175152264371216385,2019-09-20 20:58:27,https://doi.org/10.1016/s0163-6383(98)90011-x,https://www.sciencedirect.com/science/article/abs/pii/S016363839890011X,
13573,twitter,twitter://status?id=1176904063734165505,https://doi.org/10.1016/s0163-6383(98)90011-x,cb726c06-0b77-4402-98bc-040243e43853,2019-09-25 16:59:29,2019-09-25 13:13:49,discusses,45a1ef76-4f43-4cdc-9ba8-5a6ad01cc231,https://creativecommons.org/publicdomain/zero/1.0/,https://doi.org/10.13003/CED-terms-of-use,twitter://user?screen_name=jam_ze,,,,https://evidence.eventdata.crossref.org/evidence/20190925-twitter-42756a75-97a4-4062-bcca-2efd84118f,add,twitter://status?id=1176904063734165505,twitter://status?id=1176904063734165505,1176904063734165505,Tweet 1176904063734165505,2019-09-25 16:59:29,https://doi.org/10.1016/s0163-6383(98)90011-x,https://www.sciencedirect.com/science/article/abs/pii/S016363839890011X,
13574,twitter,twitter://status?id=1183510326358228992,https://doi.org/10.1016/s0163-6383(98)90011-x,b4795a53-4788-4fe9-8637-a916fc36b355,2019-10-13 22:30:25,2019-10-13 18:35:37,discusses,45a1ef76-4f43-4cdc-9ba8-5a6ad01cc231,https://creativecommons.org/publicdomain/zero/1.0/,https://doi.org/10.13003/CED-terms-of-use,twitter://user?screen_name=IsraelWingi,twitter://user?screen_name=tuCpakoa,,,https://evidence.eventdata.crossref.org/evidence/20191013-twitter-1db8b096-d41a-4340-818e-c6a284973b,add,twitter://status?id=1183510326358228992,twitter://status?id=1173599043873910784,1183510326358228992,Tweet 1183510326358228992,2019-10-13 22:30:25,https://doi.org/10.1016/s0163-6383(98)90011-x,https://www.sciencedirect.com/science/article/abs/pii/S016363839890011X,
13575,twitter,twitter://status?id=1188151485726674944,https://doi.org/10.1016/s0163-6383(98)90011-x,9ea36fb8-20bd-4337-aaca-c4b994ebc6fd,2019-10-26 17:52:43,2019-10-26 13:55:59,discusses,45a1ef76-4f43-4cdc-9ba8-5a6ad01cc231,https://creativecommons.org/publicdomain/zero/1.0/,https://doi.org/10.13003/CED-terms-of-use,twitter://user?screen_name=Salut_c_Ducon,twitter://user?screen_name=tuCpakoa,,,https://evidence.eventdata.crossref.org/evidence/20191026-twitter-102a94a0-397f-4fa3-9c8a-d8dd486ad0,add,twitter://status?id=1188151485726674944,twitter://status?id=1173599043873910784,1188151485726674944,Tweet 1188151485726674944,2019-10-26 17:52:43,https://doi.org/10.1016/s0163-6383(98)90011-x,https://www.sciencedirect.com/science/article/abs/pii/S016363839890011X,
13576,twitter,twitter://status?id=1188448376024522752,https://doi.org/10.1016/s0163-6383(98)90011-x,984ec4e9-3997-4934-8ef2-c3259e84ae7c,2019-10-27 13:32:27,2019-10-27 09:42:00,discusses,45a1ef76-4f43-4cdc-9ba8-5a6ad01cc231,https://creativecommons.org/publicdomain/zero/1.0/,https://doi.org/10.13003/CED-terms-of-use,twitter://user?screen_name=25NG_XYZ,,,,https://evidence.eventdata.crossref.org/evidence/20191027-twitter-d7953469-ba77-4577-b968-a99064e46c,add,twitter://status?id=1188448376024522752,twitter://status?id=1188448376024522752,1188448376024522752,Tweet 1188448376024522752,2019-10-27 13:32:27,https://doi.org/10.1016/s0163-6383(98)90011-x,https://www.sciencedirect.com/science/article/abs/pii/S016363839890011X,
13577,twitter,twitter://status?id=1191844908560191488,https://doi.org/10.1016/s0163-6383(98)90011-x,ea22e185-ec9b-44cb-ad25-d48b7c4f69ed,2019-11-05 22:29:04,2019-11-05 17:36:02,discusses,45a1ef76-4f43-4cdc-9ba8-5a6ad01cc231,https://creativecommons.org/publicdomain/zero/1.0/,https://doi.org/10.13003/CED-terms-of-use,twitter://user?screen_name=MaganeMeow,,,,https://evidence.eventdata.crossref.org/evidence/20191105-twitter-fecb6124-9915-45a0-81c6-f015400176,add,twitter://status?id=1191844908560191488,twitter://status?id=1191844908560191488,1191844908560191488,Tweet 1191844908560191488,2019-11-05 22:29:04,https://doi.org/10.1016/s0163-6383(98)90011-x,https://www.sciencedirect.com/science/article/abs/pii/S016363839890011X,
13578,twitter,twitter://status?id=1315197737395204098,https://doi.org/10.1016/s0163-6383(98)90011-x,5520d2d6-e411-486c-a83b-eb86c2e8769b,2020-10-11 07:49:10,2020-10-11 04:00:50,discusses,45a1ef76-4f43-4cdc-9ba8-5a6ad01cc231,https://creativecommons.org/publicdomain/zero/1.0/,https://doi.org/10.13003/CED-terms-of-use,twitter://user?screen_name=howlacoste,,,,https://evidence.eventdata.crossref.org/evidence/20201011-twitter-853740ce-0f33-4f5f-941e-4af1cdf61c,add,twitter://status?id=1315197737395204098,twitter://status?id=1315197737395204098,1315197737395204098,Tweet 1315197737395204098,2020-10-11 07:49:10,https://doi.org/10.1016/s0163-6383(98)90011-x,https://linkinghub.elsevier.com/retrieve/pii/S016363839890011X,
13579,twitter,twitter://status?id=1315224716081127425,https://doi.org/10.1016/s0163-6383(98)90011-x,fba85caf-22de-40f9-9eac-852173ed977c,2020-10-11 09:36:22,2020-10-11 05:41:19,discusses,45a1ef76-4f43-4cdc-9ba8-5a6ad01cc231,https://creativecommons.org/publicdomain/zero/1.0/,https://doi.org/10.13003/CED-terms-of-use,twitter://user?screen_name=dedadasein,twitter://user?screen_name=howlacoste,,,https://evidence.eventdata.crossref.org/evidence/20201011-twitter-42731807-5174-46b6-b964-9b17ab1867,add,twitter://status?id=1315224716081127425,twitter://status?id=1315197737395204098,1315224716081127425,Tweet 1315224716081127425,2020-10-11 09:36:22,https://doi.org/10.1016/s0163-6383(98)90011-x,https://linkinghub.elsevier.com/retrieve/pii/S016363839890011X,
13580,twitter,twitter://status?id=1315413153468084224,https://doi.org/10.1016/s0163-6383(98)90011-x,f06f7e17-3cdb-4388-abd9-cec249044416,2020-10-11 22:05:09,2020-10-11 18:11:40,discusses,45a1ef76-4f43-4cdc-9ba8-5a6ad01cc231,https://creativecommons.org/publicdomain/zero/1.0/,https://doi.org/10.13003/CED-terms-of-use,twitter://user?screen_name=vozdushnyikazah,twitter://user?screen_name=howlacoste,,,https://evidence.eventdata.crossref.org/evidence/20201011-twitter-5985dc7e-52a6-487a-8d82-5be9cdf479,add,twitter://status?id=1315413153468084224,twitter://status?id=1315197737395204098,1315413153468084224,Tweet 1315413153468084224,2020-10-11 22:05:09,https://doi.org/10.1016/s0163-6383(98)90011-x,https://linkinghub.elsevier.com/retrieve/pii/S016363839890011X,
13581,twitter,twitter://status?id=1315439505793585153,https://doi.org/10.1016/s0163-6383(98)90011-x,0b1c7ece-4b60-4907-96a9-f619928162e2,2020-10-11 23:49:52,2020-10-11 19:50:38,discusses,45a1ef76-4f43-4cdc-9ba8-5a6ad01cc231,https://creativecommons.org/publicdomain/zero/1.0/,https://doi.org/10.13003/CED-terms-of-use,twitter://user?screen_name=CassidyCrow1,twitter://user?screen_name=howlacoste,,,https://evidence.eventdata.crossref.org/evidence/20201011-twitter-aa127267-42d6-46c3-8549-273df38a29,add,twitter://status?id=1315439505793585153,twitter://status?id=1315197737395204098,1315439505793585153,Tweet 1315439505793585153,2020-10-11 23:49:52,https://doi.org/10.1016/s0163-6383(98)90011-x,https://linkinghub.elsevier.com/retrieve/pii/S016363839890011X,
13582,twitter,twitter://status?id=1244696366355492865,https://doi.org/10.1016/s0163-6383(98)90011-x,da325bc0-635e-4376-8df2-aba864f0e18c,2020-03-30 18:41:53,2020-10-13 20:00:32,discusses,45a1ef76-4f43-4cdc-9ba8-5a6ad01cc231,https://creativecommons.org/publicdomain/zero/1.0/,https://doi.org/10.13003/CED-terms-of-use,twitter://user?screen_name=_Aussenseiter__,,,,https://evidence.eventdata.crossref.org/evidence/20200330-twitter-0c6a3044-1748-4d83-88ea-22f69ddba8,add,twitter://status?id=1244696366355492865,twitter://status?id=1244696366355492865,1244696366355492865,Tweet 1244696366355492865,2020-03-30 18:41:53,https://doi.org/10.1016/s0163-6383(98)90011-x,https://www.sciencedirect.com/science/article/abs/pii/S016363839890011X,
13583,twitter,twitter://status?id=1336634944924237827,https://doi.org/10.1016/s0163-6383(98)90011-x,34ec5d6e-39d9-42a9-976f-c6287162b048,2020-12-09 11:32:59,2020-12-09 07:26:19,discusses,45a1ef76-4f43-4cdc-9ba8-5a6ad01cc231,https://creativecommons.org/publicdomain/zero/1.0/,https://doi.org/10.13003/CED-terms-of-use,twitter://user?screen_name=rokki8100,,,,https://evidence.eventdata.crossref.org/evidence/20201209-twitter-46507cc7-efa4-452a-9595-97ee0778fa,add,twitter://status?id=1336634944924237827,twitter://status?id=1336634944924237827,1336634944924237827,Tweet 1336634944924237827,2020-12-09 11:32:59,https://doi.org/10.1016/s0163-6383(98)90011-x,https://www.sciencedirect.com/science/article/abs/pii/S016363839890011X,
13584,twitter,twitter://status?id=1356719201772134401,https://doi.org/10.1016/s0163-6383(98)90011-x,9c16bb7b-ef5b-40e6-958c-dd8b58a107f9,2021-02-02 21:40:38,2021-02-02 17:25:36,discusses,45a1ef76-4f43-4cdc-9ba8-5a6ad01cc231,https://creativecommons.org/publicdomain/zero/1.0/,https://doi.org/10.13003/CED-terms-of-use,twitter://user?screen_name=ahmedsamiread,,,,https://evidence.eventdata.crossref.org/evidence/20210202-twitter-fb5dd5fb-c861-41ba-9834-31745d038b,add,twitter://status?id=1356719201772134401,twitter://status?id=1356719201772134401,1356719201772134401,Tweet 1356719201772134401,2021-02-02 21:40:38,https://doi.org/10.1016/s0163-6383(98)90011-x,https://www.sciencedirect.com/science/article/abs/pii/S016363839890011X,
13585,twitter,twitter://status?id=1356720978995347457,https://doi.org/10.1016/s0163-6383(98)90011-x,f1f4271a-abfa-4701-afd9-4f0740bbc869,2021-02-02 21:47:42,2021-02-02 17:31:44,discusses,45a1ef76-4f43-4cdc-9ba8-5a6ad01cc231,https://creativecommons.org/publicdomain/zero/1.0/,https://doi.org/10.13003/CED-terms-of-use,twitter://user?screen_name=DoctorAS1,twitter://user?screen_name=ahmedsamiread,,,https://evidence.eventdata.crossref.org/evidence/20210202-twitter-d97d8025-b608-4181-a4c9-8278601284,add,twitter://status?id=1356720978995347457,twitter://status?id=1356719201772134401,1356720978995347457,Tweet 1356720978995347457,2021-02-02 21:47:42,https://doi.org/10.1016/s0163-6383(98)90011-x,https://www.sciencedirect.com/science/article/abs/pii/S016363839890011X,
13586,twitter,twitter://status?id=1356726991739904010,https://doi.org/10.1016/s0163-6383(98)90011-x,d504019c-af8f-4a67-9f14-5a8b4093f8bd,2021-02-02 22:11:36,2021-02-02 17:42:33,discusses,45a1ef76-4f43-4cdc-9ba8-5a6ad01cc231,https://creativecommons.org/publicdomain/zero/1.0/,https://doi.org/10.13003/CED-terms-of-use,twitter://user?screen_name=ansam_ah,twitter://user?screen_name=ahmedsamiread,,,https://evidence.eventdata.crossref.org/evidence/20210202-twitter-93cdd122-bbc7-4fe6-8f6a-60e54f2b75,add,twitter://status?id=1356726991739904010,twitter://status?id=1356719201772134401,1356726991739904010,Tweet 1356726991739904010,2021-02-02 22:11:36,https://doi.org/10.1016/s0163-6383(98)90011-x,https://www.sciencedirect.com/science/article/abs/pii/S016363839890011X,
13587,twitter,twitter://status?id=1356727541558607876,https://doi.org/10.1016/s0163-6383(98)90011-x,0ae7f075-a752-437c-8897-78cc0006debd,2021-02-02 22:13:47,2021-02-02 17:48:06,discusses,45a1ef76-4f43-4cdc-9ba8-5a6ad01cc231,https://creativecommons.org/publicdomain/zero/1.0/,https://doi.org/10.13003/CED-terms-of-use,twitter://user?screen_name=hudamustafa45,,,,https://evidence.eventdata.crossref.org/evidence/20210202-twitter-03e80fcf-e273-4162-83c3-d854c34bc9,add,twitter://status?id=1356727541558607876,twitter://status?id=1356727541558607876,1356727541558607876,Tweet 1356727541558607876,2021-02-02 22:13:47,https://doi.org/10.1016/s0163-6383(98)90011-x,https://www.sciencedirect.com/science/article/abs/pii/S016363839890011X,
13588,twitter,twitter://status?id=1356726620342607872,https://doi.org/10.1016/s0163-6383(98)90011-x,0595af18-2586-47f4-84a3-06b802055191,2021-02-02 22:10:07,2021-02-02 17:53:07,discusses,45a1ef76-4f43-4cdc-9ba8-5a6ad01cc231,https://creativecommons.org/publicdomain/zero/1.0/,https://doi.org/10.13003/CED-terms-of-use,twitter://user?screen_name=hudamustafa45,twitter://user?screen_name=ahmedsamiread,,,https://evidence.eventdata.crossref.org/evidence/20210202-twitter-a3e9d11a-cd58-4aff-9ed4-3558e070e8,add,twitter://status?id=1356726620342607872,twitter://status?id=1356719201772134401,1356726620342607872,Tweet 1356726620342607872,2021-02-02 22:10:07,https://doi.org/10.1016/s0163-6383(98)90011-x,https://www.sciencedirect.com/science/article/abs/pii/S016363839890011X,
13589,twitter,twitter://status?id=1356730345203392514,https://doi.org/10.1016/s0163-6383(98)90011-x,f2ce86c4-0f9e-4d91-8b45-15cd0292ea59,2021-02-02 22:24:55,2021-02-02 17:57:16,discusses,45a1ef76-4f43-4cdc-9ba8-5a6ad01cc231,https://creativecommons.org/publicdomain/zero/1.0/,https://doi.org/10.13003/CED-terms-of-use,twitter://user?screen_name=Mahmoud61011409,twitter://user?screen_name=ahmedsamiread,,,https://evidence.eventdata.crossref.org/evidence/20210202-twitter-234080e4-85d5-4d7d-ac16-48c2ac4e6b,add,twitter://status?id=1356730345203392514,twitter://status?id=1356719201772134401,1356730345203392514,Tweet 1356730345203392514,2021-02-02 22:24:55,https://doi.org/10.1016/s0163-6383(98)90011-x,https://www.sciencedirect.com/science/article/abs/pii/S016363839890011X,
13590,twitter,twitter://status?id=1356730827183423488,https://doi.org/10.1016/s0163-6383(98)90011-x,c1bc0fd7-2418-46d0-9209-dc5b7d86517e,2021-02-02 22:26:50,2021-02-02 18:07:50,discusses,45a1ef76-4f43-4cdc-9ba8-5a6ad01cc231,https://creativecommons.org/publicdomain/zero/1.0/,https://doi.org/10.13003/CED-terms-of-use,twitter://user?screen_name=MohamdMai,twitter://user?screen_name=ahmedsamiread,,,https://evidence.eventdata.crossref.org/evidence/20210202-twitter-c625b7ce-0420-4e85-9ca3-1c866a80ca,add,twitter://status?id=1356730827183423488,twitter://status?id=1356719201772134401,1356730827183423488,Tweet 1356730827183423488,2021-02-02 22:26:50,https://doi.org/10.1016/s0163-6383(98)90011-x,https://www.sciencedirect.com/science/article/abs/pii/S016363839890011X,
13591,twitter,twitter://status?id=1356759523390869505,https://doi.org/10.1016/s0163-6383(98)90011-x,3f864a23-7142-4f76-8602-6bbb07f74aa9,2021-02-03 00:20:52,2021-02-02 19:26:33,discusses,45a1ef76-4f43-4cdc-9ba8-5a6ad01cc231,https://creativecommons.org/publicdomain/zero/1.0/,https://doi.org/10.13003/CED-terms-of-use,twitter://user?screen_name=amlmahmoudam,twitter://user?screen_name=ahmedsamiread,,,https://evidence.eventdata.crossref.org/evidence/20210203-twitter-a4a529ce-93af-4d5a-ba19-88b5bed6ce,add,twitter://status?id=1356759523390869505,twitter://status?id=1356719201772134401,1356759523390869505,Tweet 1356759523390869505,2021-02-03 00:20:52,https://doi.org/10.1016/s0163-6383(98)90011-x,https://www.sciencedirect.com/science/article/abs/pii/S016363839890011X,
13592,twitter,twitter://status?id=1356845588785090561,https://doi.org/10.1016/s0163-6383(98)90011-x,78261fa4-9a08-4e71-b88b-c02522bee98d,2021-02-03 06:02:51,2021-02-03 01:09:23,discusses,45a1ef76-4f43-4cdc-9ba8-5a6ad01cc231,https://creativecommons.org/publicdomain/zero/1.0/,https://doi.org/10.13003/CED-terms-of-use,twitter://user?screen_name=ShroukDiab4,twitter://user?screen_name=ahmedsamiread,,,https://evidence.eventdata.crossref.org/evidence/20210203-twitter-1ce6d3cf-33ef-495b-918d-f3d8fb4f33,add,twitter://status?id=1356845588785090561,twitter://status?id=1356719201772134401,1356845588785090561,Tweet 1356845588785090561,2021-02-03 06:02:51,https://doi.org/10.1016/s0163-6383(98)90011-x,https://www.sciencedirect.com/science/article/abs/pii/S016363839890011X,
13593,twitter,twitter://status?id=1360687542073511936,https://doi.org/10.1016/s0163-6383(98)90011-x,96b5f384-1aa2-4feb-a029-8444f5ee1e16,2021-02-13 20:29:25,2021-02-13 19:29:20,discusses,45a1ef76-4f43-4cdc-9ba8-5a6ad01cc231,https://creativecommons.org/publicdomain/zero/1.0/,https://doi.org/10.13003/CED-terms-of-use,twitter://user?screen_name=sherouk_sabry,twitter://user?screen_name=ahmedsamiread,,,https://evidence.eventdata.crossref.org/evidence/20210213-twitter-0c352ebe-3ff4-4d24-9bf2-db5044f446,add,twitter://status?id=1360687542073511936,twitter://status?id=1356719201772134401,1360687542073511936,Tweet 1360687542073511936,2021-02-13 20:29:25,https://doi.org/10.1016/s0163-6383(98)90011-x,https://www.sciencedirect.com/science/article/abs/pii/S016363839890011X,
13594,twitter,twitter://status?id=1364217123577290755,https://doi.org/10.1016/s0163-6383(98)90011-x,181063b9-5b5d-4a6d-a56d-113dbefce966,2021-02-23 14:14:42,2021-02-23 10:34:01,discusses,45a1ef76-4f43-4cdc-9ba8-5a6ad01cc231,https://creativecommons.org/publicdomain/zero/1.0/,https://doi.org/10.13003/CED-terms-of-use,twitter://user?screen_name=acep_mon,,,,https://evidence.eventdata.crossref.org/evidence/20210223-twitter-e8375af4-738d-4935-b53f-b4f15510e0,add,twitter://status?id=1364217123577290755,twitter://status?id=1364217123577290755,1364217123577290755,Tweet 1364217123577290755,2021-02-23 14:14:42,https://doi.org/10.1016/s0163-6383(98)90011-x,https://www.sciencedirect.com/science/article/abs/pii/S016363839890011X?via%3Dihub,
13595,twitter,twitter://status?id=1364217152945881091,https://doi.org/10.1016/s0163-6383(98)90011-x,19a35672-5fc9-4db7-9f57-08f76638090c,2021-02-23 14:14:49,2021-02-23 10:34:02,discusses,45a1ef76-4f43-4cdc-9ba8-5a6ad01cc231,https://creativecommons.org/publicdomain/zero/1.0/,https://doi.org/10.13003/CED-terms-of-use,twitter://user?screen_name=mnbotko,twitter://user?screen_name=acep_mon,,,https://evidence.eventdata.crossref.org/evidence/20210223-twitter-e8375af4-738d-4935-b53f-b4f15510e0,add,twitter://status?id=1364217152945881091,twitter://status?id=1364217123577290755,1364217152945881091,Tweet 1364217152945881091,2021-02-23 14:14:49,https://doi.org/10.1016/s0163-6383(98)90011-x,https://www.sciencedirect.com/science/article/abs/pii/S016363839890011X?via%3Dihub,
