cambiaIncrement,sourceID,objectID,subjectID,eventID,occurredAt,timeObserved,relationType,sourceToken,license,termsOfUse,updatedReason,updated,eventAction,workSubtypeID,workTypeID,subjectTitle,subjectPID,jurisdiction,updatedDate
1537,cambia-lens,https://doi.org/10.1016/s0140-6736(97)08357-8,https://lens.org/001-055-338-455-93X,30a7b623-379a-c5cd-69a9-45137429bfe2,2004-09-16 00:00:00,2017-11-09 20:47:13,cites,1ad0b713-78ed-4bb9-8d5d-a3c2d163d46f,https://creativecommons.org/licenses/by-sa/4.0/,https://doi.org/10.13003/CED-terms-of-use,,,add,Patent Application,patent,Identification Of Fetal Dna And Fetal Cell Markers In Maternal Plasma Or Serum,https://lens.org/001-055-338-455-93X,WO,
1538,cambia-lens,https://doi.org/10.1016/s0140-6736(97)08357-8,https://lens.org/158-554-815-483-395,e88163f4-88f9-9c5a-23af-778b34b6faea,2010-03-25 00:00:00,2017-11-10 10:28:13,cites,1ad0b713-78ed-4bb9-8d5d-a3c2d163d46f,https://creativecommons.org/licenses/by-sa/4.0/,https://doi.org/10.13003/CED-terms-of-use,,,add,Granted Patent,patent,Identification Of Fetal Dna And Fetal Cell Markers In Maternal Plasma Or Serum,https://lens.org/158-554-815-483-395,AU,
1539,cambia-lens,https://doi.org/10.1016/s0140-6736(97)08357-8,https://lens.org/037-559-757-241-43X,8cf64d56-33e4-03d1-2085-a70c2b0e534b,2013-09-06 00:00:00,2017-11-11 02:41:47,cites,1ad0b713-78ed-4bb9-8d5d-a3c2d163d46f,https://creativecommons.org/licenses/by-sa/4.0/,https://doi.org/10.13003/CED-terms-of-use,,,add,Patent Application,patent,Compositions And Methods For Detecting Allogeneic Matter In A Subject,https://lens.org/037-559-757-241-43X,WO,
1540,cambia-lens,https://doi.org/10.1016/s0140-6736(97)08357-8,https://lens.org/045-691-499-237-830,1cebdae9-a53c-da7f-e33c-4895b559e70f,2013-03-12 00:00:00,2017-11-11 04:48:03,cites,1ad0b713-78ed-4bb9-8d5d-a3c2d163d46f,https://creativecommons.org/licenses/by-sa/4.0/,https://doi.org/10.13003/CED-terms-of-use,,,add,Granted Patent,patent,Identification Of Fetal Dna And Fetal Cell Markers In Maternal Plasma Or Serum,https://lens.org/045-691-499-237-830,US,
1541,cambia-lens,https://doi.org/10.1016/s0140-6736(97)08357-8,https://lens.org/008-970-721-779-068,1fa10f22-590a-50c6-3b77-c3a4e72b6f5d,2016-09-20 00:00:00,2017-11-11 16:39:26,cites,1ad0b713-78ed-4bb9-8d5d-a3c2d163d46f,https://creativecommons.org/licenses/by-sa/4.0/,https://doi.org/10.13003/CED-terms-of-use,,,add,Granted Patent,patent,Methods For Obtaining Fetal Genetic Material,https://lens.org/008-970-721-779-068,US,
