crossRefIncrement,sourceID,objectID,subjectID,eventID,occurredAt,timeObserved,relationType,sourceToken,license,crossrefTermsOfUse,messageAction
3685,crossref,https://doi.org/10.1016/S0140-6736(97)08357-8,https://doi.org/10.1007/s10354-012-0082-3,5182d2c9-d831-4887-8875-f6a580afdffe,2012-05-01 00:00:00,2019-07-01 13:46:03,references,8676e950-8ac5-4074-8ac3-c0a18ada7e99,https://doi.org/10.13003/CED-terms-of-use,https://doi.org/10.13003/CED-terms-of-use,create
3686,crossref,https://doi.org/10.1016/S0140-6736(97)08357-8,https://doi.org/10.1007/s10067-013-2204-8,64835377-4413-4541-a4b7-5fba0bd7abc5,2013-02-16 00:00:00,2019-07-10 11:33:46,references,8676e950-8ac5-4074-8ac3-c0a18ada7e99,https://doi.org/10.13003/CED-terms-of-use,https://doi.org/10.13003/CED-terms-of-use,create
3687,crossref,https://doi.org/10.1016/S0140-6736(97)08357-8,https://doi.org/10.1007/978-3-662-55622-1_14,ffad3d8d-f7c0-4baf-af10-4c3156d643a2,2018-01-01 00:00:00,2019-10-17 01:01:25,references,8676e950-8ac5-4074-8ac3-c0a18ada7e99,https://doi.org/10.13003/CED-terms-of-use,https://doi.org/10.13003/CED-terms-of-use,create
3688,crossref,https://doi.org/10.1016/S0140-6736(97)08357-8,https://doi.org/10.1038/s41435-018-0055-7,33ceb15d-5842-4dd3-a120-b369711be61f,2019-01-12 00:00:00,2019-10-21 10:16:26,references,8676e950-8ac5-4074-8ac3-c0a18ada7e99,https://doi.org/10.13003/CED-terms-of-use,https://doi.org/10.13003/CED-terms-of-use,create
3689,crossref,https://doi.org/10.1016/S0140-6736(97)08357-8,https://doi.org/10.1182/blood.V94.7.2179.419k43_2179_2191,20cebe33-c639-49a9-8a91-e4bad4f9b2f5,,2019-10-23 08:39:35,references,8676e950-8ac5-4074-8ac3-c0a18ada7e99,https://doi.org/10.13003/CED-terms-of-use,https://doi.org/10.13003/CED-terms-of-use,create
3690,crossref,https://doi.org/10.1016/S0140-6736(97)08357-8,https://doi.org/10.1155/2012/724382,168a487b-d93c-4f29-b7f6-4634dc5bf0c1,2012-01-01 00:00:00,2019-11-30 10:43:43,references,8676e950-8ac5-4074-8ac3-c0a18ada7e99,https://doi.org/10.13003/CED-terms-of-use,https://doi.org/10.13003/CED-terms-of-use,create
3691,crossref,https://doi.org/10.1016/S0140-6736(97)08357-8,https://doi.org/10.1111/iji.12465,6857ae18-e9fe-48da-bb54-d5b561499a6e,,2019-12-13 20:49:14,references,8676e950-8ac5-4074-8ac3-c0a18ada7e99,https://doi.org/10.13003/CED-terms-of-use,https://doi.org/10.13003/CED-terms-of-use,create
