{
  "0":{
    "dataCiteIncrement":19,
    "sourceID":"datacite",
    "objectID":"https:\/\/doi.org\/10.1001\/jama.280.2.147",
    "subjectID":"https:\/\/doi.org\/10.1186\/1471-2458-11-770",
    "eventID":"a7facbd5-18b6-428f-a17a-634a6c27f906",
    "occurredAt":1569782835000,
    "timeObserved":1569771140000,
    "relationType":"references",
    "license":"https:\/\/creativecommons.org\/publicdomain\/zero\/1.0\/",
    "termsOfUse":"https:\/\/doi.org\/10.13003\/CED-terms-of-use",
    "messageAction":"create"
  },
  "1":{
    "dataCiteIncrement":20,
    "sourceID":"datacite",
    "objectID":"https:\/\/doi.org\/10.1001\/jama.280.2.147",
    "subjectID":"https:\/\/doi.org\/10.1016\/j.ejpain.2005.06.009",
    "eventID":"f04359ab-4be5-4055-a2b8-4905d1706fd0",
    "occurredAt":1569785499000,
    "timeObserved":1569795272000,
    "relationType":"references",
    "license":"https:\/\/creativecommons.org\/publicdomain\/zero\/1.0\/",
    "termsOfUse":"https:\/\/doi.org\/10.13003\/CED-terms-of-use",
    "messageAction":"create"
  }
}