{
  "0":{
    "increment":15245,
    "objectID":"https:\/\/doi.org\/10.1001\/jama.280.2.147",
    "totalEvents":3,
    "totalCambiaEvents":null,
    "firstCambiaEvent":null,
    "lastCambiaEvent":null,
    "totalCrossrefEvents":null,
    "firstCrossrefEvent":null,
    "lastCrossrefEvent":null,
    "totalDataciteEvents":2,
    "firstDataciteEvent":1569771140000,
    "lastDataciteEvent":1569795272000,
    "totalF1000Events":null,
    "firstF1000Event":null,
    "lastF1000Event":null,
    "totalHypothesisEvents":null,
    "firstHypothesisEvent":null,
    "lastHypothesisEvent":null,
    "totalNewsfeedEvents":null,
    "firstNewsfeedEvent":null,
    "lastNewsfeedEvent":null,
    "totalRedditEvents":null,
    "firstRedditEvent":null,
    "lastRedditEvent":null,
    "totalRedditLinksEvents":1,
    "firstRedditLinksEvent":1500019426000,
    "lastRedditLinksEvent":1500019426000,
    "totalStackExchangeEvents":null,
    "firstStackExchangeEvent":null,
    "lastStackExchangeEvent":null,
    "totalTwitterEvents":null,
    "firstTwitterEvent":null,
    "lastTwitterEvent":null,
    "totalWebEvents":null,
    "firstWebEvent":null,
    "lastWebEvent":null,
    "totalWikipediaEvents":null,
    "firstWikipediaEvent":null,
    "lastWikipediaEvent":null,
    "totalWordpressEvents":null,
    "firstWordpressEvent":null,
    "lastWordPressEvent":null
  }
}