affiliation,authenticated_orcid,family,given,name,orcid,sequence,suffix
The University of Iowa Iowa City,,Zhang,Xuyang,Xuyang Zhang,,additional,
,,Zhang,Q,Q Zhang,,first,
,,Zhang,Jianzhong,Jianzhong Zhang,,additional,
,,Zhang,Tao,Tao Zhang,,additional,
,,Zhang,De-Xing,De-Xing Zhang,,additional,
,,Zhang,Qing,Qing Zhang,,additional,
,,Zhang,Jinghui,Jinghui Zhang,,additional,
,,Zhang,Weiqing,Weiqing Zhang,,additional,
,,Zhang,Hongyu,Hongyu Zhang,,additional,
,,Zhang,Yixin,Yixin Zhang,,additional,
,,Zhang,Y.,Y. Zhang,,first,
,,Peizhen,Zhang,Zhang Peizhen,,first,
,,Zhang,Shaowu,Shaowu Zhang,,additional,
,,Zhang,S. M.,S. M. Zhang,,first,
,,Zhang,C. C.,C. C. Zhang,,additional,
,,Zhang,J.,J. Zhang,,additional,
,,Zhang,Zhonxin,Zhonxin Zhang,,additional,
,,Zhang,Y.,Y. Zhang,,additional,
,,Zhang,W.,W. Zhang,,additional,
,,Zhang,Yanping,Yanping Zhang,,additional,
,,Zhang,Mingmin,Mingmin Zhang,,additional,
,,Zhang,Jian,Jian Zhang,,additional,
