crossRefIncrement,sourceID,objectID,subjectID,eventID,occurredAt,timeObserved,relationType,sourceToken,license,crossrefTermsOfUse,messageAction
3692,crossref,https://doi.org/10.1016/S0140-6736(97)08417-1,https://doi.org/10.1007/s10557-011-6354-0,5deabfa8-0ae4-4e8a-8c9d-046b9b3b3bcf,2011-12-02 00:00:00,2019-06-21 02:43:04,references,8676e950-8ac5-4074-8ac3-c0a18ada7e99,https://doi.org/10.13003/CED-terms-of-use,https://doi.org/10.13003/CED-terms-of-use,create
3693,crossref,https://doi.org/10.1016/S0140-6736(97)08417-1,https://doi.org/10.1093/eurjhf/hfr121,0a917737-0000-4b52-8ebd-62d5c56db1b8,2011-11-01 00:00:00,2019-06-21 23:05:59,references,8676e950-8ac5-4074-8ac3-c0a18ada7e99,https://doi.org/10.13003/CED-terms-of-use,https://doi.org/10.13003/CED-terms-of-use,create
3694,crossref,https://doi.org/10.1016/s0140-6736(97)08417-1,https://doi.org/10.1007/s10741-019-09816-y,dedc485a-81a0-4288-aca1-77b5b97efe0b,2019-06-21 00:00:00,2019-06-22 04:17:45,references,8676e950-8ac5-4074-8ac3-c0a18ada7e99,https://doi.org/10.13003/CED-terms-of-use,https://doi.org/10.13003/CED-terms-of-use,create
3695,crossref,https://doi.org/10.1016/S0140-6736(97)08417-1,https://doi.org/10.1007/s00063-012-0118-x,ae1dc3a6-3ad2-40d4-adf8-ea4a4c299776,2012-06-13 00:00:00,2019-07-01 00:29:15,references,8676e950-8ac5-4074-8ac3-c0a18ada7e99,https://doi.org/10.13003/CED-terms-of-use,https://doi.org/10.13003/CED-terms-of-use,create
3696,crossref,https://doi.org/10.1016/S0140-6736(97)08417-1,https://doi.org/10.1093/eurjhf/hfs105,82fc18c7-5449-42d5-9e24-bb2ce08ed50b,2012-08-01 00:00:00,2019-07-02 14:54:13,references,8676e950-8ac5-4074-8ac3-c0a18ada7e99,https://doi.org/10.13003/CED-terms-of-use,https://doi.org/10.13003/CED-terms-of-use,create
3697,crossref,https://doi.org/10.1016/S0140-6736(97)08417-1,https://doi.org/10.1007/s10741-013-9397-4,d1b24aec-0c8b-4ba7-950c-d07b89ff31f4,2013-05-28 00:00:00,2019-07-14 21:43:25,references,8676e950-8ac5-4074-8ac3-c0a18ada7e99,https://doi.org/10.13003/CED-terms-of-use,https://doi.org/10.13003/CED-terms-of-use,create
3698,crossref,https://doi.org/10.1016/S0140-6736(97)08417-1,https://doi.org/10.1253/circj.CJ-19-0333,7c675b1f-2dcf-4f8e-8010-b101cbf3ffe3,2019-07-18 00:00:00,2019-07-21 20:24:25,references,8676e950-8ac5-4074-8ac3-c0a18ada7e99,https://doi.org/10.13003/CED-terms-of-use,https://doi.org/10.13003/CED-terms-of-use,create
3699,crossref,https://doi.org/10.1016/S0140-6736(97)08417-1,https://doi.org/10.1002/adsc.201900498,68258efd-1ddd-4034-a712-a1dbbdd4c181,2019-07-11 00:00:00,2019-12-02 02:49:58,references,8676e950-8ac5-4074-8ac3-c0a18ada7e99,https://doi.org/10.13003/CED-terms-of-use,https://doi.org/10.13003/CED-terms-of-use,create
