twitterIncrement,sourceID,subjectID,objectID,eventID,occurredAt,timeObserved,relationType,sourceToken,license,termsOfUse,tweetAuthor,originalTweetAuthor,updatedReason,updated,evidenceRecord,eventAction,subjectPID,originalTweetURL,alternativeID,title,issued,objectPID,objectURL,updatedDate
34874,twitter,http://twitter.com/Emc2CoinHQ/statuses/939160153617829889,https://doi.org/10.1006/jeth.1997.2357,eeffbb57-04bf-4941-91f2-08848731eef2,2017-12-08 15:50:04,2018-01-15 17:32:46,discusses,45a1ef76-4f43-4cdc-9ba8-5a6ad01cc231,https://creativecommons.org/publicdomain/zero/1.0/,https://doi.org/10.13003/CED-terms-of-use,http://www.twitter.com/Emc2CoinHQ,http://www.twitter.com/saru8assomebody,,,https://evidence.eventdata.crossref.org/evidence/20171208-twitter-b1c49ae6-78a7-4a42-8f26-5382624100,add,http://twitter.com/Emc2CoinHQ/statuses/939160153617829889,http://twitter.com/saru8assomebody/statuses/939150276312944642,939160153617829889,Tweet 939160153617829889,2017-12-08 15:50:04,https://doi.org/10.1006/jeth.1997.2357,http://www.sciencedirect.com/science/article/pii/S0022053197923577,
34875,twitter,http://twitter.com/saru8assomebody/statuses/939150276312944642,https://doi.org/10.1006/jeth.1997.2357,4e8da5d8-9b29-4f3f-bf4f-86871edc6377,2017-12-08 15:10:49,2018-01-17 05:13:08,discusses,45a1ef76-4f43-4cdc-9ba8-5a6ad01cc231,https://creativecommons.org/publicdomain/zero/1.0/,https://doi.org/10.13003/CED-terms-of-use,http://www.twitter.com/saru8assomebody,,,,https://evidence.eventdata.crossref.org/evidence/20171208-twitter-4845f8a8-395b-4f5e-ae04-f75d9a5cfb,add,http://twitter.com/saru8assomebody/statuses/939150276312944642,http://twitter.com/saru8assomebody/statuses/939150276312944642,939150276312944642,Tweet 939150276312944642,2017-12-08 15:10:49,https://doi.org/10.1006/jeth.1997.2357,http://www.sciencedirect.com/science/article/pii/S0022053197923577,
34876,twitter,http://twitter.com/ArvinK/statuses/965589074890444800,https://doi.org/10.1006/jeth.1997.2357,79956751-1a17-478f-be91-ab2b4adef8de,2018-02-19 14:09:09,2018-02-19 09:11:11,discusses,45a1ef76-4f43-4cdc-9ba8-5a6ad01cc231,https://creativecommons.org/publicdomain/zero/1.0/,https://doi.org/10.13003/CED-terms-of-use,http://www.twitter.com/ArvinK,,,,https://evidence.eventdata.crossref.org/evidence/20180219-twitter-32a3d06a-e5f9-4b09-8848-be100d30ec,add,http://twitter.com/ArvinK/statuses/965589074890444800,http://twitter.com/ArvinK/statuses/965589074890444800,965589074890444800,Tweet 965589074890444800,2018-02-19 14:09:09,https://doi.org/10.1006/jeth.1997.2357,https://www.sciencedirect.com/science/article/pii/S0022053197923577,
34877,twitter,twitter://status?id=1083413447898025984,https://doi.org/10.1006/jeth.1997.2357,ef363d20-ae7a-4d63-8a49-fdf98e27d940,2019-01-10 17:21:09,2019-01-10 12:29:51,discusses,45a1ef76-4f43-4cdc-9ba8-5a6ad01cc231,https://creativecommons.org/publicdomain/zero/1.0/,https://doi.org/10.13003/CED-terms-of-use,twitter://user?screen_name=veikkoeeva,,,,https://evidence.eventdata.crossref.org/evidence/20190110-twitter-d6d29532-121e-4589-9609-138ca33d3a,add,twitter://status?id=1083413447898025984,twitter://status?id=1083413447898025984,1083413447898025984,Tweet 1083413447898025984,2019-01-10 17:21:09,https://doi.org/10.1006/jeth.1997.2357,https://www.sciencedirect.com/science/article/pii/S0022053197923577,
34878,twitter,twitter://status?id=1083418972110897153,https://doi.org/10.1006/jeth.1997.2357,25269667-23ba-4a5b-a4fe-9c622146ac43,2019-01-10 17:43:06,2019-01-10 12:45:55,discusses,45a1ef76-4f43-4cdc-9ba8-5a6ad01cc231,https://creativecommons.org/publicdomain/zero/1.0/,https://doi.org/10.13003/CED-terms-of-use,twitter://user?screen_name=masturaishak1,twitter://user?screen_name=veikkoeeva,,,https://evidence.eventdata.crossref.org/evidence/20190110-twitter-d558dd61-0389-4d1a-90e9-7e70c93886,add,twitter://status?id=1083418972110897153,twitter://status?id=1083413447898025984,1083418972110897153,Tweet 1083418972110897153,2019-01-10 17:43:06,https://doi.org/10.1006/jeth.1997.2357,https://www.sciencedirect.com/science/article/pii/S0022053197923577,
34879,twitter,twitter://status?id=1091392863500406784,https://doi.org/10.1006/jeth.1997.2357,f8d73ec4-45b4-48c7-adac-5336f734a78e,2019-02-01 17:48:30,2019-02-01 12:56:21,discusses,45a1ef76-4f43-4cdc-9ba8-5a6ad01cc231,https://creativecommons.org/publicdomain/zero/1.0/,https://doi.org/10.13003/CED-terms-of-use,twitter://user?screen_name=Kutbil_Ik,,,,https://evidence.eventdata.crossref.org/evidence/20190201-twitter-605f6315-f6ad-4522-bd12-091cdb11ab,add,twitter://status?id=1091392863500406784,twitter://status?id=1091392863500406784,1091392863500406784,Tweet 1091392863500406784,2019-02-01 17:48:30,https://doi.org/10.1006/jeth.1997.2357,https://www.sciencedirect.com/science/article/pii/S0022053197923577,
34880,twitter,twitter://status?id=1121955418014662658,https://doi.org/10.1006/jeth.1997.2357,5a4df724-875c-4349-a6a7-4cb1fe7ca2d7,2019-04-27 01:53:11,2019-04-26 21:54:56,discusses,45a1ef76-4f43-4cdc-9ba8-5a6ad01cc231,https://creativecommons.org/publicdomain/zero/1.0/,https://doi.org/10.13003/CED-terms-of-use,twitter://user?screen_name=Bitcoin_Beyond,,,,https://evidence.eventdata.crossref.org/evidence/20190427-twitter-f9b0c237-0f04-4c87-beb7-40f8ec7711,add,twitter://status?id=1121955418014662658,twitter://status?id=1121955418014662658,1121955418014662658,Tweet 1121955418014662658,2019-04-27 01:53:11,https://doi.org/10.1006/jeth.1997.2357,https://www.sciencedirect.com/science/article/pii/S0022053197923577,
34881,twitter,twitter://status?id=1121955992122556417,https://doi.org/10.1006/jeth.1997.2357,93e2e82a-ffaa-4d86-b481-60e6a9c82353,2019-04-27 01:55:28,2019-04-26 22:02:37,discusses,45a1ef76-4f43-4cdc-9ba8-5a6ad01cc231,https://creativecommons.org/publicdomain/zero/1.0/,https://doi.org/10.13003/CED-terms-of-use,twitter://user?screen_name=vegardwikeby,twitter://user?screen_name=Bitcoin_Beyond,,,https://evidence.eventdata.crossref.org/evidence/20190427-twitter-d393d177-4e97-43fc-b3dc-a01bd26328,add,twitter://status?id=1121955992122556417,twitter://status?id=1121955418014662658,1121955992122556417,Tweet 1121955992122556417,2019-04-27 01:55:28,https://doi.org/10.1006/jeth.1997.2357,https://www.sciencedirect.com/science/article/pii/S0022053197923577,
34882,twitter,twitter://status?id=1121958392925306880,https://doi.org/10.1006/jeth.1997.2357,5e369e3a-75eb-425e-9d3a-55963fe1cde3,2019-04-27 02:05:00,2019-04-26 22:07:17,discusses,45a1ef76-4f43-4cdc-9ba8-5a6ad01cc231,https://creativecommons.org/publicdomain/zero/1.0/,https://doi.org/10.13003/CED-terms-of-use,twitter://user?screen_name=tim3v01,twitter://user?screen_name=Bitcoin_Beyond,,,https://evidence.eventdata.crossref.org/evidence/20190427-twitter-5047c962-6186-42dd-971b-be568028b5,add,twitter://status?id=1121958392925306880,twitter://status?id=1121955418014662658,1121958392925306880,Tweet 1121958392925306880,2019-04-27 02:05:00,https://doi.org/10.1006/jeth.1997.2357,https://www.sciencedirect.com/science/article/pii/S0022053197923577,
34883,twitter,twitter://status?id=1121960397278515200,https://doi.org/10.1006/jeth.1997.2357,aaeea099-bf13-4c15-96a6-f49a02553f78,2019-04-27 02:12:58,2019-04-26 22:17:17,discusses,45a1ef76-4f43-4cdc-9ba8-5a6ad01cc231,https://creativecommons.org/publicdomain/zero/1.0/,https://doi.org/10.13003/CED-terms-of-use,twitter://user?screen_name=BSV_MetaNet,twitter://user?screen_name=Bitcoin_Beyond,,,https://evidence.eventdata.crossref.org/evidence/20190427-twitter-8a0a0ae1-b2b3-4b3e-a494-d2c0a4ff66,add,twitter://status?id=1121960397278515200,twitter://status?id=1121955418014662658,1121960397278515200,Tweet 1121960397278515200,2019-04-27 02:12:58,https://doi.org/10.1006/jeth.1997.2357,https://www.sciencedirect.com/science/article/pii/S0022053197923577,
34884,twitter,twitter://status?id=1122007746579243008,https://doi.org/10.1006/jeth.1997.2357,160e639b-64e3-4816-90dc-bb21c478367a,2019-04-27 05:21:07,2019-04-27 01:24:42,discusses,45a1ef76-4f43-4cdc-9ba8-5a6ad01cc231,https://creativecommons.org/publicdomain/zero/1.0/,https://doi.org/10.13003/CED-terms-of-use,twitter://user?screen_name=MSkieller,twitter://user?screen_name=Bitcoin_Beyond,,,https://evidence.eventdata.crossref.org/evidence/20190427-twitter-879981d8-c190-4412-a876-2cfd47cf39,add,twitter://status?id=1122007746579243008,twitter://status?id=1121955418014662658,1122007746579243008,Tweet 1122007746579243008,2019-04-27 05:21:07,https://doi.org/10.1006/jeth.1997.2357,https://www.sciencedirect.com/science/article/pii/S0022053197923577,
34885,twitter,twitter://status?id=1122152672293871617,https://doi.org/10.1006/jeth.1997.2357,12961441-7f99-44fc-b309-7493acdab877,2019-04-27 14:57:00,2019-04-27 11:00:56,discusses,45a1ef76-4f43-4cdc-9ba8-5a6ad01cc231,https://creativecommons.org/publicdomain/zero/1.0/,https://doi.org/10.13003/CED-terms-of-use,twitter://user?screen_name=joakim_holmer,,,,https://evidence.eventdata.crossref.org/evidence/20190427-twitter-031ff707-0634-4281-851a-1a9df657ab,add,twitter://status?id=1122152672293871617,twitter://status?id=1122152672293871617,1122152672293871617,Tweet 1122152672293871617,2019-04-27 14:57:00,https://doi.org/10.1006/jeth.1997.2357,https://www.sciencedirect.com/science/article/pii/S0022053197923577,
34886,twitter,twitter://status?id=1122211042250113036,https://doi.org/10.1006/jeth.1997.2357,1d62c232-dd8a-4275-b19b-319b78f3dfce,2019-04-27 18:48:56,2019-04-27 14:53:13,discusses,45a1ef76-4f43-4cdc-9ba8-5a6ad01cc231,https://creativecommons.org/publicdomain/zero/1.0/,https://doi.org/10.13003/CED-terms-of-use,twitter://user?screen_name=Bitcoin_Beyond,twitter://user?screen_name=Bitcoin_Beyond,,,https://evidence.eventdata.crossref.org/evidence/20190427-twitter-45e33cab-28c7-47e5-a0e5-c9612ecd5f,add,twitter://status?id=1122211042250113036,twitter://status?id=1121955418014662658,1122211042250113036,Tweet 1122211042250113036,2019-04-27 18:48:56,https://doi.org/10.1006/jeth.1997.2357,https://www.sciencedirect.com/science/article/pii/S0022053197923577,
34887,twitter,twitter://status?id=1148203126526136320,https://doi.org/10.1006/jeth.1997.2357,41e74002-bc48-48ac-831c-f8b30117f4a8,2019-07-08 12:12:12,2019-07-08 08:17:35,discusses,45a1ef76-4f43-4cdc-9ba8-5a6ad01cc231,https://creativecommons.org/publicdomain/zero/1.0/,https://doi.org/10.13003/CED-terms-of-use,twitter://user?screen_name=moneyreflux,,,,https://evidence.eventdata.crossref.org/evidence/20190708-twitter-6f6014c4-d42f-4dd4-b7b6-5ab8d7b900,add,twitter://status?id=1148203126526136320,twitter://status?id=1148203126526136320,1148203126526136320,Tweet 1148203126526136320,2019-07-08 12:12:12,https://doi.org/10.1006/jeth.1997.2357,https://www.sciencedirect.com/science/article/pii/S0022053197923577,
34888,twitter,twitter://status?id=1148203627133247490,https://doi.org/10.1006/jeth.1997.2357,13301f71-128d-4c95-9aea-3013a6c35a9c,2019-07-08 12:14:11,2019-07-08 08:17:38,discusses,45a1ef76-4f43-4cdc-9ba8-5a6ad01cc231,https://creativecommons.org/publicdomain/zero/1.0/,https://doi.org/10.13003/CED-terms-of-use,twitter://user?screen_name=TheStalwart,twitter://user?screen_name=moneyreflux,,,https://evidence.eventdata.crossref.org/evidence/20190708-twitter-c809a179-4860-45f1-ab7e-20c5bde39a,add,twitter://status?id=1148203627133247490,twitter://status?id=1148203126526136320,1148203627133247490,Tweet 1148203627133247490,2019-07-08 12:14:11,https://doi.org/10.1006/jeth.1997.2357,https://www.sciencedirect.com/science/article/pii/S0022053197923577,
34889,twitter,twitter://status?id=1148207699596849152,https://doi.org/10.1006/jeth.1997.2357,2020938e-205c-4632-8933-38d9138cc5e4,2019-07-08 12:30:22,2019-07-08 08:32:48,discusses,45a1ef76-4f43-4cdc-9ba8-5a6ad01cc231,https://creativecommons.org/publicdomain/zero/1.0/,https://doi.org/10.13003/CED-terms-of-use,twitter://user?screen_name=RienzoKennedy,twitter://user?screen_name=moneyreflux,,,https://evidence.eventdata.crossref.org/evidence/20190708-twitter-66e89ad8-dc10-426d-b529-eb299895c3,add,twitter://status?id=1148207699596849152,twitter://status?id=1148203126526136320,1148207699596849152,Tweet 1148207699596849152,2019-07-08 12:30:22,https://doi.org/10.1006/jeth.1997.2357,https://www.sciencedirect.com/science/article/pii/S0022053197923577,
34890,twitter,twitter://status?id=1164058131426631680,https://doi.org/10.1006/jeth.1997.2357,21b0127b-46fe-404f-b51f-355b19fb001e,2019-08-21 06:14:20,2019-08-21 02:19:33,discusses,45a1ef76-4f43-4cdc-9ba8-5a6ad01cc231,https://creativecommons.org/publicdomain/zero/1.0/,https://doi.org/10.13003/CED-terms-of-use,twitter://user?screen_name=LumoinHQ,,,,https://evidence.eventdata.crossref.org/evidence/20190821-twitter-c0de5778-d849-42b3-88a3-4b2c3f9d61,add,twitter://status?id=1164058131426631680,twitter://status?id=1164058131426631680,1164058131426631680,Tweet 1164058131426631680,2019-08-21 06:14:20,https://doi.org/10.1006/jeth.1997.2357,https://www.sciencedirect.com/science/article/pii/S0022053197923577,
34891,twitter,twitter://status?id=1214460373732081669,https://doi.org/10.1006/jeth.1997.2357,ca8edb71-1385-4893-a42a-604c399ebed7,2020-01-07 08:14:51,2020-01-07 03:20:27,discusses,45a1ef76-4f43-4cdc-9ba8-5a6ad01cc231,https://creativecommons.org/publicdomain/zero/1.0/,https://doi.org/10.13003/CED-terms-of-use,twitter://user?screen_name=veikkoeeva,,,,https://evidence.eventdata.crossref.org/evidence/20200107-twitter-091d8532-5e00-403c-91fe-6255a41338,add,twitter://status?id=1214460373732081669,twitter://status?id=1214460373732081669,1214460373732081669,Tweet 1214460373732081669,2020-01-07 08:14:51,https://doi.org/10.1006/jeth.1997.2357,https://www.sciencedirect.com/science/article/pii/S0022053197923577,
34892,twitter,twitter://status?id=1328873437947981826,https://doi.org/10.1006/jeth.1997.2357,befc405f-1c5b-44b7-bdd3-d5659a4e6ff3,2020-11-18 01:31:31,2020-11-18 10:53:31,discusses,45a1ef76-4f43-4cdc-9ba8-5a6ad01cc231,https://creativecommons.org/publicdomain/zero/1.0/,https://doi.org/10.13003/CED-terms-of-use,twitter://user?screen_name=Kweku_OA,twitter://user?screen_name=wwwojtekk,,,https://evidence.eventdata.crossref.org/evidence/20201118-twitter-3e0e6816-7ec7-441f-885b-d769d1b2ff,add,twitter://status?id=1328873437947981826,twitter://status?id=1328873021910765569,1328873437947981826,Tweet 1328873437947981826,2020-11-18 01:31:31,https://doi.org/10.1006/jeth.1997.2357,https://www.sciencedirect.com/science/article/abs/pii/S0022053197923577,
34893,twitter,twitter://status?id=1328873021910765569,https://doi.org/10.1006/jeth.1997.2357,9806a0e7-276d-4647-95d8-78e255754098,2020-11-18 01:29:52,2020-11-18 10:53:32,discusses,45a1ef76-4f43-4cdc-9ba8-5a6ad01cc231,https://creativecommons.org/publicdomain/zero/1.0/,https://doi.org/10.13003/CED-terms-of-use,twitter://user?screen_name=wwwojtekk,,,,https://evidence.eventdata.crossref.org/evidence/20201118-twitter-d3137aa0-7e98-4115-a5cc-e3faa5bc9d,add,twitter://status?id=1328873021910765569,twitter://status?id=1328873021910765569,1328873021910765569,Tweet 1328873021910765569,2020-11-18 01:29:52,https://doi.org/10.1006/jeth.1997.2357,https://www.sciencedirect.com/science/article/abs/pii/S0022053197923577,
34894,twitter,twitter://status?id=1328874364561985537,https://doi.org/10.1006/jeth.1997.2357,4299f18f-5738-4e44-a39b-eb0d39840f79,2020-11-18 01:35:12,2020-11-18 11:01:44,discusses,45a1ef76-4f43-4cdc-9ba8-5a6ad01cc231,https://creativecommons.org/publicdomain/zero/1.0/,https://doi.org/10.13003/CED-terms-of-use,twitter://user?screen_name=roozbeh52,,,,https://evidence.eventdata.crossref.org/evidence/20201118-twitter-c0f9db60-0cdd-4877-bbf5-8b1dacf9bc,add,twitter://status?id=1328874364561985537,twitter://status?id=1328874364561985537,1328874364561985537,Tweet 1328874364561985537,2020-11-18 01:35:12,https://doi.org/10.1006/jeth.1997.2357,https://www.sciencedirect.com/science/article/abs/pii/S0022053197923577,
34895,twitter,twitter://status?id=1329044553886801924,https://doi.org/10.1006/jeth.1997.2357,9eedbb06-67b3-4ece-86c1-0ae8c8f52495,2020-11-18 12:51:28,2020-11-18 16:31:52,discusses,45a1ef76-4f43-4cdc-9ba8-5a6ad01cc231,https://creativecommons.org/publicdomain/zero/1.0/,https://doi.org/10.13003/CED-terms-of-use,twitter://user?screen_name=danhreck,twitter://user?screen_name=wwwojtekk,,,https://evidence.eventdata.crossref.org/evidence/20201118-twitter-c339a13b-17b1-4bab-83ee-008abcb280,add,twitter://status?id=1329044553886801924,twitter://status?id=1328873021910765569,1329044553886801924,Tweet 1329044553886801924,2020-11-18 12:51:28,https://doi.org/10.1006/jeth.1997.2357,https://www.sciencedirect.com/science/article/abs/pii/S0022053197923577,
34896,twitter,twitter://status?id=1329043170626297856,https://doi.org/10.1006/jeth.1997.2357,2e3e7edf-04ea-495c-8bfb-f5e4b7382c1f,2020-11-18 12:45:58,2020-11-18 17:23:39,discusses,45a1ef76-4f43-4cdc-9ba8-5a6ad01cc231,https://creativecommons.org/publicdomain/zero/1.0/,https://doi.org/10.13003/CED-terms-of-use,twitter://user?screen_name=danhreck,twitter://user?screen_name=wwwojtekk,,,https://evidence.eventdata.crossref.org/evidence/20201118-twitter-38a784b7-b953-4b82-ac53-3938ed1d1b,add,twitter://status?id=1329043170626297856,twitter://status?id=1328873021910765569,1329043170626297856,Tweet 1329043170626297856,2020-11-18 12:45:58,https://doi.org/10.1006/jeth.1997.2357,https://www.sciencedirect.com/science/article/abs/pii/S0022053197923577,
34897,twitter,twitter://status?id=1329052403149189121,https://doi.org/10.1006/jeth.1997.2357,eafa8247-efc6-401e-a7bc-315fe2742e9a,2020-11-18 13:22:40,2020-11-18 18:11:14,discusses,45a1ef76-4f43-4cdc-9ba8-5a6ad01cc231,https://creativecommons.org/publicdomain/zero/1.0/,https://doi.org/10.13003/CED-terms-of-use,twitter://user?screen_name=GuthmannR,twitter://user?screen_name=wwwojtekk,,,https://evidence.eventdata.crossref.org/evidence/20201118-twitter-f5833372-8b89-4430-ab18-1b778005fe,add,twitter://status?id=1329052403149189121,twitter://status?id=1328873021910765569,1329052403149189121,Tweet 1329052403149189121,2020-11-18 13:22:40,https://doi.org/10.1006/jeth.1997.2357,https://www.sciencedirect.com/science/article/abs/pii/S0022053197923577,
34898,twitter,twitter://status?id=1347578799756615680,https://doi.org/10.1006/jeth.1997.2357,83e19357-5369-4289-9f7b-c3e6545f9d9a,2021-01-08 16:19:57,2021-01-08 11:25:45,discusses,45a1ef76-4f43-4cdc-9ba8-5a6ad01cc231,https://creativecommons.org/publicdomain/zero/1.0/,https://doi.org/10.13003/CED-terms-of-use,twitter://user?screen_name=SamuelKaplan13,,,,https://evidence.eventdata.crossref.org/evidence/20210108-twitter-177593c8-4ab0-4a32-a4b8-8c966a9c4f,add,twitter://status?id=1347578799756615680,twitter://status?id=1347578799756615680,1347578799756615680,Tweet 1347578799756615680,2021-01-08 16:19:57,https://doi.org/10.1006/jeth.1997.2357,https://www.sciencedirect.com/science/article/abs/pii/S0022053197923577,
34899,twitter,twitter://status?id=1353826295575158787,https://doi.org/10.1006/jeth.1997.2357,87a6c2cc-f10b-42f5-a645-0a498844286a,2021-01-25 22:05:16,2021-01-25 17:38:57,discusses,45a1ef76-4f43-4cdc-9ba8-5a6ad01cc231,https://creativecommons.org/publicdomain/zero/1.0/,https://doi.org/10.13003/CED-terms-of-use,twitter://user?screen_name=wwwojtekk,,,,https://evidence.eventdata.crossref.org/evidence/20210125-twitter-cd61f62d-7ebf-43ae-a24a-e42718d25b,add,twitter://status?id=1353826295575158787,twitter://status?id=1353826295575158787,1353826295575158787,Tweet 1353826295575158787,2021-01-25 22:05:16,https://doi.org/10.1006/jeth.1997.2357,https://www.sciencedirect.com/science/article/abs/pii/S0022053197923577,
34900,twitter,twitter://status?id=1364071267658313729,https://doi.org/10.1006/jeth.1997.2357,f39b2998-d406-4c8a-b051-25ef7cb7065d,2021-02-23 04:35:08,2021-02-23 01:54:45,discusses,45a1ef76-4f43-4cdc-9ba8-5a6ad01cc231,https://creativecommons.org/publicdomain/zero/1.0/,https://doi.org/10.13003/CED-terms-of-use,twitter://user?screen_name=QuantVol,,,,https://evidence.eventdata.crossref.org/evidence/20210223-twitter-ac6cc11e-dfb6-4bfa-a2f8-921adfac30,add,twitter://status?id=1364071267658313729,twitter://status?id=1364071267658313729,1364071267658313729,Tweet 1364071267658313729,2021-02-23 04:35:08,https://doi.org/10.1006/jeth.1997.2357,https://www.sciencedirect.com/science/article/abs/pii/S0022053197923577,
34901,twitter,twitter://status?id=1364071901715259393,https://doi.org/10.1006/jeth.1997.2357,73b41380-315d-46b7-98ef-13403671281d,2021-02-23 04:37:39,2021-02-23 01:54:46,discusses,45a1ef76-4f43-4cdc-9ba8-5a6ad01cc231,https://creativecommons.org/publicdomain/zero/1.0/,https://doi.org/10.13003/CED-terms-of-use,twitter://user?screen_name=Whale_FallCaptl,twitter://user?screen_name=QuantVol,,,https://evidence.eventdata.crossref.org/evidence/20210223-twitter-689b3e4c-3ed9-4b49-bd5e-267a1a58cc,add,twitter://status?id=1364071901715259393,twitter://status?id=1364071267658313729,1364071901715259393,Tweet 1364071901715259393,2021-02-23 04:37:39,https://doi.org/10.1006/jeth.1997.2357,https://www.sciencedirect.com/science/article/abs/pii/S0022053197923577,
