DOI,URL,title,container_title,authors,page,publisher,language,alternative_id,created_date_time,deposited_date_time,is_referenced_by_count,issue,issued_date_parts,prefix,published_online_date_parts,published_print_date_parts
10.1007/s001250050885,http://dx.doi.org/10.1007/s001250050885,The relationship of glycaemic level to advanced glycation end-product (AGE) accumulation and retinal pathology in the spontaneous diabetic hamster,Diabetologia,H.-P. Hammes,165-170,Springer Science and Business Media LLC,,PBQ0UFXV9AENFXA9,2002-08-25 07:30:30,2019-05-23 11:54:13,34,2,1998/1/26,10.1007,,1998/1/26
10.1007/s001250050885,http://dx.doi.org/10.1007/s001250050885,The relationship of glycaemic level to advanced glycation end-product (AGE) accumulation and retinal pathology in the spontaneous diabetic hamster,Diabetologia,B. Wellensiek,165-170,Springer Science and Business Media LLC,,PBQ0UFXV9AENFXA9,2002-08-25 07:30:30,2019-05-23 11:54:13,34,2,1998/1/26,10.1007,,1998/1/26
10.1007/s001250050885,http://dx.doi.org/10.1007/s001250050885,The relationship of glycaemic level to advanced glycation end-product (AGE) accumulation and retinal pathology in the spontaneous diabetic hamster,Diabetologia,I. Klöting,165-170,Springer Science and Business Media LLC,,PBQ0UFXV9AENFXA9,2002-08-25 07:30:30,2019-05-23 11:54:13,34,2,1998/1/26,10.1007,,1998/1/26
10.1007/s001250050885,http://dx.doi.org/10.1007/s001250050885,The relationship of glycaemic level to advanced glycation end-product (AGE) accumulation and retinal pathology in the spontaneous diabetic hamster,Diabetologia,E. Sickel,165-170,Springer Science and Business Media LLC,,PBQ0UFXV9AENFXA9,2002-08-25 07:30:30,2019-05-23 11:54:13,34,2,1998/1/26,10.1007,,1998/1/26
10.1007/s001250050885,http://dx.doi.org/10.1007/s001250050885,The relationship of glycaemic level to advanced glycation end-product (AGE) accumulation and retinal pathology in the spontaneous diabetic hamster,Diabetologia,R. G. Bretzel,165-170,Springer Science and Business Media LLC,,PBQ0UFXV9AENFXA9,2002-08-25 07:30:30,2019-05-23 11:54:13,34,2,1998/1/26,10.1007,,1998/1/26
10.1007/s001250050885,http://dx.doi.org/10.1007/s001250050885,The relationship of glycaemic level to advanced glycation end-product (AGE) accumulation and retinal pathology in the spontaneous diabetic hamster,Diabetologia,M. Brownlee,165-170,Springer Science and Business Media LLC,,PBQ0UFXV9AENFXA9,2002-08-25 07:30:30,2019-05-23 11:54:13,34,2,1998/1/26,10.1007,,1998/1/26
