cambiaIncrement,sourceID,objectID,subjectID,eventID,occurredAt,timeObserved,relationType,sourceToken,license,termsOfUse,updatedReason,updated,eventAction,workSubtypeID,workTypeID,subjectTitle,subjectPID,jurisdiction,updatedDate
56,cambia-lens,https://doi.org/10.1001/jama.280.18.1596,https://lens.org/101-903-103-962-616,2f376658-0dfe-b45a-4511-62a3ab595b2e,2006-06-20 00:00:00,2017-11-09 19:50:43,cites,1ad0b713-78ed-4bb9-8d5d-a3c2d163d46f,https://creativecommons.org/licenses/by-sa/4.0/,https://doi.org/10.13003/CED-terms-of-use,,,add,Granted Patent,patent,Bioavailable Composition Of Natural And Synthetic Hca,https://lens.org/101-903-103-962-616,US,
57,cambia-lens,https://doi.org/10.1001/jama.280.18.1596,https://lens.org/134-079-030-191-412,767f4636-8638-0a7f-512e-af6c84bda5fd,2007-04-10 00:00:00,2017-11-10 04:09:08,cites,1ad0b713-78ed-4bb9-8d5d-a3c2d163d46f,https://creativecommons.org/licenses/by-sa/4.0/,https://doi.org/10.13003/CED-terms-of-use,,,add,Granted Patent,patent,Methods For Treatment Of Obesity And Effective Fat Loss Promotion,https://lens.org/134-079-030-191-412,US,
58,cambia-lens,https://doi.org/10.1001/jama.280.18.1596,https://lens.org/018-476-911-684-755,c2f53225-11c5-ace6-e963-5d8822a9bd90,2012-01-17 00:00:00,2017-11-10 17:49:43,cites,1ad0b713-78ed-4bb9-8d5d-a3c2d163d46f,https://creativecommons.org/licenses/by-sa/4.0/,https://doi.org/10.13003/CED-terms-of-use,,,add,Granted Patent,patent,Herbal Composition Weight Management,https://lens.org/018-476-911-684-755,US,
59,cambia-lens,https://doi.org/10.1001/jama.280.18.1596,https://lens.org/193-841-430-281-355,12506043-dd95-a56d-efbe-6f379a5a16a3,2002-11-05 00:00:00,2017-11-10 20:23:29,cites,1ad0b713-78ed-4bb9-8d5d-a3c2d163d46f,https://creativecommons.org/licenses/by-sa/4.0/,https://doi.org/10.13003/CED-terms-of-use,,,add,Granted Patent,patent,Correcting Polymorphic Metabolic Dysfunction With (-)-Hydroxycitric Acid,https://lens.org/193-841-430-281-355,US,
60,cambia-lens,https://doi.org/10.1001/jama.280.18.1596,https://lens.org/036-718-959-090-771,7066b486-31a6-d160-e108-1f14dbb8e03c,2002-09-10 00:00:00,2017-11-11 02:28:47,cites,1ad0b713-78ed-4bb9-8d5d-a3c2d163d46f,https://creativecommons.org/licenses/by-sa/4.0/,https://doi.org/10.13003/CED-terms-of-use,,,add,Granted Patent,patent,Potassium (-)-Hydroxycitric Acid Methods For Pharmaceutical Preparations For Stable And Controlled Delivery,https://lens.org/036-718-959-090-771,US,
61,cambia-lens,https://doi.org/10.1001/jama.280.18.1596,https://lens.org/037-278-292-977-779,99a8567c-ac46-bbcb-c9a1-0a453c212cdb,2012-08-08 00:00:00,2017-11-11 02:37:37,cites,1ad0b713-78ed-4bb9-8d5d-a3c2d163d46f,https://creativecommons.org/licenses/by-sa/4.0/,https://doi.org/10.13003/CED-terms-of-use,,,add,Patent Application,patent,Herbal Composition For Weight Management,https://lens.org/037-278-292-977-779,EP,
62,cambia-lens,https://doi.org/10.1001/jama.280.18.1596,https://lens.org/042-522-615-875-308,4b43ea23-a268-daea-97a0-3571f1ea28c3,2004-09-08 00:00:00,2017-11-11 03:58:57,cites,1ad0b713-78ed-4bb9-8d5d-a3c2d163d46f,https://creativecommons.org/licenses/by-sa/4.0/,https://doi.org/10.13003/CED-terms-of-use,,,add,Search report,patent,Bioavailable Composition Of Natural And Synthetic Hca,https://lens.org/042-522-615-875-308,EP,
63,cambia-lens,https://doi.org/10.1001/jama.280.18.1596,https://lens.org/082-274-677-608-230,4a9ac743-2f96-d67f-60a4-eeb698963c6c,2013-10-22 00:00:00,2017-11-11 14:34:17,cites,1ad0b713-78ed-4bb9-8d5d-a3c2d163d46f,https://creativecommons.org/licenses/by-sa/4.0/,https://doi.org/10.13003/CED-terms-of-use,,,add,Granted Patent,patent,Herbal Composition For Weight Management,https://lens.org/082-274-677-608-230,US,
64,cambia-lens,https://doi.org/10.1001/jama.280.18.1596,https://lens.org/095-015-423-857-013,4391f8b3-fccf-a178-70d9-eeda8121c2c1,2007-03-13 00:00:00,2017-11-11 18:11:33,cites,1ad0b713-78ed-4bb9-8d5d-a3c2d163d46f,https://creativecommons.org/licenses/by-sa/4.0/,https://doi.org/10.13003/CED-terms-of-use,,,add,Granted Patent,patent,Method For Stable And Controlled Delivery Of (-)-Hydroxycitric Acid,https://lens.org/095-015-423-857-013,US,
