crossRefIncrement,sourceID,objectID,subjectID,eventID,occurredAt,timeObserved,relationType,sourceToken,license,crossrefTermsOfUse,messageAction
882,crossref,https://doi.org/10.1016/S0016-7061(97)00082-7,https://doi.org/10.1007/978-4-431-54141-7_7,14e5d409-5dfe-45e8-8ce0-8763085aa486,2012-01-01 00:00:00,2019-07-05 00:15:29,references,8676e950-8ac5-4074-8ac3-c0a18ada7e99,https://doi.org/10.13003/CED-terms-of-use,https://doi.org/10.13003/CED-terms-of-use,create
883,crossref,https://doi.org/10.1016/S0016-7061(97)00082-7,https://doi.org/10.1080/09064710.2012.703230,7fa81b3e-04cb-42dd-a47d-c9cf77a57514,2013-01-01 00:00:00,2019-07-11 00:06:49,references,8676e950-8ac5-4074-8ac3-c0a18ada7e99,https://doi.org/10.13003/CED-terms-of-use,https://doi.org/10.13003/CED-terms-of-use,create
884,crossref,https://doi.org/10.1016/S0016-7061(97)00082-7,https://doi.org/10.5194/gmd-6-127-2013,b208c2ad-3377-4cdd-96cd-a70bb6f6aac5,2013-01-29 00:00:00,2019-07-11 04:30:32,references,8676e950-8ac5-4074-8ac3-c0a18ada7e99,https://doi.org/10.13003/CED-terms-of-use,https://doi.org/10.13003/CED-terms-of-use,create
885,crossref,https://doi.org/10.1016/S0016-7061(97)00082-7,https://doi.org/10.1007/s10705-013-9563-z,eae8fc70-52be-4f44-aecc-3f9ea5d30492,2013-04-01 00:00:00,2019-07-15 08:07:31,references,8676e950-8ac5-4074-8ac3-c0a18ada7e99,https://doi.org/10.13003/CED-terms-of-use,https://doi.org/10.13003/CED-terms-of-use,create
886,crossref,https://doi.org/10.1016/S0016-7061(97)00082-7,https://doi.org/10.5194/gmd-6-29-2013,e6bb4016-020b-4369-9a2a-20993874a44e,2013-01-08 00:00:00,2019-12-14 14:05:42,references,8676e950-8ac5-4074-8ac3-c0a18ada7e99,https://doi.org/10.13003/CED-terms-of-use,https://doi.org/10.13003/CED-terms-of-use,create
