wikipediaIncrement,sourceID,objectID,subjectID,eventID,occurredAt,timeObserved,relationType,sourceToken,license,termsOfUse,updatedDate,updatedReason,evidenceRecord,eventAction,subjectPID,subjectTitle,subjectURL,subjectAPIURL,objectPID,objectURL
538500,wikipedia,https://doi.org/10.1007/s002270050354,https://it.wikipedia.org/wiki/Chondrilla_nucula,457253c2-3e6f-497e-b8a3-c96ab9cdba4d,2017-06-13 07:30:35,2017-06-18 02:23:40,references,36c35e23-8757-4a9d-aacf-345e9b7eb50d,https://creativecommons.org/publicdomain/zero/1.0/,https://doi.org/10.13003/CED-terms-of-use,2018-01-31 17:30:00,https://evidence.eventdata.crossref.org/announcements/2018-01-19T00-00-00Z-ED-15.json,https://evidence.eventdata.crossref.org/evidence/20170616-wikipedia-302c3d5b-bfd6-431b-9bbd-189ad8bec7c9,add,https://it.wikipedia.org/wiki/Chondrilla_nucula,Chondrilla nucula,https://it.wikipedia.org/w/index.php?title=Chondrilla_nucula&oldid=88400260,https://it.wikipedia.org/api/rest_v1/page/html/Chondrilla_nucula/88400260,https://doi.org/10.1007/s002270050354,http://www.springerlink.com/content/m68a98q16dmr4yhm/
538501,wikipedia,https://doi.org/10.1007/s002270050354,https://it.wikipedia.org/api/rest_v1/page/html/Chondrilla_nucula/95711241,7d82f52b-fe70-4b61-99d0-6b671717388d,2018-03-26 14:11:29,2018-03-26 10:13:09,references,36c35e23-8757-4a9d-aacf-345e9b7eb50d,https://creativecommons.org/publicdomain/zero/1.0/,https://doi.org/10.13003/CED-terms-of-use,,,https://evidence.eventdata.crossref.org/evidence/20180326-wikipedia-2a00b8ef-b1d4-429c-b505-efba1a49b43b,add,https://it.wikipedia.org/wiki/Chondrilla_nucula,Chondrilla nucula,https://it.wikipedia.org/w/index.php?title=Chondrilla_nucula&oldid=95711241,https://it.wikipedia.org/api/rest_v1/page/html/Chondrilla_nucula/95711241,https://doi.org/10.1007/s002270050354,http://www.springerlink.com/content/m68a98q16dmr4yhm/
538502,wikipedia,https://doi.org/10.1007/s002270050354,https://it.wikipedia.org/api/rest_v1/page/html/Chondrilla_nucula/104454446,adaa0df2-eaa4-44ef-b08e-a3f321d2056f,2019-04-30 12:06:13,2019-04-30 08:21:16,references,36c35e23-8757-4a9d-aacf-345e9b7eb50d,https://creativecommons.org/publicdomain/zero/1.0/,https://doi.org/10.13003/CED-terms-of-use,,,https://evidence.eventdata.crossref.org/evidence/20190430-wikipedia-36010a2a-bbc8-465b-8b23-fac57f97b12e,add,https://it.wikipedia.org/wiki/Chondrilla_nucula,Chondrilla nucula,https://it.wikipedia.org/w/index.php?title=Chondrilla_nucula&oldid=104454446,https://it.wikipedia.org/api/rest_v1/page/html/Chondrilla_nucula/104454446,https://doi.org/10.1007/s002270050354,http://www.springerlink.com/content/m68a98q16dmr4yhm/
538503,wikipedia,https://doi.org/10.1007/s002270050354,https://it.wikipedia.org/api/rest_v1/page/html/Chondrilla_nucula/106180961,b479dd0f-5b1f-4491-aaca-c70120b612ec,2019-06-30 03:29:18,2019-06-29 23:31:22,references,36c35e23-8757-4a9d-aacf-345e9b7eb50d,https://creativecommons.org/publicdomain/zero/1.0/,https://doi.org/10.13003/CED-terms-of-use,,,https://evidence.eventdata.crossref.org/evidence/20190630-wikipedia-cdbf0151-24b8-4fee-ab24-0b7a074b7623,add,https://it.wikipedia.org/wiki/Chondrilla_nucula,Chondrilla nucula,https://it.wikipedia.org/w/index.php?title=Chondrilla_nucula&oldid=106180961,https://it.wikipedia.org/api/rest_v1/page/html/Chondrilla_nucula/106180961,https://doi.org/10.1007/s002270050354,http://www.springerlink.com/content/m68a98q16dmr4yhm/
538504,wikipedia,https://doi.org/10.1007/s002270050354,https://it.wikipedia.org/api/rest_v1/page/html/Chondrilla_nucula/106232121,eca49895-a1fb-400e-9bb2-398ae9bceea5,2019-07-01 16:53:52,2019-07-01 13:00:37,references,36c35e23-8757-4a9d-aacf-345e9b7eb50d,https://creativecommons.org/publicdomain/zero/1.0/,https://doi.org/10.13003/CED-terms-of-use,,,https://evidence.eventdata.crossref.org/evidence/20190701-wikipedia-6084b197-b2aa-4363-860e-5032d9f0d0cd,add,https://it.wikipedia.org/wiki/Chondrilla_nucula,Chondrilla nucula,https://it.wikipedia.org/w/index.php?title=Chondrilla_nucula&oldid=106232121,https://it.wikipedia.org/api/rest_v1/page/html/Chondrilla_nucula/106232121,https://doi.org/10.1007/s002270050354,http://www.springerlink.com/content/m68a98q16dmr4yhm/
