{
  "0":{
    "crossRefIncrement":52395,
    "sourceID":"crossref",
    "objectID":"https:\/\/doi.org\/10.1146\/annurev.ecolsys.28.1.621",
    "subjectID":"https:\/\/doi.org\/10.1002\/9781444341812.refs",
    "eventID":"cd2a7f32-0563-414b-8102-c5b8ae3d86d5",
    "occurredAt":1310860800000,
    "timeObserved":1561068993000,
    "relationType":"references",
    "sourceToken":"8676e950-8ac5-4074-8ac3-c0a18ada7e99",
    "license":"https:\/\/doi.org\/10.13003\/CED-terms-of-use",
    "crossrefTermsOfUse":"https:\/\/doi.org\/10.13003\/CED-terms-of-use",
    "messageAction":"create"
  },
  "1":{
    "crossRefIncrement":52396,
    "sourceID":"crossref",
    "objectID":"https:\/\/doi.org\/10.1146\/annurev.ecolsys.28.1.621",
    "subjectID":"https:\/\/doi.org\/10.1590\/S1679-62252012000100020",
    "eventID":"33a78d12-4019-44a9-b798-cc5175d149b4",
    "occurredAt":1325376000000,
    "timeObserved":1561787240000,
    "relationType":"references",
    "sourceToken":"8676e950-8ac5-4074-8ac3-c0a18ada7e99",
    "license":"https:\/\/doi.org\/10.13003\/CED-terms-of-use",
    "crossrefTermsOfUse":"https:\/\/doi.org\/10.13003\/CED-terms-of-use",
    "messageAction":"create"
  },
  "2":{
    "crossRefIncrement":52397,
    "sourceID":"crossref",
    "objectID":"https:\/\/doi.org\/10.1146\/annurev.ecolsys.28.1.621",
    "subjectID":"https:\/\/doi.org\/10.3390\/w11061252",
    "eventID":"0e7a6a3c-e08a-4c8d-b426-551da0fb327a",
    "occurredAt":1560470400000,
    "timeObserved":1561914249000,
    "relationType":"references",
    "sourceToken":"8676e950-8ac5-4074-8ac3-c0a18ada7e99",
    "license":"https:\/\/doi.org\/10.13003\/CED-terms-of-use",
    "crossrefTermsOfUse":"https:\/\/doi.org\/10.13003\/CED-terms-of-use",
    "messageAction":"create"
  },
  "3":{
    "crossRefIncrement":52398,
    "sourceID":"crossref",
    "objectID":"https:\/\/doi.org\/10.1146\/annurev.ecolsys.28.1.621",
    "subjectID":"https:\/\/doi.org\/10.1111\/j.1526-100X.2012.00893.x",
    "eventID":"3c9bc979-6c18-4a45-972c-24e77b2453eb",
    "occurredAt":1341532800000,
    "timeObserved":1562014146000,
    "relationType":"references",
    "sourceToken":"8676e950-8ac5-4074-8ac3-c0a18ada7e99",
    "license":"https:\/\/doi.org\/10.13003\/CED-terms-of-use",
    "crossrefTermsOfUse":"https:\/\/doi.org\/10.13003\/CED-terms-of-use",
    "messageAction":"create"
  },
  "4":{
    "crossRefIncrement":52399,
    "sourceID":"crossref",
    "objectID":"https:\/\/doi.org\/10.1146\/annurev.ecolsys.28.1.621",
    "subjectID":"https:\/\/doi.org\/10.5194\/hess-16-1685-2012",
    "eventID":"afc06e48-da0d-441a-970b-28d406274b9b",
    "occurredAt":1340323200000,
    "timeObserved":1562128830000,
    "relationType":"references",
    "sourceToken":"8676e950-8ac5-4074-8ac3-c0a18ada7e99",
    "license":"https:\/\/doi.org\/10.13003\/CED-terms-of-use",
    "crossrefTermsOfUse":"https:\/\/doi.org\/10.13003\/CED-terms-of-use",
    "messageAction":"create"
  },
  "5":{
    "crossRefIncrement":52400,
    "sourceID":"crossref",
    "objectID":"https:\/\/doi.org\/10.1146\/annurev.ecolsys.28.1.621",
    "subjectID":"https:\/\/doi.org\/10.1002\/rra.2571",
    "eventID":"770f95ef-1d55-4311-a681-3c153ac18a68",
    "occurredAt":1336780800000,
    "timeObserved":1562140846000,
    "relationType":"references",
    "sourceToken":"8676e950-8ac5-4074-8ac3-c0a18ada7e99",
    "license":"https:\/\/doi.org\/10.13003\/CED-terms-of-use",
    "crossrefTermsOfUse":"https:\/\/doi.org\/10.13003\/CED-terms-of-use",
    "messageAction":"create"
  },
  "6":{
    "crossRefIncrement":52401,
    "sourceID":"crossref",
    "objectID":"https:\/\/doi.org\/10.1146\/annurev.ecolsys.28.1.621",
    "subjectID":"https:\/\/doi.org\/10.2181\/036.044.0106",
    "eventID":"74e719cb-2fa2-4331-b3dc-cbe22704d28f",
    "occurredAt":1341100800000,
    "timeObserved":1562302901000,
    "relationType":"references",
    "sourceToken":"8676e950-8ac5-4074-8ac3-c0a18ada7e99",
    "license":"https:\/\/doi.org\/10.13003\/CED-terms-of-use",
    "crossrefTermsOfUse":"https:\/\/doi.org\/10.13003\/CED-terms-of-use",
    "messageAction":"create"
  },
  "7":{
    "crossRefIncrement":52402,
    "sourceID":"crossref",
    "objectID":"https:\/\/doi.org\/10.1146\/annurev.ecolsys.28.1.621",
    "subjectID":"https:\/\/doi.org\/10.1080\/24705357.2019.1573648",
    "eventID":"dbb76c92-c4d5-43c8-a6b5-1b9afd9db180",
    "occurredAt":1530576000000,
    "timeObserved":1562362276000,
    "relationType":"references",
    "sourceToken":"8676e950-8ac5-4074-8ac3-c0a18ada7e99",
    "license":"https:\/\/doi.org\/10.13003\/CED-terms-of-use",
    "crossrefTermsOfUse":"https:\/\/doi.org\/10.13003\/CED-terms-of-use",
    "messageAction":"create"
  },
  "8":{
    "crossRefIncrement":52403,
    "sourceID":"crossref",
    "objectID":"https:\/\/doi.org\/10.1146\/annurev.ecolsys.28.1.621",
    "subjectID":"https:\/\/doi.org\/10.1007\/s10750-012-1333-4",
    "eventID":"af1ddba4-a862-4aca-8c1f-bdb4cff441a3",
    "occurredAt":1351814400000,
    "timeObserved":1562377556000,
    "relationType":"references",
    "sourceToken":"8676e950-8ac5-4074-8ac3-c0a18ada7e99",
    "license":"https:\/\/doi.org\/10.13003\/CED-terms-of-use",
    "crossrefTermsOfUse":"https:\/\/doi.org\/10.13003\/CED-terms-of-use",
    "messageAction":"create"
  },
  "9":{
    "crossRefIncrement":52404,
    "sourceID":"crossref",
    "objectID":"https:\/\/doi.org\/10.1146\/annurev.ecolsys.28.1.621",
    "subjectID":"https:\/\/doi.org\/10.1186\/s40693-019-0083-3",
    "eventID":"e6938372-8095-4cd1-bec7-3c5de325311d",
    "occurredAt":1562284800000,
    "timeObserved":1562414496000,
    "relationType":"references",
    "sourceToken":"8676e950-8ac5-4074-8ac3-c0a18ada7e99",
    "license":"https:\/\/doi.org\/10.13003\/CED-terms-of-use",
    "crossrefTermsOfUse":"https:\/\/doi.org\/10.13003\/CED-terms-of-use",
    "messageAction":"create"
  },
  "10":{
    "crossRefIncrement":52405,
    "sourceID":"crossref",
    "objectID":"https:\/\/doi.org\/10.1146\/annurev.ecolsys.28.1.621",
    "subjectID":"https:\/\/doi.org\/10.2989\/20702620.2019.1633503",
    "eventID":"57955f95-6516-4a26-a0e7-f3e60cc4334c",
    "occurredAt":1562198400000,
    "timeObserved":1562424003000,
    "relationType":"references",
    "sourceToken":"8676e950-8ac5-4074-8ac3-c0a18ada7e99",
    "license":"https:\/\/doi.org\/10.13003\/CED-terms-of-use",
    "crossrefTermsOfUse":"https:\/\/doi.org\/10.13003\/CED-terms-of-use",
    "messageAction":"create"
  },
  "11":{
    "crossRefIncrement":52406,
    "sourceID":"crossref",
    "objectID":"https:\/\/doi.org\/10.1146\/annurev.ecolsys.28.1.621",
    "subjectID":"https:\/\/doi.org\/10.1093\/treephys\/tps120",
    "eventID":"7b365806-517c-4193-bf54-b1c46044a06a",
    "occurredAt":1355356800000,
    "timeObserved":1562492140000,
    "relationType":"references",
    "sourceToken":"8676e950-8ac5-4074-8ac3-c0a18ada7e99",
    "license":"https:\/\/doi.org\/10.13003\/CED-terms-of-use",
    "crossrefTermsOfUse":"https:\/\/doi.org\/10.13003\/CED-terms-of-use",
    "messageAction":"create"
  },
  "12":{
    "crossRefIncrement":52407,
    "sourceID":"crossref",
    "objectID":"https:\/\/doi.org\/10.1146\/annurev.ecolsys.28.1.621",
    "subjectID":"https:\/\/doi.org\/10.1002\/eco.2099",
    "eventID":"88156afe-5bdd-4177-a1a9-d3f5624ed53d",
    "occurredAt":1559088000000,
    "timeObserved":1562640985000,
    "relationType":"references",
    "sourceToken":"8676e950-8ac5-4074-8ac3-c0a18ada7e99",
    "license":"https:\/\/doi.org\/10.13003\/CED-terms-of-use",
    "crossrefTermsOfUse":"https:\/\/doi.org\/10.13003\/CED-terms-of-use",
    "messageAction":"create"
  },
  "13":{
    "crossRefIncrement":52408,
    "sourceID":"crossref",
    "objectID":"https:\/\/doi.org\/10.1146\/annurev.ecolsys.28.1.621",
    "subjectID":"https:\/\/doi.org\/10.5252\/zoosystema2019v41a4",
    "eventID":"4db22828-bd17-4c59-8cf8-40e8decca7ff",
    "occurredAt":1550534400000,
    "timeObserved":1562748643000,
    "relationType":"references",
    "sourceToken":"8676e950-8ac5-4074-8ac3-c0a18ada7e99",
    "license":"https:\/\/doi.org\/10.13003\/CED-terms-of-use",
    "crossrefTermsOfUse":"https:\/\/doi.org\/10.13003\/CED-terms-of-use",
    "messageAction":"create"
  },
  "14":{
    "crossRefIncrement":52409,
    "sourceID":"crossref",
    "objectID":"https:\/\/doi.org\/10.1146\/annurev.ecolsys.28.1.621",
    "subjectID":"https:\/\/doi.org\/10.1007\/s11104-013-1638-8",
    "eventID":"617ffd0b-9328-4bc0-8d04-78499ac91f80",
    "occurredAt":1361836800000,
    "timeObserved":1562776826000,
    "relationType":"references",
    "sourceToken":"8676e950-8ac5-4074-8ac3-c0a18ada7e99",
    "license":"https:\/\/doi.org\/10.13003\/CED-terms-of-use",
    "crossrefTermsOfUse":"https:\/\/doi.org\/10.13003\/CED-terms-of-use",
    "messageAction":"create"
  },
  "15":{
    "crossRefIncrement":52410,
    "sourceID":"crossref",
    "objectID":"https:\/\/doi.org\/10.1146\/annurev.ecolsys.28.1.621",
    "subjectID":"https:\/\/doi.org\/10.1002\/esp.4680",
    "eventID":"61a522b4-5063-46af-b382-82d510a6ebbc",
    "occurredAt":1562803200000,
    "timeObserved":1563057865000,
    "relationType":"references",
    "sourceToken":"8676e950-8ac5-4074-8ac3-c0a18ada7e99",
    "license":"https:\/\/doi.org\/10.13003\/CED-terms-of-use",
    "crossrefTermsOfUse":"https:\/\/doi.org\/10.13003\/CED-terms-of-use",
    "messageAction":"create"
  },
  "16":{
    "crossRefIncrement":52411,
    "sourceID":"crossref",
    "objectID":"https:\/\/doi.org\/10.1146\/annurev.ecolsys.28.1.621",
    "subjectID":"https:\/\/doi.org\/10.1002\/esp.3453",
    "eventID":"0d958272-5cf0-413e-87e1-99ee9a126749",
    "occurredAt":1373414400000,
    "timeObserved":1563220928000,
    "relationType":"references",
    "sourceToken":"8676e950-8ac5-4074-8ac3-c0a18ada7e99",
    "license":"https:\/\/doi.org\/10.13003\/CED-terms-of-use",
    "crossrefTermsOfUse":"https:\/\/doi.org\/10.13003\/CED-terms-of-use",
    "messageAction":"create"
  },
  "17":{
    "crossRefIncrement":52412,
    "sourceID":"crossref",
    "objectID":"https:\/\/doi.org\/10.1146\/annurev.ecolsys.28.1.621",
    "subjectID":"https:\/\/doi.org\/10.7882\/FS.2011.031",
    "eventID":"d8d8666e-6784-4a73-b9d5-b1b8946fa8f4",
    "occurredAt":1293840000000,
    "timeObserved":1563344594000,
    "relationType":"references",
    "sourceToken":"8676e950-8ac5-4074-8ac3-c0a18ada7e99",
    "license":"https:\/\/doi.org\/10.13003\/CED-terms-of-use",
    "crossrefTermsOfUse":"https:\/\/doi.org\/10.13003\/CED-terms-of-use",
    "messageAction":"create"
  },
  "18":{
    "crossRefIncrement":52413,
    "sourceID":"crossref",
    "objectID":"https:\/\/doi.org\/10.1146\/annurev.ecolsys.28.1.621",
    "subjectID":"https:\/\/doi.org\/10.2478\/v10285-012-0036-x",
    "eventID":"82ef8bd4-13d7-4773-9ac0-1773c50f9e75",
    "occurredAt":1293840000000,
    "timeObserved":1563686451000,
    "relationType":"references",
    "sourceToken":"8676e950-8ac5-4074-8ac3-c0a18ada7e99",
    "license":"https:\/\/doi.org\/10.13003\/CED-terms-of-use",
    "crossrefTermsOfUse":"https:\/\/doi.org\/10.13003\/CED-terms-of-use",
    "messageAction":"create"
  },
  "19":{
    "crossRefIncrement":52414,
    "sourceID":"crossref",
    "objectID":"https:\/\/doi.org\/10.1146\/annurev.ecolsys.28.1.621",
    "subjectID":"https:\/\/doi.org\/10.5141\/ecoenv.2013.017",
    "eventID":"6f7214fa-0503-4f51-924b-e487d93bc6dc",
    "occurredAt":1372291200000,
    "timeObserved":1563725813000,
    "relationType":"references",
    "sourceToken":"8676e950-8ac5-4074-8ac3-c0a18ada7e99",
    "license":"https:\/\/doi.org\/10.13003\/CED-terms-of-use",
    "crossrefTermsOfUse":"https:\/\/doi.org\/10.13003\/CED-terms-of-use",
    "messageAction":"create"
  },
  "20":{
    "crossRefIncrement":52415,
    "sourceID":"crossref",
    "objectID":"https:\/\/doi.org\/10.1146\/annurev.ecolsys.28.1.621",
    "subjectID":"https:\/\/doi.org\/10.1515\/eces-2019-0020",
    "eventID":"bae7d5dc-b016-46ed-84f9-c6d0e03bf226",
    "occurredAt":1559347200000,
    "timeObserved":1563789080000,
    "relationType":"references",
    "sourceToken":"8676e950-8ac5-4074-8ac3-c0a18ada7e99",
    "license":"https:\/\/doi.org\/10.13003\/CED-terms-of-use",
    "crossrefTermsOfUse":"https:\/\/doi.org\/10.13003\/CED-terms-of-use",
    "messageAction":"create"
  },
  "21":{
    "crossRefIncrement":52416,
    "sourceID":"crossref",
    "objectID":"https:\/\/doi.org\/10.1146\/annurev.ecolsys.28.1.621",
    "subjectID":"https:\/\/doi.org\/10.1098\/rstb.2001.0991",
    "eventID":"ea347176-f82f-4e2e-97db-ea7f2dc48789",
    "occurredAt":1022630400000,
    "timeObserved":1563842533000,
    "relationType":"references",
    "sourceToken":"8676e950-8ac5-4074-8ac3-c0a18ada7e99",
    "license":"https:\/\/doi.org\/10.13003\/CED-terms-of-use",
    "crossrefTermsOfUse":"https:\/\/doi.org\/10.13003\/CED-terms-of-use",
    "messageAction":"create"
  },
  "22":{
    "crossRefIncrement":52417,
    "sourceID":"crossref",
    "objectID":"https:\/\/doi.org\/10.1146\/annurev.ecolsys.28.1.621",
    "subjectID":"https:\/\/doi.org\/10.1007\/s10021-012-9566-7",
    "eventID":"f6912537-1292-4a57-9aff-8c92f8d09836",
    "occurredAt":1340668800000,
    "timeObserved":1563996578000,
    "relationType":"references",
    "sourceToken":"8676e950-8ac5-4074-8ac3-c0a18ada7e99",
    "license":"https:\/\/doi.org\/10.13003\/CED-terms-of-use",
    "crossrefTermsOfUse":"https:\/\/doi.org\/10.13003\/CED-terms-of-use",
    "messageAction":"create"
  },
  "23":{
    "crossRefIncrement":52418,
    "sourceID":"crossref",
    "objectID":"https:\/\/doi.org\/10.1146\/annurev.ecolsys.28.1.621",
    "subjectID":"https:\/\/doi.org\/10.1590\/S0006-87052013005000001",
    "eventID":"7ac3320e-8efe-49a6-9f3b-4e2b238c717c",
    "occurredAt":1357603200000,
    "timeObserved":1564305427000,
    "relationType":"references",
    "sourceToken":"8676e950-8ac5-4074-8ac3-c0a18ada7e99",
    "license":"https:\/\/doi.org\/10.13003\/CED-terms-of-use",
    "crossrefTermsOfUse":"https:\/\/doi.org\/10.13003\/CED-terms-of-use",
    "messageAction":"create"
  },
  "24":{
    "crossRefIncrement":52419,
    "sourceID":"crossref",
    "objectID":"https:\/\/doi.org\/10.1146\/annurev.ecolsys.28.1.621",
    "subjectID":"https:\/\/doi.org\/10.4028\/www.scientific.net\/AMR.573-574.213",
    "eventID":"ef1dc4fd-82dd-45b2-958b-9858736c7b0a",
    "occurredAt":1349049600000,
    "timeObserved":1564689834000,
    "relationType":"references",
    "sourceToken":"8676e950-8ac5-4074-8ac3-c0a18ada7e99",
    "license":"https:\/\/doi.org\/10.13003\/CED-terms-of-use",
    "crossrefTermsOfUse":"https:\/\/doi.org\/10.13003\/CED-terms-of-use",
    "messageAction":"create"
  },
  "25":{
    "crossRefIncrement":52420,
    "sourceID":"crossref",
    "objectID":"https:\/\/doi.org\/10.1146\/annurev.ecolsys.28.1.621",
    "subjectID":"https:\/\/doi.org\/10.1002\/rra.2716",
    "eventID":"c5d0ff19-1bf1-469e-aa47-c8b58ff98cb0",
    "occurredAt":1383868800000,
    "timeObserved":1564717405000,
    "relationType":"references",
    "sourceToken":"8676e950-8ac5-4074-8ac3-c0a18ada7e99",
    "license":"https:\/\/doi.org\/10.13003\/CED-terms-of-use",
    "crossrefTermsOfUse":"https:\/\/doi.org\/10.13003\/CED-terms-of-use",
    "messageAction":"create"
  },
  "26":{
    "crossRefIncrement":52421,
    "sourceID":"crossref",
    "objectID":"https:\/\/doi.org\/10.1146\/annurev.ecolsys.28.1.621",
    "subjectID":"https:\/\/doi.org\/10.2478\/s11535-013-0205-x",
    "eventID":"575dca3b-f174-4572-92dc-79beae443e6e",
    "occurredAt":1356998400000,
    "timeObserved":1571215857000,
    "relationType":"references",
    "sourceToken":"8676e950-8ac5-4074-8ac3-c0a18ada7e99",
    "license":"https:\/\/doi.org\/10.13003\/CED-terms-of-use",
    "crossrefTermsOfUse":"https:\/\/doi.org\/10.13003\/CED-terms-of-use",
    "messageAction":"create"
  },
  "27":{
    "crossRefIncrement":52422,
    "sourceID":"crossref",
    "objectID":"https:\/\/doi.org\/10.1146\/annurev.ecolsys.28.1.621",
    "subjectID":"https:\/\/doi.org\/10.1002\/eap.1759",
    "eventID":"a0976d2b-98f9-4f3a-8fbf-9f16f83e0500",
    "occurredAt":1532304000000,
    "timeObserved":1571704449000,
    "relationType":"references",
    "sourceToken":"8676e950-8ac5-4074-8ac3-c0a18ada7e99",
    "license":"https:\/\/doi.org\/10.13003\/CED-terms-of-use",
    "crossrefTermsOfUse":"https:\/\/doi.org\/10.13003\/CED-terms-of-use",
    "messageAction":"create"
  },
  "28":{
    "crossRefIncrement":52423,
    "sourceID":"crossref",
    "objectID":"https:\/\/doi.org\/10.1146\/annurev.ecolsys.28.1.621",
    "subjectID":"https:\/\/doi.org\/10.1002\/esp.3397",
    "eventID":"fddb2b0c-ad80-4adf-883f-bdeb56faea10",
    "occurredAt":1366070400000,
    "timeObserved":1572167935000,
    "relationType":"references",
    "sourceToken":"8676e950-8ac5-4074-8ac3-c0a18ada7e99",
    "license":"https:\/\/doi.org\/10.13003\/CED-terms-of-use",
    "crossrefTermsOfUse":"https:\/\/doi.org\/10.13003\/CED-terms-of-use",
    "messageAction":"create"
  },
  "29":{
    "crossRefIncrement":52424,
    "sourceID":"crossref",
    "objectID":"https:\/\/doi.org\/10.1146\/annurev.ecolsys.28.1.621",
    "subjectID":"https:\/\/doi.org\/10.5194\/hess-15-1757-2011",
    "eventID":"fcfaf5ae-2a11-4a1e-96b5-66e3c099c358",
    "occurredAt":1307318400000,
    "timeObserved":1572224769000,
    "relationType":"references",
    "sourceToken":"8676e950-8ac5-4074-8ac3-c0a18ada7e99",
    "license":"https:\/\/doi.org\/10.13003\/CED-terms-of-use",
    "crossrefTermsOfUse":"https:\/\/doi.org\/10.13003\/CED-terms-of-use",
    "messageAction":"create"
  },
  "30":{
    "crossRefIncrement":52425,
    "sourceID":"crossref",
    "objectID":"https:\/\/doi.org\/10.1146\/annurev.ecolsys.28.1.621",
    "subjectID":"https:\/\/doi.org\/10.1007\/s12665-018-7381-y",
    "eventID":"fa1bb61e-3bad-4326-a52d-da5e10a053b2",
    "occurredAt":1519862400000,
    "timeObserved":1572563809000,
    "relationType":"references",
    "sourceToken":"8676e950-8ac5-4074-8ac3-c0a18ada7e99",
    "license":"https:\/\/doi.org\/10.13003\/CED-terms-of-use",
    "crossrefTermsOfUse":"https:\/\/doi.org\/10.13003\/CED-terms-of-use",
    "messageAction":"create"
  },
  "31":{
    "crossRefIncrement":52426,
    "sourceID":"crossref",
    "objectID":"https:\/\/doi.org\/10.1146\/annurev.ecolsys.28.1.621",
    "subjectID":"https:\/\/doi.org\/10.1007\/s10980-012-9810-8",
    "eventID":"d86736dc-9fa3-44a0-b005-6c814fd9fe5a",
    "occurredAt":1351900800000,
    "timeObserved":1574818465000,
    "relationType":"references",
    "sourceToken":"8676e950-8ac5-4074-8ac3-c0a18ada7e99",
    "license":"https:\/\/doi.org\/10.13003\/CED-terms-of-use",
    "crossrefTermsOfUse":"https:\/\/doi.org\/10.13003\/CED-terms-of-use",
    "messageAction":"create"
  },
  "32":{
    "crossRefIncrement":52427,
    "sourceID":"crossref",
    "objectID":"https:\/\/doi.org\/10.1146\/annurev.ecolsys.28.1.621",
    "subjectID":"https:\/\/doi.org\/10.1002\/rra.2659",
    "eventID":"9fd74644-9416-40f8-bf55-7edf1e6cda9e",
    "occurredAt":1366243200000,
    "timeObserved":1575386637000,
    "relationType":"references",
    "sourceToken":"8676e950-8ac5-4074-8ac3-c0a18ada7e99",
    "license":"https:\/\/doi.org\/10.13003\/CED-terms-of-use",
    "crossrefTermsOfUse":"https:\/\/doi.org\/10.13003\/CED-terms-of-use",
    "messageAction":"create"
  },
  "33":{
    "crossRefIncrement":52428,
    "sourceID":"crossref",
    "objectID":"https:\/\/doi.org\/10.1146\/annurev.ecolsys.28.1.621",
    "subjectID":"https:\/\/doi.org\/10.5194\/hessd-8-1059-2011",
    "eventID":"2434c1b5-7b72-4a2f-88a2-bba2e1bd5b0d",
    "occurredAt":1295827200000,
    "timeObserved":1575831214000,
    "relationType":"references",
    "sourceToken":"8676e950-8ac5-4074-8ac3-c0a18ada7e99",
    "license":"https:\/\/doi.org\/10.13003\/CED-terms-of-use",
    "crossrefTermsOfUse":"https:\/\/doi.org\/10.13003\/CED-terms-of-use",
    "messageAction":"create"
  },
  "34":{
    "crossRefIncrement":52429,
    "sourceID":"crossref",
    "objectID":"https:\/\/doi.org\/10.1146\/annurev.ecolsys.28.1.621",
    "subjectID":"https:\/\/doi.org\/10.1111\/conl.12008",
    "eventID":"49a16f91-a103-47ad-9340-6aa721497c1b",
    "occurredAt":1359676800000,
    "timeObserved":1576456772000,
    "relationType":"references",
    "sourceToken":"8676e950-8ac5-4074-8ac3-c0a18ada7e99",
    "license":"https:\/\/doi.org\/10.13003\/CED-terms-of-use",
    "crossrefTermsOfUse":"https:\/\/doi.org\/10.13003\/CED-terms-of-use",
    "messageAction":"create"
  },
  "35":{
    "crossRefIncrement":52430,
    "sourceID":"crossref",
    "objectID":"https:\/\/doi.org\/10.1146\/annurev.ecolsys.28.1.621",
    "subjectID":"https:\/\/doi.org\/10.1007\/s10750-012-1002-7",
    "eventID":"c68bde99-63d2-4246-aaee-cb816b7e40b7",
    "occurredAt":1329436800000,
    "timeObserved":1577149139000,
    "relationType":"references",
    "sourceToken":"8676e950-8ac5-4074-8ac3-c0a18ada7e99",
    "license":"https:\/\/doi.org\/10.13003\/CED-terms-of-use",
    "crossrefTermsOfUse":"https:\/\/doi.org\/10.13003\/CED-terms-of-use",
    "messageAction":"create"
  },
  "36":{
    "crossRefIncrement":52431,
    "sourceID":"crossref",
    "objectID":"https:\/\/doi.org\/10.1146\/annurev.ecolsys.28.1.621",
    "subjectID":"https:\/\/doi.org\/10.1002\/aqc.2386",
    "eventID":"ba10b289-f992-48ec-ac45-ba844e020f05",
    "occurredAt":1376524800000,
    "timeObserved":1577237543000,
    "relationType":"references",
    "sourceToken":"8676e950-8ac5-4074-8ac3-c0a18ada7e99",
    "license":"https:\/\/doi.org\/10.13003\/CED-terms-of-use",
    "crossrefTermsOfUse":"https:\/\/doi.org\/10.13003\/CED-terms-of-use",
    "messageAction":"create"
  },
  "37":{
    "crossRefIncrement":52432,
    "sourceID":"crossref",
    "objectID":"https:\/\/doi.org\/10.1146\/annurev.ecolsys.28.1.621",
    "subjectID":"https:\/\/doi.org\/10.1002\/rog.20014",
    "eventID":"91e14c6e-4e85-42e4-b7a5-7e527f9b74ce",
    "occurredAt":1374710400000,
    "timeObserved":1577300274000,
    "relationType":"references",
    "sourceToken":"8676e950-8ac5-4074-8ac3-c0a18ada7e99",
    "license":"https:\/\/doi.org\/10.13003\/CED-terms-of-use",
    "crossrefTermsOfUse":"https:\/\/doi.org\/10.13003\/CED-terms-of-use",
    "messageAction":"create"
  },
  "38":{
    "crossRefIncrement":52433,
    "sourceID":"crossref",
    "objectID":"https:\/\/doi.org\/10.1146\/annurev.ecolsys.28.1.621",
    "subjectID":"https:\/\/doi.org\/10.1007\/s00267-019-01180-9",
    "eventID":"a3d59db3-7ff1-4c60-b557-128daa57d0a7",
    "occurredAt":1561507200000,
    "timeObserved":1577354323000,
    "relationType":"references",
    "sourceToken":"8676e950-8ac5-4074-8ac3-c0a18ada7e99",
    "license":"https:\/\/doi.org\/10.13003\/CED-terms-of-use",
    "crossrefTermsOfUse":"https:\/\/doi.org\/10.13003\/CED-terms-of-use",
    "messageAction":"create"
  },
  "39":{
    "crossRefIncrement":52434,
    "sourceID":"crossref",
    "objectID":"https:\/\/doi.org\/10.1146\/annurev.ecolsys.28.1.621",
    "subjectID":"https:\/\/doi.org\/10.2980\/19-3-3486",
    "eventID":"e24030a6-0f35-484c-a16e-f84241444f07",
    "occurredAt":1346457600000,
    "timeObserved":1577463453000,
    "relationType":"references",
    "sourceToken":"8676e950-8ac5-4074-8ac3-c0a18ada7e99",
    "license":"https:\/\/doi.org\/10.13003\/CED-terms-of-use",
    "crossrefTermsOfUse":"https:\/\/doi.org\/10.13003\/CED-terms-of-use",
    "messageAction":"create"
  },
  "40":{
    "crossRefIncrement":52435,
    "sourceID":"crossref",
    "objectID":"https:\/\/doi.org\/10.1146\/annurev.ecolsys.28.1.621",
    "subjectID":"https:\/\/doi.org\/10.1111\/j.1654-1103.2012.01445.x",
    "eventID":"f4417bd1-0423-47bf-b52a-04b29f0cbe09",
    "occurredAt":1341273600000,
    "timeObserved":1577622089000,
    "relationType":"references",
    "sourceToken":"8676e950-8ac5-4074-8ac3-c0a18ada7e99",
    "license":"https:\/\/doi.org\/10.13003\/CED-terms-of-use",
    "crossrefTermsOfUse":"https:\/\/doi.org\/10.13003\/CED-terms-of-use",
    "messageAction":"create"
  },
  "41":{
    "crossRefIncrement":52436,
    "sourceID":"crossref",
    "objectID":"https:\/\/doi.org\/10.1146\/annurev.ecolsys.28.1.621",
    "subjectID":"https:\/\/doi.org\/10.1139\/X09-182",
    "eventID":"21c3d042-989f-4112-8564-2d2d3ddac491",
    "occurredAt":1264982400000,
    "timeObserved":1578348348000,
    "relationType":"references",
    "sourceToken":"8676e950-8ac5-4074-8ac3-c0a18ada7e99",
    "license":"https:\/\/doi.org\/10.13003\/CED-terms-of-use",
    "crossrefTermsOfUse":"https:\/\/doi.org\/10.13003\/CED-terms-of-use",
    "messageAction":"create"
  },
  "42":{
    "crossRefIncrement":52437,
    "sourceID":"crossref",
    "objectID":"https:\/\/doi.org\/10.1146\/annurev.ecolsys.28.1.621",
    "subjectID":"https:\/\/doi.org\/10.1139\/X09-200",
    "eventID":"fdbe10c2-3af6-47fe-ac71-f056ee22f8c2",
    "occurredAt":1267401600000,
    "timeObserved":1578354581000,
    "relationType":"references",
    "sourceToken":"8676e950-8ac5-4074-8ac3-c0a18ada7e99",
    "license":"https:\/\/doi.org\/10.13003\/CED-terms-of-use",
    "crossrefTermsOfUse":"https:\/\/doi.org\/10.13003\/CED-terms-of-use",
    "messageAction":"create"
  },
  "43":{
    "crossRefIncrement":52438,
    "sourceID":"crossref",
    "objectID":"https:\/\/doi.org\/10.1146\/annurev.ecolsys.28.1.621",
    "subjectID":"https:\/\/doi.org\/10.1139\/x06-010",
    "eventID":"86c8b726-80db-4bbf-b335-18fb0f8e1fb3",
    "occurredAt":1146441600000,
    "timeObserved":1578355443000,
    "relationType":"references",
    "sourceToken":"8676e950-8ac5-4074-8ac3-c0a18ada7e99",
    "license":"https:\/\/doi.org\/10.13003\/CED-terms-of-use",
    "crossrefTermsOfUse":"https:\/\/doi.org\/10.13003\/CED-terms-of-use",
    "messageAction":"create"
  },
  "44":{
    "crossRefIncrement":52439,
    "sourceID":"crossref",
    "objectID":"https:\/\/doi.org\/10.1146\/annurev.ecolsys.28.1.621",
    "subjectID":"https:\/\/doi.org\/10.1139\/er-2013-0038",
    "eventID":"29a44d02-23c9-40a5-a886-f6e5e4142a0d",
    "occurredAt":1401580800000,
    "timeObserved":1578358027000,
    "relationType":"references",
    "sourceToken":"8676e950-8ac5-4074-8ac3-c0a18ada7e99",
    "license":"https:\/\/doi.org\/10.13003\/CED-terms-of-use",
    "crossrefTermsOfUse":"https:\/\/doi.org\/10.13003\/CED-terms-of-use",
    "messageAction":"create"
  },
  "45":{
    "crossRefIncrement":52440,
    "sourceID":"crossref",
    "objectID":"https:\/\/doi.org\/10.1146\/annurev.ecolsys.28.1.621",
    "subjectID":"https:\/\/doi.org\/10.1139\/x06-114",
    "eventID":"3f2d81e5-8515-472b-8492-1c60e50d3ab4",
    "occurredAt":1157068800000,
    "timeObserved":1578359410000,
    "relationType":"references",
    "sourceToken":"8676e950-8ac5-4074-8ac3-c0a18ada7e99",
    "license":"https:\/\/doi.org\/10.13003\/CED-terms-of-use",
    "crossrefTermsOfUse":"https:\/\/doi.org\/10.13003\/CED-terms-of-use",
    "messageAction":"create"
  },
  "46":{
    "crossRefIncrement":52441,
    "sourceID":"crossref",
    "objectID":"https:\/\/doi.org\/10.1146\/annurev.ecolsys.28.1.621",
    "subjectID":"https:\/\/doi.org\/10.1139\/x02-092",
    "eventID":"195de741-7a66-4943-875a-24f0b1bd907f",
    "occurredAt":1033430400000,
    "timeObserved":1578386823000,
    "relationType":"references",
    "sourceToken":"8676e950-8ac5-4074-8ac3-c0a18ada7e99",
    "license":"https:\/\/doi.org\/10.13003\/CED-terms-of-use",
    "crossrefTermsOfUse":"https:\/\/doi.org\/10.13003\/CED-terms-of-use",
    "messageAction":"create"
  },
  "47":{
    "crossRefIncrement":52442,
    "sourceID":"crossref",
    "objectID":"https:\/\/doi.org\/10.1146\/annurev.ecolsys.28.1.621",
    "subjectID":"https:\/\/doi.org\/10.1177\/0959683619875803",
    "eventID":"06284ae2-034d-42fb-b0d9-23ea6ab234ca",
    "occurredAt":1569456000000,
    "timeObserved":1578625349000,
    "relationType":"references",
    "sourceToken":"8676e950-8ac5-4074-8ac3-c0a18ada7e99",
    "license":"https:\/\/doi.org\/10.13003\/CED-terms-of-use",
    "crossrefTermsOfUse":"https:\/\/doi.org\/10.13003\/CED-terms-of-use",
    "messageAction":"create"
  }
}