{
  "0":{
    "DOI":"10.1146\/annurev.ecolsys.28.1.621",
    "URL":"http:\/\/dx.doi.org\/10.1146\/annurev.ecolsys.28.1.621",
    "title":"THE ECOLOGY OF INTERFACES:Riparian Zones",
    "container_title":"Annual Review of Ecology and Systematics",
    "authors":"Robert J. Naiman and",
    "page":"621-658",
    "publisher":"Annual Reviews",
    "language":"en",
    "alternative_id":"10.1146\/annurev.ecolsys.28.1.621",
    "created_date_time":1027770013000,
    "deposited_date_time":1583400198000,
    "is_referenced_by_count":1382,
    "issue":"1",
    "issued_date_parts":"1997\/11",
    "prefix":"10.1146",
    "published_online_date_parts":null,
    "published_print_date_parts":"1997\/11"
  },
  "1":{
    "DOI":"10.1146\/annurev.ecolsys.28.1.621",
    "URL":"http:\/\/dx.doi.org\/10.1146\/annurev.ecolsys.28.1.621",
    "title":"THE ECOLOGY OF INTERFACES:Riparian Zones",
    "container_title":"Annual Review of Ecology and Systematics",
    "authors":"Henri D\u00c3\u00a9camps",
    "page":"621-658",
    "publisher":"Annual Reviews",
    "language":"en",
    "alternative_id":"10.1146\/annurev.ecolsys.28.1.621",
    "created_date_time":1027770013000,
    "deposited_date_time":1583400198000,
    "is_referenced_by_count":1382,
    "issue":"1",
    "issued_date_parts":"1997\/11",
    "prefix":"10.1146",
    "published_online_date_parts":null,
    "published_print_date_parts":"1997\/11"
  }
}