{"increment":{"0":14105},"objectID":{"0":"https:\/\/doi.org\/10.1001\/archinte.159.10.1082"},"totalEvents":{"0":370},"totalCambiaEvents":{"0":null},"firstCambiaEvent":{"0":null},"lastCambiaEvent":{"0":null},"totalCrossrefEvents":{"0":null},"firstCrossrefEvent":{"0":null},"lastCrossrefEvent":{"0":null},"totalDataciteEvents":{"0":null},"firstDataciteEvent":{"0":null},"lastDataciteEvent":{"0":null},"totalF1000Events":{"0":null},"firstF1000Event":{"0":null},"lastF1000Event":{"0":null},"totalHypothesisEvents":{"0":null},"firstHypothesisEvent":{"0":null},"lastHypothesisEvent":{"0":null},"totalNewsfeedEvents":{"0":null},"firstNewsfeedEvent":{"0":null},"lastNewsfeedEvent":{"0":null},"totalRedditEvents":{"0":null},"firstRedditEvent":{"0":null},"lastRedditEvent":{"0":null},"totalRedditLinksEvents":{"0":null},"firstRedditLinksEvent":{"0":null},"lastRedditLinksEvent":{"0":null},"totalStackExchangeEvents":{"0":null},"firstStackExchangeEvent":{"0":null},"lastStackExchangeEvent":{"0":null},"totalTwitterEvents":{"0":3},"firstTwitterEvent":{"0":1602732067000},"lastTwitterEvent":{"0":1602732067000},"totalWebEvents":{"0":null},"firstWebEvent":{"0":null},"lastWebEvent":{"0":null},"totalWikipediaEvents":{"0":367},"firstWikipediaEvent":{"0":1504024045000},"lastWikipediaEvent":{"0":1613727771000},"totalWordpressEvents":{"0":null},"firstWordpressEvent":{"0":null},"lastWordPressEvent":{"0":null}}