{"twitterIncrement":{"0":10610,"1":11226,"2":11841},"sourceID":{"0":"twitter","1":"twitter","2":"twitter"},"subjectID":{"0":"twitter:\/\/status?id=1266961626978230273","1":"twitter:\/\/status?id=1266961626978230273","2":"twitter:\/\/status?id=1266961626978230273"},"objectID":{"0":"https:\/\/doi.org\/10.1001\/archinte.159.10.1082","1":"https:\/\/doi.org\/10.1001\/archinte.159.10.1082","2":"https:\/\/doi.org\/10.1001\/archinte.159.10.1082"},"eventID":{"0":"d6c27c43-4073-4a3d-a3b1-420ccf6641b6","1":"d6c27c43-4073-4a3d-a3b1-420ccf6641b6","2":"d6c27c43-4073-4a3d-a3b1-420ccf6641b6"},"occurredAt":{"0":1590902165000,"1":1590902165000,"2":1590902165000},"timeObserved":{"0":1602732067000,"1":1602732067000,"2":1602732067000},"relationType":{"0":"discusses","1":"discusses","2":"discusses"},"sourceToken":{"0":"45a1ef76-4f43-4cdc-9ba8-5a6ad01cc231","1":"45a1ef76-4f43-4cdc-9ba8-5a6ad01cc231","2":"45a1ef76-4f43-4cdc-9ba8-5a6ad01cc231"},"license":{"0":"https:\/\/creativecommons.org\/publicdomain\/zero\/1.0\/","1":"https:\/\/creativecommons.org\/publicdomain\/zero\/1.0\/","2":"https:\/\/creativecommons.org\/publicdomain\/zero\/1.0\/"},"termsOfUse":{"0":"https:\/\/doi.org\/10.13003\/CED-terms-of-use","1":"https:\/\/doi.org\/10.13003\/CED-terms-of-use","2":"https:\/\/doi.org\/10.13003\/CED-terms-of-use"},"tweetAuthor":{"0":"twitter:\/\/user?screen_name=LessIsMoreMed","1":"twitter:\/\/user?screen_name=LessIsMoreMed","2":"twitter:\/\/user?screen_name=LessIsMoreMed"},"originalTweetAuthor":{"0":null,"1":null,"2":null},"updatedReason":{"0":null,"1":null,"2":null},"updated":{"0":null,"1":null,"2":null},"evidenceRecord":{"0":"https:\/\/evidence.eventdata.crossref.org\/evidence\/20200531-twitter-ae443a1e-5629-4fe5-b2ab-a513265726","1":"https:\/\/evidence.eventdata.crossref.org\/evidence\/20200531-twitter-ae443a1e-5629-4fe5-b2ab-a513265726","2":"https:\/\/evidence.eventdata.crossref.org\/evidence\/20200531-twitter-ae443a1e-5629-4fe5-b2ab-a513265726"},"eventAction":{"0":"add","1":"add","2":"add"},"subjectPID":{"0":"twitter:\/\/status?id=1266961626978230273","1":"twitter:\/\/status?id=1266961626978230273","2":"twitter:\/\/status?id=1266961626978230273"},"originalTweetURL":{"0":"twitter:\/\/status?id=1266961626978230273","1":"twitter:\/\/status?id=1266961626978230273","2":"twitter:\/\/status?id=1266961626978230273"},"alternativeID":{"0":"1266961626978230273","1":"1266961626978230273","2":"1266961626978230273"},"title":{"0":"Tweet 1266961626978230273","1":"Tweet 1266961626978230273","2":"Tweet 1266961626978230273"},"issued":{"0":1590902165000,"1":1590902165000,"2":1590902165000},"objectPID":{"0":"https:\/\/doi.org\/10.1001\/archinte.159.10.1082","1":"https:\/\/doi.org\/10.1001\/archinte.159.10.1082","2":"https:\/\/doi.org\/10.1001\/archinte.159.10.1082"},"objectURL":{"0":"https:\/\/jamanetwork.com\/journals\/jamainternalmedicine\/fullarticle\/485032","1":"https:\/\/jamanetwork.com\/journals\/jamainternalmedicine\/fullarticle\/485032","2":"https:\/\/jamanetwork.com\/journals\/jamainternalmedicine\/fullarticle\/485032"},"updatedDate":{"0":null,"1":null,"2":null}}