{
  "0":{
    "wordPressIncrement":23,
    "sourceID":"wordpressdotcom",
    "objectID":"https:\/\/doi.org\/10.1001\/jama.280.3.254",
    "subjectID":"https:\/\/maximeberkes.wordpress.com\/2020\/11\/12\/more-than-80-of-dentists-recommend-colgate-or-do-they\/",
    "eventID":"cc7b0b97-6c9e-4923-b7bc-953515aa29b4",
    "occurredAt":1605188081000,
    "timeObserved":1605417889000,
    "relationType":"discusses",
    "sourceToken":"7750d578-d74d-4e92-9348-cd443cbb7afa",
    "license":"https:\/\/creativecommons.org\/publicdomain\/zero\/1.0\/",
    "termsOfUse":"https:\/\/doi.org\/10.13003\/CED-terms-of-use",
    "evidenceRecord":"https:\/\/evidence.eventdata.crossref.org\/evidence\/20201113-wordpressdotcom-6b226b96-0626-4c8d-862c-1d8e8fa553bd",
    "eventAction":"add",
    "subjectPID":"https:\/\/maximeberkes.wordpress.com\/2020\/11\/12\/more-than-80-of-dentists-recommend-colgate-or-do-they\/",
    "subjectTitle":"More than 80% of Dentists recommend Colgate, or do they?",
    "subjectType":"post-weblog",
    "objectPID":"https:\/\/doi.org\/10.1001\/jama.280.3.254",
    "objectURL":"https:\/\/doi.org\/10.1001\/jama.280.3.254"
  }
}