crossRefIncrement,sourceID,objectID,subjectID,eventID,occurredAt,timeObserved,relationType,sourceToken,license,crossrefTermsOfUse,messageAction
59869,crossref,https://doi.org/10.1007/s002650050476,https://doi.org/10.1371/journal.pone.0218365,a499adc2-506f-44c0-9e67-9ea4d7f7a2f3,2019-06-27 00:00:00,2019-06-29 04:51:49,references,8676e950-8ac5-4074-8ac3-c0a18ada7e99,https://doi.org/10.13003/CED-terms-of-use,https://doi.org/10.13003/CED-terms-of-use,create
59870,crossref,https://doi.org/10.1007/s002650050476,https://doi.org/10.1111/eth.12877,50bf1f9b-5c21-428d-ba87-89506959875b,2019-05-06 00:00:00,2019-07-05 21:28:46,references,8676e950-8ac5-4074-8ac3-c0a18ada7e99,https://doi.org/10.13003/CED-terms-of-use,https://doi.org/10.13003/CED-terms-of-use,create
59871,crossref,https://doi.org/10.1007/s002650050476,https://doi.org/10.1098/rstb.2010.0346,2596c3a8-35f4-4cc1-a884-d335576776f2,2011-07-27 00:00:00,2019-07-19 20:19:28,references,8676e950-8ac5-4074-8ac3-c0a18ada7e99,https://doi.org/10.13003/CED-terms-of-use,https://doi.org/10.13003/CED-terms-of-use,create
59872,crossref,https://doi.org/10.1007/s002650050476,https://doi.org/10.2478/v10045-012-0046-z,bf0d04c9-cd60-4fd2-badb-b24fa8a3e9fd,2012-01-01 00:00:00,2019-11-30 08:01:04,references,8676e950-8ac5-4074-8ac3-c0a18ada7e99,https://doi.org/10.13003/CED-terms-of-use,https://doi.org/10.13003/CED-terms-of-use,create
