twitterIncrement,sourceID,subjectID,objectID,eventID,occurredAt,timeObserved,relationType,sourceToken,license,termsOfUse,tweetAuthor,originalTweetAuthor,updatedReason,updated,evidenceRecord,eventAction,subjectPID,originalTweetURL,alternativeID,title,issued,objectPID,objectURL,updatedDate
43389,twitter,http://twitter.com/iaincheeseman/statuses/914846705941655552,https://doi.org/10.1007/s002650050476,5ffa6b09-ed6b-4055-82fc-b6dac226e275,2017-10-02 13:37:06,2017-10-02 09:37:29,discusses,45a1ef76-4f43-4cdc-9ba8-5a6ad01cc231,https://creativecommons.org/publicdomain/zero/1.0/,https://doi.org/10.13003/CED-terms-of-use,http://www.twitter.com/iaincheeseman,,,,https://evidence.eventdata.crossref.org/evidence/20171002-twitter-6c204008-ced4-4849-8e84-2d624ec732,add,http://twitter.com/iaincheeseman/statuses/914846705941655552,http://twitter.com/iaincheeseman/statuses/914846705941655552,914846705941655552,Tweet 914846705941655552,2017-10-02 13:37:06,https://doi.org/10.1007/s002650050476,https://link.springer.com/article/10.1007%2Fs002650050476,
43390,twitter,http://twitter.com/NandaKumarSasi/statuses/914866334659424258,https://doi.org/10.1007/s002650050476,d75f425d-4c32-4627-8635-9675316f7545,2017-10-02 14:55:06,2017-10-02 10:55:30,discusses,45a1ef76-4f43-4cdc-9ba8-5a6ad01cc231,https://creativecommons.org/publicdomain/zero/1.0/,https://doi.org/10.13003/CED-terms-of-use,http://www.twitter.com/NandaKumarSasi,http://www.twitter.com/iaincheeseman,,,https://evidence.eventdata.crossref.org/evidence/20171002-twitter-5e81c7c0-a369-44fa-8f42-4340321388,add,http://twitter.com/NandaKumarSasi/statuses/914866334659424258,http://twitter.com/iaincheeseman/statuses/914846705941655552,914866334659424258,Tweet 914866334659424258,2017-10-02 14:55:06,https://doi.org/10.1007/s002650050476,https://link.springer.com/article/10.1007%2Fs002650050476,
43391,twitter,http://twitter.com/kbrogala/statuses/914890307631828998,https://doi.org/10.1007/s002650050476,de429800-8fc3-460e-93e2-9a91f0e34fed,2017-10-02 16:30:21,2017-10-02 12:30:49,discusses,45a1ef76-4f43-4cdc-9ba8-5a6ad01cc231,https://creativecommons.org/publicdomain/zero/1.0/,https://doi.org/10.13003/CED-terms-of-use,http://www.twitter.com/kbrogala,http://www.twitter.com/iaincheeseman,,,https://evidence.eventdata.crossref.org/evidence/20171002-twitter-6fb3d497-777b-4c0c-9214-15a9f3b78a,add,http://twitter.com/kbrogala/statuses/914890307631828998,http://twitter.com/iaincheeseman/statuses/914846705941655552,914890307631828998,Tweet 914890307631828998,2017-10-02 16:30:21,https://doi.org/10.1007/s002650050476,https://link.springer.com/article/10.1007%2Fs002650050476,
43392,twitter,http://twitter.com/Ciela_grace/statuses/914891622776795136,https://doi.org/10.1007/s002650050476,6e4f1653-d97b-4739-a724-048240747f7a,2017-10-02 16:35:35,2017-10-02 12:36:17,discusses,45a1ef76-4f43-4cdc-9ba8-5a6ad01cc231,https://creativecommons.org/publicdomain/zero/1.0/,https://doi.org/10.13003/CED-terms-of-use,http://www.twitter.com/Ciela_grace,http://www.twitter.com/iaincheeseman,,,https://evidence.eventdata.crossref.org/evidence/20171002-twitter-40b129d1-f14a-4973-a82b-616e7e55a2,add,http://twitter.com/Ciela_grace/statuses/914891622776795136,http://twitter.com/iaincheeseman/statuses/914846705941655552,914891622776795136,Tweet 914891622776795136,2017-10-02 16:35:35,https://doi.org/10.1007/s002650050476,https://link.springer.com/article/10.1007%2Fs002650050476,
43393,twitter,twitter://status?id=1094062690333585408,https://doi.org/10.1007/s002650050476,1cb6dd5e-c0cd-4a21-8904-42664574c7dc,2019-02-09 02:37:26,2019-02-08 21:42:54,discusses,45a1ef76-4f43-4cdc-9ba8-5a6ad01cc231,https://creativecommons.org/publicdomain/zero/1.0/,https://doi.org/10.13003/CED-terms-of-use,twitter://user?screen_name=iaincheeseman,,,,https://evidence.eventdata.crossref.org/evidence/20190209-twitter-b0e22c4c-de54-4341-9de2-b9ab2f476f,add,twitter://status?id=1094062690333585408,twitter://status?id=1094062690333585408,1094062690333585408,Tweet 1094062690333585408,2019-02-09 02:37:26,https://doi.org/10.1007/s002650050476,https://link.springer.com/article/10.1007/s002650050476,
