wikipediaIncrement,sourceID,objectID,subjectID,eventID,occurredAt,timeObserved,relationType,sourceToken,license,termsOfUse,updatedDate,updatedReason,evidenceRecord,eventAction,subjectPID,subjectTitle,subjectURL,subjectAPIURL,objectPID,objectURL
545296,wikipedia,https://doi.org/10.1007/s002650050476,https://fr.wikipedia.org/wiki/Apocephalus_borealis,e80eda36-32e3-4e0b-908d-195d5302ddf0,2017-06-30 12:25:05,2017-07-05 03:07:46,references,36c35e23-8757-4a9d-aacf-345e9b7eb50d,https://creativecommons.org/publicdomain/zero/1.0/,https://doi.org/10.13003/CED-terms-of-use,2018-01-31 17:30:00,https://evidence.eventdata.crossref.org/announcements/2018-01-19T00-00-00Z-ED-15.json,https://evidence.eventdata.crossref.org/evidence/20170630-wikipedia-71517c67-7cd7-48c3-8560-72d653fe29dd,add,https://fr.wikipedia.org/wiki/Apocephalus_borealis,Apocephalus borealis,https://fr.wikipedia.org/w/index.php?title=Apocephalus_borealis&oldid=138584405,https://fr.wikipedia.org/api/rest_v1/page/html/Apocephalus_borealis/138584405,https://doi.org/10.1007/s002650050476,https://doi.org/10.1007/s002650050476
545297,wikipedia,https://doi.org/10.1007/s002650050476,https://fr.wikipedia.org/api/rest_v1/page/html/Apocephalus_borealis/141676262,fdc69398-8bee-40b2-8e15-38e3fdd56dff,2017-10-19 18:17:57,2017-10-19 14:19:49,references,36c35e23-8757-4a9d-aacf-345e9b7eb50d,https://creativecommons.org/publicdomain/zero/1.0/,https://doi.org/10.13003/CED-terms-of-use,,,https://evidence.eventdata.crossref.org/evidence/20171019-wikipedia-c55a6085-224c-4bac-ab06-c357d299648b,add,https://fr.wikipedia.org/w/index.php?title=Apocephalus_borealis&oldid=141676262,Apocephalus borealis,https://fr.wikipedia.org/wiki/Apocephalus_borealis,https://fr.wikipedia.org/api/rest_v1/page/html/Apocephalus_borealis/141676262,https://doi.org/10.1007/s002650050476,http://www.springerlink.com/content/2a6yjven5h8gddqg/
545298,wikipedia,https://doi.org/10.1007/s002650050476,https://fr.wikipedia.org/api/rest_v1/page/html/Apocephalus_borealis/148284885,757b1a45-c9a3-4c83-95e9-a7f494c54da4,2018-05-09 17:20:31,2018-05-09 13:22:46,references,36c35e23-8757-4a9d-aacf-345e9b7eb50d,https://creativecommons.org/publicdomain/zero/1.0/,https://doi.org/10.13003/CED-terms-of-use,,,https://evidence.eventdata.crossref.org/evidence/20180509-wikipedia-c3d46b6e-2821-416f-9be5-cc5e63b192f4,add,https://fr.wikipedia.org/wiki/Apocephalus_borealis,Apocephalus borealis,https://fr.wikipedia.org/w/index.php?title=Apocephalus_borealis&oldid=148284885,https://fr.wikipedia.org/api/rest_v1/page/html/Apocephalus_borealis/148284885,https://doi.org/10.1007/s002650050476,http://www.springerlink.com/content/2a6yjven5h8gddqg/
545299,wikipedia,https://doi.org/10.1007/s002650050476,https://fr.wikipedia.org/api/rest_v1/page/html/Rythme_biologique_des_fourmis/154524479,d7459337-e121-4e9f-b22a-f78f915bd29b,2018-12-05 01:01:57,2018-12-04 20:06:15,references,36c35e23-8757-4a9d-aacf-345e9b7eb50d,https://creativecommons.org/publicdomain/zero/1.0/,https://doi.org/10.13003/CED-terms-of-use,,,https://evidence.eventdata.crossref.org/evidence/20181205-wikipedia-213837da-0865-4b95-a8dd-d6bf108f0dba,add,https://fr.wikipedia.org/wiki/Rythme_biologique_des_fourmis,Rythme biologique des fourmis,https://fr.wikipedia.org/w/index.php?title=Rythme_biologique_des_fourmis&oldid=154524479,https://fr.wikipedia.org/api/rest_v1/page/html/Rythme_biologique_des_fourmis/154524479,https://doi.org/10.1007/s002650050476,https://doi.org/10.1007/s002650050476
545300,wikipedia,https://doi.org/10.1007/s002650050476,https://fr.wikipedia.org/api/rest_v1/page/html/Rythme_biologique_des_fourmis/154524510,0f3575d6-8a01-416b-ba00-58356b3f0eaf,2018-12-05 01:05:04,2018-12-04 20:08:24,references,36c35e23-8757-4a9d-aacf-345e9b7eb50d,https://creativecommons.org/publicdomain/zero/1.0/,https://doi.org/10.13003/CED-terms-of-use,,,https://evidence.eventdata.crossref.org/evidence/20181205-wikipedia-9531460e-98cc-4a77-b12d-9f50322a54f0,add,https://fr.wikipedia.org/wiki/Rythme_biologique_des_fourmis,Rythme biologique des fourmis,https://fr.wikipedia.org/w/index.php?title=Rythme_biologique_des_fourmis&oldid=154524510,https://fr.wikipedia.org/api/rest_v1/page/html/Rythme_biologique_des_fourmis/154524510,https://doi.org/10.1007/s002650050476,https://doi.org/10.1007/s002650050476
545301,wikipedia,https://doi.org/10.1007/s002650050476,https://fr.wikipedia.org/api/rest_v1/page/html/Rythme_biologique_des_fourmis/154524493,d5e1135f-61ca-464d-a060-d00d35b84fdf,2018-12-05 01:03:13,2018-12-04 20:12:16,references,36c35e23-8757-4a9d-aacf-345e9b7eb50d,https://creativecommons.org/publicdomain/zero/1.0/,https://doi.org/10.13003/CED-terms-of-use,,,https://evidence.eventdata.crossref.org/evidence/20181205-wikipedia-ab0ef83d-91b6-495c-aa79-af5ff3876d66,add,https://fr.wikipedia.org/wiki/Rythme_biologique_des_fourmis,Rythme biologique des fourmis,https://fr.wikipedia.org/w/index.php?title=Rythme_biologique_des_fourmis&oldid=154524493,https://fr.wikipedia.org/api/rest_v1/page/html/Rythme_biologique_des_fourmis/154524493,https://doi.org/10.1007/s002650050476,http://dx.doi.org/10.1007%2Fs002650050476
545302,wikipedia,https://doi.org/10.1007/s002650050476,https://fr.wikipedia.org/api/rest_v1/page/html/Rythme_biologique_des_fourmis/154524558,9e066fe4-89c5-4a6d-a1fe-3c8863e67c62,2018-12-05 01:09:47,2018-12-04 20:16:43,references,36c35e23-8757-4a9d-aacf-345e9b7eb50d,https://creativecommons.org/publicdomain/zero/1.0/,https://doi.org/10.13003/CED-terms-of-use,,,https://evidence.eventdata.crossref.org/evidence/20181205-wikipedia-647a5a95-808c-438b-a154-15af80165fe3,add,https://fr.wikipedia.org/wiki/Rythme_biologique_des_fourmis,Rythme biologique des fourmis,https://fr.wikipedia.org/w/index.php?title=Rythme_biologique_des_fourmis&oldid=154524558,https://fr.wikipedia.org/api/rest_v1/page/html/Rythme_biologique_des_fourmis/154524558,https://doi.org/10.1007/s002650050476,https://link.springer.com/article/10.1007/s002650050476
545303,wikipedia,https://doi.org/10.1007/s002650050476,https://fr.wikipedia.org/api/rest_v1/page/html/Rythme_biologique_des_fourmis/154524658,dc794a24-25fd-44d6-b373-eb67a724c090,2018-12-05 01:16:16,2018-12-04 20:19:45,references,36c35e23-8757-4a9d-aacf-345e9b7eb50d,https://creativecommons.org/publicdomain/zero/1.0/,https://doi.org/10.13003/CED-terms-of-use,,,https://evidence.eventdata.crossref.org/evidence/20181205-wikipedia-a8123816-d8d5-46b9-88b7-41a5d9f3951b,add,https://fr.wikipedia.org/wiki/Rythme_biologique_des_fourmis,Rythme biologique des fourmis,https://fr.wikipedia.org/w/index.php?title=Rythme_biologique_des_fourmis&oldid=154524658,https://fr.wikipedia.org/api/rest_v1/page/html/Rythme_biologique_des_fourmis/154524658,https://doi.org/10.1007/s002650050476,https://link.springer.com/article/10.1007/s002650050476
545304,wikipedia,https://doi.org/10.1007/s002650050476,https://fr.wikipedia.org/api/rest_v1/page/html/Rythme_biologique_des_fourmis/154527905,fa8dffa5-6d5f-42df-87bd-6cac5f79aa75,2018-12-05 07:56:51,2018-12-05 02:58:25,references,36c35e23-8757-4a9d-aacf-345e9b7eb50d,https://creativecommons.org/publicdomain/zero/1.0/,https://doi.org/10.13003/CED-terms-of-use,,,https://evidence.eventdata.crossref.org/evidence/20181205-wikipedia-10fb5b99-e989-4e3d-b7cf-7286205cbe9a,add,https://fr.wikipedia.org/wiki/Rythme_biologique_des_fourmis,Rythme biologique des fourmis,https://fr.wikipedia.org/w/index.php?title=Rythme_biologique_des_fourmis&oldid=154527905,https://fr.wikipedia.org/api/rest_v1/page/html/Rythme_biologique_des_fourmis/154527905,https://doi.org/10.1007/s002650050476,http://dx.doi.org/10.1007%2Fs002650050476
545305,wikipedia,https://doi.org/10.1007/s002650050476,https://fr.wikipedia.org/api/rest_v1/page/html/Rythme_biologique_des_fourmis/154528815,946e1402-704c-4847-a309-b1fe157e96c3,2018-12-05 08:44:01,2018-12-05 03:46:21,references,36c35e23-8757-4a9d-aacf-345e9b7eb50d,https://creativecommons.org/publicdomain/zero/1.0/,https://doi.org/10.13003/CED-terms-of-use,,,https://evidence.eventdata.crossref.org/evidence/20181205-wikipedia-ee4fad31-23f6-4f2a-8d7c-be0e0d22a837,add,https://fr.wikipedia.org/wiki/Rythme_biologique_des_fourmis,Rythme biologique des fourmis,https://fr.wikipedia.org/w/index.php?title=Rythme_biologique_des_fourmis&oldid=154528815,https://fr.wikipedia.org/api/rest_v1/page/html/Rythme_biologique_des_fourmis/154528815,https://doi.org/10.1007/s002650050476,https://link.springer.com/article/10.1007/s002650050476
545306,wikipedia,https://doi.org/10.1007/s002650050476,https://fr.wikipedia.org/api/rest_v1/page/html/Rythme_biologique_des_fourmis/154530342,4c492e5e-d4e0-4fb0-9ff7-be5bc6494685,2018-12-05 09:47:57,2018-12-05 04:50:24,references,36c35e23-8757-4a9d-aacf-345e9b7eb50d,https://creativecommons.org/publicdomain/zero/1.0/,https://doi.org/10.13003/CED-terms-of-use,,,https://evidence.eventdata.crossref.org/evidence/20181205-wikipedia-23348246-33f4-4b35-b97e-c1722cd4b26c,add,https://fr.wikipedia.org/wiki/Rythme_biologique_des_fourmis,Rythme biologique des fourmis,https://fr.wikipedia.org/w/index.php?title=Rythme_biologique_des_fourmis&oldid=154530342,https://fr.wikipedia.org/api/rest_v1/page/html/Rythme_biologique_des_fourmis/154530342,https://doi.org/10.1007/s002650050476,https://doi.org/10.1007/s002650050476
545307,wikipedia,https://doi.org/10.1007/s002650050476,https://fr.wikipedia.org/api/rest_v1/page/html/Rythme_biologique_des_fourmis/154555112,ac0b8e28-55e4-4af0-99d0-a288b81fb4a1,2018-12-06 07:45:54,2018-12-06 02:49:48,references,36c35e23-8757-4a9d-aacf-345e9b7eb50d,https://creativecommons.org/publicdomain/zero/1.0/,https://doi.org/10.13003/CED-terms-of-use,,,https://evidence.eventdata.crossref.org/evidence/20181206-wikipedia-cd4dca43-7e59-4cea-b8df-3ebbfb3eb411,add,https://fr.wikipedia.org/wiki/Rythme_biologique_des_fourmis,Rythme biologique des fourmis,https://fr.wikipedia.org/w/index.php?title=Rythme_biologique_des_fourmis&oldid=154555112,https://fr.wikipedia.org/api/rest_v1/page/html/Rythme_biologique_des_fourmis/154555112,https://doi.org/10.1007/s002650050476,https://link.springer.com/article/10.1007/s002650050476
545308,wikipedia,https://doi.org/10.1007/s002650050476,https://fr.wikipedia.org/api/rest_v1/page/html/Apocephalus_borealis/155000914,9580c9b6-a2e0-42db-bb39-8d665975d736,2018-12-21 15:38:21,2018-12-21 21:15:49,references,36c35e23-8757-4a9d-aacf-345e9b7eb50d,https://creativecommons.org/publicdomain/zero/1.0/,https://doi.org/10.13003/CED-terms-of-use,,,https://evidence.eventdata.crossref.org/evidence/20181221-wikipedia-6a802772-41a7-4882-b5a1-259dc0cb7908,add,https://fr.wikipedia.org/wiki/Apocephalus_borealis,Apocephalus borealis,https://fr.wikipedia.org/w/index.php?title=Apocephalus_borealis&oldid=155000914,https://fr.wikipedia.org/api/rest_v1/page/html/Apocephalus_borealis/155000914,https://doi.org/10.1007/s002650050476,https://doi.org/10.1007/s002650050476
545309,wikipedia,https://doi.org/10.1007/s002650050476,https://fr.wikipedia.org/api/rest_v1/page/html/Apocephalus_borealis/155003501,f7d2f35f-28b8-4543-b472-9e83c1dc9c8c,2018-12-21 17:33:05,2018-12-21 21:39:18,references,36c35e23-8757-4a9d-aacf-345e9b7eb50d,https://creativecommons.org/publicdomain/zero/1.0/,https://doi.org/10.13003/CED-terms-of-use,,,https://evidence.eventdata.crossref.org/evidence/20181221-wikipedia-37632fa1-1340-4bfa-844e-26fed848790f,add,https://fr.wikipedia.org/wiki/Apocephalus_borealis,Apocephalus borealis,https://fr.wikipedia.org/w/index.php?title=Apocephalus_borealis&oldid=155003501,https://fr.wikipedia.org/api/rest_v1/page/html/Apocephalus_borealis/155003501,https://doi.org/10.1007/s002650050476,http://www.springerlink.com/content/2a6yjven5h8gddqg/
545310,wikipedia,https://doi.org/10.1007/s002650050476,https://fr.wikipedia.org/api/rest_v1/page/html/Rythme_biologique_des_fourmis/156229815,29550a7b-404f-436b-8c70-bb953a133e06,2019-01-27 20:49:17,2019-01-27 15:57:31,references,36c35e23-8757-4a9d-aacf-345e9b7eb50d,https://creativecommons.org/publicdomain/zero/1.0/,https://doi.org/10.13003/CED-terms-of-use,,,https://evidence.eventdata.crossref.org/evidence/20190127-wikipedia-2715340d-2176-472f-a080-3e4fd29bb94c,add,https://fr.wikipedia.org/wiki/Rythme_biologique_des_fourmis,Rythme biologique des fourmis,https://fr.wikipedia.org/w/index.php?title=Rythme_biologique_des_fourmis&oldid=156229815,https://fr.wikipedia.org/api/rest_v1/page/html/Rythme_biologique_des_fourmis/156229815,https://doi.org/10.1007/s002650050476,http://dx.doi.org/10.1007%2Fs002650050476
545311,wikipedia,https://doi.org/10.1007/s002650050476,https://fr.wikipedia.org/api/rest_v1/page/html/Apocephalus_borealis/157364631,13aa8989-83b5-47b9-b25f-39d75373b850,2019-03-08 17:50:03,2019-03-08 13:12:36,references,36c35e23-8757-4a9d-aacf-345e9b7eb50d,https://creativecommons.org/publicdomain/zero/1.0/,https://doi.org/10.13003/CED-terms-of-use,,,https://evidence.eventdata.crossref.org/evidence/20190308-wikipedia-6eb45eb8-6918-4d17-96d0-38e1a08c3972,add,https://fr.wikipedia.org/wiki/Apocephalus_borealis,Apocephalus borealis,https://fr.wikipedia.org/w/index.php?title=Apocephalus_borealis&oldid=157364631,https://fr.wikipedia.org/api/rest_v1/page/html/Apocephalus_borealis/157364631,https://doi.org/10.1007/s002650050476,http://www.springerlink.com/content/2a6yjven5h8gddqg/
545312,wikipedia,https://doi.org/10.1007/s002650050476,https://fr.wikipedia.org/api/rest_v1/page/html/Apocephalus_borealis/157718034,e0404375-93fd-4f1c-90bd-86110c7be436,2019-03-20 15:14:57,2019-03-23 23:23:04,references,36c35e23-8757-4a9d-aacf-345e9b7eb50d,https://creativecommons.org/publicdomain/zero/1.0/,https://doi.org/10.13003/CED-terms-of-use,,,https://evidence.eventdata.crossref.org/evidence/20190320-wikipedia-d6f9a934-c21f-4bd6-9c51-2cef6b2aead3,add,https://fr.wikipedia.org/wiki/Apocephalus_borealis,Apocephalus borealis,https://fr.wikipedia.org/w/index.php?title=Apocephalus_borealis&oldid=157718034,https://fr.wikipedia.org/api/rest_v1/page/html/Apocephalus_borealis/157718034,https://doi.org/10.1007/s002650050476,https://doi.org/10.1007/s002650050476
545313,wikipedia,https://doi.org/10.1007/s002650050476,https://fr.wikipedia.org/api/rest_v1/page/html/Apocephalus_borealis/158621349,c9143c01-2bb0-4e47-a23a-9445fef54715,2019-04-21 06:56:16,2019-04-21 02:58:57,references,36c35e23-8757-4a9d-aacf-345e9b7eb50d,https://creativecommons.org/publicdomain/zero/1.0/,https://doi.org/10.13003/CED-terms-of-use,,,https://evidence.eventdata.crossref.org/evidence/20190421-wikipedia-b2ad3b04-adf7-4539-851a-2cc8cee70b3f,add,https://fr.wikipedia.org/wiki/Apocephalus_borealis,Apocephalus borealis,https://fr.wikipedia.org/w/index.php?title=Apocephalus_borealis&oldid=158621349,https://fr.wikipedia.org/api/rest_v1/page/html/Apocephalus_borealis/158621349,https://doi.org/10.1007/s002650050476,http://www.springerlink.com/content/2a6yjven5h8gddqg/
545314,wikipedia,https://doi.org/10.1007/s002650050476,https://fr.wikipedia.org/api/rest_v1/page/html/Apocephalus_borealis/158783024,27891d8a-d4c8-4ebd-87cc-e6e611dd2d53,2019-04-27 07:14:47,2019-04-27 03:17:36,references,36c35e23-8757-4a9d-aacf-345e9b7eb50d,https://creativecommons.org/publicdomain/zero/1.0/,https://doi.org/10.13003/CED-terms-of-use,,,https://evidence.eventdata.crossref.org/evidence/20190427-wikipedia-716e9e63-be1d-4b84-a50e-220c6bdd0ebf,add,https://fr.wikipedia.org/wiki/Apocephalus_borealis,Apocephalus borealis,https://fr.wikipedia.org/w/index.php?title=Apocephalus_borealis&oldid=158783024,https://fr.wikipedia.org/api/rest_v1/page/html/Apocephalus_borealis/158783024,https://doi.org/10.1007/s002650050476,http://www.springerlink.com/content/2a6yjven5h8gddqg/
545315,wikipedia,https://doi.org/10.1007/s002650050476,https://fr.wikipedia.org/api/rest_v1/page/html/Rythme_biologique_des_fourmis/159208364,caba3d32-0cf2-4268-9ed3-963c6c8eba9d,2019-05-12 10:56:16,2019-05-12 07:12:38,references,36c35e23-8757-4a9d-aacf-345e9b7eb50d,https://creativecommons.org/publicdomain/zero/1.0/,https://doi.org/10.13003/CED-terms-of-use,,,https://evidence.eventdata.crossref.org/evidence/20190512-wikipedia-f5ea9da8-2f33-44a5-a67a-4be812a3d85e,add,https://fr.wikipedia.org/wiki/Rythme_biologique_des_fourmis,Rythme biologique des fourmis,https://fr.wikipedia.org/w/index.php?title=Rythme_biologique_des_fourmis&oldid=159208364,https://fr.wikipedia.org/api/rest_v1/page/html/Rythme_biologique_des_fourmis/159208364,https://doi.org/10.1007/s002650050476,https://doi.org/10.1007/s002650050476
545316,wikipedia,https://doi.org/10.1007/s002650050476,https://fr.wikipedia.org/api/rest_v1/page/html/Apocephalus_borealis/159717017,a409d28d-a250-421a-bbfc-b4369ce464ad,2019-05-31 01:22:51,2019-06-09 06:49:45,references,36c35e23-8757-4a9d-aacf-345e9b7eb50d,https://creativecommons.org/publicdomain/zero/1.0/,https://doi.org/10.13003/CED-terms-of-use,,,https://evidence.eventdata.crossref.org/evidence/20190531-wikipedia-e4f8320c-4589-49da-81f1-d4743253dfdf,add,https://fr.wikipedia.org/wiki/Apocephalus_borealis,Apocephalus borealis,https://fr.wikipedia.org/w/index.php?title=Apocephalus_borealis&oldid=159717017,https://fr.wikipedia.org/api/rest_v1/page/html/Apocephalus_borealis/159717017,https://doi.org/10.1007/s002650050476,https://doi.org/10.1007/s002650050476
545317,wikipedia,https://doi.org/10.1007/s002650050476,https://fr.wikipedia.org/api/rest_v1/page/html/Apocephalus_borealis/159785077,32e606e8-17ad-470d-ac4b-dbf001587598,2019-06-02 13:31:14,2019-06-10 23:14:48,references,36c35e23-8757-4a9d-aacf-345e9b7eb50d,https://creativecommons.org/publicdomain/zero/1.0/,https://doi.org/10.13003/CED-terms-of-use,,,https://evidence.eventdata.crossref.org/evidence/20190602-wikipedia-28a0b04c-43b6-474c-847e-dfada31e4bf1,add,https://fr.wikipedia.org/wiki/Apocephalus_borealis,Apocephalus borealis,https://fr.wikipedia.org/w/index.php?title=Apocephalus_borealis&oldid=159785077,https://fr.wikipedia.org/api/rest_v1/page/html/Apocephalus_borealis/159785077,https://doi.org/10.1007/s002650050476,http://www.springerlink.com/content/2a6yjven5h8gddqg/
545318,wikipedia,https://doi.org/10.1007/s002650050476,https://fr.wikipedia.org/api/rest_v1/page/html/Apocephalus_borealis/159784668,576a337c-ee85-4fb7-89da-58dc10f3fbae,2019-06-02 13:15:16,2019-06-10 23:33:50,references,36c35e23-8757-4a9d-aacf-345e9b7eb50d,https://creativecommons.org/publicdomain/zero/1.0/,https://doi.org/10.13003/CED-terms-of-use,,,https://evidence.eventdata.crossref.org/evidence/20190602-wikipedia-0b7e6cb7-4e27-46a6-bedf-b253f554919a,add,https://fr.wikipedia.org/wiki/Apocephalus_borealis,Apocephalus borealis,https://fr.wikipedia.org/w/index.php?title=Apocephalus_borealis&oldid=159784668,https://fr.wikipedia.org/api/rest_v1/page/html/Apocephalus_borealis/159784668,https://doi.org/10.1007/s002650050476,https://doi.org/10.1007/s002650050476
545319,wikipedia,https://doi.org/10.1007/s002650050476,https://fr.wikipedia.org/api/rest_v1/page/html/Apocephalus_borealis/159785433,bbfa3a76-4f3e-47ce-bb1a-e4c8732fcbb2,2019-06-02 13:45:10,2019-06-10 23:49:22,references,36c35e23-8757-4a9d-aacf-345e9b7eb50d,https://creativecommons.org/publicdomain/zero/1.0/,https://doi.org/10.13003/CED-terms-of-use,,,https://evidence.eventdata.crossref.org/evidence/20190602-wikipedia-4d4bf29b-d740-49f5-91e8-d2b9f57d02b4,add,https://fr.wikipedia.org/wiki/Apocephalus_borealis,Apocephalus borealis,https://fr.wikipedia.org/w/index.php?title=Apocephalus_borealis&oldid=159785433,https://fr.wikipedia.org/api/rest_v1/page/html/Apocephalus_borealis/159785433,https://doi.org/10.1007/s002650050476,http://www.springerlink.com/content/2a6yjven5h8gddqg/
545320,wikipedia,https://doi.org/10.1007/s002650050476,https://fr.wikipedia.org/api/rest_v1/page/html/Apocephalus_borealis/159794925,fabc332b-d598-4294-9799-34b49973c64d,2019-06-02 19:45:13,2019-06-11 05:12:27,references,36c35e23-8757-4a9d-aacf-345e9b7eb50d,https://creativecommons.org/publicdomain/zero/1.0/,https://doi.org/10.13003/CED-terms-of-use,,,https://evidence.eventdata.crossref.org/evidence/20190602-wikipedia-8e930916-ca9d-4956-b085-06b316fd2a00,add,https://fr.wikipedia.org/wiki/Apocephalus_borealis,Apocephalus borealis,https://fr.wikipedia.org/w/index.php?title=Apocephalus_borealis&oldid=159794925,https://fr.wikipedia.org/api/rest_v1/page/html/Apocephalus_borealis/159794925,https://doi.org/10.1007/s002650050476,http://www.springerlink.com/content/2a6yjven5h8gddqg/
545321,wikipedia,https://doi.org/10.1007/s002650050476,https://fr.wikipedia.org/api/rest_v1/page/html/Rythme_biologique_des_fourmis/162715752,d415c7ad-db8c-4ace-bf0b-cfceb4abbcde,2019-09-16 09:25:02,2019-09-16 05:31:20,references,36c35e23-8757-4a9d-aacf-345e9b7eb50d,https://creativecommons.org/publicdomain/zero/1.0/,https://doi.org/10.13003/CED-terms-of-use,,,https://evidence.eventdata.crossref.org/evidence/20190916-wikipedia-de1e4f1d-c2f6-4943-afbf-b3bfa62c5f73,add,https://fr.wikipedia.org/wiki/Rythme_biologique_des_fourmis,Rythme biologique des fourmis,https://fr.wikipedia.org/w/index.php?title=Rythme_biologique_des_fourmis&oldid=162715752,https://fr.wikipedia.org/api/rest_v1/page/html/Rythme_biologique_des_fourmis/162715752,https://doi.org/10.1007/s002650050476,http://dx.doi.org/10.1007%2Fs002650050476
545322,wikipedia,https://doi.org/10.1007/s002650050476,https://fr.wikipedia.org/api/rest_v1/page/html/Apocephalus_borealis/164161928,cbfafab0-c5fa-4cb8-8749-529349167046,2019-11-03 20:35:30,2019-11-03 15:45:01,references,36c35e23-8757-4a9d-aacf-345e9b7eb50d,https://creativecommons.org/publicdomain/zero/1.0/,https://doi.org/10.13003/CED-terms-of-use,,,https://evidence.eventdata.crossref.org/evidence/20191103-wikipedia-db3f0171-f158-43a6-b353-d623970808c3,add,https://fr.wikipedia.org/wiki/Apocephalus_borealis,Apocephalus borealis,https://fr.wikipedia.org/w/index.php?title=Apocephalus_borealis&oldid=164161928,https://fr.wikipedia.org/api/rest_v1/page/html/Apocephalus_borealis/164161928,https://doi.org/10.1007/s002650050476,https://doi.org/10.1007/s002650050476
545323,wikipedia,https://doi.org/10.1007/s002650050476,https://fr.wikipedia.org/api/rest_v1/page/html/Rythme_biologique_des_fourmis/164935949,e8937b85-a34e-45a4-b7ad-bc692320101a,2019-11-28 15:51:07,2019-11-28 11:05:47,references,36c35e23-8757-4a9d-aacf-345e9b7eb50d,https://creativecommons.org/publicdomain/zero/1.0/,https://doi.org/10.13003/CED-terms-of-use,,,https://evidence.eventdata.crossref.org/evidence/20191128-wikipedia-9b75fe57-97c7-48f1-9b88-6a5c695ad6e3,add,https://fr.wikipedia.org/wiki/Rythme_biologique_des_fourmis,Rythme biologique des fourmis,https://fr.wikipedia.org/w/index.php?title=Rythme_biologique_des_fourmis&oldid=164935949,https://fr.wikipedia.org/api/rest_v1/page/html/Rythme_biologique_des_fourmis/164935949,https://doi.org/10.1007/s002650050476,https://doi.org/10.1007/s002650050476
545324,wikipedia,https://doi.org/10.1007/s002650050476,https://fr.wikipedia.org/api/rest_v1/page/html/Rythme_biologique_des_fourmis/165099971,e87d5c2c-cfc5-4b91-ac4a-8ceaec00bbae,2019-12-04 03:43:30,2019-12-04 11:34:09,references,36c35e23-8757-4a9d-aacf-345e9b7eb50d,https://creativecommons.org/publicdomain/zero/1.0/,https://doi.org/10.13003/CED-terms-of-use,,,https://evidence.eventdata.crossref.org/evidence/20191204-wikipedia-354d8dbc-1c80-4e8d-84b9-bdc775cedcff,add,https://fr.wikipedia.org/wiki/Rythme_biologique_des_fourmis,Rythme biologique des fourmis,https://fr.wikipedia.org/w/index.php?title=Rythme_biologique_des_fourmis&oldid=165099971,https://fr.wikipedia.org/api/rest_v1/page/html/Rythme_biologique_des_fourmis/165099971,https://doi.org/10.1007/s002650050476,https://dx.doi.org/10.1007%2Fs002650050476
545325,wikipedia,https://doi.org/10.1007/s002650050476,https://fr.wikipedia.org/api/rest_v1/page/html/Rythme_biologique_des_fourmis/177301006,19ccaa17-fec5-4c85-b7d9-affc7ae1e6dc,2020-12-05 11:27:39,2020-12-05 06:45:10,references,36c35e23-8757-4a9d-aacf-345e9b7eb50d,https://creativecommons.org/publicdomain/zero/1.0/,https://doi.org/10.13003/CED-terms-of-use,,,https://evidence.eventdata.crossref.org/evidence/20201205-wikipedia-f774c560-4246-4547-b59c-bcd7dee0e2f0,add,https://fr.wikipedia.org/wiki/Rythme_biologique_des_fourmis,Rythme biologique des fourmis,https://fr.wikipedia.org/w/index.php?title=Rythme_biologique_des_fourmis&oldid=177301006,https://fr.wikipedia.org/api/rest_v1/page/html/Rythme_biologique_des_fourmis/177301006,https://doi.org/10.1007/s002650050476,https://doi.org/10.1007/s002650050476
