crossRefIncrement,sourceID,objectID,subjectID,eventID,occurredAt,timeObserved,relationType,sourceToken,license,crossrefTermsOfUse,messageAction
4790,crossref,https://doi.org/10.1016/S0167-4870(97)00026-3,https://doi.org/10.1080/19368623.2011.577693,ab100224-2957-4fba-90da-3629e8dae307,2011-11-01 00:00:00,2019-06-18 02:04:54,references,8676e950-8ac5-4074-8ac3-c0a18ada7e99,https://doi.org/10.13003/CED-terms-of-use,https://doi.org/10.13003/CED-terms-of-use,create
4791,crossref,https://doi.org/10.1016/S0167-4870(97)00026-3,https://doi.org/10.1080/08841241.2011.623731,52da6ba0-4806-440e-acec-8dfaef0d2437,2011-12-01 00:00:00,2019-06-20 01:33:12,references,8676e950-8ac5-4074-8ac3-c0a18ada7e99,https://doi.org/10.13003/CED-terms-of-use,https://doi.org/10.13003/CED-terms-of-use,create
4792,crossref,https://doi.org/10.1016/S0167-4870(97)00026-3,https://doi.org/10.1111/j.1099-1123.2011.00438.x,711add91-cb8a-447c-91e0-9a430fb37a28,2011-11-30 00:00:00,2019-06-20 07:09:16,references,8676e950-8ac5-4074-8ac3-c0a18ada7e99,https://doi.org/10.13003/CED-terms-of-use,https://doi.org/10.13003/CED-terms-of-use,create
4793,crossref,https://doi.org/10.1016/S0167-4870(97)00026-3,https://doi.org/10.21511/imfi.16(2).2019.15,768747bb-c463-4e24-a059-669a26d880dd,2019-06-06 00:00:00,2019-06-21 17:28:46,references,8676e950-8ac5-4074-8ac3-c0a18ada7e99,https://doi.org/10.13003/CED-terms-of-use,https://doi.org/10.13003/CED-terms-of-use,create
4794,crossref,https://doi.org/10.1016/S0167-4870(97)00026-3,https://doi.org/10.1080/00014788.2012.707968,53c31b67-4da3-483f-926d-79669696e365,2013-06-01 00:00:00,2019-07-03 12:47:50,references,8676e950-8ac5-4074-8ac3-c0a18ada7e99,https://doi.org/10.13003/CED-terms-of-use,https://doi.org/10.13003/CED-terms-of-use,create
4795,crossref,https://doi.org/10.1016/S0167-4870(97)00026-3,https://doi.org/10.1007/s11846-019-00345-4,14843671-e811-4171-a549-b877ba0d6659,2019-07-03 00:00:00,2019-07-05 04:30:17,references,8676e950-8ac5-4074-8ac3-c0a18ada7e99,https://doi.org/10.13003/CED-terms-of-use,https://doi.org/10.13003/CED-terms-of-use,create
4796,crossref,https://doi.org/10.1016/S0167-4870(97)00026-3,https://doi.org/10.1177/0309132512462270,a061e4ef-4330-49f5-85ac-cf590b2b0a40,2012-11-26 00:00:00,2019-07-06 22:44:29,references,8676e950-8ac5-4074-8ac3-c0a18ada7e99,https://doi.org/10.13003/CED-terms-of-use,https://doi.org/10.13003/CED-terms-of-use,create
4797,crossref,https://doi.org/10.1016/S0167-4870(97)00026-3,https://doi.org/10.1108/20436231211261862,9633c0f2-5143-4d17-8456-0df925489c47,2012-09-28 00:00:00,2019-07-07 02:59:33,references,8676e950-8ac5-4074-8ac3-c0a18ada7e99,https://doi.org/10.13003/CED-terms-of-use,https://doi.org/10.13003/CED-terms-of-use,create
4798,crossref,https://doi.org/10.1016/S0167-4870(97)00026-3,https://doi.org/10.1057/fsm.2012.24,10b0b97f-d474-4163-9f7e-452defcbc39b,2012-12-01 00:00:00,2019-07-10 09:53:04,references,8676e950-8ac5-4074-8ac3-c0a18ada7e99,https://doi.org/10.13003/CED-terms-of-use,https://doi.org/10.13003/CED-terms-of-use,create
4799,crossref,https://doi.org/10.1016/S0167-4870(97)00026-3,https://doi.org/10.1002/bdm.2144,2a2b921a-7854-470f-b6fd-4b768313323d,2019-07-22 00:00:00,2019-07-23 14:48:15,references,8676e950-8ac5-4074-8ac3-c0a18ada7e99,https://doi.org/10.13003/CED-terms-of-use,https://doi.org/10.13003/CED-terms-of-use,create
4800,crossref,https://doi.org/10.1016/S0167-4870(97)00026-3,https://doi.org/10.1057/s41307-019-00149-x,62ae6b20-7412-42e4-a7b4-31d1246523e1,2019-07-16 00:00:00,2019-07-24 06:12:40,references,8676e950-8ac5-4074-8ac3-c0a18ada7e99,https://doi.org/10.13003/CED-terms-of-use,https://doi.org/10.13003/CED-terms-of-use,create
4801,crossref,https://doi.org/10.1016/S0167-4870(97)00026-3,https://doi.org/10.1108/17506201211228967,cd29154d-432f-435c-8075-7829f4f15b0a,2012-05-25 00:00:00,2019-07-27 10:32:37,references,8676e950-8ac5-4074-8ac3-c0a18ada7e99,https://doi.org/10.13003/CED-terms-of-use,https://doi.org/10.13003/CED-terms-of-use,create
4802,crossref,https://doi.org/10.1016/S0167-4870(97)00026-3,https://doi.org/10.4000/regulation.14632,64fb060e-3c65-4cb9-bc58-d9c4c6bac84f,2019-07-03 00:00:00,2019-08-01 15:02:51,references,8676e950-8ac5-4074-8ac3-c0a18ada7e99,https://doi.org/10.13003/CED-terms-of-use,https://doi.org/10.13003/CED-terms-of-use,create
4803,crossref,https://doi.org/10.1016/S0167-4870(97)00026-3,https://doi.org/10.1007/s10071-013-0631-1,48a1f63c-3c24-4f61-b022-49542cef8992,2013-04-16 00:00:00,2019-08-02 15:49:51,references,8676e950-8ac5-4074-8ac3-c0a18ada7e99,https://doi.org/10.13003/CED-terms-of-use,https://doi.org/10.13003/CED-terms-of-use,create
4804,crossref,https://doi.org/10.1016/S0167-4870(97)00026-3,https://doi.org/10.1007/978-3-319-94809-6_4,a115eb3f-4cce-4aed-9214-e6b81681a10b,2018-01-01 00:00:00,2019-10-20 20:32:20,references,8676e950-8ac5-4074-8ac3-c0a18ada7e99,https://doi.org/10.13003/CED-terms-of-use,https://doi.org/10.13003/CED-terms-of-use,create
4805,crossref,https://doi.org/10.1016/S0167-4870(97)00026-3,https://doi.org/10.1287/orsc.2013.0840,c3dff488-fe64-4535-9f76-036842d36689,2014-04-01 00:00:00,2019-10-20 20:57:42,references,8676e950-8ac5-4074-8ac3-c0a18ada7e99,https://doi.org/10.13003/CED-terms-of-use,https://doi.org/10.13003/CED-terms-of-use,create
4806,crossref,https://doi.org/10.1016/S0167-4870(97)00026-3,https://doi.org/10.1057/fsm.2012.3,9c50a511-9122-4670-8d97-499848238897,2012-04-01 00:00:00,2019-10-20 21:08:18,references,8676e950-8ac5-4074-8ac3-c0a18ada7e99,https://doi.org/10.13003/CED-terms-of-use,https://doi.org/10.13003/CED-terms-of-use,create
4807,crossref,https://doi.org/10.1016/S0167-4870(97)00026-3,https://doi.org/10.1108/IJIF-02-2018-0020,842aaaf1-bd01-4480-adea-1dc6b91670b3,2019-06-17 00:00:00,2019-10-30 11:30:06,references,8676e950-8ac5-4074-8ac3-c0a18ada7e99,https://doi.org/10.13003/CED-terms-of-use,https://doi.org/10.13003/CED-terms-of-use,create
4808,crossref,https://doi.org/10.1016/S0167-4870(97)00026-3,https://doi.org/10.1002/mde.3099,7d4cf4ad-6a19-4472-bf88-30d2b86e4c98,2019-10-29 00:00:00,2019-11-24 22:18:52,references,8676e950-8ac5-4074-8ac3-c0a18ada7e99,https://doi.org/10.13003/CED-terms-of-use,https://doi.org/10.13003/CED-terms-of-use,create
4809,crossref,https://doi.org/10.1016/S0167-4870(97)00026-3,https://doi.org/10.3390/su11113219,436eceb0-4788-4ba3-aac9-4376528fab30,2019-06-10 00:00:00,2019-11-28 10:51:27,references,8676e950-8ac5-4074-8ac3-c0a18ada7e99,https://doi.org/10.13003/CED-terms-of-use,https://doi.org/10.13003/CED-terms-of-use,create
4810,crossref,https://doi.org/10.1016/S0167-4870(97)00026-3,https://doi.org/10.1108/JCM-01-2018-2514,71a5fb3f-39f3-4972-a044-b284164a25f4,2019-09-09 00:00:00,2019-11-29 07:21:03,references,8676e950-8ac5-4074-8ac3-c0a18ada7e99,https://doi.org/10.13003/CED-terms-of-use,https://doi.org/10.13003/CED-terms-of-use,create
4811,crossref,https://doi.org/10.1016/S0167-4870(97)00026-3,https://doi.org/10.1142/S0219622005001660,6cd32c77-dcc1-47bb-9d5d-bacad143db9a,2005-09-01 00:00:00,2019-11-30 21:43:33,references,8676e950-8ac5-4074-8ac3-c0a18ada7e99,https://doi.org/10.13003/CED-terms-of-use,https://doi.org/10.13003/CED-terms-of-use,create
4812,crossref,https://doi.org/10.1016/S0167-4870(97)00026-3,https://doi.org/10.5859/KAIS.2008.17.3.079,f9e15cc6-1486-4361-8b7d-8e8dba0dadda,2008-09-30 00:00:00,2019-12-02 00:02:09,references,8676e950-8ac5-4074-8ac3-c0a18ada7e99,https://doi.org/10.13003/CED-terms-of-use,https://doi.org/10.13003/CED-terms-of-use,create
4813,crossref,https://doi.org/10.1016/S0167-4870(97)00026-3,https://doi.org/10.1080/13669877.2012.737824,902ef706-d979-4e40-a989-4810c192bc94,2013-08-01 00:00:00,2019-12-23 02:16:40,references,8676e950-8ac5-4074-8ac3-c0a18ada7e99,https://doi.org/10.13003/CED-terms-of-use,https://doi.org/10.13003/CED-terms-of-use,create
4814,crossref,https://doi.org/10.1016/S0167-4870(97)00026-3,https://doi.org/10.1002/bdm.2156,58c08da7-b343-40d1-9efb-52703b4f448b,2020-01-05 00:00:00,2020-01-06 22:34:39,references,8676e950-8ac5-4074-8ac3-c0a18ada7e99,https://doi.org/10.13003/CED-terms-of-use,https://doi.org/10.13003/CED-terms-of-use,create
