crossRefIncrement,sourceID,objectID,subjectID,eventID,occurredAt,timeObserved,relationType,sourceToken,license,crossrefTermsOfUse,messageAction
177,crossref,https://doi.org/10.1016/S0002-9343(97)00244-1,https://doi.org/10.1111/j.1365-2753.2011.01741.x,90d7400f-9707-4ed8-befe-e86957e826f6,2011-09-23 00:00:00,2019-06-17 14:57:33,references,8676e950-8ac5-4074-8ac3-c0a18ada7e99,https://doi.org/10.13003/CED-terms-of-use,https://doi.org/10.13003/CED-terms-of-use,create
178,crossref,https://doi.org/10.1016/S0002-9343(97)00244-1,https://doi.org/10.1179/106698112X13243937084444,760f483b-12cd-4730-9fb5-e5ebf61ee804,2012-02-01 00:00:00,2019-06-23 03:34:18,references,8676e950-8ac5-4074-8ac3-c0a18ada7e99,https://doi.org/10.13003/CED-terms-of-use,https://doi.org/10.13003/CED-terms-of-use,create
179,crossref,https://doi.org/10.1016/S0002-9343(97)00244-1,https://doi.org/10.1097/JCP.0b013e3182491383,514c5160-f1bd-4a2e-969d-d57e6a9ebec2,2012-04-01 00:00:00,2019-06-25 20:10:34,references,8676e950-8ac5-4074-8ac3-c0a18ada7e99,https://doi.org/10.13003/CED-terms-of-use,https://doi.org/10.13003/CED-terms-of-use,create
180,crossref,https://doi.org/10.1016/S0002-9343(97)00244-1,https://doi.org/10.3109/08039488.2012.701665,ef2de9f3-56ad-4765-9bd5-14ea69fdfd31,2012-07-23 00:00:00,2019-07-02 05:30:49,references,8676e950-8ac5-4074-8ac3-c0a18ada7e99,https://doi.org/10.13003/CED-terms-of-use,https://doi.org/10.13003/CED-terms-of-use,create
181,crossref,https://doi.org/10.1016/S0002-9343(97)00244-1,https://doi.org/10.1002/pds.3245,4703e0f1-f717-49a3-9769-bff6f26426ed,2012-05-01 00:00:00,2019-07-03 06:56:36,references,8676e950-8ac5-4074-8ac3-c0a18ada7e99,https://doi.org/10.13003/CED-terms-of-use,https://doi.org/10.13003/CED-terms-of-use,create
182,crossref,https://doi.org/10.1016/S0002-9343(97)00244-1,https://doi.org/10.1164/rccm.201204-0638ST,1e9eb8ea-06c0-4831-ba8f-3f88742e6cba,2012-05-15 00:00:00,2019-07-16 18:45:40,references,8676e950-8ac5-4074-8ac3-c0a18ada7e99,https://doi.org/10.13003/CED-terms-of-use,https://doi.org/10.13003/CED-terms-of-use,create
183,crossref,https://doi.org/10.1016/S0002-9343(97)00244-1,https://doi.org/10.1111/j.1365-2753.2012.01908.x,0bce18c0-4def-49f4-ac55-ded566ace6a9,2012-09-21 00:00:00,2019-07-22 01:55:56,references,8676e950-8ac5-4074-8ac3-c0a18ada7e99,https://doi.org/10.13003/CED-terms-of-use,https://doi.org/10.13003/CED-terms-of-use,create
184,crossref,https://doi.org/10.1016/S0002-9343(97)00244-1,https://doi.org/10.1002/mpr.1379,a2738b0b-27b6-498c-b729-0695494f83a0,2013-03-01 00:00:00,2019-08-01 01:52:31,references,8676e950-8ac5-4074-8ac3-c0a18ada7e99,https://doi.org/10.13003/CED-terms-of-use,https://doi.org/10.13003/CED-terms-of-use,create
185,crossref,https://doi.org/10.1016/S0002-9343(97)00244-1,https://doi.org/10.1142/S0218843002000625,192be7c6-e63e-4fd0-a2e9-19a156583fdf,2002-09-01 00:00:00,2019-10-16 22:58:58,references,8676e950-8ac5-4074-8ac3-c0a18ada7e99,https://doi.org/10.13003/CED-terms-of-use,https://doi.org/10.13003/CED-terms-of-use,create
186,crossref,https://doi.org/10.1016/S0002-9343(97)00244-1,https://doi.org/10.5153/sro.4126,d2bfcf30-606e-4ee5-8d2f-f0c4e0067b28,2016-11-01 00:00:00,2019-12-30 20:08:10,references,8676e950-8ac5-4074-8ac3-c0a18ada7e99,https://doi.org/10.13003/CED-terms-of-use,https://doi.org/10.13003/CED-terms-of-use,create
