,affiliation,authenticated_orcid,family,given,name,orcid,sequence,suffix
0,,,Smith,Jane,Jane Smith,,,
1,The University of Iowa Iowa City,,Smith,Elaine,Elaine Smith,,additional,
2,,,Smith,G. D.,G. D. Smith,,first,
3,"Health Psychology Research Unit, Department of Psychology, University of Bristol, Bristol BS8 1TN, UK",,Smith,Andrew,Andrew Smith,,first,
4,,,Smith,R.D.,R.D. Smith,,additional,
5,,,Smith,P.,P. Smith,,additional,
6,,,Shah,Darpan,Darpan Shah,,,
7,,,Hardy,G.E.,G.E. Hardy,,additional,
