wikipediaIncrement,sourceID,objectID,subjectID,eventID,occurredAt,timeObserved,relationType,sourceToken,license,termsOfUse,updatedDate,updatedReason,evidenceRecord,eventAction,subjectPID,subjectTitle,subjectURL,subjectAPIURL,objectPID,objectURL
14024,wikipedia,https://doi.org/10.1016/s0009-2614(97)01204-9,https://no.wikipedia.org/wiki/Jack_Sarfatti,9a610817-b6e2-4238-b283-d2787b4bf8f9,2017-07-21 17:41:53,2017-07-21 20:27:32,references,36c35e23-8757-4a9d-aacf-345e9b7eb50d,https://creativecommons.org/publicdomain/zero/1.0/,https://doi.org/10.13003/CED-terms-of-use,2018-01-31 17:30:00,https://evidence.eventdata.crossref.org/announcements/2018-01-19T00-00-00Z-ED-15.json,https://evidence.eventdata.crossref.org/evidence/20170721-wikipedia-3781cccd-4735-478e-bc6b-7bd98282a13a,add,https://no.wikipedia.org/wiki/Jack_Sarfatti,Jack Sarfatti,https://no.wikipedia.org/w/index.php?title=Jack_Sarfatti&oldid=17597750,https://no.wikipedia.org/api/rest_v1/page/html/Jack_Sarfatti/17597750,https://doi.org/10.1016/s0009-2614(97)01204-9,http://arxiv.org/abs/physics/9704029
14025,wikipedia,https://doi.org/10.1016/s0009-2614(97)01204-9,https://en.wikipedia.org/wiki/Jack_Sarfatti,2aa1f871-baa8-4013-8a54-44bf712d6fc7,2017-07-26 03:46:04,2017-07-25 23:48:42,references,36c35e23-8757-4a9d-aacf-345e9b7eb50d,https://creativecommons.org/publicdomain/zero/1.0/,https://doi.org/10.13003/CED-terms-of-use,2018-01-31 17:30:00,https://evidence.eventdata.crossref.org/announcements/2018-01-19T00-00-00Z-ED-15.json,https://evidence.eventdata.crossref.org/evidence/20170726-wikipedia-07b7dda5-acbe-4c6c-9235-c39201a50615,add,https://en.wikipedia.org/wiki/Jack_Sarfatti,Jack Sarfatti,https://en.wikipedia.org/w/index.php?title=Jack_Sarfatti&oldid=792372424,https://en.wikipedia.org/api/rest_v1/page/html/Jack_Sarfatti/792372424,https://doi.org/10.1016/s0009-2614(97)01204-9,http://arxiv.org/abs/physics/9704029
14026,wikipedia,https://doi.org/10.1016/s0009-2614(97)01204-9,https://en.wikipedia.org/api/rest_v1/page/html/Jack_Sarfatti/806097944,26eb4671-a82d-4c22-b51c-e9ab6b025bf1,2017-10-19 17:48:56,2017-10-19 13:50:12,references,36c35e23-8757-4a9d-aacf-345e9b7eb50d,https://creativecommons.org/publicdomain/zero/1.0/,https://doi.org/10.13003/CED-terms-of-use,,,https://evidence.eventdata.crossref.org/evidence/20171019-wikipedia-bf3960ec-58c3-42df-95aa-32208e1cb3aa,add,https://en.wikipedia.org/w/index.php?title=Jack_Sarfatti&oldid=806097944,Jack Sarfatti,https://en.wikipedia.org/wiki/Jack_Sarfatti,https://en.wikipedia.org/api/rest_v1/page/html/Jack_Sarfatti/806097944,https://doi.org/10.1016/s0009-2614(97)01204-9,http://arxiv.org/abs/physics/9704029
14027,wikipedia,https://doi.org/10.1016/s0009-2614(97)01204-9,https://sv.wikipedia.org/api/rest_v1/page/html/Jack_Sarfatti/41841283,cf85b79b-e96b-4110-bd83-69611177a618,2017-10-28 22:54:57,2017-10-28 18:55:40,references,36c35e23-8757-4a9d-aacf-345e9b7eb50d,https://creativecommons.org/publicdomain/zero/1.0/,https://doi.org/10.13003/CED-terms-of-use,,,https://evidence.eventdata.crossref.org/evidence/20171028-wikipedia-5415c569-79bd-4025-828c-e948d6a9d679,add,https://sv.wikipedia.org/w/index.php?title=Jack_Sarfatti&oldid=41841283,Jack Sarfatti,https://sv.wikipedia.org/wiki/Jack_Sarfatti,https://sv.wikipedia.org/api/rest_v1/page/html/Jack_Sarfatti/41841283,https://doi.org/10.1016/s0009-2614(97)01204-9,http://arxiv.org/abs/physics/9704029
14028,wikipedia,https://doi.org/10.1016/s0009-2614(97)01204-9,https://en.wikipedia.org/api/rest_v1/page/html/Jack_Sarfatti/810745198,3f92813c-feac-4dbc-ae59-a115782f2f90,2017-11-17 04:32:29,2017-11-16 23:33:11,references,36c35e23-8757-4a9d-aacf-345e9b7eb50d,https://creativecommons.org/publicdomain/zero/1.0/,https://doi.org/10.13003/CED-terms-of-use,,,https://evidence.eventdata.crossref.org/evidence/20171117-wikipedia-ba1e79ed-f6ff-480c-8dd6-77041718e72b,add,https://en.wikipedia.org/w/index.php?title=Jack_Sarfatti&oldid=810745198,Jack Sarfatti,https://en.wikipedia.org/wiki/Jack_Sarfatti,https://en.wikipedia.org/api/rest_v1/page/html/Jack_Sarfatti/810745198,https://doi.org/10.1016/s0009-2614(97)01204-9,http://arxiv.org/abs/physics/9704029
14029,wikipedia,https://doi.org/10.1016/s0009-2614(97)01204-9,https://en.wikipedia.org/api/rest_v1/page/html/Jack_Sarfatti/811401924,efd6c288-e80d-4647-9e09-b6514f5897eb,2017-11-21 11:10:07,2017-11-24 10:04:12,references,36c35e23-8757-4a9d-aacf-345e9b7eb50d,https://creativecommons.org/publicdomain/zero/1.0/,https://doi.org/10.13003/CED-terms-of-use,,,https://evidence.eventdata.crossref.org/evidence/20171121-wikipedia-e4116996-5933-4233-bde8-9503d3ec6015,add,https://en.wikipedia.org/w/index.php?title=Jack_Sarfatti&oldid=811401924,Jack Sarfatti,https://en.wikipedia.org/wiki/Jack_Sarfatti,https://en.wikipedia.org/api/rest_v1/page/html/Jack_Sarfatti/811401924,https://doi.org/10.1016/s0009-2614(97)01204-9,http://arxiv.org/abs/physics/9704029
14030,wikipedia,https://doi.org/10.1016/s0009-2614(97)01204-9,https://en.wikipedia.org/api/rest_v1/page/html/Jack_Sarfatti/811400527,48380652-9fb3-4cf8-9e02-21cc285c0fb5,2017-11-21 10:55:22,2017-11-24 11:44:29,references,36c35e23-8757-4a9d-aacf-345e9b7eb50d,https://creativecommons.org/publicdomain/zero/1.0/,https://doi.org/10.13003/CED-terms-of-use,,,https://evidence.eventdata.crossref.org/evidence/20171121-wikipedia-911395c9-14bc-473b-8929-66c3ceeadc27,add,https://en.wikipedia.org/w/index.php?title=Jack_Sarfatti&oldid=811400527,Jack Sarfatti,https://en.wikipedia.org/wiki/Jack_Sarfatti,https://en.wikipedia.org/api/rest_v1/page/html/Jack_Sarfatti/811400527,https://doi.org/10.1016/s0009-2614(97)01204-9,http://arxiv.org/abs/physics/9704029
14031,wikipedia,https://doi.org/10.1016/s0009-2614(97)01204-9,https://en.wikipedia.org/api/rest_v1/page/html/Jack_Sarfatti/811402166,f7a3b8b7-5098-4c51-a3b1-48c3be196eee,2017-11-21 11:12:45,2017-11-24 11:45:45,references,36c35e23-8757-4a9d-aacf-345e9b7eb50d,https://creativecommons.org/publicdomain/zero/1.0/,https://doi.org/10.13003/CED-terms-of-use,,,https://evidence.eventdata.crossref.org/evidence/20171121-wikipedia-ee2d6aa4-4efd-4bd9-995f-cdd99ff0a5cb,add,https://en.wikipedia.org/w/index.php?title=Jack_Sarfatti&oldid=811402166,Jack Sarfatti,https://en.wikipedia.org/wiki/Jack_Sarfatti,https://en.wikipedia.org/api/rest_v1/page/html/Jack_Sarfatti/811402166,https://doi.org/10.1016/s0009-2614(97)01204-9,http://arxiv.org/abs/physics/9704029
14032,wikipedia,https://doi.org/10.1016/s0009-2614(97)01204-9,https://en.wikipedia.org/api/rest_v1/page/html/Jack_Sarfatti/811400584,31c7d0d3-fc80-4c51-9b93-cab9038d0268,2017-11-21 10:55:52,2017-11-24 12:20:16,references,36c35e23-8757-4a9d-aacf-345e9b7eb50d,https://creativecommons.org/publicdomain/zero/1.0/,https://doi.org/10.13003/CED-terms-of-use,,,https://evidence.eventdata.crossref.org/evidence/20171121-wikipedia-3a5b0762-771a-442b-b00a-ae3a3c172ac4,add,https://en.wikipedia.org/w/index.php?title=Jack_Sarfatti&oldid=811400584,Jack Sarfatti,https://en.wikipedia.org/wiki/Jack_Sarfatti,https://en.wikipedia.org/api/rest_v1/page/html/Jack_Sarfatti/811400584,https://doi.org/10.1016/s0009-2614(97)01204-9,http://arxiv.org/abs/physics/9704029
14033,wikipedia,https://doi.org/10.1016/s0009-2614(97)01204-9,https://en.wikipedia.org/api/rest_v1/page/html/Jack_Sarfatti/811400252,2b83516e-0e11-461d-b06a-d1c309a442a1,2017-11-21 10:52:25,2017-11-24 12:55:33,references,36c35e23-8757-4a9d-aacf-345e9b7eb50d,https://creativecommons.org/publicdomain/zero/1.0/,https://doi.org/10.13003/CED-terms-of-use,,,https://evidence.eventdata.crossref.org/evidence/20171121-wikipedia-f5c79a01-fd3c-4b25-810f-75fbcf260263,add,https://en.wikipedia.org/w/index.php?title=Jack_Sarfatti&oldid=811400252,Jack Sarfatti,https://en.wikipedia.org/wiki/Jack_Sarfatti,https://en.wikipedia.org/api/rest_v1/page/html/Jack_Sarfatti/811400252,https://doi.org/10.1016/s0009-2614(97)01204-9,http://arxiv.org/abs/physics/9704029
14034,wikipedia,https://doi.org/10.1016/s0009-2614(97)01204-9,https://en.wikipedia.org/api/rest_v1/page/html/Jack_Sarfatti/811401280,2beb931f-bd33-4cf1-aad4-47b42aa55904,2017-11-21 11:03:07,2017-11-24 13:03:17,references,36c35e23-8757-4a9d-aacf-345e9b7eb50d,https://creativecommons.org/publicdomain/zero/1.0/,https://doi.org/10.13003/CED-terms-of-use,,,https://evidence.eventdata.crossref.org/evidence/20171121-wikipedia-ff388187-3fbe-4151-8b7c-0119048f2438,add,https://en.wikipedia.org/w/index.php?title=Jack_Sarfatti&oldid=811401280,Jack Sarfatti,https://en.wikipedia.org/wiki/Jack_Sarfatti,https://en.wikipedia.org/api/rest_v1/page/html/Jack_Sarfatti/811401280,https://doi.org/10.1016/s0009-2614(97)01204-9,http://arxiv.org/abs/physics/9704029
14035,wikipedia,https://doi.org/10.1016/s0009-2614(97)01204-9,https://en.wikipedia.org/api/rest_v1/page/html/Jack_Sarfatti/811063304,3e956bcb-38aa-4388-8523-20e364a71e2b,2017-11-19 08:47:21,2017-12-27 07:12:50,references,36c35e23-8757-4a9d-aacf-345e9b7eb50d,https://creativecommons.org/publicdomain/zero/1.0/,https://doi.org/10.13003/CED-terms-of-use,,,https://evidence.eventdata.crossref.org/evidence/20171119-wikipedia-8b947213-bf73-4e04-933c-81115e525fd1,add,https://en.wikipedia.org/w/index.php?title=Jack_Sarfatti&oldid=811063304,Jack Sarfatti,https://en.wikipedia.org/wiki/Jack_Sarfatti,https://en.wikipedia.org/api/rest_v1/page/html/Jack_Sarfatti/811063304,https://doi.org/10.1016/s0009-2614(97)01204-9,http://arxiv.org/abs/physics/9704029
14036,wikipedia,https://doi.org/10.1016/s0009-2614(97)01204-9,https://en.wikipedia.org/api/rest_v1/page/html/Jack_Sarfatti/811402342,720d3718-64e5-4748-863f-558c6b0634b2,2017-11-21 11:14:34,2017-12-27 08:28:46,references,36c35e23-8757-4a9d-aacf-345e9b7eb50d,https://creativecommons.org/publicdomain/zero/1.0/,https://doi.org/10.13003/CED-terms-of-use,,,https://evidence.eventdata.crossref.org/evidence/20171121-wikipedia-4150a29d-2d3c-4405-8c72-e54f34ec907f,add,https://en.wikipedia.org/w/index.php?title=Jack_Sarfatti&oldid=811402342,Jack Sarfatti,https://en.wikipedia.org/wiki/Jack_Sarfatti,https://en.wikipedia.org/api/rest_v1/page/html/Jack_Sarfatti/811402342,https://doi.org/10.1016/s0009-2614(97)01204-9,http://arxiv.org/abs/physics/9704029
14037,wikipedia,https://doi.org/10.1016/s0009-2614(97)01204-9,https://en.wikipedia.org/api/rest_v1/page/html/Jack_Sarfatti/811400781,a19ea92b-429f-461b-aece-24835395baa5,2017-11-21 10:57:51,2017-12-27 18:31:13,references,36c35e23-8757-4a9d-aacf-345e9b7eb50d,https://creativecommons.org/publicdomain/zero/1.0/,https://doi.org/10.13003/CED-terms-of-use,,,https://evidence.eventdata.crossref.org/evidence/20171121-wikipedia-2bb648c6-521b-4221-ad87-5972fe92660a,add,https://en.wikipedia.org/w/index.php?title=Jack_Sarfatti&oldid=811400781,Jack Sarfatti,https://en.wikipedia.org/wiki/Jack_Sarfatti,https://en.wikipedia.org/api/rest_v1/page/html/Jack_Sarfatti/811400781,https://doi.org/10.1016/s0009-2614(97)01204-9,http://arxiv.org/abs/physics/9704029
14038,wikipedia,https://doi.org/10.1016/s0009-2614(97)01204-9,https://en.wikipedia.org/api/rest_v1/page/html/Jack_Sarfatti/811401018,829105a5-6b59-45b0-82f7-80ea9bc3eb50,2017-11-21 11:00:32,2017-12-28 10:19:27,references,36c35e23-8757-4a9d-aacf-345e9b7eb50d,https://creativecommons.org/publicdomain/zero/1.0/,https://doi.org/10.13003/CED-terms-of-use,,,https://evidence.eventdata.crossref.org/evidence/20171121-wikipedia-99e907bd-74a6-4650-a176-305200ade9f5,add,https://en.wikipedia.org/w/index.php?title=Jack_Sarfatti&oldid=811401018,Jack Sarfatti,https://en.wikipedia.org/wiki/Jack_Sarfatti,https://en.wikipedia.org/api/rest_v1/page/html/Jack_Sarfatti/811401018,https://doi.org/10.1016/s0009-2614(97)01204-9,http://arxiv.org/abs/physics/9704029
14039,wikipedia,https://doi.org/10.1016/s0009-2614(97)01204-9,https://en.wikipedia.org/api/rest_v1/page/html/Jack_Sarfatti/813269885,c546e2e0-20aa-41d5-8d90-f67a81507bd3,2017-12-02 20:28:46,2018-01-05 02:26:51,references,36c35e23-8757-4a9d-aacf-345e9b7eb50d,https://creativecommons.org/publicdomain/zero/1.0/,https://doi.org/10.13003/CED-terms-of-use,,,https://evidence.eventdata.crossref.org/evidence/20171202-wikipedia-903ada04-0d07-4e12-aa72-b15d41260107,add,https://en.wikipedia.org/w/index.php?title=Jack_Sarfatti&oldid=813269885,Jack Sarfatti,https://en.wikipedia.org/wiki/Jack_Sarfatti,https://en.wikipedia.org/api/rest_v1/page/html/Jack_Sarfatti/813269885,https://doi.org/10.1016/s0009-2614(97)01204-9,http://arxiv.org/abs/physics/9704029
14040,wikipedia,https://doi.org/10.1016/s0009-2614(97)01204-9,https://en.wikipedia.org/api/rest_v1/page/html/Jack_Sarfatti/815097236,4d871f84-2e5a-43d1-8d0a-4a898ce45608,2017-12-12 19:20:59,2018-01-10 09:37:33,references,36c35e23-8757-4a9d-aacf-345e9b7eb50d,https://creativecommons.org/publicdomain/zero/1.0/,https://doi.org/10.13003/CED-terms-of-use,,,https://evidence.eventdata.crossref.org/evidence/20171212-wikipedia-ecbf7500-f6ab-4a08-b0f3-787debd3a818,add,https://en.wikipedia.org/w/index.php?title=Jack_Sarfatti&oldid=815097236,Jack Sarfatti,https://en.wikipedia.org/wiki/Jack_Sarfatti,https://en.wikipedia.org/api/rest_v1/page/html/Jack_Sarfatti/815097236,https://doi.org/10.1016/s0009-2614(97)01204-9,http://arxiv.org/abs/physics/9704029
14041,wikipedia,https://doi.org/10.1016/s0009-2614(97)01204-9,https://en.wikipedia.org/api/rest_v1/page/html/Jack_Sarfatti/813779158,759e2252-bb2a-4589-b6fd-85cb57537115,2017-12-05 05:37:24,2018-01-13 18:47:03,references,36c35e23-8757-4a9d-aacf-345e9b7eb50d,https://creativecommons.org/publicdomain/zero/1.0/,https://doi.org/10.13003/CED-terms-of-use,,,https://evidence.eventdata.crossref.org/evidence/20171205-wikipedia-ace5f79a-f438-438f-bf33-02f38d4aba98,add,https://en.wikipedia.org/w/index.php?title=Jack_Sarfatti&oldid=813779158,Jack Sarfatti,https://en.wikipedia.org/wiki/Jack_Sarfatti,https://en.wikipedia.org/api/rest_v1/page/html/Jack_Sarfatti/813779158,https://doi.org/10.1016/s0009-2614(97)01204-9,http://arxiv.org/abs/physics/9704029
14042,wikipedia,https://doi.org/10.1016/s0009-2614(97)01204-9,https://de.wikipedia.org/api/rest_v1/page/html/Jack_Sarfatti/176925262,0cbb8c0b-3170-40b1-9786-d03312dbc386,2018-04-27 17:31:29,2018-04-27 13:33:28,references,36c35e23-8757-4a9d-aacf-345e9b7eb50d,https://creativecommons.org/publicdomain/zero/1.0/,https://doi.org/10.13003/CED-terms-of-use,,,https://evidence.eventdata.crossref.org/evidence/20180427-wikipedia-8df26e27-b2fa-47f1-9697-685359d9b075,add,https://de.wikipedia.org/wiki/Jack_Sarfatti,Jack Sarfatti,https://de.wikipedia.org/w/index.php?title=Jack_Sarfatti&oldid=176925262,https://de.wikipedia.org/api/rest_v1/page/html/Jack_Sarfatti/176925262,https://doi.org/10.1016/s0009-2614(97)01204-9,https://arxiv.org/abs/physics/9704029
14043,wikipedia,https://doi.org/10.1016/s0009-2614(97)01204-9,https://no.wikipedia.org/api/rest_v1/page/html/Jack_Sarfatti/18527282,773974a7-962e-49e9-aaec-ccaee6cc808d,2018-05-17 15:28:10,2018-05-17 11:29:09,references,36c35e23-8757-4a9d-aacf-345e9b7eb50d,https://creativecommons.org/publicdomain/zero/1.0/,https://doi.org/10.13003/CED-terms-of-use,,,https://evidence.eventdata.crossref.org/evidence/20180517-wikipedia-a4eb0981-b638-4fdd-a29f-c1a3495892be,add,https://no.wikipedia.org/wiki/Jack_Sarfatti,Jack Sarfatti,https://no.wikipedia.org/w/index.php?title=Jack_Sarfatti&oldid=18527282,https://no.wikipedia.org/api/rest_v1/page/html/Jack_Sarfatti/18527282,https://doi.org/10.1016/s0009-2614(97)01204-9,http://arxiv.org/abs/physics/9704029
14044,wikipedia,https://doi.org/10.1016/s0009-2614(97)01204-9,https://sv.wikipedia.org/api/rest_v1/page/html/Jack_Sarfatti/43073870,5919394d-2a3d-458c-a358-38cc9087bdc5,2018-06-04 08:34:42,2018-06-04 04:36:06,references,36c35e23-8757-4a9d-aacf-345e9b7eb50d,https://creativecommons.org/publicdomain/zero/1.0/,https://doi.org/10.13003/CED-terms-of-use,,,https://evidence.eventdata.crossref.org/evidence/20180604-wikipedia-1fab2184-af86-48f6-9e16-f6f1f8cc0ca3,add,https://sv.wikipedia.org/wiki/Jack_Sarfatti,Jack Sarfatti,https://sv.wikipedia.org/w/index.php?title=Jack_Sarfatti&oldid=43073870,https://sv.wikipedia.org/api/rest_v1/page/html/Jack_Sarfatti/43073870,https://doi.org/10.1016/s0009-2614(97)01204-9,http://arxiv.org/abs/physics/9704029
14045,wikipedia,https://doi.org/10.1016/s0009-2614(97)01204-9,https://en.wikipedia.org/api/rest_v1/page/html/Jack_Sarfatti/845907121,196c9dd9-9ad1-443c-8732-03b67c338ea2,2018-06-14 23:13:06,2018-06-14 19:15:26,references,36c35e23-8757-4a9d-aacf-345e9b7eb50d,https://creativecommons.org/publicdomain/zero/1.0/,https://doi.org/10.13003/CED-terms-of-use,,,https://evidence.eventdata.crossref.org/evidence/20180614-wikipedia-73b27c1c-5980-4289-bbba-9f6d42690b62,add,https://en.wikipedia.org/wiki/Jack_Sarfatti,Jack Sarfatti,https://en.wikipedia.org/w/index.php?title=Jack_Sarfatti&oldid=845907121,https://en.wikipedia.org/api/rest_v1/page/html/Jack_Sarfatti/845907121,https://doi.org/10.1016/s0009-2614(97)01204-9,https://arxiv.org/abs/physics/9704029
14046,wikipedia,https://doi.org/10.1016/s0009-2614(97)01204-9,https://en.wikipedia.org/api/rest_v1/page/html/Jack_Sarfatti/845921414,0793a1b6-19f1-483f-800f-3cb2a69e98f3,2018-06-15 01:45:22,2018-06-14 21:46:45,references,36c35e23-8757-4a9d-aacf-345e9b7eb50d,https://creativecommons.org/publicdomain/zero/1.0/,https://doi.org/10.13003/CED-terms-of-use,,,https://evidence.eventdata.crossref.org/evidence/20180615-wikipedia-8fda7205-9c46-444f-9b85-3c102d84361a,add,https://en.wikipedia.org/wiki/Jack_Sarfatti,Jack Sarfatti,https://en.wikipedia.org/w/index.php?title=Jack_Sarfatti&oldid=845921414,https://en.wikipedia.org/api/rest_v1/page/html/Jack_Sarfatti/845921414,https://doi.org/10.1016/s0009-2614(97)01204-9,https://arxiv.org/abs/physics/9704029
14047,wikipedia,https://doi.org/10.1016/s0009-2614(97)01204-9,https://en.wikipedia.org/api/rest_v1/page/html/Jack_Sarfatti/846000433,06adf77e-ae9a-4892-bb8a-569b2cd367d6,2018-06-15 16:08:05,2018-06-15 12:11:12,references,36c35e23-8757-4a9d-aacf-345e9b7eb50d,https://creativecommons.org/publicdomain/zero/1.0/,https://doi.org/10.13003/CED-terms-of-use,,,https://evidence.eventdata.crossref.org/evidence/20180615-wikipedia-d413f8b0-2b4a-47be-abbb-72002e71d8ce,add,https://en.wikipedia.org/wiki/Jack_Sarfatti,Jack Sarfatti,https://en.wikipedia.org/w/index.php?title=Jack_Sarfatti&oldid=846000433,https://en.wikipedia.org/api/rest_v1/page/html/Jack_Sarfatti/846000433,https://doi.org/10.1016/s0009-2614(97)01204-9,https://arxiv.org/abs/physics/9704029
14048,wikipedia,https://doi.org/10.1016/s0009-2614(97)01204-9,https://en.wikipedia.org/api/rest_v1/page/html/Jack_Sarfatti/846149943,31f28eaa-1ebe-47a3-ac6b-6321e32c586c,2018-06-16 17:40:06,2018-06-16 13:41:58,references,36c35e23-8757-4a9d-aacf-345e9b7eb50d,https://creativecommons.org/publicdomain/zero/1.0/,https://doi.org/10.13003/CED-terms-of-use,,,https://evidence.eventdata.crossref.org/evidence/20180616-wikipedia-6bdcdd13-aaf2-4f8f-a2c1-416725b52fd4,add,https://en.wikipedia.org/wiki/Jack_Sarfatti,Jack Sarfatti,https://en.wikipedia.org/w/index.php?title=Jack_Sarfatti&oldid=846149943,https://en.wikipedia.org/api/rest_v1/page/html/Jack_Sarfatti/846149943,https://doi.org/10.1016/s0009-2614(97)01204-9,https://arxiv.org/abs/physics/9704029
14049,wikipedia,https://doi.org/10.1016/s0009-2614(97)01204-9,https://en.wikipedia.org/api/rest_v1/page/html/Jack_Sarfatti/846150482,4969cead-76b2-4a19-8076-6ba423f216fd,2018-06-16 17:44:14,2018-06-16 13:46:05,references,36c35e23-8757-4a9d-aacf-345e9b7eb50d,https://creativecommons.org/publicdomain/zero/1.0/,https://doi.org/10.13003/CED-terms-of-use,,,https://evidence.eventdata.crossref.org/evidence/20180616-wikipedia-7e8d3c95-793f-4ca0-a717-a3d5ee041226,add,https://en.wikipedia.org/wiki/Jack_Sarfatti,Jack Sarfatti,https://en.wikipedia.org/w/index.php?title=Jack_Sarfatti&oldid=846150482,https://en.wikipedia.org/api/rest_v1/page/html/Jack_Sarfatti/846150482,https://doi.org/10.1016/s0009-2614(97)01204-9,https://arxiv.org/abs/physics/9704029
14050,wikipedia,https://doi.org/10.1016/s0009-2614(97)01204-9,https://en.wikipedia.org/api/rest_v1/page/html/Jack_Sarfatti/846151742,02ef86ff-792c-41b3-84ec-74da910f939c,2018-06-16 17:53:38,2018-06-16 13:55:25,references,36c35e23-8757-4a9d-aacf-345e9b7eb50d,https://creativecommons.org/publicdomain/zero/1.0/,https://doi.org/10.13003/CED-terms-of-use,,,https://evidence.eventdata.crossref.org/evidence/20180616-wikipedia-47c87116-1471-4c5c-b8e1-4f4dc3e0057f,add,https://en.wikipedia.org/wiki/Jack_Sarfatti,Jack Sarfatti,https://en.wikipedia.org/w/index.php?title=Jack_Sarfatti&oldid=846151742,https://en.wikipedia.org/api/rest_v1/page/html/Jack_Sarfatti/846151742,https://doi.org/10.1016/s0009-2614(97)01204-9,https://arxiv.org/abs/physics/9704029
14051,wikipedia,https://doi.org/10.1016/s0009-2614(97)01204-9,https://en.wikipedia.org/api/rest_v1/page/html/Jack_Sarfatti/846152832,51aecf8b-8948-47bc-8ef4-dc03b427b934,2018-06-16 18:01:29,2018-06-16 14:03:06,references,36c35e23-8757-4a9d-aacf-345e9b7eb50d,https://creativecommons.org/publicdomain/zero/1.0/,https://doi.org/10.13003/CED-terms-of-use,,,https://evidence.eventdata.crossref.org/evidence/20180616-wikipedia-91933a22-d8e2-472d-be5f-0d72ba70719e,add,https://en.wikipedia.org/wiki/Jack_Sarfatti,Jack Sarfatti,https://en.wikipedia.org/w/index.php?title=Jack_Sarfatti&oldid=846152832,https://en.wikipedia.org/api/rest_v1/page/html/Jack_Sarfatti/846152832,https://doi.org/10.1016/s0009-2614(97)01204-9,https://arxiv.org/abs/physics/9704029
14052,wikipedia,https://doi.org/10.1016/s0009-2614(97)01204-9,https://en.wikipedia.org/api/rest_v1/page/html/Jack_Sarfatti/846291688,dfdf0c2f-1ea5-405e-abdf-bcde3eec3c94,2018-06-17 19:19:09,2018-06-17 15:21:47,references,36c35e23-8757-4a9d-aacf-345e9b7eb50d,https://creativecommons.org/publicdomain/zero/1.0/,https://doi.org/10.13003/CED-terms-of-use,,,https://evidence.eventdata.crossref.org/evidence/20180617-wikipedia-995bc3e6-bf7d-4b44-9477-d71452198092,add,https://en.wikipedia.org/wiki/Jack_Sarfatti,Jack Sarfatti,https://en.wikipedia.org/w/index.php?title=Jack_Sarfatti&oldid=846291688,https://en.wikipedia.org/api/rest_v1/page/html/Jack_Sarfatti/846291688,https://doi.org/10.1016/s0009-2614(97)01204-9,https://arxiv.org/abs/physics/9704029
14053,wikipedia,https://doi.org/10.1016/s0009-2614(97)01204-9,https://en.wikipedia.org/api/rest_v1/page/html/Jack_Sarfatti/847849050,d0e8fcd3-90a8-4549-8430-84a0613ab570,2018-06-28 06:05:02,2018-06-28 02:06:17,references,36c35e23-8757-4a9d-aacf-345e9b7eb50d,https://creativecommons.org/publicdomain/zero/1.0/,https://doi.org/10.13003/CED-terms-of-use,,,https://evidence.eventdata.crossref.org/evidence/20180628-wikipedia-64e74e95-4943-4bdb-a64c-2ed3b3a27d55,add,https://en.wikipedia.org/wiki/Jack_Sarfatti,Jack Sarfatti,https://en.wikipedia.org/w/index.php?title=Jack_Sarfatti&oldid=847849050,https://en.wikipedia.org/api/rest_v1/page/html/Jack_Sarfatti/847849050,https://doi.org/10.1016/s0009-2614(97)01204-9,https://arxiv.org/abs/physics/9704029
14054,wikipedia,https://doi.org/10.1016/s0009-2614(97)01204-9,https://sv.wikipedia.org/api/rest_v1/page/html/Jack_Sarfatti/43193736,69b2d4e7-a393-47e6-b5ca-d084527c6f66,2018-06-29 03:55:46,2018-06-28 23:57:38,references,36c35e23-8757-4a9d-aacf-345e9b7eb50d,https://creativecommons.org/publicdomain/zero/1.0/,https://doi.org/10.13003/CED-terms-of-use,,,https://evidence.eventdata.crossref.org/evidence/20180629-wikipedia-ecc9c683-7ab8-4e0b-a866-2b3c599177cb,add,https://sv.wikipedia.org/wiki/Jack_Sarfatti,Jack Sarfatti,https://sv.wikipedia.org/w/index.php?title=Jack_Sarfatti&oldid=43193736,https://sv.wikipedia.org/api/rest_v1/page/html/Jack_Sarfatti/43193736,https://doi.org/10.1016/s0009-2614(97)01204-9,http://arxiv.org/abs/physics/9704029
14055,wikipedia,https://doi.org/10.1016/s0009-2614(97)01204-9,https://en.wikipedia.org/api/rest_v1/page/html/Jack_Sarfatti/848724061,4e50fb80-2aac-4ad4-8683-9624f5dcb35f,2018-07-03 21:26:02,2018-07-03 17:26:59,references,36c35e23-8757-4a9d-aacf-345e9b7eb50d,https://creativecommons.org/publicdomain/zero/1.0/,https://doi.org/10.13003/CED-terms-of-use,,,https://evidence.eventdata.crossref.org/evidence/20180703-wikipedia-a7744a30-9441-4832-aee5-20d85a9d38fc,add,https://en.wikipedia.org/wiki/Jack_Sarfatti,Jack Sarfatti,https://en.wikipedia.org/w/index.php?title=Jack_Sarfatti&oldid=848724061,https://en.wikipedia.org/api/rest_v1/page/html/Jack_Sarfatti/848724061,https://doi.org/10.1016/s0009-2614(97)01204-9,https://arxiv.org/abs/physics/9704029
14056,wikipedia,https://doi.org/10.1016/s0009-2614(97)01204-9,https://en.wikipedia.org/api/rest_v1/page/html/Jack_Sarfatti/848724159,5a1a233a-28b8-40f1-aed6-4e554251acd7,2018-07-03 21:26:58,2018-07-03 17:27:47,references,36c35e23-8757-4a9d-aacf-345e9b7eb50d,https://creativecommons.org/publicdomain/zero/1.0/,https://doi.org/10.13003/CED-terms-of-use,,,https://evidence.eventdata.crossref.org/evidence/20180703-wikipedia-5454a578-527b-4841-a7ea-9d831197f3ed,add,https://en.wikipedia.org/wiki/Jack_Sarfatti,Jack Sarfatti,https://en.wikipedia.org/w/index.php?title=Jack_Sarfatti&oldid=848724159,https://en.wikipedia.org/api/rest_v1/page/html/Jack_Sarfatti/848724159,https://doi.org/10.1016/s0009-2614(97)01204-9,https://arxiv.org/abs/physics/9704029
14057,wikipedia,https://doi.org/10.1016/s0009-2614(97)01204-9,https://en.wikipedia.org/api/rest_v1/page/html/Jack_Sarfatti/848724189,310d6a11-9535-4cb6-ae4a-32b4e0cfcb51,2018-07-03 21:27:17,2018-07-03 17:28:14,references,36c35e23-8757-4a9d-aacf-345e9b7eb50d,https://creativecommons.org/publicdomain/zero/1.0/,https://doi.org/10.13003/CED-terms-of-use,,,https://evidence.eventdata.crossref.org/evidence/20180703-wikipedia-9a7167e4-fa69-4ca3-8049-585b8db90aa5,add,https://en.wikipedia.org/wiki/Jack_Sarfatti,Jack Sarfatti,https://en.wikipedia.org/w/index.php?title=Jack_Sarfatti&oldid=848724189,https://en.wikipedia.org/api/rest_v1/page/html/Jack_Sarfatti/848724189,https://doi.org/10.1016/s0009-2614(97)01204-9,https://arxiv.org/abs/physics/9704029
14058,wikipedia,https://doi.org/10.1016/s0009-2614(97)01204-9,https://en.wikipedia.org/api/rest_v1/page/html/Jack_Sarfatti/848724651,dae63378-6da9-4689-834b-ab0744997c32,2018-07-03 21:32:08,2018-07-03 17:32:54,references,36c35e23-8757-4a9d-aacf-345e9b7eb50d,https://creativecommons.org/publicdomain/zero/1.0/,https://doi.org/10.13003/CED-terms-of-use,,,https://evidence.eventdata.crossref.org/evidence/20180703-wikipedia-e705651c-3e42-467c-9413-404251c1c1d7,add,https://en.wikipedia.org/wiki/Jack_Sarfatti,Jack Sarfatti,https://en.wikipedia.org/w/index.php?title=Jack_Sarfatti&oldid=848724651,https://en.wikipedia.org/api/rest_v1/page/html/Jack_Sarfatti/848724651,https://doi.org/10.1016/s0009-2614(97)01204-9,https://arxiv.org/abs/physics/9704029
14059,wikipedia,https://doi.org/10.1016/s0009-2614(97)01204-9,https://en.wikipedia.org/api/rest_v1/page/html/Jack_Sarfatti/848724811,561fffc3-1ae3-4ca5-9708-8fa83609ec7f,2018-07-03 21:33:44,2018-07-03 17:34:37,references,36c35e23-8757-4a9d-aacf-345e9b7eb50d,https://creativecommons.org/publicdomain/zero/1.0/,https://doi.org/10.13003/CED-terms-of-use,,,https://evidence.eventdata.crossref.org/evidence/20180703-wikipedia-a6f70301-34b1-4e29-a761-1da435c0782d,add,https://en.wikipedia.org/wiki/Jack_Sarfatti,Jack Sarfatti,https://en.wikipedia.org/w/index.php?title=Jack_Sarfatti&oldid=848724811,https://en.wikipedia.org/api/rest_v1/page/html/Jack_Sarfatti/848724811,https://doi.org/10.1016/s0009-2614(97)01204-9,https://arxiv.org/abs/physics/9704029
14060,wikipedia,https://doi.org/10.1016/s0009-2614(97)01204-9,https://en.wikipedia.org/api/rest_v1/page/html/Jack_Sarfatti/848724843,2c3354ae-c663-4d8a-9743-1bb3905555e0,2018-07-03 21:34:07,2018-07-03 17:34:57,references,36c35e23-8757-4a9d-aacf-345e9b7eb50d,https://creativecommons.org/publicdomain/zero/1.0/,https://doi.org/10.13003/CED-terms-of-use,,,https://evidence.eventdata.crossref.org/evidence/20180703-wikipedia-240aae9c-ff70-4585-bcb3-daafc99c9d42,add,https://en.wikipedia.org/wiki/Jack_Sarfatti,Jack Sarfatti,https://en.wikipedia.org/w/index.php?title=Jack_Sarfatti&oldid=848724843,https://en.wikipedia.org/api/rest_v1/page/html/Jack_Sarfatti/848724843,https://doi.org/10.1016/s0009-2614(97)01204-9,https://arxiv.org/abs/physics/9704029
14061,wikipedia,https://doi.org/10.1016/s0009-2614(97)01204-9,https://en.wikipedia.org/api/rest_v1/page/html/Jack_Sarfatti/848724882,860e8d22-b9ab-454a-ba31-fe71d3ed9318,2018-07-03 21:34:36,2018-07-03 17:35:16,references,36c35e23-8757-4a9d-aacf-345e9b7eb50d,https://creativecommons.org/publicdomain/zero/1.0/,https://doi.org/10.13003/CED-terms-of-use,,,https://evidence.eventdata.crossref.org/evidence/20180703-wikipedia-ee7e63aa-c86d-4873-990e-01f6d98e97e0,add,https://en.wikipedia.org/wiki/Jack_Sarfatti,Jack Sarfatti,https://en.wikipedia.org/w/index.php?title=Jack_Sarfatti&oldid=848724882,https://en.wikipedia.org/api/rest_v1/page/html/Jack_Sarfatti/848724882,https://doi.org/10.1016/s0009-2614(97)01204-9,https://arxiv.org/abs/physics/9704029
14062,wikipedia,https://doi.org/10.1016/s0009-2614(97)01204-9,https://en.wikipedia.org/api/rest_v1/page/html/Jack_Sarfatti/848725052,9f988b56-ca86-4c9d-b0dc-6ca38ffd2800,2018-07-03 21:36:31,2018-07-03 17:37:11,references,36c35e23-8757-4a9d-aacf-345e9b7eb50d,https://creativecommons.org/publicdomain/zero/1.0/,https://doi.org/10.13003/CED-terms-of-use,,,https://evidence.eventdata.crossref.org/evidence/20180703-wikipedia-4762dced-1b30-40c9-8329-9a12635ea56a,add,https://en.wikipedia.org/wiki/Jack_Sarfatti,Jack Sarfatti,https://en.wikipedia.org/w/index.php?title=Jack_Sarfatti&oldid=848725052,https://en.wikipedia.org/api/rest_v1/page/html/Jack_Sarfatti/848725052,https://doi.org/10.1016/s0009-2614(97)01204-9,https://arxiv.org/abs/physics/9704029
14063,wikipedia,https://doi.org/10.1016/s0009-2614(97)01204-9,https://en.wikipedia.org/api/rest_v1/page/html/Jack_Sarfatti/848725170,eae6b11e-d72e-480a-b3a3-8e4dcc236518,2018-07-03 21:37:48,2018-07-03 17:38:21,references,36c35e23-8757-4a9d-aacf-345e9b7eb50d,https://creativecommons.org/publicdomain/zero/1.0/,https://doi.org/10.13003/CED-terms-of-use,,,https://evidence.eventdata.crossref.org/evidence/20180703-wikipedia-8e9f4ca2-e575-4fd2-9112-17640301311e,add,https://en.wikipedia.org/wiki/Jack_Sarfatti,Jack Sarfatti,https://en.wikipedia.org/w/index.php?title=Jack_Sarfatti&oldid=848725170,https://en.wikipedia.org/api/rest_v1/page/html/Jack_Sarfatti/848725170,https://doi.org/10.1016/s0009-2614(97)01204-9,https://arxiv.org/abs/physics/9704029
14064,wikipedia,https://doi.org/10.1016/s0009-2614(97)01204-9,https://en.wikipedia.org/api/rest_v1/page/html/Jack_Sarfatti/849050544,da5a975f-4793-429a-8664-b85445c0eada,2018-07-06 04:42:31,2018-07-06 00:43:11,references,36c35e23-8757-4a9d-aacf-345e9b7eb50d,https://creativecommons.org/publicdomain/zero/1.0/,https://doi.org/10.13003/CED-terms-of-use,,,https://evidence.eventdata.crossref.org/evidence/20180706-wikipedia-c3b7af5a-af15-41e1-8034-b77d8ef1fb0e,add,https://en.wikipedia.org/wiki/Jack_Sarfatti,Jack Sarfatti,https://en.wikipedia.org/w/index.php?title=Jack_Sarfatti&oldid=849050544,https://en.wikipedia.org/api/rest_v1/page/html/Jack_Sarfatti/849050544,https://doi.org/10.1016/s0009-2614(97)01204-9,https://arxiv.org/abs/physics/9704029
14065,wikipedia,https://doi.org/10.1016/s0009-2614(97)01204-9,https://en.wikipedia.org/api/rest_v1/page/html/Jack_Sarfatti/849050797,080f7080-fa41-44a0-a8b7-e8090276cc89,2018-07-06 04:45:47,2018-07-06 00:46:37,references,36c35e23-8757-4a9d-aacf-345e9b7eb50d,https://creativecommons.org/publicdomain/zero/1.0/,https://doi.org/10.13003/CED-terms-of-use,,,https://evidence.eventdata.crossref.org/evidence/20180706-wikipedia-30fce0ad-761e-4a3a-8159-5f23cf6f75d6,add,https://en.wikipedia.org/wiki/Jack_Sarfatti,Jack Sarfatti,https://en.wikipedia.org/w/index.php?title=Jack_Sarfatti&oldid=849050797,https://en.wikipedia.org/api/rest_v1/page/html/Jack_Sarfatti/849050797,https://doi.org/10.1016/s0009-2614(97)01204-9,https://arxiv.org/abs/physics/9704029
14066,wikipedia,https://doi.org/10.1016/s0009-2614(97)01204-9,https://en.wikipedia.org/api/rest_v1/page/html/Jack_Sarfatti/849406360,630467be-8d7d-407a-ba1b-0b88b29315cd,2018-07-08 19:42:43,2018-07-08 15:43:43,references,36c35e23-8757-4a9d-aacf-345e9b7eb50d,https://creativecommons.org/publicdomain/zero/1.0/,https://doi.org/10.13003/CED-terms-of-use,,,https://evidence.eventdata.crossref.org/evidence/20180708-wikipedia-0b77066a-8ca9-4874-861b-5d9090e84290,add,https://en.wikipedia.org/wiki/Jack_Sarfatti,Jack Sarfatti,https://en.wikipedia.org/w/index.php?title=Jack_Sarfatti&oldid=849406360,https://en.wikipedia.org/api/rest_v1/page/html/Jack_Sarfatti/849406360,https://doi.org/10.1016/s0009-2614(97)01204-9,https://arxiv.org/abs/physics/9704029
14067,wikipedia,https://doi.org/10.1016/s0009-2614(97)01204-9,https://en.wikipedia.org/api/rest_v1/page/html/Jack_Sarfatti/849741629,3062e8d8-c133-4e61-9866-3e8186b85957,2018-07-11 01:34:50,2018-07-10 21:35:48,references,36c35e23-8757-4a9d-aacf-345e9b7eb50d,https://creativecommons.org/publicdomain/zero/1.0/,https://doi.org/10.13003/CED-terms-of-use,,,https://evidence.eventdata.crossref.org/evidence/20180711-wikipedia-d0874ff9-5b87-486c-a9e1-a1ead11088e8,add,https://en.wikipedia.org/wiki/Jack_Sarfatti,Jack Sarfatti,https://en.wikipedia.org/w/index.php?title=Jack_Sarfatti&oldid=849741629,https://en.wikipedia.org/api/rest_v1/page/html/Jack_Sarfatti/849741629,https://doi.org/10.1016/s0009-2614(97)01204-9,https://arxiv.org/abs/physics/9704029
14068,wikipedia,https://doi.org/10.1016/s0009-2614(97)01204-9,https://de.wikipedia.org/api/rest_v1/page/html/Jack_Sarfatti/179820606,ca3cc067-f078-4866-8c4d-d03f6131a15e,2018-08-07 21:32:37,2018-08-07 17:34:14,references,36c35e23-8757-4a9d-aacf-345e9b7eb50d,https://creativecommons.org/publicdomain/zero/1.0/,https://doi.org/10.13003/CED-terms-of-use,,,https://evidence.eventdata.crossref.org/evidence/20180807-wikipedia-5108407b-2ecd-456d-96e3-e2aad1012aaa,add,https://de.wikipedia.org/wiki/Jack_Sarfatti,Jack Sarfatti,https://de.wikipedia.org/w/index.php?title=Jack_Sarfatti&oldid=179820606,https://de.wikipedia.org/api/rest_v1/page/html/Jack_Sarfatti/179820606,https://doi.org/10.1016/s0009-2614(97)01204-9,https://arxiv.org/abs/physics/9704029
14069,wikipedia,https://doi.org/10.1016/s0009-2614(97)01204-9,https://en.wikipedia.org/api/rest_v1/page/html/Jack_Sarfatti/862532214,e1e2c880-6de7-4c1a-bee6-964dad0e025b,2018-10-05 00:37:26,2018-10-04 20:41:54,references,36c35e23-8757-4a9d-aacf-345e9b7eb50d,https://creativecommons.org/publicdomain/zero/1.0/,https://doi.org/10.13003/CED-terms-of-use,,,https://evidence.eventdata.crossref.org/evidence/20181005-wikipedia-0e0c90ad-3727-442b-a8ec-3d872e249f4e,add,https://en.wikipedia.org/wiki/Jack_Sarfatti,Jack Sarfatti,https://en.wikipedia.org/w/index.php?title=Jack_Sarfatti&oldid=862532214,https://en.wikipedia.org/api/rest_v1/page/html/Jack_Sarfatti/862532214,https://doi.org/10.1016/s0009-2614(97)01204-9,https://arxiv.org/abs/physics/9704029
14070,wikipedia,https://doi.org/10.1016/s0009-2614(97)01204-9,https://en.wikipedia.org/api/rest_v1/page/html/Jack_Sarfatti/862532474,943fbeff-196a-4e49-9078-23189f41dc7a,2018-10-05 00:39:38,2018-10-04 20:44:29,references,36c35e23-8757-4a9d-aacf-345e9b7eb50d,https://creativecommons.org/publicdomain/zero/1.0/,https://doi.org/10.13003/CED-terms-of-use,,,https://evidence.eventdata.crossref.org/evidence/20181005-wikipedia-f4150d82-c6ac-40aa-a2c3-4efa915a9d7f,add,https://en.wikipedia.org/wiki/Jack_Sarfatti,Jack Sarfatti,https://en.wikipedia.org/w/index.php?title=Jack_Sarfatti&oldid=862532474,https://en.wikipedia.org/api/rest_v1/page/html/Jack_Sarfatti/862532474,https://doi.org/10.1016/s0009-2614(97)01204-9,https://arxiv.org/abs/physics/9704029
14071,wikipedia,https://doi.org/10.1016/s0009-2614(97)01204-9,https://en.wikipedia.org/api/rest_v1/page/html/Jack_Sarfatti/866303984,ccc5e3de-0dde-41c7-b066-b0bdb294f00f,2018-10-29 15:15:13,2018-10-29 11:20:23,references,36c35e23-8757-4a9d-aacf-345e9b7eb50d,https://creativecommons.org/publicdomain/zero/1.0/,https://doi.org/10.13003/CED-terms-of-use,,,https://evidence.eventdata.crossref.org/evidence/20181029-wikipedia-89076e41-63de-4202-a54c-864d4579b2da,add,https://en.wikipedia.org/wiki/Jack_Sarfatti,Jack Sarfatti,https://en.wikipedia.org/w/index.php?title=Jack_Sarfatti&oldid=866303984,https://en.wikipedia.org/api/rest_v1/page/html/Jack_Sarfatti/866303984,https://doi.org/10.1016/s0009-2614(97)01204-9,https://arxiv.org/abs/physics/9704029
14072,wikipedia,https://doi.org/10.1016/s0009-2614(97)01204-9,https://en.wikipedia.org/api/rest_v1/page/html/Jack_Sarfatti/866305486,80e364f0-f261-435c-8d82-fdf0014c620d,2018-10-29 15:25:54,2018-10-29 11:32:23,references,36c35e23-8757-4a9d-aacf-345e9b7eb50d,https://creativecommons.org/publicdomain/zero/1.0/,https://doi.org/10.13003/CED-terms-of-use,,,https://evidence.eventdata.crossref.org/evidence/20181029-wikipedia-7aad79c9-f47d-4f8c-979e-b898e9023a96,add,https://en.wikipedia.org/wiki/Jack_Sarfatti,Jack Sarfatti,https://en.wikipedia.org/w/index.php?title=Jack_Sarfatti&oldid=866305486,https://en.wikipedia.org/api/rest_v1/page/html/Jack_Sarfatti/866305486,https://doi.org/10.1016/s0009-2614(97)01204-9,https://arxiv.org/abs/physics/9704029
14073,wikipedia,https://doi.org/10.1016/s0009-2614(97)01204-9,https://en.wikipedia.org/api/rest_v1/page/html/Jack_Sarfatti/866306002,861e86c1-df46-4361-b187-13d595ff7503,2018-10-29 15:29:57,2018-10-29 11:41:36,references,36c35e23-8757-4a9d-aacf-345e9b7eb50d,https://creativecommons.org/publicdomain/zero/1.0/,https://doi.org/10.13003/CED-terms-of-use,,,https://evidence.eventdata.crossref.org/evidence/20181029-wikipedia-2ee0100c-bd1f-462d-9d38-1aff33602ba6,add,https://en.wikipedia.org/wiki/Jack_Sarfatti,Jack Sarfatti,https://en.wikipedia.org/w/index.php?title=Jack_Sarfatti&oldid=866306002,https://en.wikipedia.org/api/rest_v1/page/html/Jack_Sarfatti/866306002,https://doi.org/10.1016/s0009-2614(97)01204-9,https://arxiv.org/abs/physics/9704029
14074,wikipedia,https://doi.org/10.1016/s0009-2614(97)01204-9,https://en.wikipedia.org/api/rest_v1/page/html/Jack_Sarfatti/866423062,6e698406-526d-44e4-ab5a-e87e4d40c0c9,2018-10-30 06:46:33,2018-10-30 02:49:36,references,36c35e23-8757-4a9d-aacf-345e9b7eb50d,https://creativecommons.org/publicdomain/zero/1.0/,https://doi.org/10.13003/CED-terms-of-use,,,https://evidence.eventdata.crossref.org/evidence/20181030-wikipedia-42b1a805-f9ef-403e-867f-9dc914e458e2,add,https://en.wikipedia.org/wiki/Jack_Sarfatti,Jack Sarfatti,https://en.wikipedia.org/w/index.php?title=Jack_Sarfatti&oldid=866423062,https://en.wikipedia.org/api/rest_v1/page/html/Jack_Sarfatti/866423062,https://doi.org/10.1016/s0009-2614(97)01204-9,https://arxiv.org/abs/physics/9704029
14075,wikipedia,https://doi.org/10.1016/s0009-2614(97)01204-9,https://en.wikipedia.org/api/rest_v1/page/html/Jack_Sarfatti/866423486,ba7cbf8b-ee9e-4df9-a759-52c36c00592a,2018-10-30 06:54:21,2018-10-30 02:57:26,references,36c35e23-8757-4a9d-aacf-345e9b7eb50d,https://creativecommons.org/publicdomain/zero/1.0/,https://doi.org/10.13003/CED-terms-of-use,,,https://evidence.eventdata.crossref.org/evidence/20181030-wikipedia-ea07aa4f-9dc9-4800-b887-e3231002adfd,add,https://en.wikipedia.org/wiki/Jack_Sarfatti,Jack Sarfatti,https://en.wikipedia.org/w/index.php?title=Jack_Sarfatti&oldid=866423486,https://en.wikipedia.org/api/rest_v1/page/html/Jack_Sarfatti/866423486,https://doi.org/10.1016/s0009-2614(97)01204-9,https://arxiv.org/abs/physics/9704029
14076,wikipedia,https://doi.org/10.1016/s0009-2614(97)01204-9,https://en.wikipedia.org/api/rest_v1/page/html/Jack_Sarfatti/866462269,f8e6f0e5-da59-4ddf-80ef-e03dea026d84,2018-10-30 13:52:06,2018-10-30 09:56:50,references,36c35e23-8757-4a9d-aacf-345e9b7eb50d,https://creativecommons.org/publicdomain/zero/1.0/,https://doi.org/10.13003/CED-terms-of-use,,,https://evidence.eventdata.crossref.org/evidence/20181030-wikipedia-0f51ea7a-dde1-4bcf-b99f-e6dbf821de98,add,https://en.wikipedia.org/wiki/Jack_Sarfatti,Jack Sarfatti,https://en.wikipedia.org/w/index.php?title=Jack_Sarfatti&oldid=866462269,https://en.wikipedia.org/api/rest_v1/page/html/Jack_Sarfatti/866462269,https://doi.org/10.1016/s0009-2614(97)01204-9,https://arxiv.org/abs/physics/9704029
14077,wikipedia,https://doi.org/10.1016/s0009-2614(97)01204-9,https://en.wikipedia.org/api/rest_v1/page/html/Jack_Sarfatti/866462372,9277b93a-0fa4-491c-91c5-132aaffcc6ee,2018-10-30 13:52:44,2018-10-30 09:57:22,references,36c35e23-8757-4a9d-aacf-345e9b7eb50d,https://creativecommons.org/publicdomain/zero/1.0/,https://doi.org/10.13003/CED-terms-of-use,,,https://evidence.eventdata.crossref.org/evidence/20181030-wikipedia-aa063c62-ebbd-4f72-8b9b-870fa86a4d9d,add,https://en.wikipedia.org/wiki/Jack_Sarfatti,Jack Sarfatti,https://en.wikipedia.org/w/index.php?title=Jack_Sarfatti&oldid=866462372,https://en.wikipedia.org/api/rest_v1/page/html/Jack_Sarfatti/866462372,https://doi.org/10.1016/s0009-2614(97)01204-9,https://arxiv.org/abs/physics/9704029
14078,wikipedia,https://doi.org/10.1016/s0009-2614(97)01204-9,https://en.wikipedia.org/api/rest_v1/page/html/Jack_Sarfatti/866471008,7cd323dd-338e-4b6a-894a-f7832116f53e,2018-10-30 14:57:21,2018-10-30 11:05:19,references,36c35e23-8757-4a9d-aacf-345e9b7eb50d,https://creativecommons.org/publicdomain/zero/1.0/,https://doi.org/10.13003/CED-terms-of-use,,,https://evidence.eventdata.crossref.org/evidence/20181030-wikipedia-51cd8bf9-8292-4ff2-975b-aa45e63d8cad,add,https://en.wikipedia.org/wiki/Jack_Sarfatti,Jack Sarfatti,https://en.wikipedia.org/w/index.php?title=Jack_Sarfatti&oldid=866471008,https://en.wikipedia.org/api/rest_v1/page/html/Jack_Sarfatti/866471008,https://doi.org/10.1016/s0009-2614(97)01204-9,https://arxiv.org/abs/physics/9704029
14079,wikipedia,https://doi.org/10.1016/s0009-2614(97)01204-9,https://de.wikipedia.org/api/rest_v1/page/html/Jack_Sarfatti/182482491,ad777c2c-9127-4e0d-ae2b-35883f334f89,2018-11-05 15:12:43,2018-11-05 10:27:56,references,36c35e23-8757-4a9d-aacf-345e9b7eb50d,https://creativecommons.org/publicdomain/zero/1.0/,https://doi.org/10.13003/CED-terms-of-use,,,https://evidence.eventdata.crossref.org/evidence/20181105-wikipedia-658bb8ef-892b-423b-9dfa-d9df4d23d03d,add,https://de.wikipedia.org/wiki/Jack_Sarfatti,Jack Sarfatti,https://de.wikipedia.org/w/index.php?title=Jack_Sarfatti&oldid=182482491,https://de.wikipedia.org/api/rest_v1/page/html/Jack_Sarfatti/182482491,https://doi.org/10.1016/s0009-2614(97)01204-9,https://arxiv.org/abs/physics/9704029
14080,wikipedia,https://doi.org/10.1016/s0009-2614(97)01204-9,https://no.wikipedia.org/api/rest_v1/page/html/Jack_Sarfatti/19273921,c619e133-c83c-4efa-8bb0-e709397fbd6c,2019-03-18 17:59:24,2019-03-22 20:44:54,references,36c35e23-8757-4a9d-aacf-345e9b7eb50d,https://creativecommons.org/publicdomain/zero/1.0/,https://doi.org/10.13003/CED-terms-of-use,,,https://evidence.eventdata.crossref.org/evidence/20190318-wikipedia-330eb187-7fa6-4e15-90d8-6b2d264c3a48,add,https://no.wikipedia.org/wiki/Jack_Sarfatti,Jack Sarfatti,https://no.wikipedia.org/w/index.php?title=Jack_Sarfatti&oldid=19273921,https://no.wikipedia.org/api/rest_v1/page/html/Jack_Sarfatti/19273921,https://doi.org/10.1016/s0009-2614(97)01204-9,http://arxiv.org/abs/physics/9704029
14081,wikipedia,https://doi.org/10.1016/s0009-2614(97)01204-9,https://de.wikipedia.org/api/rest_v1/page/html/Jack_Sarfatti/187778796,08421ca4-7f13-41f4-a609-11a9a5094927,2019-04-21 20:36:04,2019-04-21 16:38:00,references,36c35e23-8757-4a9d-aacf-345e9b7eb50d,https://creativecommons.org/publicdomain/zero/1.0/,https://doi.org/10.13003/CED-terms-of-use,,,https://evidence.eventdata.crossref.org/evidence/20190421-wikipedia-3de4a978-c85c-4bbb-9351-7b5d2715a7f7,add,https://de.wikipedia.org/wiki/Jack_Sarfatti,Jack Sarfatti,https://de.wikipedia.org/w/index.php?title=Jack_Sarfatti&oldid=187778796,https://de.wikipedia.org/api/rest_v1/page/html/Jack_Sarfatti/187778796,https://doi.org/10.1016/s0009-2614(97)01204-9,https://arxiv.org/abs/physics/9704029
14082,wikipedia,https://doi.org/10.1016/s0009-2614(97)01204-9,https://de.wikipedia.org/api/rest_v1/page/html/Jack_Sarfatti/187779054,83aa8bdd-baa6-48f0-a18b-8e780712082f,2019-04-21 20:44:12,2019-04-21 16:46:55,references,36c35e23-8757-4a9d-aacf-345e9b7eb50d,https://creativecommons.org/publicdomain/zero/1.0/,https://doi.org/10.13003/CED-terms-of-use,,,https://evidence.eventdata.crossref.org/evidence/20190421-wikipedia-1a93253f-6394-4be8-a628-5622d65bd814,add,https://de.wikipedia.org/wiki/Jack_Sarfatti,Jack Sarfatti,https://de.wikipedia.org/w/index.php?title=Jack_Sarfatti&oldid=187779054,https://de.wikipedia.org/api/rest_v1/page/html/Jack_Sarfatti/187779054,https://doi.org/10.1016/s0009-2614(97)01204-9,https://arxiv.org/abs/physics/9704029
14083,wikipedia,https://doi.org/10.1016/s0009-2614(97)01204-9,https://de.wikipedia.org/api/rest_v1/page/html/Jack_Sarfatti/187779204,c0b834d7-1d6e-4319-b792-58cb37df67b9,2019-04-21 20:48:47,2019-04-21 16:52:46,references,36c35e23-8757-4a9d-aacf-345e9b7eb50d,https://creativecommons.org/publicdomain/zero/1.0/,https://doi.org/10.13003/CED-terms-of-use,,,https://evidence.eventdata.crossref.org/evidence/20190421-wikipedia-afe373d2-8aa1-4534-a1b9-457171607f08,add,https://de.wikipedia.org/wiki/Jack_Sarfatti,Jack Sarfatti,https://de.wikipedia.org/w/index.php?title=Jack_Sarfatti&oldid=187779204,https://de.wikipedia.org/api/rest_v1/page/html/Jack_Sarfatti/187779204,https://doi.org/10.1016/s0009-2614(97)01204-9,https://arxiv.org/abs/physics/9704029
14084,wikipedia,https://doi.org/10.1016/s0009-2614(97)01204-9,https://de.wikipedia.org/api/rest_v1/page/html/Jack_Sarfatti/187779799,f1edd03a-3189-4f67-92ba-178148a133c8,2019-04-21 21:11:30,2019-04-21 17:14:09,references,36c35e23-8757-4a9d-aacf-345e9b7eb50d,https://creativecommons.org/publicdomain/zero/1.0/,https://doi.org/10.13003/CED-terms-of-use,,,https://evidence.eventdata.crossref.org/evidence/20190421-wikipedia-a5e11412-4b19-4be3-8d65-b2a2d404b8d3,add,https://de.wikipedia.org/wiki/Jack_Sarfatti,Jack Sarfatti,https://de.wikipedia.org/w/index.php?title=Jack_Sarfatti&oldid=187779799,https://de.wikipedia.org/api/rest_v1/page/html/Jack_Sarfatti/187779799,https://doi.org/10.1016/s0009-2614(97)01204-9,https://arxiv.org/abs/physics/9704029
14085,wikipedia,https://doi.org/10.1016/s0009-2614(97)01204-9,https://de.wikipedia.org/api/rest_v1/page/html/Jack_Sarfatti/187780265,37a22b31-3520-4c16-81aa-910e7a4a4897,2019-04-21 21:36:12,2019-04-21 17:38:16,references,36c35e23-8757-4a9d-aacf-345e9b7eb50d,https://creativecommons.org/publicdomain/zero/1.0/,https://doi.org/10.13003/CED-terms-of-use,,,https://evidence.eventdata.crossref.org/evidence/20190421-wikipedia-e809fb24-79b2-4273-a2f5-33ab6d4b2e8c,add,https://de.wikipedia.org/wiki/Jack_Sarfatti,Jack Sarfatti,https://de.wikipedia.org/w/index.php?title=Jack_Sarfatti&oldid=187780265,https://de.wikipedia.org/api/rest_v1/page/html/Jack_Sarfatti/187780265,https://doi.org/10.1016/s0009-2614(97)01204-9,https://arxiv.org/abs/physics/9704029
14086,wikipedia,https://doi.org/10.1016/s0009-2614(97)01204-9,https://de.wikipedia.org/api/rest_v1/page/html/Jack_Sarfatti/187780319,0a24e90e-2c88-45f8-9d87-16b55886cdde,2019-04-21 21:39:33,2019-04-21 17:42:01,references,36c35e23-8757-4a9d-aacf-345e9b7eb50d,https://creativecommons.org/publicdomain/zero/1.0/,https://doi.org/10.13003/CED-terms-of-use,,,https://evidence.eventdata.crossref.org/evidence/20190421-wikipedia-ac5a8f6a-f3a8-4bb9-b1f5-98f4180d4993,add,https://de.wikipedia.org/wiki/Jack_Sarfatti,Jack Sarfatti,https://de.wikipedia.org/w/index.php?title=Jack_Sarfatti&oldid=187780319,https://de.wikipedia.org/api/rest_v1/page/html/Jack_Sarfatti/187780319,https://doi.org/10.1016/s0009-2614(97)01204-9,https://arxiv.org/abs/physics/9704029
14087,wikipedia,https://doi.org/10.1016/s0009-2614(97)01204-9,https://de.wikipedia.org/api/rest_v1/page/html/Jack_Sarfatti/187785689,8b7f109b-f557-41c1-a117-0dfbacf69219,2019-04-22 05:04:04,2019-04-22 01:07:24,references,36c35e23-8757-4a9d-aacf-345e9b7eb50d,https://creativecommons.org/publicdomain/zero/1.0/,https://doi.org/10.13003/CED-terms-of-use,,,https://evidence.eventdata.crossref.org/evidence/20190422-wikipedia-82eecbcf-6f0b-4fe9-a1f3-8ef2e347779f,add,https://de.wikipedia.org/wiki/Jack_Sarfatti,Jack Sarfatti,https://de.wikipedia.org/w/index.php?title=Jack_Sarfatti&oldid=187785689,https://de.wikipedia.org/api/rest_v1/page/html/Jack_Sarfatti/187785689,https://doi.org/10.1016/s0009-2614(97)01204-9,https://arxiv.org/abs/physics/9704029
14088,wikipedia,https://doi.org/10.1016/s0009-2614(97)01204-9,https://de.wikipedia.org/api/rest_v1/page/html/Jack_Sarfatti/187809126,c6010fe4-c124-4bce-9f9e-0e6c7e47bf74,2019-04-22 19:20:04,2019-04-22 15:26:09,references,36c35e23-8757-4a9d-aacf-345e9b7eb50d,https://creativecommons.org/publicdomain/zero/1.0/,https://doi.org/10.13003/CED-terms-of-use,,,https://evidence.eventdata.crossref.org/evidence/20190422-wikipedia-c448f296-18ce-4664-9772-06d8d57c7fcc,add,https://de.wikipedia.org/wiki/Jack_Sarfatti,Jack Sarfatti,https://de.wikipedia.org/w/index.php?title=Jack_Sarfatti&oldid=187809126,https://de.wikipedia.org/api/rest_v1/page/html/Jack_Sarfatti/187809126,https://doi.org/10.1016/s0009-2614(97)01204-9,https://arxiv.org/abs/physics/9704029
14089,wikipedia,https://doi.org/10.1016/s0009-2614(97)01204-9,https://de.wikipedia.org/api/rest_v1/page/html/Jack_Sarfatti/187816923,fa011610-c888-4dac-99fa-d7edafda3ff3,2019-04-22 23:12:42,2019-04-22 19:15:41,references,36c35e23-8757-4a9d-aacf-345e9b7eb50d,https://creativecommons.org/publicdomain/zero/1.0/,https://doi.org/10.13003/CED-terms-of-use,,,https://evidence.eventdata.crossref.org/evidence/20190422-wikipedia-22594f72-8f68-4da6-abed-0709dd97b71e,add,https://de.wikipedia.org/wiki/Jack_Sarfatti,Jack Sarfatti,https://de.wikipedia.org/w/index.php?title=Jack_Sarfatti&oldid=187816923,https://de.wikipedia.org/api/rest_v1/page/html/Jack_Sarfatti/187816923,https://doi.org/10.1016/s0009-2614(97)01204-9,https://arxiv.org/abs/physics/9704029
14090,wikipedia,https://doi.org/10.1016/s0009-2614(97)01204-9,https://de.wikipedia.org/api/rest_v1/page/html/Jack_Sarfatti/187829158,0557371d-0a00-42e4-8f7b-1a98a1b52b18,2019-04-23 10:24:28,2019-04-23 06:26:42,references,36c35e23-8757-4a9d-aacf-345e9b7eb50d,https://creativecommons.org/publicdomain/zero/1.0/,https://doi.org/10.13003/CED-terms-of-use,,,https://evidence.eventdata.crossref.org/evidence/20190423-wikipedia-64d8ea21-0dca-43a0-b475-7341055a4526,add,https://de.wikipedia.org/wiki/Jack_Sarfatti,Jack Sarfatti,https://de.wikipedia.org/w/index.php?title=Jack_Sarfatti&oldid=187829158,https://de.wikipedia.org/api/rest_v1/page/html/Jack_Sarfatti/187829158,https://doi.org/10.1016/s0009-2614(97)01204-9,https://arxiv.org/abs/physics/9704029
14091,wikipedia,https://doi.org/10.1016/s0009-2614(97)01204-9,https://de.wikipedia.org/api/rest_v1/page/html/Jack_Sarfatti/189430295,462a877e-7865-4d98-9a3d-4e6a0b511426,2019-06-10 17:24:38,2019-06-15 02:31:45,references,36c35e23-8757-4a9d-aacf-345e9b7eb50d,https://creativecommons.org/publicdomain/zero/1.0/,https://doi.org/10.13003/CED-terms-of-use,,,https://evidence.eventdata.crossref.org/evidence/20190610-wikipedia-1004bb6c-bf46-402f-8997-beb11b755dea,add,https://de.wikipedia.org/wiki/Jack_Sarfatti,Jack Sarfatti,https://de.wikipedia.org/w/index.php?title=Jack_Sarfatti&oldid=189430295,https://de.wikipedia.org/api/rest_v1/page/html/Jack_Sarfatti/189430295,https://doi.org/10.1016/s0009-2614(97)01204-9,https://arxiv.org/abs/physics/9704029
14092,wikipedia,https://doi.org/10.1016/s0009-2614(97)01204-9,https://de.wikipedia.org/api/rest_v1/page/html/Jack_Sarfatti/193511750,624fc705-ba81-490f-9f53-a5ec756a53ec,2019-10-27 17:34:31,2019-10-27 13:40:20,references,36c35e23-8757-4a9d-aacf-345e9b7eb50d,https://creativecommons.org/publicdomain/zero/1.0/,https://doi.org/10.13003/CED-terms-of-use,,,https://evidence.eventdata.crossref.org/evidence/20191027-wikipedia-0bd52f57-9e41-4f21-b88a-f7a0bf46b171,add,https://de.wikipedia.org/wiki/Jack_Sarfatti,Jack Sarfatti,https://de.wikipedia.org/w/index.php?title=Jack_Sarfatti&oldid=193511750,https://de.wikipedia.org/api/rest_v1/page/html/Jack_Sarfatti/193511750,https://doi.org/10.1016/s0009-2614(97)01204-9,https://arxiv.org/abs/physics/9704029
14093,wikipedia,https://doi.org/10.1016/s0009-2614(97)01204-9,https://sv.wikipedia.org/api/rest_v1/page/html/Jack_Sarfatti/46601065,0e28916c-a241-480d-a412-79630b5c0788,2019-11-24 17:19:28,2019-11-24 12:27:25,references,36c35e23-8757-4a9d-aacf-345e9b7eb50d,https://creativecommons.org/publicdomain/zero/1.0/,https://doi.org/10.13003/CED-terms-of-use,,,https://evidence.eventdata.crossref.org/evidence/20191124-wikipedia-24c4fa19-1c62-4de2-8007-aeed51ac0228,add,https://sv.wikipedia.org/wiki/Jack_Sarfatti,Jack Sarfatti,https://sv.wikipedia.org/w/index.php?title=Jack_Sarfatti&oldid=46601065,https://sv.wikipedia.org/api/rest_v1/page/html/Jack_Sarfatti/46601065,https://doi.org/10.1016/s0009-2614(97)01204-9,http://arxiv.org/abs/physics/9704029
14094,wikipedia,https://doi.org/10.1016/s0009-2614(97)01204-9,https://de.wikipedia.org/api/rest_v1/page/html/Jack_Sarfatti/195696495,04477a53-66ff-4920-a54f-36371e698e0f,2020-01-10 23:18:48,2020-01-10 18:30:06,references,36c35e23-8757-4a9d-aacf-345e9b7eb50d,https://creativecommons.org/publicdomain/zero/1.0/,https://doi.org/10.13003/CED-terms-of-use,,,https://evidence.eventdata.crossref.org/evidence/20200110-wikipedia-6c645d55-c906-4af3-97bc-50b44f365232,add,https://de.wikipedia.org/wiki/Jack_Sarfatti,Jack Sarfatti,https://de.wikipedia.org/w/index.php?title=Jack_Sarfatti&oldid=195696495,https://de.wikipedia.org/api/rest_v1/page/html/Jack_Sarfatti/195696495,https://doi.org/10.1016/s0009-2614(97)01204-9,https://arxiv.org/abs/physics/9704029
14095,wikipedia,https://doi.org/10.1016/s0009-2614(97)01204-9,https://sv.wikipedia.org/api/rest_v1/page/html/Jack_Sarfatti/47279790,f63ecc96-07bb-4a30-a9df-1e8c38961ec3,2020-02-20 09:45:47,2020-02-20 05:02:30,references,36c35e23-8757-4a9d-aacf-345e9b7eb50d,https://creativecommons.org/publicdomain/zero/1.0/,https://doi.org/10.13003/CED-terms-of-use,,,https://evidence.eventdata.crossref.org/evidence/20200220-wikipedia-17e81b62-33d0-4143-9bef-5fe25c529292,add,https://sv.wikipedia.org/wiki/Jack_Sarfatti,Jack Sarfatti,https://sv.wikipedia.org/w/index.php?title=Jack_Sarfatti&oldid=47279790,https://sv.wikipedia.org/api/rest_v1/page/html/Jack_Sarfatti/47279790,https://doi.org/10.1016/s0009-2614(97)01204-9,http://arxiv.org/abs/physics/9704029
14096,wikipedia,https://doi.org/10.1016/s0009-2614(97)01204-9,https://de.wikipedia.org/api/rest_v1/page/html/Jack_Sarfatti/199972149,fc6ae02b-e37c-4962-a41e-2caaa2ff774f,2020-05-15 10:00:47,2020-10-14 19:14:46,references,36c35e23-8757-4a9d-aacf-345e9b7eb50d,https://creativecommons.org/publicdomain/zero/1.0/,https://doi.org/10.13003/CED-terms-of-use,,,https://evidence.eventdata.crossref.org/evidence/20200515-wikipedia-374e8db9-80e5-4493-8db3-3d731f26eb5c,add,https://de.wikipedia.org/wiki/Jack_Sarfatti,Jack Sarfatti,https://de.wikipedia.org/w/index.php?title=Jack_Sarfatti&oldid=199972149,https://de.wikipedia.org/api/rest_v1/page/html/Jack_Sarfatti/199972149,https://doi.org/10.1016/s0009-2614(97)01204-9,https://arxiv.org/abs/physics/9704029
14097,wikipedia,https://doi.org/10.1016/s0009-2614(97)01204-9,https://no.wikipedia.org/api/rest_v1/page/html/Jack_Sarfatti/20670307,41f59d1f-4294-4bac-b77a-7c6610ff17b2,2020-08-07 16:30:52,2020-10-16 16:38:25,references,36c35e23-8757-4a9d-aacf-345e9b7eb50d,https://creativecommons.org/publicdomain/zero/1.0/,https://doi.org/10.13003/CED-terms-of-use,,,https://evidence.eventdata.crossref.org/evidence/20200808-wikipedia-2645aff4-91d2-42a1-86ed-5ec271f3a257,add,https://no.wikipedia.org/wiki/Jack_Sarfatti,Jack Sarfatti,https://no.wikipedia.org/w/index.php?title=Jack_Sarfatti&oldid=20670307,https://no.wikipedia.org/api/rest_v1/page/html/Jack_Sarfatti/20670307,https://doi.org/10.1016/s0009-2614(97)01204-9,http://arxiv.org/abs/physics/9704029
14098,wikipedia,https://doi.org/10.1016/s0009-2614(97)01204-9,https://de.wikipedia.org/api/rest_v1/page/html/Jack_Sarfatti/202802324,79871369-876a-4496-9e9c-350864dfc84b,2020-08-15 12:52:00,2020-10-16 23:06:53,references,36c35e23-8757-4a9d-aacf-345e9b7eb50d,https://creativecommons.org/publicdomain/zero/1.0/,https://doi.org/10.13003/CED-terms-of-use,,,https://evidence.eventdata.crossref.org/evidence/20200815-wikipedia-36642ad8-cf3f-4f33-ae8a-55d063c5cafc,add,https://de.wikipedia.org/wiki/Jack_Sarfatti,Jack Sarfatti,https://de.wikipedia.org/w/index.php?title=Jack_Sarfatti&oldid=202802324,https://de.wikipedia.org/api/rest_v1/page/html/Jack_Sarfatti/202802324,https://doi.org/10.1016/s0009-2614(97)01204-9,https://arxiv.org/abs/physics/9704029
