{
  "0":{
    "DOI":"10.1146\/annurev.ecolsys.28.1.621",
    "URL":"http:\/\/dx.doi.org\/10.1146\/annurev.ecolsys.28.1.621",
    "title":"THE ECOLOGY OF INTERFACES:Riparian Zones",
    "container_title":"Annual Review of Ecology and Systematics",
    "authors":"Robert J. Naiman and",
    "affiliation":"and Centre National de la Recherche Scientifique, Centre d'Ecologie des Syst\u00c3\u00a8mes Aquatiques Continentaux, 29, rue Jeanne Marvig 31055 Toulouse, France, e-mail:",
    "page":"621-658",
    "publisher":"Annual Reviews",
    "language":"en",
    "alternative_id":"10.1146\/annurev.ecolsys.28.1.621",
    "created_date_time":1027770013000,
    "deposited_date_time":1583400198000,
    "is_referenced_by_count":1382,
    "issue":"1",
    "issued_date_parts":"1997\/11",
    "prefix":"10.1146",
    "published_online_date_parts":null,
    "published_print_date_parts":"1997\/11"
  },
  "1":{
    "DOI":"10.1146\/annurev.ecolsys.28.1.621",
    "URL":"http:\/\/dx.doi.org\/10.1146\/annurev.ecolsys.28.1.621",
    "title":"THE ECOLOGY OF INTERFACES:Riparian Zones",
    "container_title":"Annual Review of Ecology and Systematics",
    "authors":"Henri D\u00c3\u00a9camps",
    "affiliation":"and Centre National de la Recherche Scientifique, Centre d'Ecologie des Syst\u00c3\u00a8mes Aquatiques Continentaux, 29, rue Jeanne Marvig 31055 Toulouse, France, e-mail:",
    "page":"621-658",
    "publisher":"Annual Reviews",
    "language":"en",
    "alternative_id":"10.1146\/annurev.ecolsys.28.1.621",
    "created_date_time":1027770013000,
    "deposited_date_time":1583400198000,
    "is_referenced_by_count":1382,
    "issue":"1",
    "issued_date_parts":"1997\/11",
    "prefix":"10.1146",
    "published_online_date_parts":null,
    "published_print_date_parts":"1997\/11"
  },
  "2":{
    "DOI":"10.1016\/s1074-5521(99)80085-4",
    "URL":"http:\/\/dx.doi.org\/10.1016\/s1074-5521(99)80085-4",
    "title":"The fluorescence of scorpions and cataractogenesis",
    "container_title":"Chemistry & Biology",
    "authors":"Mathieu Picardeau",
    "affiliation":"Unite\u0301 de Bacte\u0301riologie Mole\u0301culaire et Me\u0301dicale,4 Institut Pasteur, 75724 Paris Cedex 15, France",
    "page":"531-539",
    "publisher":"Elsevier BV",
    "language":"en",
    "alternative_id":"S1074552199800854",
    "created_date_time":1027608809000,
    "deposited_date_time":1556400001000,
    "is_referenced_by_count":44,
    "issue":"8",
    "issued_date_parts":"1999\/8",
    "prefix":"10.1016",
    "published_online_date_parts":null,
    "published_print_date_parts":"1999\/8"
  },
  "3":{
    "DOI":"10.1002\/1529-0131(199912)42:12<2507::aid-anr2>3.0.co;2-#",
    "URL":"http:\/\/dx.doi.org\/10.1002\/1529-0131(199912)42:12<2507::aid-anr2>3.0.co;2-#",
    "title":"Cryoglobulinemic vasculitis",
    "container_title":"Arthritis & Rheumatism",
    "authors":"Jacques Ninio",
    "affiliation":"Laboratoire de Physique Statistique (associated to CNRS and to Paris 6 and Paris 7 Universities); \u00c9cole Normale Sup\u00e9rieure, 24 rue Lhomond, F 75231 Paris cedex 05, France",
    "page":"2507-2516",
    "publisher":"Wiley",
    "language":"en",
    "alternative_id":null,
    "created_date_time":1030251101000,
    "deposited_date_time":1576402656000,
    "is_referenced_by_count":122,
    "issue":"12",
    "issued_date_parts":"1999\/12",
    "prefix":"10.1002",
    "published_online_date_parts":null,
    "published_print_date_parts":"1999\/12"
  },
  "4":{
    "DOI":"10.1023\/a:1006275412491",
    "URL":"http:\/\/dx.doi.org\/10.1023\/a:1006275412491",
    "title":"None",
    "container_title":"Earth, Moon, and Planets",
    "authors":"Elliot Adler",
    "affiliation":"Institut de Biologie Physico-Chimique, Paris, France,1 and",
    "page":"69-70",
    "publisher":"Springer Science and Business Media LLC",
    "language":null,
    "alternative_id":"211253",
    "created_date_time":1040520041000,
    "deposited_date_time":1356642699000,
    "is_referenced_by_count":22,
    "issue":"1\/3",
    "issued_date_parts":"1997",
    "prefix":"10.1007",
    "published_online_date_parts":null,
    "published_print_date_parts":"1997"
  },
  "5":{
    "DOI":"10.1023\/a:1006275412491",
    "URL":"http:\/\/dx.doi.org\/10.1023\/a:1006275412491",
    "title":"None",
    "container_title":"Earth, Moon, and Planets",
    "authors":"Patrick Stragier",
    "affiliation":"Institut de Biologie Physico-Chimique, Paris, France,1 and",
    "page":"69-70",
    "publisher":"Springer Science and Business Media LLC",
    "language":null,
    "alternative_id":"211253",
    "created_date_time":1040520041000,
    "deposited_date_time":1356642699000,
    "is_referenced_by_count":22,
    "issue":"1\/3",
    "issued_date_parts":"1997",
    "prefix":"10.1007",
    "published_online_date_parts":null,
    "published_print_date_parts":"1997"
  },
  "6":{
    "DOI":"10.1016\/s1090-5138(99)00020-3",
    "URL":"http:\/\/dx.doi.org\/10.1016\/s1090-5138(99)00020-3",
    "title":"Unto Others: The Evolution and Psychology of Unselfish Behavior;",
    "container_title":"Evolution and Human Behavior",
    "authors":"Jacques Ninio",
    "affiliation":"Laboratoire de Physique Statistique, \u00c9cole Normale Sup\u00e9rieure, 24 rue Lhomond, 75231 Paris cedex 05, France",
    "page":"65-72",
    "publisher":"Elsevier BV",
    "language":"en",
    "alternative_id":"S1090513899000203",
    "created_date_time":1027602334000,
    "deposited_date_time":1556580008000,
    "is_referenced_by_count":18,
    "issue":"1",
    "issued_date_parts":"2000\/1",
    "prefix":"10.1016",
    "published_online_date_parts":null,
    "published_print_date_parts":"2000\/1"
  },
  "7":{
    "DOI":"10.3758\/bf03210730",
    "URL":"http:\/\/dx.doi.org\/10.3758\/bf03210730",
    "title":"The reverse Stroop effect",
    "container_title":"Psychonomic Bulletin & Review",
    "authors":"Dirk E. Teuwen",
    "affiliation":"Aventis Pasteur\u2013Merck, SharPe &amp; Dohme, Public Affairs, 8 rue Jonas Salk, F\u201369007 Lyon, France",
    "page":"121-125",
    "publisher":"Springer Science and Business Media LLC",
    "language":"en",
    "alternative_id":"BF03210730",
    "created_date_time":1295696880000,
    "deposited_date_time":1572879213000,
    "is_referenced_by_count":47,
    "issue":"1",
    "issued_date_parts":"2000\/3",
    "prefix":"10.3758",
    "published_online_date_parts":null,
    "published_print_date_parts":"2000\/3"
  }
}