{
  "0":{
    "affiliation":"Wayne State University",
    "authenticated_orcid":null,
    "family":"Rawls",
    "given":"Anne Warfield",
    "name":"Anne Warfield Rawls",
    "orcid":null,
    "sequence":"first",
    "suffix":null
  },
  "1":{
    "affiliation":"From the Department of Neurology (J.C.G), University of Texas Medical School, Houston; Deparments of Biostatistics and Research Epidemiology (M.L.), Pharmacy Services (M.R.F.), and Neurology (K.M.A.W, S.R.L.), Henry Ford Health Science Center, Detroit, Mich; Department of Neurology (M.R.F.), Emory University Medical School, Atlanta, Ga; Department of Neurology (T.B.), University of Cincinnati School of Medicine, Cincinnati, Ohio; Department of Neurology (S.R.L.), Wayne State University School of...",
    "authenticated_orcid":null,
    "family":"Grotta",
    "given":"James C.",
    "name":"James C. Grotta",
    "orcid":null,
    "sequence":"first",
    "suffix":null
  },
  "2":{
    "affiliation":"From the Department of Neurology (J.C.G), University of Texas Medical School, Houston; Deparments of Biostatistics and Research Epidemiology (M.L.), Pharmacy Services (M.R.F.), and Neurology (K.M.A.W, S.R.L.), Henry Ford Health Science Center, Detroit, Mich; Department of Neurology (M.R.F.), Emory University Medical School, Atlanta, Ga; Department of Neurology (T.B.), University of Cincinnati School of Medicine, Cincinnati, Ohio; Department of Neurology (S.R.L.), Wayne State University School of...",
    "authenticated_orcid":null,
    "family":"Welch",
    "given":"K. M. A.",
    "name":"K. M. A. Welch",
    "orcid":null,
    "sequence":"additional",
    "suffix":null
  },
  "3":{
    "affiliation":"From the Department of Neurology (J.C.G), University of Texas Medical School, Houston; Deparments of Biostatistics and Research Epidemiology (M.L.), Pharmacy Services (M.R.F.), and Neurology (K.M.A.W, S.R.L.), Henry Ford Health Science Center, Detroit, Mich; Department of Neurology (M.R.F.), Emory University Medical School, Atlanta, Ga; Department of Neurology (T.B.), University of Cincinnati School of Medicine, Cincinnati, Ohio; Department of Neurology (S.R.L.), Wayne State University School of...",
    "authenticated_orcid":null,
    "family":"Fagan",
    "given":"Susan C.",
    "name":"Susan C. Fagan",
    "orcid":null,
    "sequence":"additional",
    "suffix":null
  },
  "4":{
    "affiliation":"From the Department of Neurology (J.C.G), University of Texas Medical School, Houston; Deparments of Biostatistics and Research Epidemiology (M.L.), Pharmacy Services (M.R.F.), and Neurology (K.M.A.W, S.R.L.), Henry Ford Health Science Center, Detroit, Mich; Department of Neurology (M.R.F.), Emory University Medical School, Atlanta, Ga; Department of Neurology (T.B.), University of Cincinnati School of Medicine, Cincinnati, Ohio; Department of Neurology (S.R.L.), Wayne State University School of...",
    "authenticated_orcid":null,
    "family":"Lu",
    "given":"Mei",
    "name":"Mei Lu",
    "orcid":null,
    "sequence":"additional",
    "suffix":null
  },
  "5":{
    "affiliation":"From the Department of Neurology (J.C.G), University of Texas Medical School, Houston; Deparments of Biostatistics and Research Epidemiology (M.L.), Pharmacy Services (M.R.F.), and Neurology (K.M.A.W, S.R.L.), Henry Ford Health Science Center, Detroit, Mich; Department of Neurology (M.R.F.), Emory University Medical School, Atlanta, Ga; Department of Neurology (T.B.), University of Cincinnati School of Medicine, Cincinnati, Ohio; Department of Neurology (S.R.L.), Wayne State University School of...",
    "authenticated_orcid":null,
    "family":"Frankel",
    "given":"Michael R.",
    "name":"Michael R. Frankel",
    "orcid":null,
    "sequence":"additional",
    "suffix":null
  },
  "6":{
    "affiliation":"From the Department of Neurology (J.C.G), University of Texas Medical School, Houston; Deparments of Biostatistics and Research Epidemiology (M.L.), Pharmacy Services (M.R.F.), and Neurology (K.M.A.W, S.R.L.), Henry Ford Health Science Center, Detroit, Mich; Department of Neurology (M.R.F.), Emory University Medical School, Atlanta, Ga; Department of Neurology (T.B.), University of Cincinnati School of Medicine, Cincinnati, Ohio; Department of Neurology (S.R.L.), Wayne State University School of...",
    "authenticated_orcid":null,
    "family":"Brott",
    "given":"Thomas",
    "name":"Thomas Brott",
    "orcid":null,
    "sequence":"additional",
    "suffix":null
  },
  "7":{
    "affiliation":"From the Department of Neurology (J.C.G), University of Texas Medical School, Houston; Deparments of Biostatistics and Research Epidemiology (M.L.), Pharmacy Services (M.R.F.), and Neurology (K.M.A.W, S.R.L.), Henry Ford Health Science Center, Detroit, Mich; Department of Neurology (M.R.F.), Emory University Medical School, Atlanta, Ga; Department of Neurology (T.B.), University of Cincinnati School of Medicine, Cincinnati, Ohio; Department of Neurology (S.R.L.), Wayne State University School of...",
    "authenticated_orcid":null,
    "family":"Levine",
    "given":"Steven R.",
    "name":"Steven R. Levine",
    "orcid":null,
    "sequence":"additional",
    "suffix":null
  },
  "8":{
    "affiliation":"From the Department of Neurology (J.C.G), University of Texas Medical School, Houston; Deparments of Biostatistics and Research Epidemiology (M.L.), Pharmacy Services (M.R.F.), and Neurology (K.M.A.W, S.R.L.), Henry Ford Health Science Center, Detroit, Mich; Department of Neurology (M.R.F.), Emory University Medical School, Atlanta, Ga; Department of Neurology (T.B.), University of Cincinnati School of Medicine, Cincinnati, Ohio; Department of Neurology (S.R.L.), Wayne State University School of...",
    "authenticated_orcid":null,
    "family":"Lyden",
    "given":"Patrick D.",
    "name":"Patrick D. Lyden",
    "orcid":null,
    "sequence":"additional",
    "suffix":null
  },
  "9":{
    "affiliation":"WAYNE STATE UNIVERSITY",
    "authenticated_orcid":null,
    "family":"Bledsoe",
    "given":"Timothy",
    "name":"Timothy Bledsoe",
    "orcid":null,
    "sequence":"additional",
    "suffix":null
  },
  "10":{
    "affiliation":"Wayne State University School of Medicine, Detroit, Michigan",
    "authenticated_orcid":null,
    "family":"Coplin",
    "given":"William M.",
    "name":"William M. Coplin",
    "orcid":null,
    "sequence":"additional",
    "suffix":null
  }
}