{
  "0":{
    "cambiaIncrement":56,
    "sourceID":"cambia-lens",
    "objectID":"https:\/\/doi.org\/10.1001\/jama.280.18.1596",
    "subjectID":"https:\/\/lens.org\/101-903-103-962-616",
    "eventID":"2f376658-0dfe-b45a-4511-62a3ab595b2e",
    "occurredAt":1150761600000,
    "timeObserved":1510257043000,
    "relationType":"cites",
    "sourceToken":"1ad0b713-78ed-4bb9-8d5d-a3c2d163d46f",
    "license":"https:\/\/creativecommons.org\/licenses\/by-sa\/4.0\/",
    "termsOfUse":"https:\/\/doi.org\/10.13003\/CED-terms-of-use",
    "updatedReason":null,
    "updated":null,
    "eventAction":"add",
    "workSubtypeID":"Granted Patent",
    "workTypeID":"patent",
    "subjectTitle":"Bioavailable Composition Of Natural And Synthetic Hca",
    "subjectPID":"https:\/\/lens.org\/101-903-103-962-616",
    "jurisdiction":"US",
    "updatedDate":null
  },
  "1":{
    "cambiaIncrement":57,
    "sourceID":"cambia-lens",
    "objectID":"https:\/\/doi.org\/10.1001\/jama.280.18.1596",
    "subjectID":"https:\/\/lens.org\/134-079-030-191-412",
    "eventID":"767f4636-8638-0a7f-512e-af6c84bda5fd",
    "occurredAt":1176163200000,
    "timeObserved":1510286948000,
    "relationType":"cites",
    "sourceToken":"1ad0b713-78ed-4bb9-8d5d-a3c2d163d46f",
    "license":"https:\/\/creativecommons.org\/licenses\/by-sa\/4.0\/",
    "termsOfUse":"https:\/\/doi.org\/10.13003\/CED-terms-of-use",
    "updatedReason":null,
    "updated":null,
    "eventAction":"add",
    "workSubtypeID":"Granted Patent",
    "workTypeID":"patent",
    "subjectTitle":"Methods For Treatment Of Obesity And Effective Fat Loss Promotion",
    "subjectPID":"https:\/\/lens.org\/134-079-030-191-412",
    "jurisdiction":"US",
    "updatedDate":null
  },
  "2":{
    "cambiaIncrement":58,
    "sourceID":"cambia-lens",
    "objectID":"https:\/\/doi.org\/10.1001\/jama.280.18.1596",
    "subjectID":"https:\/\/lens.org\/018-476-911-684-755",
    "eventID":"c2f53225-11c5-ace6-e963-5d8822a9bd90",
    "occurredAt":1326758400000,
    "timeObserved":1510336183000,
    "relationType":"cites",
    "sourceToken":"1ad0b713-78ed-4bb9-8d5d-a3c2d163d46f",
    "license":"https:\/\/creativecommons.org\/licenses\/by-sa\/4.0\/",
    "termsOfUse":"https:\/\/doi.org\/10.13003\/CED-terms-of-use",
    "updatedReason":null,
    "updated":null,
    "eventAction":"add",
    "workSubtypeID":"Granted Patent",
    "workTypeID":"patent",
    "subjectTitle":"Herbal Composition Weight Management",
    "subjectPID":"https:\/\/lens.org\/018-476-911-684-755",
    "jurisdiction":"US",
    "updatedDate":null
  },
  "3":{
    "cambiaIncrement":59,
    "sourceID":"cambia-lens",
    "objectID":"https:\/\/doi.org\/10.1001\/jama.280.18.1596",
    "subjectID":"https:\/\/lens.org\/193-841-430-281-355",
    "eventID":"12506043-dd95-a56d-efbe-6f379a5a16a3",
    "occurredAt":1036454400000,
    "timeObserved":1510345409000,
    "relationType":"cites",
    "sourceToken":"1ad0b713-78ed-4bb9-8d5d-a3c2d163d46f",
    "license":"https:\/\/creativecommons.org\/licenses\/by-sa\/4.0\/",
    "termsOfUse":"https:\/\/doi.org\/10.13003\/CED-terms-of-use",
    "updatedReason":null,
    "updated":null,
    "eventAction":"add",
    "workSubtypeID":"Granted Patent",
    "workTypeID":"patent",
    "subjectTitle":"Correcting Polymorphic Metabolic Dysfunction With (-)-Hydroxycitric Acid",
    "subjectPID":"https:\/\/lens.org\/193-841-430-281-355",
    "jurisdiction":"US",
    "updatedDate":null
  },
  "4":{
    "cambiaIncrement":60,
    "sourceID":"cambia-lens",
    "objectID":"https:\/\/doi.org\/10.1001\/jama.280.18.1596",
    "subjectID":"https:\/\/lens.org\/036-718-959-090-771",
    "eventID":"7066b486-31a6-d160-e108-1f14dbb8e03c",
    "occurredAt":1031616000000,
    "timeObserved":1510367327000,
    "relationType":"cites",
    "sourceToken":"1ad0b713-78ed-4bb9-8d5d-a3c2d163d46f",
    "license":"https:\/\/creativecommons.org\/licenses\/by-sa\/4.0\/",
    "termsOfUse":"https:\/\/doi.org\/10.13003\/CED-terms-of-use",
    "updatedReason":null,
    "updated":null,
    "eventAction":"add",
    "workSubtypeID":"Granted Patent",
    "workTypeID":"patent",
    "subjectTitle":"Potassium (-)-Hydroxycitric Acid Methods For Pharmaceutical Preparations For Stable And Controlled Delivery",
    "subjectPID":"https:\/\/lens.org\/036-718-959-090-771",
    "jurisdiction":"US",
    "updatedDate":null
  },
  "5":{
    "cambiaIncrement":61,
    "sourceID":"cambia-lens",
    "objectID":"https:\/\/doi.org\/10.1001\/jama.280.18.1596",
    "subjectID":"https:\/\/lens.org\/037-278-292-977-779",
    "eventID":"99a8567c-ac46-bbcb-c9a1-0a453c212cdb",
    "occurredAt":1344384000000,
    "timeObserved":1510367857000,
    "relationType":"cites",
    "sourceToken":"1ad0b713-78ed-4bb9-8d5d-a3c2d163d46f",
    "license":"https:\/\/creativecommons.org\/licenses\/by-sa\/4.0\/",
    "termsOfUse":"https:\/\/doi.org\/10.13003\/CED-terms-of-use",
    "updatedReason":null,
    "updated":null,
    "eventAction":"add",
    "workSubtypeID":"Patent Application",
    "workTypeID":"patent",
    "subjectTitle":"Herbal Composition For Weight Management",
    "subjectPID":"https:\/\/lens.org\/037-278-292-977-779",
    "jurisdiction":"EP",
    "updatedDate":null
  },
  "6":{
    "cambiaIncrement":62,
    "sourceID":"cambia-lens",
    "objectID":"https:\/\/doi.org\/10.1001\/jama.280.18.1596",
    "subjectID":"https:\/\/lens.org\/042-522-615-875-308",
    "eventID":"4b43ea23-a268-daea-97a0-3571f1ea28c3",
    "occurredAt":1094601600000,
    "timeObserved":1510372737000,
    "relationType":"cites",
    "sourceToken":"1ad0b713-78ed-4bb9-8d5d-a3c2d163d46f",
    "license":"https:\/\/creativecommons.org\/licenses\/by-sa\/4.0\/",
    "termsOfUse":"https:\/\/doi.org\/10.13003\/CED-terms-of-use",
    "updatedReason":null,
    "updated":null,
    "eventAction":"add",
    "workSubtypeID":"Search report",
    "workTypeID":"patent",
    "subjectTitle":"Bioavailable Composition Of Natural And Synthetic Hca",
    "subjectPID":"https:\/\/lens.org\/042-522-615-875-308",
    "jurisdiction":"EP",
    "updatedDate":null
  },
  "7":{
    "cambiaIncrement":63,
    "sourceID":"cambia-lens",
    "objectID":"https:\/\/doi.org\/10.1001\/jama.280.18.1596",
    "subjectID":"https:\/\/lens.org\/082-274-677-608-230",
    "eventID":"4a9ac743-2f96-d67f-60a4-eeb698963c6c",
    "occurredAt":1382400000000,
    "timeObserved":1510410857000,
    "relationType":"cites",
    "sourceToken":"1ad0b713-78ed-4bb9-8d5d-a3c2d163d46f",
    "license":"https:\/\/creativecommons.org\/licenses\/by-sa\/4.0\/",
    "termsOfUse":"https:\/\/doi.org\/10.13003\/CED-terms-of-use",
    "updatedReason":null,
    "updated":null,
    "eventAction":"add",
    "workSubtypeID":"Granted Patent",
    "workTypeID":"patent",
    "subjectTitle":"Herbal Composition For Weight Management",
    "subjectPID":"https:\/\/lens.org\/082-274-677-608-230",
    "jurisdiction":"US",
    "updatedDate":null
  },
  "8":{
    "cambiaIncrement":64,
    "sourceID":"cambia-lens",
    "objectID":"https:\/\/doi.org\/10.1001\/jama.280.18.1596",
    "subjectID":"https:\/\/lens.org\/095-015-423-857-013",
    "eventID":"4391f8b3-fccf-a178-70d9-eeda8121c2c1",
    "occurredAt":1173744000000,
    "timeObserved":1510423893000,
    "relationType":"cites",
    "sourceToken":"1ad0b713-78ed-4bb9-8d5d-a3c2d163d46f",
    "license":"https:\/\/creativecommons.org\/licenses\/by-sa\/4.0\/",
    "termsOfUse":"https:\/\/doi.org\/10.13003\/CED-terms-of-use",
    "updatedReason":null,
    "updated":null,
    "eventAction":"add",
    "workSubtypeID":"Granted Patent",
    "workTypeID":"patent",
    "subjectTitle":"Method For Stable And Controlled Delivery Of (-)-Hydroxycitric Acid",
    "subjectPID":"https:\/\/lens.org\/095-015-423-857-013",
    "jurisdiction":"US",
    "updatedDate":null
  }
}