{
  "0":{
    "newsfeedIncrement":14,
    "sourceID":"newsfeed",
    "objectID":"https:\/\/doi.org\/10.1001\/jama.280.18.1596",
    "subjectID":"https:\/\/www.rd.com\/health\/diet-weight-loss\/weight-loss-products-nutritionists-never-buy\/",
    "eventID":"2b4b5904-f0e2-4f05-b8d8-7f80623fc696",
    "occurredAt":1539895965000,
    "timeObserved":1539891882000,
    "relationType":"discusses",
    "sourceToken":"c1bfb47c-39b8-4224-bb18-96edf85e3f7b",
    "license":"https:\/\/creativecommons.org\/publicdomain\/zero\/1.0\/",
    "termsOfUse":"https:\/\/doi.org\/10.13003\/CED-terms-of-use",
    "updatedReason":null,
    "updated":null,
    "evidenceRecord":"https:\/\/evidence.eventdata.crossref.org\/evidence\/20181018-newsfeed-fab743bb-0bde-4656-a62e-4025f00fe23a",
    "eventAction":"add",
    "subjectPID":"https:\/\/www.rd.com\/health\/diet-weight-loss\/weight-loss-products-nutritionists-never-buy\/",
    "subjectType":null,
    "subjectTitle":"13 Weight-Loss Products Nutritionists Never Buy\u2014and Neither Should You",
    "subjectURL":"https:\/\/www.rd.com\/health\/diet-weight-loss\/weight-loss-products-nutritionists-never-buy\/",
    "objectPID":"https:\/\/doi.org\/10.1001\/jama.280.18.1596",
    "objectURL":"https:\/\/jamanetwork.com\/journals\/jama\/fullarticle\/188147",
    "updatedDate":null
  },
  "1":{
    "newsfeedIncrement":15,
    "sourceID":"newsfeed",
    "objectID":"https:\/\/doi.org\/10.1001\/jama.280.18.1596",
    "subjectID":"https:\/\/www.insider.com\/do-diet-pills-work",
    "eventID":"bd9e40ea-b6bc-4dd3-a4be-75bffe38a8c2",
    "occurredAt":1579878214000,
    "timeObserved":1579861529000,
    "relationType":"discusses",
    "sourceToken":"c1bfb47c-39b8-4224-bb18-96edf85e3f7b",
    "license":"https:\/\/creativecommons.org\/publicdomain\/zero\/1.0\/",
    "termsOfUse":"https:\/\/doi.org\/10.13003\/CED-terms-of-use",
    "updatedReason":null,
    "updated":null,
    "evidenceRecord":"https:\/\/evidence.eventdata.crossref.org\/evidence\/20200124-newsfeed-30f776f0-8e18-4629-93ab-2c63511057c3",
    "eventAction":"add",
    "subjectPID":"https:\/\/www.insider.com\/do-diet-pills-work",
    "subjectType":null,
    "subjectTitle":"The diet pills that may help you lose weight and are backed by scientific research",
    "subjectURL":"https:\/\/www.businessinsider.de\/international\/do-diet-pills-work\/",
    "objectPID":"https:\/\/doi.org\/10.1001\/jama.280.18.1596",
    "objectURL":"https:\/\/jamanetwork.com\/journals\/jama\/article-abstract\/188147",
    "updatedDate":null
  }
}