{
  "0":{
    "redditIncrement":3,
    "sourceID":"reddit",
    "objectID":"https:\/\/doi.org\/10.1001\/jama.280.18.1596",
    "subjectID":"https:\/\/reddit.com\/r\/Vemma\/comments\/2cvt4n\/science_mangosteen_does_not_significantly_help\/",
    "eventID":"8b53c576-f1ec-4920-be35-e1860e4cf74b",
    "occurredAt":1407419587000,
    "timeObserved":1487765005000,
    "relationType":"discusses",
    "sourceToken":"a6c9d511-9239-4de8-a266-b013f5bd8764",
    "license":"https:\/\/creativecommons.org\/publicdomain\/zero\/1.0\/",
    "termsOfUse":"https:\/\/doi.org\/10.13003\/CED-terms-of-use",
    "updatedReason":null,
    "updated":null,
    "updatedDate":null,
    "objectPID":"https:\/\/doi.org\/10.1001\/jama.280.18.1596",
    "objectURL":"http:\/\/jama.jamanetwork.com\/article.aspx?articleid=188147",
    "evidenceRecord":"https:\/\/evidence.eventdata.crossref.org\/evidence\/201702226858d7c5-314d-4009-9916-c0d97786012f",
    "eventAction":"add",
    "subjectPID":"https:\/\/reddit.com\/r\/Vemma\/comments\/2cvt4n\/science_mangosteen_does_not_significantly_help\/",
    "subjectType":"post",
    "subjectTitle":"[Science]: Mangosteen Does Not Significantly Help Reduce Weight When Compared to Placebo",
    "subjectIssuedDate":1407419587000
  }
}