{
  "0":{
    "wordPressIncrement":17,
    "sourceID":"wordpressdotcom",
    "objectID":"https:\/\/doi.org\/10.1001\/jama.280.18.1596",
    "subjectID":"https:\/\/phentermineclinics.wordpress.com\/2018\/11\/14\/10-popular-weight-loss-supplements-analyzed\/",
    "eventID":"f4b977ad-fe17-4268-bee3-474e85fbc8a5",
    "occurredAt":1542170722000,
    "timeObserved":1542290001000,
    "relationType":"discusses",
    "sourceToken":"7750d578-d74d-4e92-9348-cd443cbb7afa",
    "license":"https:\/\/creativecommons.org\/publicdomain\/zero\/1.0\/",
    "termsOfUse":"https:\/\/doi.org\/10.13003\/CED-terms-of-use",
    "evidenceRecord":"https:\/\/evidence.eventdata.crossref.org\/evidence\/20181115-wordpressdotcom-b5763fce-cc22-4569-ad51-8397ad435301",
    "eventAction":"add",
    "subjectPID":"https:\/\/phentermineclinics.wordpress.com\/2018\/11\/14\/10-popular-weight-loss-supplements-analyzed\/",
    "subjectTitle":"10 Popular Weight Loss Supplements Analyzed",
    "subjectType":"post-weblog",
    "objectPID":"https:\/\/doi.org\/10.1001\/jama.280.18.1596",
    "objectURL":"https:\/\/jamanetwork.com\/journals\/jama\/fullarticle\/188147"
  },
  "1":{
    "wordPressIncrement":18,
    "sourceID":"wordpressdotcom",
    "objectID":"https:\/\/doi.org\/10.1001\/jama.280.18.1596",
    "subjectID":"https:\/\/anthonygraham2.wordpress.com\/2018\/11\/14\/10-popular-weight-loss-supplements-analyzed\/",
    "eventID":"dbad8672-796d-49bf-af23-ed3d8f1bfec4",
    "occurredAt":1542174206000,
    "timeObserved":1542290006000,
    "relationType":"discusses",
    "sourceToken":"7750d578-d74d-4e92-9348-cd443cbb7afa",
    "license":"https:\/\/creativecommons.org\/publicdomain\/zero\/1.0\/",
    "termsOfUse":"https:\/\/doi.org\/10.13003\/CED-terms-of-use",
    "evidenceRecord":"https:\/\/evidence.eventdata.crossref.org\/evidence\/20181115-wordpressdotcom-b5763fce-cc22-4569-ad51-8397ad435301",
    "eventAction":"add",
    "subjectPID":"https:\/\/anthonygraham2.wordpress.com\/2018\/11\/14\/10-popular-weight-loss-supplements-analyzed\/",
    "subjectTitle":"10 Popular Weight Loss Supplements Analyzed",
    "subjectType":"post-weblog",
    "objectPID":"https:\/\/doi.org\/10.1001\/jama.280.18.1596",
    "objectURL":"https:\/\/jamanetwork.com\/journals\/jama\/fullarticle\/188147"
  },
  "2":{
    "wordPressIncrement":19,
    "sourceID":"wordpressdotcom",
    "objectID":"https:\/\/doi.org\/10.1001\/jama.280.18.1596",
    "subjectID":"https:\/\/dixierice.wordpress.com\/2018\/11\/14\/10-popular-weight-loss-supplements-analyzed\/",
    "eventID":"5ac7018e-a4a0-49b7-b3c0-99c4e0324299",
    "occurredAt":1542174737000,
    "timeObserved":1542290006000,
    "relationType":"discusses",
    "sourceToken":"7750d578-d74d-4e92-9348-cd443cbb7afa",
    "license":"https:\/\/creativecommons.org\/publicdomain\/zero\/1.0\/",
    "termsOfUse":"https:\/\/doi.org\/10.13003\/CED-terms-of-use",
    "evidenceRecord":"https:\/\/evidence.eventdata.crossref.org\/evidence\/20181115-wordpressdotcom-b5763fce-cc22-4569-ad51-8397ad435301",
    "eventAction":"add",
    "subjectPID":"https:\/\/dixierice.wordpress.com\/2018\/11\/14\/10-popular-weight-loss-supplements-analyzed\/",
    "subjectTitle":"10 Popular Weight Loss Supplements Analyzed",
    "subjectType":"post-weblog",
    "objectPID":"https:\/\/doi.org\/10.1001\/jama.280.18.1596",
    "objectURL":"https:\/\/jamanetwork.com\/journals\/jama\/fullarticle\/188147"
  }
}