crossRefIncrement,sourceID,objectID,subjectID,eventID,occurredAt,timeObserved,relationType,sourceToken,license,crossrefTermsOfUse,messageAction
60114,crossref,https://doi.org/10.1007/s004210050389,https://doi.org/10.1007/s11556-013-0126-8,869e6862-6004-4ffd-a226-8841abc929d8,2013-03-28 00:00:00,2019-07-12 08:04:19,references,8676e950-8ac5-4074-8ac3-c0a18ada7e99,https://doi.org/10.13003/CED-terms-of-use,https://doi.org/10.13003/CED-terms-of-use,create
60115,crossref,https://doi.org/10.1007/s004210050389,https://doi.org/10.1111/cpf.12044,76e2d4c5-613e-4c89-bfe6-7712cbdec32a,2013-04-23 00:00:00,2019-07-13 09:57:13,references,8676e950-8ac5-4074-8ac3-c0a18ada7e99,https://doi.org/10.13003/CED-terms-of-use,https://doi.org/10.13003/CED-terms-of-use,create
60116,crossref,https://doi.org/10.1007/s004210050389,https://doi.org/10.1007/BF03324489,cf0c9493-6956-4758-80eb-8e5911604da8,2003-04-01 00:00:00,2019-07-22 21:57:45,references,8676e950-8ac5-4074-8ac3-c0a18ada7e99,https://doi.org/10.13003/CED-terms-of-use,https://doi.org/10.13003/CED-terms-of-use,create
60117,crossref,https://doi.org/10.1007/s004210050389,https://doi.org/10.1123/ijspp.6.4.455,18bfd886-2df5-433a-96f7-3229c2b9028a,2011-12-01 00:00:00,2019-07-28 04:17:53,references,8676e950-8ac5-4074-8ac3-c0a18ada7e99,https://doi.org/10.13003/CED-terms-of-use,https://doi.org/10.13003/CED-terms-of-use,create
