affiliation,authenticated_orcid,family,given,name,orcid,sequence,suffix
,,Smith,Jane,Jane Smith,,,
The University of Iowa Iowa City,,Smith,Elaine,Elaine Smith,,additional,
,,Smith,P.,P. Smith,,additional,
,,Smith,Daryl G.,Daryl G. Smith,,first,
,,Smith,M. S.,M. S. Smith,,first,
"Center for Place, Culture, and Politics, and Department of Anthropology, City University of New York, NY, USA",,Smith,Neil,Neil Smith,,first,
,,Smitherman,Stephen M.,Stephen M. Smitherman,,additional,
"From The Rockefeller University (E.R. De O. e S., C.E.S., J.D.S., J.L.B.), New York, NY; University of Washington (D.F.) (Seattle); Hunter College (M.M.H.), City University of New York; and Carl T. Hayden VA Medical Center (E.A.B.), Phoenix, Ariz.",,Smith,Jonathan D.,Jonathan D. Smith,,additional,
,,Davey Smith,G.,G. Davey Smith,,additional,
,,Smith,M.,M. Smith,,additional,
,,Smith,R.,R. Smith,,first,
,,Smith,Thomas T.,Thomas T. Smith,,additional,
,,Smith,Stephen W.,Stephen W. Smith,,additional,
,,Smith,Walker O.,Walker O. Smith,,additional,
,,Mahnensmith,Rex,Rex Mahnensmith,,additional,
,,Smith,I.,I. Smith,,first,
,,Smith,R.,R. Smith,,first,
,,Smith,B. D.,B. D. Smith,,first,
,,Smith,Hamilton O.,Hamilton O. Smith,,additional,
,,Smith,Thomas,Thomas Smith,,additional,
,,Smith,Gordon C.S.,Gordon C.S. Smith,,first,
,,Smith,S.,S. Smith,,additional,
MANCHESTER METROPOLITAN UNIVERSITY,,SMITHSON,JANET,JANET SMITHSON,,additional,
,,Smith,George Davey,George Davey Smith,,first,
,,Walker-Smith,John A.,John A. Walker-Smith,,additional,
,,Smith,W. K.,W. K. Smith,,additional,
,,Smith,Brian E.,Brian E. Smith,,additional,
,,Smith,R.,R. Smith,,first,
,,Smith,Benjamin,Benjamin Smith,,additional,
,,Smithuis,Frank,Frank Smithuis,,additional,
,,Smith,S.,S. Smith,,additional,
,,Buchanan-Smith,Hannah M.,Hannah M. Buchanan-Smith,,additional,
,,"Smith, Jr",Sidney C.,"Sidney C. Smith, Jr",,additional,
,,Smith,Clare G.M.,Clare G.M. Smith,,first,
,,Smith,A. F.,A. F. Smith,,additional,
,,Smith,Kathy,Kathy Smith,,additional,
"Department of Sociology, Duke University, Durham, North Carolina 27708; e-mail:",,Smith-Lovin,Lynn,Lynn Smith-Lovin,,additional,
,,Smith,G. C S,G. C S Smith,,first,
,,Smith,R.,R. Smith,,first,
,,Smith,R.,R. Smith,,first,
,,Smith,R.,R. Smith,,additional,
,,Smith,Geoff,Geoff Smith,,additional,
,,Smith,Daniel T.,Daniel T. Smith,,additional,
,,Gordon-smith,E. C.,E. C. Gordon-smith,,additional,
,,Smith,Graham Paul,Graham Paul Smith,,additional,
,,Smith,Douglas E.,Douglas E. Smith,,first,
,,Smith,Steven B.,Steven B. Smith,,additional,
,,Smith,David E.,David E. Smith,,first,
,,Smith,Faye E,Faye E Smith,,additional,
,,Smith,Andra M,Andra M Smith,,additional,
,,Smith,Mike,Mike Smith,,additional,
,,Smith,Sandy G.,Sandy G. Smith,,additional,
,,Smith,Robert C.,Robert C. Smith,,additional,
,,Smith-Palmer,Truis,Truis Smith-Palmer,,additional,
,,Smith,R.,R. Smith,,first,
Bowling Green State University,,Smith,Patricia C.,Patricia C. Smith,,additional,
,,Smith,Nickolas C.,Nickolas C. Smith,,additional,
,,Smith,R.,R. Smith,,first,
,,Smith,Gerald H.,Gerald H. Smith,,additional,
,,Smith,A,A Smith,,additional,
,,Smith,R.,R. Smith,,first,
,,Smith,Andrew C,Andrew C Smith,,additional,
Indiana University,,Smith,Linda B.,Linda B. Smith,,first,
"Carolin Smith is a postdoctoral research officer and Caroline Crowther is Associate Professor in the Department of Obstetrics &amp; Gynaecology, Adelaide University, Adelaide, Australia.",,Smith,Caroline,Caroline Smith,,first,
,,Smith,Karen,Karen Smith,,additional,
,,Smith,Andrew T.,Andrew T. Smith,,additional,
,,Smith,D. Randall,D. Randall Smith,,first,
,,Smith,David M.,David M. Smith,,additional,
,,Smith,M,M Smith,,first,
,,Smith,H. O.,H. O. Smith,,additional,
,,Smith,Jennifer S.,Jennifer S. Smith,,additional,
,,Smith,R. P. R.,R. P. R. Smith,,first,
,,Smith,George Davey,George Davey Smith,,first,
,,Smith,R.,R. Smith,,first,
,,Smith,D. L.,D. L. Smith,,first,
,,Smith-Weller,T.,T. Smith-Weller,,additional,
,,Smith,Brian R.,Brian R. Smith,,additional,
Deceased,,Smith,Helene S.,Helene S. Smith,,additional,
,,Smith,Richard S,Richard S Smith,,additional,
,,Smith,GD,GD Smith,,additional,
,,Smith,Sidney C.,Sidney C. Smith,,additional,
,,Smith,Peter K.,Peter K. Smith,,first,
,,Smith,I,I Smith,,additional,
,,Smith,M Alex,M Alex Smith,,first,
