wikipediaIncrement,sourceID,objectID,subjectID,eventID,occurredAt,timeObserved,relationType,sourceToken,license,termsOfUse,updatedDate,updatedReason,evidenceRecord,eventAction,subjectPID,subjectTitle,subjectURL,subjectAPIURL,objectPID,objectURL
17591,wikipedia,https://doi.org/10.1016/s0022-0728(97)00120-4,https://es.wikipedia.org/api/rest_v1/page/html/Benjam%C3%ADn_Scharifker/103596449,8af177dc-ab56-4b85-903d-9ea8dc3e417f,2017-11-21 19:03:29,2017-11-24 10:00:32,references,36c35e23-8757-4a9d-aacf-345e9b7eb50d,https://creativecommons.org/publicdomain/zero/1.0/,https://doi.org/10.13003/CED-terms-of-use,,,https://evidence.eventdata.crossref.org/evidence/20171121-wikipedia-1deb4d04-bcd1-48a1-af7a-991a769352b9,add,https://es.wikipedia.org/w/index.php?title=Benjam%C3%ADn_Scharifker&oldid=103596,Benjamín Scharifker,https://es.wikipedia.org/wiki/Benjam%C3%ADn_Scharifker,https://es.wikipedia.org/api/rest_v1/page/html/Benjam%C3%ADn_Scharifker/103596449,https://doi.org/10.1016/s0022-0728(97)00120-4,http://www.sciencedirect.com/science/article/pii/S0022072897001204
17592,wikipedia,https://doi.org/10.1016/s0022-0728(97)00120-4,https://es.wikipedia.org/api/rest_v1/page/html/Benjam%C3%ADn_Scharifker/103596474,87949db5-6ae1-4c89-878b-cd1aa8954f2d,2017-11-21 19:04:40,2017-12-27 12:32:38,references,36c35e23-8757-4a9d-aacf-345e9b7eb50d,https://creativecommons.org/publicdomain/zero/1.0/,https://doi.org/10.13003/CED-terms-of-use,,,https://evidence.eventdata.crossref.org/evidence/20171121-wikipedia-eb31ead8-acdd-4009-93af-60af3c3d1a4f,add,https://es.wikipedia.org/w/index.php?title=Benjam%C3%ADn_Scharifker&oldid=103596,Benjamín Scharifker,https://es.wikipedia.org/wiki/Benjam%C3%ADn_Scharifker,https://es.wikipedia.org/api/rest_v1/page/html/Benjam%C3%ADn_Scharifker/103596474,https://doi.org/10.1016/s0022-0728(97)00120-4,http://www.sciencedirect.com/science/article/pii/S0022072897001204
17593,wikipedia,https://doi.org/10.1016/s0022-0728(97)00120-4,https://es.wikipedia.org/api/rest_v1/page/html/Benjam%C3%ADn_Scharifker/103958287,f1a6977a-95d7-4cf9-b70d-d45f7b5783c6,2017-12-06 03:34:07,2018-01-03 03:13:21,references,36c35e23-8757-4a9d-aacf-345e9b7eb50d,https://creativecommons.org/publicdomain/zero/1.0/,https://doi.org/10.13003/CED-terms-of-use,,,https://evidence.eventdata.crossref.org/evidence/20171206-wikipedia-46a61659-05f8-4526-aa01-94a7c6bc12ce,add,https://es.wikipedia.org/w/index.php?title=Benjam%C3%ADn_Scharifker&oldid=103958,Benjamín Scharifker,https://es.wikipedia.org/wiki/Benjam%C3%ADn_Scharifker,https://es.wikipedia.org/api/rest_v1/page/html/Benjam%C3%ADn_Scharifker/103958287,https://doi.org/10.1016/s0022-0728(97)00120-4,http://www.sciencedirect.com/science/article/pii/S0022072897001204
17594,wikipedia,https://doi.org/10.1016/s0022-0728(97)00120-4,https://es.wikipedia.org/api/rest_v1/page/html/Benjam%C3%ADn_Scharifker/108664137,34658fb0-ee6e-423c-bed1-c9dade5f6ed5,2018-06-13 13:33:15,2018-06-13 09:34:53,references,36c35e23-8757-4a9d-aacf-345e9b7eb50d,https://creativecommons.org/publicdomain/zero/1.0/,https://doi.org/10.13003/CED-terms-of-use,,,https://evidence.eventdata.crossref.org/evidence/20180613-wikipedia-0c9e73ee-6aa4-4fd4-91f3-0f5e1f6c6be6,add,https://es.wikipedia.org/wiki/Benjam%C3%ADn_Scharifker,Benjamín Scharifker,https://es.wikipedia.org/w/index.php?title=Benjam%C3%ADn_Scharifker&oldid=108664137,https://es.wikipedia.org/api/rest_v1/page/html/Benjam%C3%ADn_Scharifker/108664137,https://doi.org/10.1016/s0022-0728(97)00120-4,http://www.sciencedirect.com/science/article/pii/S0022072897001204
17595,wikipedia,https://doi.org/10.1016/s0022-0728(97)00120-4,https://es.wikipedia.org/api/rest_v1/page/html/Benjam%C3%ADn_Scharifker/110292319,33e1aa2e-b770-4ba5-9aba-b51d26d618a5,2018-08-30 05:10:59,2018-08-30 01:11:58,references,36c35e23-8757-4a9d-aacf-345e9b7eb50d,https://creativecommons.org/publicdomain/zero/1.0/,https://doi.org/10.13003/CED-terms-of-use,,,https://evidence.eventdata.crossref.org/evidence/20180830-wikipedia-8f3af32d-4916-4acd-9aa7-cb21160faa83,add,https://es.wikipedia.org/wiki/Benjam%C3%ADn_Scharifker,Benjamín Scharifker,https://es.wikipedia.org/w/index.php?title=Benjam%C3%ADn_Scharifker&oldid=110292319,https://es.wikipedia.org/api/rest_v1/page/html/Benjam%C3%ADn_Scharifker/110292319,https://doi.org/10.1016/s0022-0728(97)00120-4,http://www.sciencedirect.com/science/article/pii/S0022072897001204
17596,wikipedia,https://doi.org/10.1016/s0022-0728(97)00120-4,https://es.wikipedia.org/api/rest_v1/page/html/Benjam%C3%ADn_Scharifker/114063677,425fa128-2231-41c0-933e-4d78b7e30f67,2019-02-19 15:05:19,2019-02-19 10:52:31,references,36c35e23-8757-4a9d-aacf-345e9b7eb50d,https://creativecommons.org/publicdomain/zero/1.0/,https://doi.org/10.13003/CED-terms-of-use,,,https://evidence.eventdata.crossref.org/evidence/20190219-wikipedia-a5a88a34-ba57-4744-ada2-7ceb93ed0dd8,add,https://es.wikipedia.org/wiki/Benjam%C3%ADn_Scharifker,Benjamín Scharifker,https://es.wikipedia.org/w/index.php?title=Benjam%C3%ADn_Scharifker&oldid=114063677,https://es.wikipedia.org/api/rest_v1/page/html/Benjam%C3%ADn_Scharifker/114063677,https://doi.org/10.1016/s0022-0728(97)00120-4,http://www.sciencedirect.com/science/article/pii/S0022072897001204
17597,wikipedia,https://doi.org/10.1016/s0022-0728(97)00120-4,https://es.wikipedia.org/api/rest_v1/page/html/Benjam%C3%ADn_Scharifker/119568003,2407952a-b70a-4248-be57-741dc70661f6,2019-09-20 20:47:05,2019-09-20 16:50:03,references,36c35e23-8757-4a9d-aacf-345e9b7eb50d,https://creativecommons.org/publicdomain/zero/1.0/,https://doi.org/10.13003/CED-terms-of-use,,,https://evidence.eventdata.crossref.org/evidence/20190920-wikipedia-414f0682-948f-4c89-9cce-7ae7c995de73,add,https://es.wikipedia.org/wiki/Benjam%C3%ADn_Scharifker,Benjamín Scharifker,https://es.wikipedia.org/w/index.php?title=Benjam%C3%ADn_Scharifker&oldid=119568003,https://es.wikipedia.org/api/rest_v1/page/html/Benjam%C3%ADn_Scharifker/119568003,https://doi.org/10.1016/s0022-0728(97)00120-4,http://www.sciencedirect.com/science/article/pii/S0022072897001204
17598,wikipedia,https://doi.org/10.1016/s0022-0728(97)00120-4,https://es.wikipedia.org/api/rest_v1/page/html/Benjam%C3%ADn_Scharifker/119568026,c8947289-bc51-46ca-9154-a95bb7ffda5d,2019-09-20 20:48:29,2019-09-20 16:52:45,references,36c35e23-8757-4a9d-aacf-345e9b7eb50d,https://creativecommons.org/publicdomain/zero/1.0/,https://doi.org/10.13003/CED-terms-of-use,,,https://evidence.eventdata.crossref.org/evidence/20190920-wikipedia-97fc3ca3-bea4-4815-adb2-a55d3e17fe99,add,https://es.wikipedia.org/wiki/Benjam%C3%ADn_Scharifker,Benjamín Scharifker,https://es.wikipedia.org/w/index.php?title=Benjam%C3%ADn_Scharifker&oldid=119568026,https://es.wikipedia.org/api/rest_v1/page/html/Benjam%C3%ADn_Scharifker/119568026,https://doi.org/10.1016/s0022-0728(97)00120-4,http://www.sciencedirect.com/science/article/pii/S0022072897001204
17599,wikipedia,https://doi.org/10.1016/s0022-0728(97)00120-4,https://es.wikipedia.org/api/rest_v1/page/html/Benjam%C3%ADn_Scharifker/119568060,2197948c-c024-4ea3-8b98-130b6b0247a5,2019-09-20 20:50:31,2019-09-20 16:53:11,references,36c35e23-8757-4a9d-aacf-345e9b7eb50d,https://creativecommons.org/publicdomain/zero/1.0/,https://doi.org/10.13003/CED-terms-of-use,,,https://evidence.eventdata.crossref.org/evidence/20190920-wikipedia-54a2fad4-0f44-4876-9ab9-30fa8a793a47,add,https://es.wikipedia.org/wiki/Benjam%C3%ADn_Scharifker,Benjamín Scharifker,https://es.wikipedia.org/w/index.php?title=Benjam%C3%ADn_Scharifker&oldid=119568060,https://es.wikipedia.org/api/rest_v1/page/html/Benjam%C3%ADn_Scharifker/119568060,https://doi.org/10.1016/s0022-0728(97)00120-4,http://www.sciencedirect.com/science/article/pii/S0022072897001204
17600,wikipedia,https://doi.org/10.1016/s0022-0728(97)00120-4,https://es.wikipedia.org/api/rest_v1/page/html/Benjam%C3%ADn_Scharifker/120554891,8ca6519a-8ad3-4f8f-bf18-7ef70b0ff799,2019-10-20 07:33:00,2019-10-20 03:34:13,references,36c35e23-8757-4a9d-aacf-345e9b7eb50d,https://creativecommons.org/publicdomain/zero/1.0/,https://doi.org/10.13003/CED-terms-of-use,,,https://evidence.eventdata.crossref.org/evidence/20191020-wikipedia-eac152b3-afa5-4226-be8a-7ef3254cb69e,add,https://es.wikipedia.org/wiki/Benjam%C3%ADn_Scharifker,Benjamín Scharifker,https://es.wikipedia.org/w/index.php?title=Benjam%C3%ADn_Scharifker&oldid=120554891,https://es.wikipedia.org/api/rest_v1/page/html/Benjam%C3%ADn_Scharifker/120554891,https://doi.org/10.1016/s0022-0728(97)00120-4,http://www.sciencedirect.com/science/article/pii/S0022072897001204
17601,wikipedia,https://doi.org/10.1016/s0022-0728(97)00120-4,https://es.wikipedia.org/api/rest_v1/page/html/Benjam%C3%ADn_Scharifker/121967073,77302966-15ad-46ef-b4ae-c815c4bb2535,2019-12-12 00:12:22,2019-12-16 02:16:02,references,36c35e23-8757-4a9d-aacf-345e9b7eb50d,https://creativecommons.org/publicdomain/zero/1.0/,https://doi.org/10.13003/CED-terms-of-use,,,https://evidence.eventdata.crossref.org/evidence/20191212-wikipedia-a956ea8a-64b0-4b2e-b962-24338647c07b,add,https://es.wikipedia.org/wiki/Benjam%C3%ADn_Scharifker,Benjamín Scharifker,https://es.wikipedia.org/w/index.php?title=Benjam%C3%ADn_Scharifker&oldid=121967073,https://es.wikipedia.org/api/rest_v1/page/html/Benjam%C3%ADn_Scharifker/121967073,https://doi.org/10.1016/s0022-0728(97)00120-4,http://www.sciencedirect.com/science/article/pii/S0022072897001204
17602,wikipedia,https://doi.org/10.1016/s0022-0728(97)00120-4,https://es.wikipedia.org/api/rest_v1/page/html/Benjam%C3%ADn_Scharifker/125406877,dff38928-d971-4f01-8243-fdce2da4596c,2020-04-22 16:05:11,2020-10-14 09:00:28,references,36c35e23-8757-4a9d-aacf-345e9b7eb50d,https://creativecommons.org/publicdomain/zero/1.0/,https://doi.org/10.13003/CED-terms-of-use,,,https://evidence.eventdata.crossref.org/evidence/20200422-wikipedia-af468694-d914-4f2d-804d-f4258f1d1b78,add,https://es.wikipedia.org/wiki/Benjam%C3%ADn_Scharifker,Benjamín Scharifker,https://es.wikipedia.org/w/index.php?title=Benjam%C3%ADn_Scharifker&oldid=125406877,https://es.wikipedia.org/api/rest_v1/page/html/Benjam%C3%ADn_Scharifker/125406877,https://doi.org/10.1016/s0022-0728(97)00120-4,http://www.sciencedirect.com/science/article/pii/S0022072897001204
17603,wikipedia,https://doi.org/10.1016/s0022-0728(97)00120-4,https://es.wikipedia.org/api/rest_v1/page/html/Benjam%C3%ADn_Scharifker/125983814,3043360b-7bcd-4d1c-bcba-85ecf0b2a727,2020-05-12 01:43:13,2020-10-14 17:55:48,references,36c35e23-8757-4a9d-aacf-345e9b7eb50d,https://creativecommons.org/publicdomain/zero/1.0/,https://doi.org/10.13003/CED-terms-of-use,,,https://evidence.eventdata.crossref.org/evidence/20200512-wikipedia-58b2a753-53bb-4894-a360-d9ef781a3098,add,https://es.wikipedia.org/wiki/Benjam%C3%ADn_Scharifker,Benjamín Scharifker,https://es.wikipedia.org/w/index.php?title=Benjam%C3%ADn_Scharifker&oldid=125983814,https://es.wikipedia.org/api/rest_v1/page/html/Benjam%C3%ADn_Scharifker/125983814,https://doi.org/10.1016/s0022-0728(97)00120-4,http://www.sciencedirect.com/science/article/pii/S0022072897001204
17604,wikipedia,https://doi.org/10.1016/s0022-0728(97)00120-4,https://es.wikipedia.org/api/rest_v1/page/html/Benjam%C3%ADn_Scharifker/125983847,6a8a507c-3bb7-41f0-85f0-c7de5afe5642,2020-05-12 01:44:55,2020-10-14 18:02:57,references,36c35e23-8757-4a9d-aacf-345e9b7eb50d,https://creativecommons.org/publicdomain/zero/1.0/,https://doi.org/10.13003/CED-terms-of-use,,,https://evidence.eventdata.crossref.org/evidence/20200512-wikipedia-ac559a4f-340b-4027-acf1-d28be9132c4c,add,https://es.wikipedia.org/wiki/Benjam%C3%ADn_Scharifker,Benjamín Scharifker,https://es.wikipedia.org/w/index.php?title=Benjam%C3%ADn_Scharifker&oldid=125983847,https://es.wikipedia.org/api/rest_v1/page/html/Benjam%C3%ADn_Scharifker/125983847,https://doi.org/10.1016/s0022-0728(97)00120-4,http://www.sciencedirect.com/science/article/pii/S0022072897001204
